<?xml version="1.0" encoding="UTF-8"?>
    <?xml-model href="http://www.tei-c.org/release/xml/tei/custom/schema/relaxng/tei_all.rng" type="application/xml" schematypens="http://purl.oclc.org/dsdl/schematron"?>
    <?xml-model href="../../803_RNG-schematron/WBOE-ODD.rnc" type="application/relax-ng-compact-syntax"?>
<?redaktionstool version="0.8.1" ?>
<?parser type="lioe" version="0.8.2" ?>
<TEI xmlns="http://www.tei-c.org/ns/1.0">
  <teiHeader>
    <fileDesc>
      <titleStmt>
        <title>Fabel</title>
        <respStmt>
          <resp>Editor</resp>
          <name ref="#PhS">Philipp Stöckle</name>
        </respStmt>
        <respStmt>
          <resp>Encoding Scheme</resp>
          <name>Jack Bowers</name>
          <name>Daniel Schopper</name>
          <name>Omar Siam</name>
        </respStmt>
        <respStmt>
          <resp>DBOE Team</resp>
          <name xml:id="AL">Alexandra N. Lenz</name>
          <name xml:id="PhS">Philipp Stöckle</name>
          <name xml:id="AG">Andreas Gellan</name>
          <name xml:id="PZ">Patrick Zeitlhuber</name>
          <name xml:id="SW">Sabine Wahl</name>
          <name xml:id="SS">Sonja Schwaiger</name>
          <name xml:id="JD">Jan Braun</name>
          <name xml:id="AB">Angela Bergermayer</name>
          <name xml:id="EW">Eva Wahlmüller</name>
          <name xml:id="DG">David Gschösser</name>
          <name xml:id="StS">Stefanie Schöberl</name>
          <name xml:id="FF">Fabian Fleißner</name>
          <name xml:id="MK">Markus Kunzmann</name>
          <name xml:id="AK">Agnes Kim</name>
          <name xml:id="IG">Ingeborg Geyer</name>
          <name xml:id="MG">Manfred Glauninger</name>
        </respStmt>
        <respStmt>
          <resp>Student assistants</resp>
          <name>Eva Wahlmüller</name>
          <name>Susanna Muhr</name>
          <name>Alexandra Grohe</name>
          <name>Klemens Wagner</name>
          <name>Manuela Stütz</name>
          <name>Christina Hemetsberger</name>
        </respStmt>
      </titleStmt>
      <publicationStmt>
        <p></p>
      </publicationStmt>
      <sourceDesc>
        <list>
          <item>
            <label>Geo-data</label>
            <ptr xml:id="geo-inventory-WBOE" target="../geodata-wboe.xml"/>
          </item>
          <item>
            <label>Bibliography</label>
            <ptr xml:id="bibliography-WBOE" target="../bibl-wboe.xml"/>
          </item>
          <item>
            <label>WBOE-Slips</label>
            <ptr xml:id="slips-WBOE" target="../slips-wboe.xml"/>
          </item>
          <item>
            <label>WBOE-Collections</label>
            <ptr xml:id="collections-WBOE" target="../collections-wboe.xml"/>
          </item>
        </list>
      </sourceDesc>
    </fileDesc>
    <revisionDesc>
      <listChange>
        <change status="in progress" when="2018-09-01" who="#PhS">Datensatz erstellt</change>
        <change status="in progress" when="2018-09-24" who="#AG">test</change>
        <change status="internal correction" when="2018-12-07" who="#PhS">korrekturgelesen für Online-Release</change>
        <change status="internal correction" when="2018-12-17" who="#PhS">Collections zugefügt</change>
        <change status="external correction" when="2020-02-20" who="#PhS">Lautungsüberblick hinzugefügt</change>
        <change status="external correction" when="2020-05-13" who="#PhS">Lautungsüberblick formal überarbeitet</change>
        <change status="finished" when="2020-10-05" who="#PhS">aktualisiert auf Version 0.6.4</change>
      </listChange>
    </revisionDesc>
  </teiHeader>
  <text>
    <body>
      <entry>
        <form type="lemma" xml:id="Fabel">
          <orth>Fabel</orth>
          <ptr type="collection" subtype="lemma" target="/collections-wboe.xml#c359"/>
        </form>
        <gramGrp>
          <gram type="pos">Substantiv</gram>
          <gram type="gender">Femininum</gram>
        </gramGrp>
        <usg type="geo">
          <placeName type="bundesland" ref="/geodata-wboe.xml#p1A">STir.</placeName>
        </usg>
        <usg type="geo">
          <placeName type="bundesland" ref="/geodata-wboe.xml#p1B">OTir.</placeName>
        </usg>
        <usg type="geo">
          <placeName type="bundesland" ref="/geodata-wboe.xml#p1C">NTir.</placeName>
        </usg>
        <usg type="geo">
          <placeName type="grossregion" ref="/geodata-wboe.xml#p2.2">MKtn.</placeName>
        </usg>
        <usg type="geo">
          <placeName type="grossregion" ref="/geodata-wboe.xml#p3.3">WStmk.</placeName>
        </usg>
        <usg type="geo">
          <placeName type="grossregion" ref="/geodata-wboe.xml#p3.5">OStmk.</placeName>
        </usg>
        <usg type="geo">
          <placeName type="grossregion" ref="/geodata-wboe.xml#p6.1">Mostv.</placeName>
        </usg>
        <usg type="geo">
          <placeName type="grossregion" ref="/geodata-wboe.xml#p6.4">Weinv.</placeName>
        </usg>
        <note type="kommentar" resp="#FF">Im gesamten Untersuchungsgebiet tritt neben
          <c>a</c>-Verdumpfung Frikativierung von
          <c>b</c>auf
          <xr>
            <ref>ƒo̩wl̥</ref>
          </xr>, im Südbairischen teilweise auch mit stimmlosem
          <c>ƒ</c>
          <xr>
            <ref>ƒo̩ƒl̥</ref>
          </xr>. Im Mittelbairischen sind aufgrund der Konkurrenzsituation zwischen
          <c>e</c>-Apokope und
          <c>l</c>-Vokalisierung in der auslautenden Silbe komplementäre Varianten mit
          <c>l</c>-Erhalt
          <xr>
            <ref>fo̩fl̥</ref>
          </xr>oder Vokalerhalt mit unterschiedlicher Qualität
          <xr>
            <ref>fo̩wə</ref>
          </xr>belegt.
        </note>
        <form type="dialect">
          <pron xml:lang="bar-AT">vå̄fl</pron>
          <usg type="geo">
            <placeName type="gemeinde" ref="/geodata-wboe.xml#p2.2c03">Trebesing</placeName>
          </usg>
        </form>
        <form type="dialect">
          <pron xml:lang="bar-AT">fō̩wų̈</pron>
          <usg type="geo">
            <placeName type="gemeinde" ref="/geodata-wboe.xml#p6.1d01">Allhartsberg</placeName>
          </usg>
        </form>
        <form type="dialect">
          <pron xml:lang="bar-AT">fåwl</pron>
          <usg type="geo">
            <placeName type="gemeinde" ref="/geodata-wboe.xml#p6.4d18">Poysdorf</placeName>
          </usg>
          <ptr type="collection" subtype="lautung" target="/collections-wboe.xml#c364"/>
        </form>
        <etym>
          <cit type="etymon">
            <lang>lat.</lang>
            <form>
              <orth>fābula</orth>
            </form>
            <def>Erzählung; Sage; Rede</def>
          </cit>
          <seg type="desc">,</seg>
          <cit type="etymon">
            <lang>afrz.</lang>
            <form>
              <orth>fable</orth>
            </form>
          </cit>
          <seg type="desc">,</seg>
          <cit type="etymon">
            <lang>mhd.</lang>
            <form>
              <orth>fabel(e)</orth>
            </form>
            <def>lehrhafte Erzählung; Handlungskern</def>
          </cit>
          <ref type="bibl" target="#Kluge2011">
            <lbl>vgl.</lbl>Kluge 2011
            <citedRange>270</citedRange>
          </ref>
        </etym>
        <sense>
          <sense>
            <def>unwahre Behauptung; unglaubwürdige Geschichte</def>
            <usg type="geo">
              <placeName type="bundesland" ref="/geodata-wboe.xml#p1B">OTir.</placeName>
            </usg>
            <usg type="geo">
              <placeName type="bundesland" ref="/geodata-wboe.xml#p1C">NTir.</placeName>
            </usg>
            <usg type="geo">
              <placeName type="grossregion" ref="/geodata-wboe.xml#p3.3">WStmk.</placeName>
            </usg>
            <usg type="geo">
              <placeName type="grossregion" ref="/geodata-wboe.xml#p6.1">Mostv.</placeName>
            </usg>
            <usg type="geo">
              <placeName type="grossregion" ref="/geodata-wboe.xml#p6.4">Weinv.</placeName>
            </usg>
            <ptr type="collection" subtype="bedeutung" target="/collections-wboe.xml#c360"/>
          </sense>
          <sense>
            <def>Lästerung; Gespött</def>
            <usg type="geo">
              <placeName type="grossregion" ref="/geodata-wboe.xml#p2.3">MKtn.</placeName>
            </usg>
            <cit type="example">
              <quote xml:lang="bar-AT">nit a Weil Våfltreibm mit'n Himlvåta, er kånda gach an Knittl zuewerfn</quote>
              <usg type="geo">
                <placeName type="gemeinde" ref="/geodata-wboe.xml#p2.2c03">Trebesing</placeName>
              </usg>
            </cit>
            <ptr type="collection" subtype="bedeutung" target="/collections-wboe.xml#c362"/>
          </sense>
        </sense>
      </entry>
    </body>
  </text>
</TEI>