<?xml version="1.0" encoding="UTF-8"?>
    <?xml-model href="http://www.tei-c.org/release/xml/tei/custom/schema/relaxng/tei_all.rng" type="application/xml" schematypens="http://purl.oclc.org/dsdl/schematron"?>
    <?xml-model href="../../803_RNG-schematron/WBOE-ODD.rnc" type="application/relax-ng-compact-syntax"?>
<?redaktionstool version="0.7.2" ?>
<?parser type="lioe" version="0.7.0" ?>
<TEI xmlns="http://www.tei-c.org/ns/1.0">
  <teiHeader>
    <fileDesc>
      <titleStmt>
        <title>Fabian_Fabiani</title>
        <respStmt>
          <resp>Editor</resp>
          <name ref="#AB">Angela Bergermayer</name>
        </respStmt>
        <respStmt>
          <resp>Encoding Scheme</resp>
          <name>Jack Bowers</name>
          <name>Daniel Schopper</name>
          <name>Omar Siam</name>
        </respStmt>
        <respStmt>
          <resp>DBOE Team</resp>
          <name xml:id="AL">Alexandra N. Lenz</name>
          <name xml:id="PhS">Philipp Stöckle</name>
          <name xml:id="AG">Andreas Gellan</name>
          <name xml:id="PZ">Patrick Zeitlhuber</name>
          <name xml:id="SW">Sabine Wahl</name>
          <name xml:id="SS">Sonja Schwaiger</name>
          <name xml:id="AB">Angela Bergermayer</name>
          <name xml:id="EW">Eva Wahlmüller</name>
          <name xml:id="DG">David Gschösser</name>
          <name xml:id="StS">Stefanie Schöberl</name>
          <name xml:id="FF">Fabian Fleißner</name>
        </respStmt>
        <respStmt>
          <resp>Student assistants</resp>
          <name>Susanna Muhr</name>
          <name>Manuela Stütz</name>
          <name>Christina Hemetsberger</name>
        </respStmt>
      </titleStmt>
      <publicationStmt>
        <p></p>
      </publicationStmt>
      <sourceDesc>
        <list>
          <item>
            <label>Geo-data</label>
            <ptr xml:id="geo-inventory-WBOE" target="../geodata-wboe.xml"/>
          </item>
          <item>
            <label>Bibliography</label>
            <ptr xml:id="bibliography-WBOE" target="../bibl-wboe.xml"/>
          </item>
          <item>
            <label>WBOE-Slips</label>
            <ptr xml:id="slips-WBOE" target="../slips-wboe.xml"/>
          </item>
          <item>
            <label>WBOE-Collections</label>
            <ptr xml:id="collections-WBOE" target="../collections-wboe.xml"/>
          </item>
        </list>
      </sourceDesc>
    </fileDesc>
    <revisionDesc>
      <listChange>
        <change status="in progress" when="2020-11-13" who="#AB">Datensatz erstellt</change>
        <change status="internal correction" when="2020-11-16" who="#AB">freigegeben f. int. Korr.</change>
        <change status="internal correction" when="2021-04-20" who="#PZ">LK eingefügt</change>
        <change status="external correction" when="2021-04-27" who="#AB">LK korrekturgelesen, leicht adaptiert; kl. Ergänzung; freigegeben f. ext. Korr.</change>
        <change status="finished" when="2021-05-11" who="#AB">Abschlussredaktion</change>
      </listChange>
    </revisionDesc>
  </teiHeader>
  <text>
    <body>
      <entry>
        <form type="lemma" xml:id="Fabian">
          <orth>Fabian</orth>
        </form>
        <form type="lemma" xml:id="Fabiani">
          <orth>Fabiani</orth>
          <ptr type="collection" subtype="lemma" target="/collections-wboe.xml#c12068"/>
        </form>
        <gramGrp>
          <gram type="pos">Substantiv</gram>
          <gram type="gender">Maskulinum</gram>
        </gramGrp>
        <gramGrp>
          <gram type="pos">vor allem Name</gram>
        </gramGrp>
        <usg type="geo">
          <placeName type="bundesland" ref="/geodata-wboe.xml#p1A">STir.</placeName>
        </usg>
        <usg type="geo">
          <placeName type="bundesland" ref="/geodata-wboe.xml#p1B">OTir.</placeName>
        </usg>
        <usg type="geo">
          <placeName type="bundesland" ref="/geodata-wboe.xml#p1C">NTir.</placeName>
        </usg>
        <usg type="geo">
          <placeName type="bundesland" ref="/geodata-wboe.xml#p2">Ktn.</placeName>
        </usg>
        <usg type="geo">
          <placeName type="bundesland" ref="/geodata-wboe.xml#p3.3">WStmk.</placeName>
        </usg>
        <usg type="geo">
          <placeName type="bundesland" ref="/geodata-wboe.xml#p5">OÖ</placeName>
        </usg>
        <usg type="geo">
          <placeName type="bundesland" ref="/geodata-wboe.xml#p6">NÖ</placeName>
        </usg>
        <note type="kommentar" resp="#PZ">Für den Vokal der ersten Silbe dieses Personennames dominieren im gesamten belegten Gebiet lange helle
          <c>a</c>-Monophthonge
          <xr>
            <ref>fā́bi̯ān</ref>
            <ref>fā́wi̯ān</ref>
          </xr>. Daneben finden sich auch verdumpfte Monophthonge
          <xr>
            <ref>fǭ́wi̯ān</ref>
            <ref>pfǭ́fi̯ān</ref>
          </xr>. Während im Anlaut überall Frikative dominieren, können diese in Unterkärnten durch Affrizierung gestärkt auftreten
          <xr>
            <ref>pfǭ́fi̯ān</ref>
            <ref>pfǭ́fi̯ǫ̃́ų̃</ref>
          </xr>. Im Inlaut kann der Plosiv erhalten geblieben
          <xr>
            <ref>fā́bi̯ān</ref>
          </xr>oder zu einem Approximanten abgeschwächt worden sein
          <xr>
            <ref>fǭ́wi̯ān</ref>
          </xr>, der in Unterkärnten weiterführend zu einem Fortisfrikativ gewandelt wurde
          <xr>
            <ref>pfǭ́fi̯ān</ref>
          </xr>. In der zweiten Silbe treten überall lange helle
          <c>a</c>-Monophthonge auf
          <xr>
            <ref>fā́bi̯ān</ref>
            <ref>fǭ́wi̯ān</ref>
          </xr>mit Ausnahme Unterkärntens, wo Verdumpfung, Diphthongierung und Nasalschwund belegt ist
          <xr>
            <ref>pfǭ́fi̯ǭ̃ų̃</ref>
          </xr>. Weiters findet sich in der Weststeiermark eine Nebenform mit auslautendem
          <c>i</c>
          <xr>
            <ref>fā́wi̯āni</ref>
          </xr>.
        </note>
        <form type="dialect">
          <pron xml:lang="bar-AT">fą̂wią̂n</pron>
          <usg type="geo">
            <placeName type="bundesland" ref="/geodata-wboe.xml#p1A">STir.</placeName>
          </usg>
        </form>
        <form type="dialect">
          <pron xml:lang="bar-AT">fą̂wią̂n</pron>
          <usg type="geo">
            <placeName type="bundesland" ref="/geodata-wboe.xml#p1B">OTir.</placeName>
          </usg>
        </form>
        <form type="dialect">
          <pron xml:lang="bar-AT">fą̂wią̂n</pron>
          <usg type="geo">
            <placeName type="bundesland" ref="/geodata-wboe.xml#p1C">NTir.</placeName>
          </usg>
        </form>
        <form type="dialect">
          <pron xml:lang="bar-AT">fǫ́̄wiãñ</pron>
          <usg type="geo">
            <placeName type="gemeinde" ref="/geodata-wboe.xml#p1C.1n01">Imst</placeName>
          </usg>
        </form>
        <form type="dialect">
          <pron xml:lang="bar-AT">fabiᵃn</pron>
          <usg type="geo">
            <placeName type="gemeinde" ref="/geodata-wboe.xml#p2.2d">obstGurkt.</placeName>
          </usg>
        </form>
        <form type="dialect">
          <pron xml:lang="bar-AT">fāwįãn</pron>
          <usg type="geo">
            <placeName type="kleinregion" ref="/geodata-wboe.xml#p2.3f01">Feldkirchen in Kärnten</placeName>
          </usg>
        </form>
        <form type="dialect">
          <pron xml:lang="bar-AT">pfó̩̄fiǫ̀uⁿ</pron>
          <pron xml:lang="bar-AT">pfó̩fian</pron>
          <usg type="geo">
            <placeName type="gemeinde" ref="/geodata-wboe.xml#p2.4c04">Bad St. Leonhard im Lavanttal</placeName>
          </usg>
        </form>
        <form type="dialect">
          <pron xml:lang="bar-AT">fawiani</pron>
          <usg type="geo">
            <placeName type="gemeinde" ref="/geodata-wboe.xml#p3.3d01">Deutschlandsberg</placeName>
          </usg>
        </form>
        <form type="dialect">
          <pron xml:lang="bar-AT">fāwian</pron>
          <usg type="geo">
            <placeName type="gemeinde" ref="/geodata-wboe.xml#p6.2j15">Pottendorf</placeName>
          </usg>
          <ptr type="collection" subtype="lautung" target="/collections-wboe.xml#c12069"/>
        </form>
        <etym>
          <seg type="desc">entlehnt aus</seg>
          <cit type="etymon">
            <lang>lat.</lang>
            <form>
              <orth>Fabianus</orth>
            </form>
          </cit>
          <seg type="desc">, das eine Erweiterung des
            <lang>lateinischen</lang>Personennamens
          </seg>
          <cit type="etymon">
            <form>
              <orth>Fabius</orth>
            </form>
          </cit>
          <seg type="desc">darstellt; letzterer kann als
            <lang>römischer</lang>Gentilname zu
          </seg>
          <cit type="etymon">
            <lang>lat.</lang>
            <form>
              <orth>faba</orth>
            </form>
            <def>Bohne</def>
          </cit>
          <seg type="desc">oder Herkunftsname zum Ort</seg>
          <cit type="etymon">
            <form>
              <orth>Fabiae</orth>
            </form>
          </cit>
          <seg type="desc">gedeutet werden</seg>
          <ref type="bibl" target="#Seibicke1998II">
            <lbl>vgl.</lbl>Seibicke 1998 II
            <citedRange>3f., 5</citedRange>
          </ref>
          <seg type="desc">; die Nebenform des Personennamens auf</seg>
          <cit type="etymon">
            <form>
              <orth>-i</orth>
            </form>
          </cit>
          <seg type="desc">ist wohl durch Einfluss der
            <lang>lateinischen</lang>Genitivform entstanden, etwa übernommen bzw. umgedeutet aus Komposita wie „Fabianitag“ als Gedenktag des heiligen Fabian
          </seg>
        </etym>
        <sense>
          <sense>
            <sense>
              <def type="umschreibung">Ruf- bzw. Vorname (oft auch gebraucht zur Bezeichnung des Gedenk- bzw. Kalendertages, der einem Heiligen mit diesem Namen gewidmet ist)</def>
              <usg type="geo">
                <placeName type="bundesland" ref="/geodata-wboe.xml#p1A">STir.</placeName>
              </usg>
              <usg type="geo">
                <placeName type="bundesland" ref="/geodata-wboe.xml#p1B">OTir.</placeName>
              </usg>
              <usg type="geo">
                <placeName type="bundesland" ref="/geodata-wboe.xml#p1C">NTir.</placeName>
              </usg>
              <usg type="geo">
                <placeName type="bundesland" ref="/geodata-wboe.xml#p2">Ktn.</placeName>
              </usg>
              <usg type="geo">
                <placeName type="bundesland" ref="/geodata-wboe.xml#p3.3">WStmk.</placeName>
              </usg>
              <usg type="geo">
                <placeName type="bundesland" ref="/geodata-wboe.xml#p5">OÖ</placeName>
              </usg>
              <usg type="geo">
                <placeName type="bundesland" ref="/geodata-wboe.xml#p6.2">Industriev.</placeName>
              </usg>
              <cit type="example">
                <quote xml:lang="bar-AT">zₐ Fabiᵃn unt Sebastiᵃn muaß dr Såft in d Paime gan.</quote>
                <usg type="geo">
                  <placeName type="kleinregion" ref="/geodata-wboe.xml#p2.2d">obstGurkt.</placeName>
                </usg>
              </cit>
              <ptr type="collection" subtype="bedeutung" target="/collections-wboe.xml#c12070"/>
            </sense>
          </sense>
          <sense>
            <def>(Heiß-)Hunger</def>
            <usg type="geo">
              <placeName type="bundesland" ref="/geodata-wboe.xml#p6">NÖ</placeName>
            </usg>
            <ptr type="collection" subtype="bedeutung" target="/collections-wboe.xml#c12071"/>
          </sense>
        </sense>
      </entry>
    </body>
  </text>
</TEI>