<?xml version="1.0" encoding="UTF-8"?>
    <?xml-model href="http://www.tei-c.org/release/xml/tei/custom/schema/relaxng/tei_all.rng" type="application/xml" schematypens="http://purl.oclc.org/dsdl/schematron"?>
    <?xml-model href="../../803_RNG-schematron/WBOE-ODD.rnc" type="application/relax-ng-compact-syntax"?>
<?redaktionstool version="0.6.4"?>
<TEI xmlns="http://www.tei-c.org/ns/1.0">
  <teiHeader>
    <fileDesc>
      <titleStmt>
        <title>Fadigkeit</title>
        <respStmt>
          <resp>Editor</resp>
          <name ref="#AG">Andreas Gellan</name>
        </respStmt>
        <respStmt>
          <resp>Encoding Scheme</resp>
          <name>Jack Bowers</name>
          <name>Daniel Schopper</name>
          <name>Omar Siam</name>
        </respStmt>
        <respStmt>
          <resp>DBOE Team</resp>
          <name xml:id="AL">Alexandra N. Lenz</name>
          <name xml:id="PhS">Philipp Stöckle</name>
          <name xml:id="AG">Andreas Gellan</name>
          <name xml:id="PZ">Patrick Zeitlhuber</name>
          <name xml:id="SW">Sabine Wahl</name>
          <name xml:id="SS">Sonja Schwaiger</name>
          <name xml:id="JD">Jan Braun</name>
          <name xml:id="AB">Angela Bergermayer</name>
          <name xml:id="EW">Eva Wahlmüller</name>
          <name xml:id="DG">David Gschösser</name>
          <name xml:id="StS">Stefanie Schöberl</name>
          <name xml:id="FF">Fabian Fleißner</name>
        </respStmt>
        <respStmt>
          <resp>Student assistants</resp>
          <name>Eva Wahlmüller</name>
          <name>Susanna Muhr</name>
          <name>Alexandra Grohe</name>
          <name>Klemens Wagner</name>
          <name>Manuela Stütz</name>
          <name>Christina Hemetsberger</name>
        </respStmt>
      </titleStmt>
      <publicationStmt>
        <p></p>
      </publicationStmt>
      <sourceDesc>
        <list>
          <item>
            <label>Geo-data</label>
            <ptr xml:id="geo-inventory-WBOE" target="../geodata-wboe.xml"/>
          </item>
          <item>
            <label>Bibliography</label>
            <ptr xml:id="bibliography-WBOE" target="../bibl-wboe.xml"/>
          </item>
          <item>
            <label>WBOE-Slips</label>
            <ptr xml:id="slips-WBOE" target="../slips-wboe.xml"/>
          </item>
          <item>
            <label>WBOE-Collections</label>
            <ptr xml:id="collections-WBOE" target="../collections-wboe.xml"/>
          </item>
        </list>
      </sourceDesc>
    </fileDesc>
    <revisionDesc>
      <listChange>
        <change status="external correction" when="2018-10-21" who="#AG">Datensatz erstellt</change>
        <change status="external correction" when="2020-05-29" who="#AG">Lautkommentar eingefügt</change>
        <change status="external correction" when="2020-05-29" who="#AG">Anm. der Hiwis eingearbeitet</change>
        <change status="finished" when="2020-10-05" who="#AG">Anmerkungen eingefügt</change>
      </listChange>
    </revisionDesc>
  </teiHeader>
  <text>
    <body>
      <entry>
        <form type="lemma" xml:id="Fadigkeit">
          <orth>Fadigkeit</orth>
          <ptr type="collection" subtype="lemma" target="/collections-wboe.xml#c778"/>
        </form>
        <gramGrp>
          <gram type="pos">Substantiv</gram>
          <gram type="gender">Femininum</gram>
        </gramGrp>
        <usg type="geo">
          <placeName type="bundesland" ref="/geodata-wboe.xml#p5">OÖ</placeName>
        </usg>
        <usg type="geo">
          <placeName type="grossregion" ref="/geodata-wboe.xml#p6.2">Industriev.</placeName>
        </usg>
        <usg type="geo">
          <placeName type="grossregion" ref="/geodata-wboe.xml#p6.5">Wien</placeName>
        </usg>
        <note type="kommentar" resp="#FF">Was den Stammvokalismus betrifft, wurde die ursprüngliche Aussprache des französischen Lehnwortes weitgehend beibehalten, weswegen überall helle
          <c>a</c>-Monophthonge unterschiedlicher Quantität vorliegen
          <xr>
            <ref>ƒādįkaet</ref>
          </xr>. In der zweiten Silbe lassen sich neben
          <c>i</c>-haltigen Monophthongen
          <xr>
            <ref>ƒādįkaet</ref>
          </xr>auch zu
          <c>ə</c>abgeschwächte offenere Formen finden
          <xr>
            <ref>ƒādəkaet</ref>
          </xr>. Das Zusammentreffen zweier
          <c>k</c>-Laute an den Morphemgrenzen wird entweder durch einen Hauchlaut
          <xr>
            <ref>ƒādįkhaet</ref>
          </xr>oder Assimilation
          <xr>
            <ref>ƒādįkaet</ref>
          </xr>aufgelöst.
        </note>
        <form type="dialect">
          <pron xml:lang="bar-AT">fádėkhaėd</pron>
          <usg type="geo">
            <placeName type="bundesland" ref="/geodata-wboe.xml#p5">OÖ</placeName>
          </usg>
        </form>
        <form type="dialect">
          <pron xml:lang="bar-AT">fādėkhaėd</pron>
          <usg type="geo">
            <placeName type="gemeinde" ref="/geodata-wboe.xml#p5.1c07">Mühlheim am Inn</placeName>
          </usg>
        </form>
        <form type="dialect">
          <pron xml:lang="bar-AT">Fadīkeit</pron>
          <usg type="geo">
            <placeName type="gemeinde" ref="/geodata-wboe.xml#p6.2h28">Warth</placeName>
          </usg>
          <ptr type="collection" subtype="lautung" target="/collections-wboe.xml#c779"/>
        </form>
        <etym>
          <seg type="desc"></seg>
          <seg type="desc">Ableitung von</seg>
          <cit type="etymon">
            <xr type="lemma">
              <ref target="fad.xml">fad</ref>
            </xr>
          </cit>
        </etym>
        <sense>
          <sense>
            <def>Fadheit; Langweiligkeit</def>
            <usg type="geo">
              <placeName type="grossregion" ref="/geodata-wboe.xml#p5.1">Innv.</placeName>
            </usg>
            <usg type="geo">
              <placeName type="grossregion" ref="/geodata-wboe.xml#p6.2">Industriev.</placeName>
            </usg>
            <usg type="geo">
              <placeName type="grossregion" ref="/geodata-wboe.xml#p6.5">Wien</placeName>
            </usg>
            <ptr type="collection" subtype="bedeutung" target="/collections-wboe.xml#c780"/>
          </sense>
          <sense>
            <sense>
              <def>schlechte Laune; Verdrießlichkeit</def>
              <usg type="geo">
                <placeName type="grossregion" ref="/geodata-wboe.xml#p5.1">Innv.</placeName>
              </usg>
              <usg type="geo">
                <placeName type="grossregion" ref="/geodata-wboe.xml#p6.5">Wien</placeName>
              </usg>
              <cit type="example">
                <quote xml:lang="bar-AT">der kennt si' vur lauter Fadigkeit net aus!</quote>
                <usg type="geo">
                  <placeName type="grossregion" ref="/geodata-wboe.xml#p6.5">Wien</placeName>
                </usg>
              </cit>
              <ptr type="collection" subtype="bedeutung" target="/collections-wboe.xml#c781"/>
            </sense>
            <sense>
              <def>Überempfindlichkeit</def>
              <usg type="geo">
                <placeName type="grossregion" ref="/geodata-wboe.xml#p5.1">Innv.</placeName>
              </usg>
              <ptr type="collection" subtype="bedeutung" target="/collections-wboe.xml#c782"/>
            </sense>
          </sense>
          <sense>
            <def>übertriebene Förmlichkeit; Formzwang</def>
            <usg type="geo">
              <placeName type="bundesland" ref="/geodata-wboe.xml#p5">OÖ</placeName>
            </usg>
            <cit type="example">
              <quote xml:lang="bar-AT">dės sand fadėkheidn!</quote>
              <usg type="geo">
                <placeName type="bundesland" ref="/geodata-wboe.xml#p5">OÖ</placeName>
              </usg>
            </cit>
            <ptr type="collection" subtype="bedeutung" target="/collections-wboe.xml#c783"/>
          </sense>
        </sense>
      </entry>
    </body>
  </text>
</TEI>