<?xml version="1.0" encoding="UTF-8"?>
    <?xml-model href="http://www.tei-c.org/release/xml/tei/custom/schema/relaxng/tei_all.rng" type="application/xml" schematypens="http://purl.oclc.org/dsdl/schematron"?>
    <?xml-model href="../../803_RNG-schematron/WBOE-ODD.rnc" type="application/relax-ng-compact-syntax"?>
<?redaktionstool version="0.6.6"?>
<TEI xmlns="http://www.tei-c.org/ns/1.0">
  <teiHeader>
    <fileDesc>
      <titleStmt>
        <title>Falbe²</title>
        <respStmt>
          <resp>Editor</resp>
          <name ref="#SW">Sabine Wahl</name>
        </respStmt>
        <respStmt>
          <resp>Encoding Scheme</resp>
          <name>Jack Bowers</name>
          <name>Daniel Schopper</name>
          <name>Omar Siam</name>
        </respStmt>
        <respStmt>
          <resp>DBOE Team</resp>
          <name xml:id="AL">Alexandra N. Lenz</name>
          <name xml:id="PhS">Philipp Stöckle</name>
          <name xml:id="AG">Andreas Gellan</name>
          <name xml:id="PZ">Patrick Zeitlhuber</name>
          <name xml:id="SW">Sabine Wahl</name>
          <name xml:id="SS">Sonja Schwaiger</name>
          <name xml:id="JD">Jan Braun</name>
          <name xml:id="AB">Angela Bergermayer</name>
          <name xml:id="EW">Eva Wahlmüller</name>
          <name xml:id="DG">David Gschösser</name>
          <name xml:id="StS">Stefanie Schöberl</name>
          <name xml:id="FF">Fabian Fleißner</name>
        </respStmt>
        <respStmt>
          <resp>Student assistants</resp>
          <name>Eva Wahlmüller</name>
          <name>Susanna Muhr</name>
          <name>Alexandra Grohe</name>
          <name>Klemens Wagner</name>
          <name>Manuela Stütz</name>
          <name>Christina Hemetsberger</name>
        </respStmt>
      </titleStmt>
      <publicationStmt>
        <p></p>
      </publicationStmt>
      <sourceDesc>
        <list>
          <item>
            <label>Geo-data</label>
            <ptr xml:id="geo-inventory-WBOE" target="../geodata-wboe.xml"/>
          </item>
          <item>
            <label>Bibliography</label>
            <ptr xml:id="bibliography-WBOE" target="../bibl-wboe.xml"/>
          </item>
          <item>
            <label>WBOE-Slips</label>
            <ptr xml:id="slips-WBOE" target="../slips-wboe.xml"/>
          </item>
          <item>
            <label>WBOE-Collections</label>
            <ptr xml:id="collections-WBOE" target="../collections-wboe.xml"/>
          </item>
        </list>
      </sourceDesc>
    </fileDesc>
    <revisionDesc>
      <listChange>
        <change status="external correction" when="2018-10-16" who="#SW">Datensatz erstellt</change>
        <change status="proofed" when="2020-05-22" who="#PhS">TEI-korrigiert</change>
        <change status="external correction" when="2020-07-27" who="#SW">Lautung: Überblick korrigiert</change>
        <change status="finished" when="2020-10-15" who="#SW">Artikeloptimierung durchgeführt</change>
      </listChange>
    </revisionDesc>
  </teiHeader>
  <text>
    <body>
      <entry>
        <form type="lemma" xml:id="Falbe_">
          <orth>Falbe²</orth>
          <ptr type="collection" subtype="lemma" target="/collections-wboe.xml#c925"/>
        </form>
        <gramGrp>
          <gram type="pos">Substantiv</gram>
          <gram type="gender">Femininum</gram>
          <gram type="gender">Maskulinum</gram>
        </gramGrp>
        <form type="variant" subtype="diminutive" xml:id="Falbel">
          <orth>Falbel</orth>
          <gramGrp>
            <gram type="gender">Neutrum</gram>
          </gramGrp>
        </form>
        <form type="variant" subtype="diminutive" xml:id="Falberl">
          <orth>Falberl</orth>
          <gramGrp>
            <gram type="gender">Neutrum</gram>
          </gramGrp>
        </form>
        <usg type="geo">
          <placeName type="grossregion" ref="/geodata-wboe.xml#p1A.2">mSTir.</placeName>
        </usg>
        <usg type="geo">
          <placeName type="grossregion" ref="/geodata-wboe.xml#p2.2">MKtn.</placeName>
        </usg>
        <usg type="geo">
          <placeName type="grossregion" ref="/geodata-wboe.xml#p2.4">UKtn.</placeName>
        </usg>
        <usg type="geo">
          <placeName type="bundesland" ref="/geodata-wboe.xml#p3">Stmk.</placeName>
        </usg>
        <usg type="geo">
          <placeName type="grossregion" ref="/geodata-wboe.xml#p5.3">Traunv.</placeName>
        </usg>
        <usg type="geo">
          <placeName type="grossregion" ref="/geodata-wboe.xml#p6.1">Mostv.</placeName>
        </usg>
        <usg type="geo">
          <placeName type="grossregion" ref="/geodata-wboe.xml#p6.2">Industriev.</placeName>
        </usg>
        <usg type="geo">
          <placeName type="grossregion" ref="/geodata-wboe.xml#p6.3">Waldv.</placeName>
        </usg>
        <usg type="geo">
          <placeName type="grossregion" ref="/geodata-wboe.xml#p6.5">Wien</placeName>
        </usg>
        <note type="kommentar" resp="#FF">Durch den späten Entlehnungszeitpunkt liegen sowohl für basale Formen als auch für Diminutive verdumpfte
          <c>a</c>-Monophthonge im Stammvokal vor
          <xr>
            <ref>ƒǫlbn̥</ref>
            <ref>ƒǫlbəl</ref>
          </xr>. Im Mittelbairischen liegen aufgrund der
          <c>l</c>-Vokalisierung entsprechende steigende Diphthonge vor
          <xr>
            <ref>fǫem</ref>
          </xr>. Im Inlaut zwischen Vokalen tritt hier häufig Frikativierung von
          <c>b</c>auf
          <xr>
            <ref>fǫewɒl</ref>
          </xr>. Außerdem sind aufgrund der Konkurrenzsituation zwischen
          <c>e</c>-Synkope und
          <c>l</c>-Vokalisierung in der auslautenden Silbe für den Diminutiv komplementäre Varianten mit
          <c>l</c>-Erhalt
          <xr>
            <ref>fǫebl̥</ref>
          </xr>oder Vokalisierungsprodukten mit unterschiedlicher Qualität
          <xr>
            <ref>fǫewə</ref>
          </xr>belegt. Die Verbindung im Auslaut ist zu
          <c>-ɒl</c>abgeschwächt worden
          <xr>
            <ref>fǫewɒl</ref>
          </xr>. Vereinzelt liegen auch erweiterte Endungen mit
          <c>-ən</c>vor, die als Assimilationsprodukte sichtbar werden
          <xr>
            <ref>ƒǫlm</ref>
            <ref>fǫem</ref>
          </xr>.
        </note>
        <form type="dialect">
          <pron xml:lang="bar-AT">‑fǫlbəln</pron>
          <usg>[Dim., Pl.]</usg>
          <usg type="geo">
            <placeName type="gemeinde" ref="/geodata-wboe.xml#p1A.2a02">Bozen</placeName>
          </usg>
        </form>
        <form type="dialect">
          <pron xml:lang="bar-AT">fålm, fålman</pron>
          <usg>[Pl.]</usg>
          <usg type="geo">
            <placeName type="gemeinde" ref="/geodata-wboe.xml#p2.3a01">Friesach</placeName>
          </usg>
        </form>
        <form type="dialect">
          <pron xml:lang="bar-AT">fo̩lbm</pron>
          <usg type="geo">
            <placeName type="gemeinde" ref="/geodata-wboe.xml#p2.4c04">Bad St. Leonhard im Lavanttal</placeName>
          </usg>
        </form>
        <form type="dialect">
          <pron xml:lang="bar-AT">φaö̩wɒɫ</pron>
          <usg>[Dim.]</usg>
          <usg type="geo">
            <placeName type="gemeinde" ref="/geodata-wboe.xml#p5.3c03">Steinbach am Ziehberg</placeName>
          </usg>
        </form>
        <form type="dialect">
          <pron xml:lang="bar-AT">fo̩öm</pron>
          <usg type="geo">
            <placeName type="gemeinde" ref="/geodata-wboe.xml#p6.1d01">Allhartsberg</placeName>
          </usg>
        </form>
        <form type="dialect">
          <pron xml:lang="bar-AT">faǫ̈wɒɫ</pron>
          <usg>[Dim.]</usg>
          <usg type="geo">
            <placeName type="gemeinde" ref="/geodata-wboe.xml#p6.1d01">Allhartsberg</placeName>
          </usg>
        </form>
        <form type="dialect">
          <pron xml:lang="bar-AT">fålb'n</pron>
          <usg type="geo">
            <placeName type="kleinregion" ref="/geodata-wboe.xml#p6.2h">Buckl.Wt.</placeName>
          </usg>
        </form>
        <form type="dialect">
          <pron xml:lang="bar-AT">φǫęm</pron>
          <usg type="geo">
            <placeName type="gemeinde" ref="/geodata-wboe.xml#p6.3a18">Reingers</placeName>
          </usg>
        </form>
        <form type="dialect">
          <pron xml:lang="bar-AT">fålbn</pron>
          <usg type="geo">
            <placeName type="grossregion" ref="/geodata-wboe.xml#p6.5">Wien</placeName>
          </usg>
          <ptr type="collection" subtype="lautung" target="/collections-wboe.xml#c926 "/>
        </form>
        <etym>
          <date>im 18. Jh.</date>
          <seg type="desc">entlehnt aus
            <lang>frz.</lang>
          </seg>
          <cit type="etymon">
            <form>
              <orth>falbala</orth>
            </form>
            <gramGrp>
              <gram type="gender">Maskulinum</gram>
            </gramGrp>
            <def>Faltensaum</def>
          </cit>
          <seg type="desc">;</seg>
          <seg type="desc">
            <lang>im Deutschen</lang>mit Genuswechsel als
          </seg>
          <cit type="etymon">
            <form>
              <orth>Falbel</orth>
            </form>
            <gramGrp>
              <gram type="gender">Femininum</gram>
            </gramGrp>
            <def>Besatz von gefältetem Stoff; Rüsche</def>
          </cit>
          <ref type="bibl">
            <lbl>vgl.</lbl>Kluge 2011
            <citedRange>274</citedRange>
          </ref>
          <ref type="bibl" subtype="online">
            <lbl>vgl.</lbl>Pfeifer online
            <xr type="lemma">
              <ref>Falbel</ref>
              <date type="accessed">30.05.2018</date>
            </xr>
          </ref>
        </etym>
        <sense>
          <sense>
            <sense>
              <def>gelegte, festgenähte Falte (als Kleiderschmuck); Rüsche am Sonntagsgewand</def>
              <usg type="geo">
                <placeName type="grossregion" ref="/geodata-wboe.xml#p3.4">MStmk.</placeName>
              </usg>
              <usg type="geo">
                <placeName type="grossregion" ref="/geodata-wboe.xml#p5.3">Traunv.</placeName>
              </usg>
              <usg type="geo">
                <placeName type="grossregion" ref="/geodata-wboe.xml#p6.1">Mostv.</placeName>
              </usg>
              <ptr type="collection" subtype="bedeutung" target="/collections-wboe.xml#c927"/>
            </sense>
            <sense>
              <def>Falbel; Faltensaum; gefalteter (angestückelter) Stoffstreifen</def>
              <usg type="geo">
                <placeName type="grossregion" ref="/geodata-wboe.xml#p6.3">Waldv.</placeName>
              </usg>
              <usg type="geo">
                <placeName type="grossregion" ref="/geodata-wboe.xml#p6.5">Wien</placeName>
              </usg>
              <ptr type="collection" subtype="bedeutung" target="/collections-wboe.xml#c928"/>
            </sense>
            <sense>
              <def>Bug im Kleiderstoff</def>
              <usg type="geo">
                <placeName type="bundesland" ref="/geodata-wboe.xml#p3">Stmk.</placeName>
              </usg>
              <ptr type="collection" subtype="bedeutung" target="/collections-wboe.xml#c929"/>
            </sense>
            <sense>
              <usg>(nur Maskulinum)</usg>
              <def>Saumschmuck in Falten</def>
              <usg type="geo">
                <placeName type="grossregion" ref="/geodata-wboe.xml#p6.2">Industriev.</placeName>
              </usg>
              <ptr type="collection" subtype="bedeutung" target="/collections-wboe.xml#c930"/>
            </sense>
          </sense>
          <sense>
            <def>Falte im Gesicht</def>
            <usg type="geo">
              <placeName type="grossregion" ref="/geodata-wboe.xml#p2.2">MKtn.</placeName>
            </usg>
            <usg type="geo">
              <placeName type="grossregion" ref="/geodata-wboe.xml#p2.4">UKtn.</placeName>
            </usg>
            <ptr type="collection" subtype="bedeutung" target="/collections-wboe.xml#c931"/>
          </sense>
          <sense>
            <def>Masche</def>
            <usg type="geo">
              <placeName type="bundesland" ref="/geodata-wboe.xml#p3">Stmk.</placeName>
            </usg>
            <ptr type="collection" subtype="bedeutung" target="/collections-wboe.xml#c932"/>
          </sense>
        </sense>
        <re>
          <form subtype="compound" type="lemma">
            <orth>Hirnfalben</orth>
            <gramGrp>
              <usg>(Plural)</usg>
            </gramGrp>
          </form>
          <sense>
            <sense>
              <def>Falten auf der Stirn; Stirnfalten</def>
              <usg type="geo">
                <placeName type="grossregion" ref="/geodata-wboe.xml#p2.2">MKtn.</placeName>
              </usg>
              <ptr type="collection" subtype="bedeutung" target="/collections-wboe.xml#c933"/>
            </sense>
          </sense>
        </re>
        <re>
          <form subtype="compound" type="lemma">
            <orth>Stirnfalbeln</orth>
            <gramGrp>
              <usg>(Diminutiv, Plural)</usg>
            </gramGrp>
          </form>
          <sense>
            <sense>
              <def>Falten auf der Stirn; Stirnfalten</def>
              <usg type="geo">
                <placeName type="grossregion" ref="/geodata-wboe.xml#p1A.2">mSTir.</placeName>
              </usg>
              <ptr type="collection" subtype="bedeutung" target="/collections-wboe.xml#c934"/>
            </sense>
          </sense>
        </re>
      </entry>
    </body>
  </text>
</TEI>