<?xml version="1.0" encoding="UTF-8"?>
    <?xml-model href="http://www.tei-c.org/release/xml/tei/custom/schema/relaxng/tei_all.rng" type="application/xml" schematypens="http://purl.oclc.org/dsdl/schematron"?>
    <?xml-model href="../../803_RNG-schematron/WBOE-ODD.rnc" type="application/relax-ng-compact-syntax"?>
<?redaktionstool version="0.8.1" ?>
<?parser type="lioe" version="0.8.0" ?>
<TEI xmlns="http://www.tei-c.org/ns/1.0">
  <teiHeader>
    <fileDesc>
      <titleStmt>
        <title>Falch, Fälch</title>
        <respStmt>
          <resp>Editor</resp>
          <name ref="#SW">Sabine Wahl</name>
        </respStmt>
        <respStmt>
          <resp>Encoding Scheme</resp>
          <name>Jack Bowers</name>
          <name>Daniel Schopper</name>
          <name>Omar Siam</name>
        </respStmt>
        <respStmt>
          <resp>DBOE Team</resp>
          <name xml:id="AL">Alexandra N. Lenz</name>
          <name xml:id="PhS">Philipp Stöckle</name>
          <name xml:id="AG">Andreas Gellan</name>
          <name xml:id="PZ">Patrick Zeitlhuber</name>
          <name xml:id="SW">Sabine Wahl</name>
          <name xml:id="SS">Sonja Schwaiger</name>
          <name xml:id="JD">Jan Braun</name>
          <name xml:id="AB">Angela Bergermayer</name>
          <name xml:id="EW">Eva Wahlmüller</name>
          <name xml:id="DG">David Gschösser</name>
          <name xml:id="StS">Stefanie Schöberl</name>
          <name xml:id="FF">Fabian Fleißner</name>
          <name xml:id="MK">Markus Kunzmann</name>
        </respStmt>
        <respStmt>
          <resp>Student assistants</resp>
          <name>Eva Wahlmüller</name>
          <name>Susanna Muhr</name>
          <name>Alexandra Grohe</name>
          <name>Klemens Wagner</name>
          <name>Manuela Stütz</name>
          <name>Christina Hemetsberger</name>
        </respStmt>
      </titleStmt>
      <publicationStmt>
        <p></p>
      </publicationStmt>
      <sourceDesc>
        <list>
          <item>
            <label>Geo-data</label>
            <ptr xml:id="geo-inventory-WBOE" target="../geodata-wboe.xml"/>
          </item>
          <item>
            <label>Bibliography</label>
            <ptr xml:id="bibliography-WBOE" target="../bibl-wboe.xml"/>
          </item>
          <item>
            <label>WBOE-Slips</label>
            <ptr xml:id="slips-WBOE" target="../slips-wboe.xml"/>
          </item>
          <item>
            <label>WBOE-Collections</label>
            <ptr xml:id="collections-WBOE" target="../collections-wboe.xml"/>
          </item>
        </list>
      </sourceDesc>
    </fileDesc>
    <revisionDesc>
      <listChange>
        <change status="external correction" when="2019-01-20" who="#SW">Datensatz erstellt</change>
        <change status="finished" when="2020-10-15" who="#SW">Artikeloptimierung durchgeführt</change>
      </listChange>
    </revisionDesc>
  </teiHeader>
  <text>
    <body>
      <entry>
        <form type="lemma" xml:id="Falch">
          <orth>Falch</orth>
        </form>
        <form type="lemma" xml:id="Faelch">
          <orth>Fälch</orth>
          <ptr type="collection" subtype="lemma" target="/collections-wboe.xml#c1329"/>
        </form>
        <gramGrp>
          <gram type="pos">Substantiv</gram>
          <gram type="gender">Maskulinum</gram>
        </gramGrp>
        <form type="variant" subtype="diminutive" xml:id="Faelchel">
          <orth>Fälchel</orth>
          <gramGrp>
            <gram type="gender">Maskulinum</gram>
          </gramGrp>
        </form>
        <form type="variant" subtype="diminutive" xml:id="Falchel">
          <orth>Falchel</orth>
          <gramGrp>
            <gram type="gender">Neutrum</gram>
          </gramGrp>
        </form>
        <form type="variant" subtype="diminutive" xml:id="Falcherl">
          <orth>Falcherl</orth>
          <gramGrp>
            <gram type="gender">Neutrum</gram>
          </gramGrp>
        </form>
        <form type="variant" subtype="diminutive" xml:id="Falchelein">
          <orth>Falchelein</orth>
          <gramGrp>
            <gram type="gender">Neutrum</gram>
          </gramGrp>
        </form>
        <form type="variant" subtype="movierung" xml:id="Falchin">
          <orth>Falchin</orth>
          <gramGrp>
            <gram type="gender">Femininum</gram>
          </gramGrp>
        </form>
        <usg type="geo">
          <placeName type="grossregion" ref="/geodata-wboe.xml#p1A.2">mSTir.</placeName>
        </usg>
        <usg type="geo">
          <placeName type="grossregion" ref="/geodata-wboe.xml#p1A.4">öSTir.</placeName>
        </usg>
        <usg type="geo">
          <placeName type="bundesland" ref="/geodata-wboe.xml#p1B">OTir.</placeName>
        </usg>
        <usg type="geo">
          <placeName type="grossregion" ref="/geodata-wboe.xml#p1C.2">mNTir.</placeName>
        </usg>
        <usg type="geo">
          <placeName type="grossregion" ref="/geodata-wboe.xml#p1C.3">öNTir.</placeName>
        </usg>
        <usg type="geo">
          <placeName type="bundesland" ref="/geodata-wboe.xml#p2">Ktn.</placeName>
        </usg>
        <usg type="geo">
          <placeName type="bundesland" ref="/geodata-wboe.xml#p3">Stmk.</placeName>
        </usg>
        <usg type="geo">
          <placeName type="grossregion" ref="/geodata-wboe.xml#p4.2">Pinzg.</placeName>
        </usg>
        <usg type="geo">
          <placeName type="grossregion" ref="/geodata-wboe.xml#p4.3">Pong.</placeName>
        </usg>
        <usg type="geo">
          <placeName type="grossregion" ref="/geodata-wboe.xml#p5.1">Innv.</placeName>
        </usg>
        <note type="kommentar" resp="#FF">Regelhaft liegen im gesamten Untersuchungsgebiet für den Stammvokal verdumpfte
          <c>a</c>-Monophthonge unterschiedlicher Quantität vor
          <xr>
            <ref>ƒǫl</ref>
            <ref>ƒǭləx</ref>
          </xr>. Im Mittelbairischen sind infolge von
          <c>l</c>-Vokalisierung auch steigende Diphthonge entstanden
          <xr>
            <ref>fǫek</ref>
          </xr>. Helle
          <c>a</c>-Laute im westlichen Teil des Untersuchungsgebietes setzen wohl eine umgelautete Diminutivform fort
          <xr>
            <ref>ƒalkə</ref>
          </xr>. Eindeutig bezeugt ist der ehemalige Umlaut in mittelbairischen Diminutivbelegen mit steigendem Diphthong
          <xr>
            <ref>faexl̥</ref>
          </xr>. Der überwiegend frikativische und teilweise plosivische In- bzw. Auslaut weist auf eine historische Nebenform mit velarem Plosiv hin, die einzelnen Lautungen lassen sich aber sprachhistorisch und -geographisch kaum ordnen. Rezente Formen mit Plosiv gehen wohl auf eine sekundäre Verhärtung des Frikativs zurück
          <xr>
            <ref>ƒǫlk</ref>
            <ref>fǫek</ref>
          </xr>. Die auslautende Konsonantenverbindung wird im Kärntner Südbairischen mit einem Sprossvokal durchbrochen
          <xr>
            <ref>ƒǭləx</ref>
          </xr>.
        </note>
        <form type="dialect">
          <pron xml:lang="bar-AT">fąl</pron>
          <usg type="geo">
            <placeName type="gemeinde" ref="/geodata-wboe.xml#p1A.4d02">Kiens</placeName>
          </usg>
        </form>
        <form type="dialect">
          <pron xml:lang="bar-AT">falke</pron>
          <usg type="geo">
            <placeName type="gemeinde" ref="/geodata-wboe.xml#p1C.1b04">Tannheim</placeName>
          </usg>
        </form>
        <form type="dialect">
          <pron xml:lang="bar-AT">fǭlɒx</pron>
          <usg type="geo">
            <placeName type="gemeinde" ref="/geodata-wboe.xml#p2.2i07">Villach</placeName>
          </usg>
        </form>
        <form type="dialect">
          <pron xml:lang="bar-AT">fǭləx</pron>
          <usg type="geo">
            <placeName type="kleinregion" ref="/geodata-wboe.xml#p2.3g">Glant.</placeName>
          </usg>
        </form>
        <form type="dialect">
          <pron xml:lang="bar-AT">φǫėχ</pron>
          <usg type="geo">
            <placeName type="kleinregion" ref="/geodata-wboe.xml#p4.3d">Gr.Arlt.</placeName>
          </usg>
        </form>
        <form type="dialect">
          <pron xml:lang="bar-AT">fǫėˡk</pron>
          <usg type="geo">
            <placeName type="gemeinde" ref="/geodata-wboe.xml#p5.1a02">Eggelsberg</placeName>
          </usg>
        </form>
        <form type="dialect">
          <pron xml:lang="bar-AT">φaįxɫ̥</pron>
          <usg type="geo">
            <placeName type="gemeinde" ref="/geodata-wboe.xml#p5.1e11">Suben</placeName>
          </usg>
          <ptr type="collection" subtype="lautung" target="/collections-wboe.xml#c1330"/>
        </form>
        <etym>
          <seg type="desc">Ableitung von</seg>
          <cit type="etymon">
            <xr type="lemma">
              <ref target="falch_Adj.xml#falch">falch</ref>
            </xr>
          </cit>
        </etym>
        <sense>
          <sense>
            <sense>
              <sense>
                <def>Rind (v. a. Ochse) oder Pferd mit fahler, gelblicher Fellfarbe</def>
                <usg type="geo">
                  <placeName type="grossregion" ref="/geodata-wboe.xml#p1A.2">mSTir.</placeName>
                </usg>
                <usg type="geo">
                  <placeName type="grossregion" ref="/geodata-wboe.xml#p1A.4">öSTir.</placeName>
                </usg>
                <usg type="geo">
                  <placeName type="grossregion" ref="/geodata-wboe.xml#p1C.2">mNTir.</placeName>
                </usg>
                <usg type="geo">
                  <placeName type="grossregion" ref="/geodata-wboe.xml#p1C.3">öNTir.</placeName>
                </usg>
                <usg type="geo">
                  <placeName type="bundesland" ref="/geodata-wboe.xml#p2">Ktn.</placeName>
                </usg>
                <usg type="geo">
                  <placeName type="bundesland" ref="/geodata-wboe.xml#p3">Stmk.</placeName>
                </usg>
                <usg type="geo">
                  <placeName type="grossregion" ref="/geodata-wboe.xml#p4.2">Pinzg.</placeName>
                </usg>
                <usg type="geo">
                  <placeName type="grossregion" ref="/geodata-wboe.xml#p4.3">Pong.</placeName>
                </usg>
                <usg type="geo">
                  <placeName type="grossregion" ref="/geodata-wboe.xml#p5.1">Innv.</placeName>
                </usg>
                <ptr type="collection" subtype="bedeutung" target="/collections-wboe.xml#c1331"/>
              </sense>
              <sense>
                <def>Rind (Kuh oder Ochse), das „lichtblondgrau mit dunkleren Flecken gefärbt ist“</def>
                <usg type="geo">
                  <placeName type="grossregion" ref="/geodata-wboe.xml#p2.2">MKtn.</placeName>
                </usg>
                <ptr type="collection" subtype="bedeutung" target="/collections-wboe.xml#c1332"/>
              </sense>
              <sense>
                <def>Mischrasse zwischen Simmentaler und Pinzgauer Rind mit gelblicher Fellfarbe</def>
                <usg type="geo">
                  <placeName type="grossregion" ref="/geodata-wboe.xml#p1C.3">öNTir.</placeName>
                </usg>
                <ptr type="collection" subtype="bedeutung" target="/collections-wboe.xml#c1333"/>
              </sense>
            </sense>
            <sense>
              <def type="umschreibung">Eigenname für Rinder (v. a. Ochsen) oder Pferde mit fahler, gelblicher Fellfarbe</def>
              <usg type="geo">
                <placeName type="grossregion" ref="/geodata-wboe.xml#p1C.3">öNTir.</placeName>
              </usg>
              <usg type="geo">
                <placeName type="grossregion" ref="/geodata-wboe.xml#p2.2">MKtn.</placeName>
              </usg>
              <usg type="geo">
                <placeName type="grossregion" ref="/geodata-wboe.xml#p3.1">sbair.ObStmk.</placeName>
              </usg>
              <usg type="geo">
                <placeName type="grossregion" ref="/geodata-wboe.xml#p4.3">Pong.</placeName>
              </usg>
              <ptr type="collection" subtype="bedeutung" target="/collections-wboe.xml#c1334"/>
            </sense>
          </sense>
          <sense>
            <def>Mensch mit fahlen, blonden Haaren</def>
            <usg>(scherzhaft)</usg>
            <usg type="geo">
              <placeName type="grossregion" ref="/geodata-wboe.xml#p3.2">mbair.ObStmk.</placeName>
            </usg>
            <usg type="geo">
              <placeName type="grossregion" ref="/geodata-wboe.xml#p5.1">Innv.</placeName>
            </usg>
            <ptr type="collection" subtype="bedeutung" target="/collections-wboe.xml#c1335"/>
          </sense>
          <sense>
            <xr type="lemma" subtype="diminutive">
              <lbl>nur</lbl>
              <ref target="#Faelchel">Fälchel</ref>
            </xr>
            <usg>(Diminutiv)</usg>
            <def>gelbliche (Marmor-)Murmel</def>
            <usg type="geo">
              <placeName type="grossregion" ref="/geodata-wboe.xml#p5.1">Innv.</placeName>
            </usg>
            <ptr type="collection" subtype="bedeutung" target="/collections-wboe.xml#c1336"/>
          </sense>
          <sense>
            <def>Borstengras; Bürstlinggras; Nardus stricta (Pflanzenart)</def>
            <usg type="geo">
              <placeName type="grossregion" ref="/geodata-wboe.xml#p1B.0">OTir.</placeName>
            </usg>
            <usg type="geo">
              <placeName type="grossregion" ref="/geodata-wboe.xml#p1C.1">wNTir.</placeName>
            </usg>
            <ptr type="collection" subtype="bedeutung" target="/collections-wboe.xml#c1337"/>
          </sense>
        </sense>
        <re type="redewendung">
          <form subtype="MWE" type="lemma">
            <orth>Hast Du vielleicht einen Fälchel geritten?</orth>
          </form>
          <sense>
            <def type="umschreibung">„Frage an jemanden, dessen Hose in der Schamgegend vom Harn gebleicht ist“</def>
            <usg>(spöttisch)</usg>
            <usg type="geo">
              <placeName type="grossregion" ref="/geodata-wboe.xml#p5.1">Innv.</placeName>
            </usg>
            <cit type="example">
              <quote xml:lang="bar-AT">hǫst laėcht ən faėˡchl gridn?</quote>
              <usg type="geo">
                <placeName type="gemeinde" ref="/geodata-wboe.xml#p5.1c07">Mühlheim am Inn</placeName>
              </usg>
            </cit>
            <ptr type="collection" subtype="bedeutung" target="/collections-wboe.xml#c1338"/>
          </sense>
        </re>
      </entry>
    </body>
  </text>
</TEI>