<?xml version="1.0" encoding="UTF-8"?>
    <?xml-model href="http://www.tei-c.org/release/xml/tei/custom/schema/relaxng/tei_all.rng" type="application/xml" schematypens="http://purl.oclc.org/dsdl/schematron"?>
    <?xml-model href="../../803_RNG-schematron/WBOE-ODD.rnc" type="application/relax-ng-compact-syntax"?>
<?redaktionstool version="0.7.2" ?>
<?parser type="lioe" version="0.7.0" ?>
<TEI xmlns="http://www.tei-c.org/ns/1.0">
  <teiHeader>
    <fileDesc>
      <titleStmt>
        <title>Falle</title>
        <respStmt>
          <resp>Editor</resp>
          <name ref="#AB">Angela Bergermayer</name>
        </respStmt>
        <respStmt>
          <resp>Encoding Scheme</resp>
          <name>Jack Bowers</name>
          <name>Daniel Schopper</name>
          <name>Omar Siam</name>
        </respStmt>
        <respStmt>
          <resp>DBOE Team</resp>
          <name xml:id="AL">Alexandra N. Lenz</name>
          <name xml:id="PhS">Philipp Stöckle</name>
          <name xml:id="AG">Andreas Gellan</name>
          <name xml:id="PZ">Patrick Zeitlhuber</name>
          <name xml:id="SW">Sabine Wahl</name>
          <name xml:id="SS">Sonja Schwaiger</name>
          <name xml:id="AB">Angela Bergermayer</name>
          <name xml:id="EW">Eva Wahlmüller</name>
          <name xml:id="DG">David Gschösser</name>
          <name xml:id="StS">Stefanie Schöberl</name>
          <name xml:id="FF">Fabian Fleißner</name>
        </respStmt>
        <respStmt>
          <resp>Student assistants</resp>
          <name>Susanna Muhr</name>
          <name>Manuela Stütz</name>
          <name>Christina Hemetsberger</name>
        </respStmt>
      </titleStmt>
      <publicationStmt>
        <p></p>
      </publicationStmt>
      <sourceDesc>
        <list>
          <item>
            <label>Geo-data</label>
            <ptr xml:id="geo-inventory-WBOE" target="../geodata-wboe.xml"/>
          </item>
          <item>
            <label>Bibliography</label>
            <ptr xml:id="bibliography-WBOE" target="../bibl-wboe.xml"/>
          </item>
          <item>
            <label>WBOE-Slips</label>
            <ptr xml:id="slips-WBOE" target="../slips-wboe.xml"/>
          </item>
          <item>
            <label>WBOE-Collections</label>
            <ptr xml:id="collections-WBOE" target="../collections-wboe.xml"/>
          </item>
        </list>
      </sourceDesc>
    </fileDesc>
    <revisionDesc>
      <listChange>
        <change status="in progress" when="2020-11-24" who="#AB">Datensatz erstellt</change>
        <change status="internal correction" when="2021-01-11" who="#AB">freigegeben f. int. Korr.</change>
        <change status="internal correction" when="2021-01-19" who="#AB">Versionsupdate; Coll.</change>
        <change status="internal correction" when="2021-02-17" who="#AB">freigegeben f. LK</change>
        <change status="internal correction" when="2021-04-27" who="#DG">LK unformatiert eingefügt</change>
        <change status="external correction" when="2021-05-03" who="#AB">LK korr., getaggt, formatiert; freigegeben f. ext. Korr.</change>
        <change status="finished" when="2021-05-11" who="#AB">Abschlussredaktion</change>
      </listChange>
    </revisionDesc>
  </teiHeader>
  <text>
    <body>
      <entry>
        <form type="lemma" xml:id="Falle">
          <orth>Falle</orth>
          <ptr type="collection" subtype="lemma" target="/collections-wboe.xml#c4165"/>
        </form>
        <gramGrp>
          <gram type="pos">Substantiv</gram>
          <gram type="gender">Femininum</gram>
        </gramGrp>
        <form type="variant" subtype="diminutive" xml:id="Faellerl">
          <orth>Fällerl</orth>
          <gramGrp>
            <gram type="gender">Neutrum</gram>
          </gramGrp>
        </form>
        <form type="variant" subtype="diminutive" xml:id="Fallerl">
          <orth>Fallerl</orth>
          <gramGrp>
            <gram type="gender">Neutrum</gram>
          </gramGrp>
        </form>
        <form type="variant" subtype="diminutive" xml:id="Faellelein">
          <orth>Fällelein</orth>
          <gramGrp>
            <gram type="gender">Neutrum</gram>
          </gramGrp>
        </form>
        <form type="variant" subtype="diminutive" xml:id="Fallelein">
          <orth>Fallelein</orth>
          <gramGrp>
            <gram type="gender">Neutrum</gram>
          </gramGrp>
        </form>
        <usg type="geo">
          <placeName type="bundesland" ref="/geodata-wboe.xml#p1A">STir.</placeName>
        </usg>
        <usg type="geo">
          <placeName type="bundesland" ref="/geodata-wboe.xml#p1B">OTir.</placeName>
        </usg>
        <usg type="geo">
          <placeName type="bundesland" ref="/geodata-wboe.xml#p1C">NTir.</placeName>
        </usg>
        <usg type="geo">
          <placeName type="bundesland" ref="/geodata-wboe.xml#p2">Ktn.</placeName>
        </usg>
        <usg type="geo">
          <placeName type="bundesland" ref="/geodata-wboe.xml#p3">Stmk.</placeName>
        </usg>
        <usg type="geo">
          <placeName type="grossregion" ref="/geodata-wboe.xml#p4.2">Pinzg.</placeName>
        </usg>
        <usg type="geo">
          <placeName type="grossregion" ref="/geodata-wboe.xml#p4.3">Pong.</placeName>
        </usg>
        <usg type="geo">
          <placeName type="grossregion" ref="/geodata-wboe.xml#p4.5">Flachg.</placeName>
        </usg>
        <usg type="geo">
          <placeName type="bundesland" ref="/geodata-wboe.xml#p5">OÖ</placeName>
        </usg>
        <usg type="geo">
          <placeName type="bundesland" ref="/geodata-wboe.xml#p6">NÖ</placeName>
        </usg>
        <usg type="geo">
          <placeName type="bundesland" ref="/geodata-wboe.xml#p6.5">Wien</placeName>
        </usg>
        <note type="kommentar" resp="#DG">Regelhaft liegen im gesamten Untersuchungsgebiet für mhd.
          <c>al</c>in der Stammsilbe verdumpfte Formen vor. Im Südbairischen und östlichen Südmittelbairischen finden sich Varianten mit erhaltenem Liquid und kurzen
          <xr>
            <ref>fǫlə</ref>
            <ref>fǫl</ref>
            <ref>fǫln̥</ref>
          </xr>bzw. im östlichen Südbairischen auch mit gedehnten Monophthongen
          <xr>
            <ref>fǭlɒ</ref>
            <ref>fǭl</ref>
            <ref>fǭln̥</ref>
          </xr>sowie im östlichen Südmittelbairischen zusätzlich mit steigenden Diphthongen
          <xr>
            <ref>fǫuln̥</ref>
          </xr>. Im westlichen Südmittelbairischen und Mittelbairischen treten dagegen Varianten mit aus der Liquidenvokalisierung entstandenen Diphthongen mit gerundetem
          <xr>
            <ref>fǫün</ref>
          </xr>oder ungerundetem Zweitglied auf
          <xr>
            <ref>fǫin</ref>
          </xr>. Während sich im bairisch-alemannischen Übergangsgebiet und im Südbairischen vokalische Auslaute mitunter erhalten haben
          <xr>
            <ref>fǫlə</ref>
            <ref>fǭlɒ</ref>
          </xr>, wurden diese im Südbairischen und westlichen Südmittelbairischen häufig apokopiert
          <xr>
            <ref>fǫl</ref>
            <ref>fǭl</ref>
          </xr>. Ansonsten herrschen im gesamten Untersuchungsgebiet Formen mit nasalhaltigen obliquen Endungen vor, die bei erhaltenem Liquid zweisilbig
          <xr>
            <ref>fǫln̥</ref>
            <ref>fǭln̥</ref>
          </xr>oder nach Liquidenvokalisierung einsilbig erscheinen
          <xr>
            <ref>fǫin</ref>
            <ref>fǫün</ref>
          </xr>.
        </note>
        <form type="dialect">
          <pron xml:lang="bar-AT">fåll</pron>
          <usg type="geo">
            <placeName type="kleinregion" ref="/geodata-wboe.xml#p1A.1h">Umg.Meran</placeName>
          </usg>
        </form>
        <form type="dialect">
          <pron xml:lang="bar-AT">fâll</pron>
          <pron xml:lang="bar-AT">-fallili</pron>
          <usg>[Dim.]</usg>
          <usg type="geo">
            <placeName type="gemeinde" ref="/geodata-wboe.xml#p1A.3b01">Sarntal</placeName>
          </usg>
        </form>
        <form type="dialect">
          <pron xml:lang="bar-AT">fãlla</pron>
          <usg type="geo">
            <placeName type="gemeinde" ref="/geodata-wboe.xml#p1A.3i02">Kastelruth</placeName>
          </usg>
        </form>
        <form type="dialect">
          <pron xml:lang="bar-AT">fǫlle</pron>
          <usg type="geo">
            <placeName type="gemeinde" ref="/geodata-wboe.xml#p1A.4c01">Lüsen</placeName>
          </usg>
        </form>
        <form type="dialect">
          <pron xml:lang="bar-AT">fąllɛ</pron>
          <usg type="geo">
            <placeName type="kleinregion" ref="/geodata-wboe.xml#p1A.4i">ob.STir.Pustert.</placeName>
          </usg>
        </form>
        <form type="dialect">
          <pron xml:lang="bar-AT">fǫlle</pron>
          <usg type="geo">
            <placeName type="gemeinde" ref="/geodata-wboe.xml#p1B.0a05">Sillian</placeName>
          </usg>
        </form>
        <form type="dialect">
          <pron xml:lang="bar-AT">fǫllɒ</pron>
          <usg type="geo">
            <placeName type="gemeinde" ref="/geodata-wboe.xml#p1C.1e03">Hinterhornbach</placeName>
          </usg>
        </form>
        <form type="dialect">
          <pron xml:lang="bar-AT">foᵃll</pron>
          <pron xml:lang="bar-AT">foᵃlln</pron>
          <pron xml:lang="bar-AT">-foᵃlle</pron>
          <usg type="geo">
            <placeName type="gemeinde" ref="/geodata-wboe.xml#p1C.1m02">Fendels</placeName>
          </usg>
        </form>
        <form type="dialect">
          <pron xml:lang="bar-AT">fǫllə</pron>
          <usg type="geo">
            <placeName type="gemeinde" ref="/geodata-wboe.xml#p1C.1n01">Imst</placeName>
          </usg>
        </form>
        <form type="dialect">
          <pron xml:lang="bar-AT">fålln̥</pron>
          <usg type="geo">
            <placeName type="gemeinde" ref="/geodata-wboe.xml#p1C.2m01">Innsbruck</placeName>
          </usg>
        </form>
        <form type="dialect">
          <pron xml:lang="bar-AT">fǫö</pron>
          <pron xml:lang="bar-AT">-faöję̄</pron>
          <usg>[Dim.]</usg>
          <usg type="geo">
            <placeName type="gemeinde" ref="/geodata-wboe.xml#p1C.3e06">Kufstein</placeName>
          </usg>
        </form>
        <form type="dialect">
          <pron xml:lang="bar-AT">fåin</pron>
          <pron xml:lang="bar-AT">fåi</pron>
          <pron xml:lang="bar-AT">folln</pron>
          <usg type="geo">
            <placeName type="gemeinde" ref="/geodata-wboe.xml#p1C.3e12">Schwoich</placeName>
          </usg>
        </form>
        <form type="dialect">
          <pron xml:lang="bar-AT">făön</pron>
          <usg type="geo">
            <placeName type="gemeinde" ref="/geodata-wboe.xml#p1C.3i05">St. Johann in Tirol</placeName>
          </usg>
        </form>
        <form type="dialect">
          <pron xml:lang="bar-AT">fåll</pron>
          <pron xml:lang="bar-AT">fål</pron>
          <usg type="geo">
            <placeName type="gemeinde" ref="/geodata-wboe.xml#p2.1b04">Rangersdorf</placeName>
          </usg>
        </form>
        <form type="dialect">
          <pron xml:lang="bar-AT">fål</pron>
          <pron xml:lang="bar-AT">fålᵃ</pron>
          <pron xml:lang="bar-AT">fåln</pron>
          <usg type="geo">
            <placeName type="kleinregion" ref="/geodata-wboe.xml#p2.2d">obstGurkt.</placeName>
          </usg>
        </form>
        <form type="dialect">
          <pron xml:lang="bar-AT">fǭla</pron>
          <pron xml:lang="bar-AT">fǭl</pron>
          <usg type="geo">
            <placeName type="kleinregion" ref="/geodata-wboe.xml#p2.3g">Glant.</placeName>
          </usg>
        </form>
        <form type="dialect">
          <pron xml:lang="bar-AT">få̄l</pron>
          <usg type="geo">
            <placeName type="gemeinde" ref="/geodata-wboe.xml#p2.4c04">Bad St. Leonhard im Lavanttal</placeName>
          </usg>
        </form>
        <form type="dialect">
          <pron xml:lang="bar-AT">fōl</pron>
          <pron xml:lang="bar-AT">fol</pron>
          <usg type="geo">
            <placeName type="gemeinde" ref="/geodata-wboe.xml#p3.1d03">Lobmingtal</placeName>
          </usg>
        </form>
        <form type="dialect">
          <pron xml:lang="bar-AT">fōln</pron>
          <usg type="geo">
            <placeName type="kleinregion" ref="/geodata-wboe.xml#p3.2d">Lamingt.</placeName>
          </usg>
        </form>
        <form type="dialect">
          <pron xml:lang="bar-AT">foll</pron>
          <pron xml:lang="bar-AT">fåll</pron>
          <pron xml:lang="bar-AT">fålln</pron>
          <usg type="geo">
            <placeName type="gemeinde" ref="/geodata-wboe.xml#p3.3c08">Stainz</placeName>
          </usg>
        </form>
        <form type="dialect">
          <pron xml:lang="bar-AT">fåᵘlln</pron>
          <usg type="geo">
            <placeName type="gemeinde" ref="/geodata-wboe.xml#p3.5d20">Vorau</placeName>
          </usg>
        </form>
        <form type="dialect">
          <pron xml:lang="bar-AT">fålln</pron>
          <usg type="geo">
            <placeName type="gemeinde" ref="/geodata-wboe.xml#p3.5h07">Hartberg</placeName>
          </usg>
        </form>
        <form type="dialect">
          <pron xml:lang="bar-AT">fåⁱˡ</pron>
          <pron xml:lang="bar-AT">faⁱˡei</pron>
          <usg>[Dim.]</usg>
          <pron xml:lang="bar-AT">fåln</pron>
          <pron xml:lang="bar-AT">fåⁱˡn</pron>
          <pron xml:lang="bar-AT">fåⁱˡⁿ</pron>
          <usg type="geo">
            <placeName type="gemeinde" ref="/geodata-wboe.xml#p4.2c01">Fusch an der Großglocknerstraße</placeName>
          </usg>
        </form>
        <form type="dialect">
          <pron xml:lang="bar-AT">φǫėn</pron>
          <pron xml:lang="bar-AT">fouən</pron>
          <pron xml:lang="bar-AT">φá̊i</pron>
          <pron xml:lang="bar-AT">φåin</pron>
          <pron xml:lang="bar-AT">fån</pron>
          <pron xml:lang="bar-AT">fåin</pron>
          <usg type="geo">
            <placeName type="kleinregion" ref="/geodata-wboe.xml#p4.3d">Gr.Arlt.</placeName>
          </usg>
        </form>
        <form type="dialect">
          <pron xml:lang="bar-AT">fålln</pron>
          <pron xml:lang="bar-AT">fåll</pron>
          <pron xml:lang="bar-AT">fall</pron>
          <usg type="geo">
            <placeName type="gemeinde" ref="/geodata-wboe.xml#p4.5d05">St. Gilgen</placeName>
          </usg>
        </form>
        <form type="dialect">
          <pron xml:lang="bar-AT">foin</pron>
          <pron xml:lang="bar-AT">fåin</pron>
          <usg type="geo">
            <placeName type="kleinregion" ref="/geodata-wboe.xml#p5.1b">nördl.obInnv.</placeName>
          </usg>
        </form>
        <form type="dialect">
          <pron xml:lang="bar-AT">fǫėˡn</pron>
          <pron xml:lang="bar-AT">foiˡn</pron>
          <pron xml:lang="bar-AT">fǫi'n</pron>
          <usg type="geo">
            <placeName type="gemeinde" ref="/geodata-wboe.xml#p5.1c07">Mühlheim am Inn</placeName>
          </usg>
        </form>
        <form type="dialect">
          <pron xml:lang="bar-AT">φǫęn</pron>
          <usg type="geo">
            <placeName type="grossregion" ref="/geodata-wboe.xml#p5.2">Hausrv.</placeName>
          </usg>
        </form>
        <form type="dialect">
          <pron xml:lang="bar-AT">φo̩ö̩n</pron>
          <pron xml:lang="bar-AT">-fo̩ö̩n</pron>
          <usg type="geo">
            <placeName type="gemeinde" ref="/geodata-wboe.xml#p5.2b46">Weibern</placeName>
          </usg>
        </form>
        <form type="dialect">
          <pron xml:lang="bar-AT">fǭö'n</pron>
          <usg type="geo">
            <placeName type="gemeinde" ref="/geodata-wboe.xml#p5.3g05">Kremsmünster</placeName>
          </usg>
        </form>
        <form type="dialect">
          <pron xml:lang="bar-AT">fǫin</pron>
          <usg type="geo">
            <placeName type="gemeinde" ref="/geodata-wboe.xml#p5.3o01">Gaflenz</placeName>
          </usg>
        </form>
        <form type="dialect">
          <pron xml:lang="bar-AT">fǭįn</pron>
          <usg type="geo">
            <placeName type="gemeinde" ref="/geodata-wboe.xml#p5.4e04">Gallneukirchen</placeName>
          </usg>
        </form>
        <form type="dialect">
          <pron xml:lang="bar-AT">fåün</pron>
          <pron xml:lang="bar-AT">fålln</pron>
          <usg type="geo">
            <placeName type="gemeinde" ref="/geodata-wboe.xml#p5.4h06">Pabneukirchen</placeName>
          </usg>
        </form>
        <form type="dialect">
          <pron xml:lang="bar-AT">foll'n</pron>
          <pron xml:lang="bar-AT">fŏlln</pron>
          <pron xml:lang="bar-AT">fōl</pron>
          <usg type="geo">
            <placeName type="gemeinde" ref="/geodata-wboe.xml#p6.1f05">Purgstall an der Erlauf</placeName>
          </usg>
        </form>
        <form type="dialect">
          <pron xml:lang="bar-AT">fǫjn</pron>
          <pron xml:lang="bar-AT">fęjn</pron>
          <usg type="geo">
            <placeName type="gemeinde" ref="/geodata-wboe.xml#p6.1o01">Herzogenburg</placeName>
          </usg>
        </form>
        <form type="dialect">
          <pron xml:lang="bar-AT">fȧⁱn</pron>
          <pron xml:lang="bar-AT">fȧiˡˡn</pron>
          <usg type="geo">
            <placeName type="gemeinde" ref="/geodata-wboe.xml#p6.1s06">Sitzenberg-Reidling</placeName>
          </usg>
        </form>
        <form type="dialect">
          <pron xml:lang="bar-AT">foin</pron>
          <pron xml:lang="bar-AT">foïn</pron>
          <pron xml:lang="bar-AT">föin</pron>
          <usg type="geo">
            <placeName type="gemeinde" ref="/geodata-wboe.xml#p6.2e03">Puchberg am Schneeberg</placeName>
          </usg>
        </form>
        <form type="dialect">
          <pron xml:lang="bar-AT">fåln</pron>
          <usg type="geo">
            <placeName type="gemeinde" ref="/geodata-wboe.xml#p6.2h28">Warth</placeName>
          </usg>
        </form>
        <form type="dialect">
          <pron xml:lang="bar-AT">få͡iˡn</pron>
          <usg type="geo">
            <placeName type="gemeinde" ref="/geodata-wboe.xml#p6.2j15">Pottendorf</placeName>
          </usg>
        </form>
        <form type="dialect">
          <pron xml:lang="bar-AT">fåˡˡn</pron>
          <usg type="geo">
            <placeName type="gemeinde" ref="/geodata-wboe.xml#p6.3b09">Raabs an der Thaya</placeName>
          </usg>
        </form>
        <form type="dialect">
          <pron xml:lang="bar-AT">foⁱn</pron>
          <usg type="geo">
            <placeName type="gemeinde" ref="/geodata-wboe.xml#p6.3f01">Allentsteig</placeName>
          </usg>
        </form>
        <form type="dialect">
          <pron xml:lang="bar-AT">φo̩en</pron>
          <usg type="geo">
            <placeName type="gemeinde" ref="/geodata-wboe.xml#p6.3q03">St. Leonhard am Hornerwald</placeName>
          </usg>
        </form>
        <form type="dialect">
          <pron xml:lang="bar-AT">fǫü·n</pron>
          <pron xml:lang="bar-AT">fǫų̄n</pron>
          <usg type="geo">
            <placeName type="gemeinde" ref="/geodata-wboe.xml#p6.4e06">Hollabrunn</placeName>
          </usg>
        </form>
        <form type="dialect">
          <pron xml:lang="bar-AT">φo̩e̩n</pron>
          <usg type="geo">
            <placeName type="gemeinde" ref="/geodata-wboe.xml#p6.4f06">Ernstbrunn</placeName>
          </usg>
        </form>
        <form type="dialect">
          <pron xml:lang="bar-AT">fǫü·n</pron>
          <pron xml:lang="bar-AT">fǫų̄n</pron>
          <usg type="geo">
            <placeName type="gemeinde" ref="/geodata-wboe.xml#p6.4f18">Spannberg</placeName>
          </usg>
        </form>
        <form type="dialect">
          <pron xml:lang="bar-AT">fåˡˡn</pron>
          <usg type="geo">
            <placeName type="gemeinde" ref="/geodata-wboe.xml#p6.5i01">Alsergrund</placeName>
          </usg>
        </form>
        <form type="dialect">
          <pron xml:lang="bar-AT">fåiˡn̥</pron>
          <pron xml:lang="bar-AT">fåiln</pron>
          <pron xml:lang="bar-AT">fåiln̥</pron>
          <usg type="geo">
            <placeName type="gemeinde" ref="/geodata-wboe.xml#p6.5r01">Gersthof</placeName>
          </usg>
        </form>
        <form type="dialect">
          <pron xml:lang="bar-AT">få̄ⁱⁿ</pron>
          <pron xml:lang="bar-AT">få̄ⁱˡⁿ</pron>
          <pron xml:lang="bar-AT">fåⁱˡⁿ</pron>
          <usg type="geo">
            <placeName type="gemeinde" ref="/geodata-wboe.xml#p6.5w06">Mauer</placeName>
          </usg>
          <ptr type="collection" subtype="lautung" target="/collections-wboe.xml#c13548"/>
        </form>
        <etym>
          <cit type="etymon">
            <lang>ahd.</lang>
            <form>
              <orth>falla</orth>
            </form>
            <def>Falle; Netz; Fallstrick; Schlinge; Fessel</def>
          </cit>
          <ref type="bibl" subtype="online">
            <lbl>vgl.</lbl>Köbler 2014 online
            <xr type="lemma">
              <ref>falla</ref>
              <date type="accessed">25.11.2020</date>
            </xr>
          </ref>
          <seg type="desc">,
            <lang>mhd.</lang>
          </seg>
          <cit type="etymon">
            <form>
              <orth>valle</orth>
            </form>
            <def>Falle; einfallende Türklinke</def>
          </cit>
          <seg type="desc">
            <ref type="bibl" target="#Lexer1878III">
              <lbl>vgl.</lbl>Lexer 1878 III
              <citedRange>11</citedRange>
            </ref>
          </seg>
          <seg type="desc">; Fallen mit Falltüren (wie bei bestimmten Mausefallen) sind offenbar der Ausgangspunkt der Bedeutung, allerdings zeigen schon die frühesten Belege auch eine Anwendung auf andere Denotate wie einen Fangstrick usw.
            <ref type="bibl" target="#Kluge2011">
              <lbl>vgl.</lbl>Kluge 2011
              <citedRange>274</citedRange>
            </ref>
          </seg>
        </etym>
        <sense>
          <sense>
            <sense>
              <def>Vorrichtung zum Fangen von Tieren; Fanggerät; (übertragen) Hinterhalt oder List, durch den bzw. die man jemanden zu Fall bringen oder betrügen will</def>
              <usg type="geo">
                <placeName type="bundesland" ref="/geodata-wboe.xml#p1A">STir.</placeName>
              </usg>
              <usg type="geo">
                <placeName type="bundesland" ref="/geodata-wboe.xml#p1B">OTir.</placeName>
              </usg>
              <usg type="geo">
                <placeName type="bundesland" ref="/geodata-wboe.xml#p1C">NTir.</placeName>
              </usg>
              <usg type="geo">
                <placeName type="grossregion" ref="/geodata-wboe.xml#p2.2">MKtn.</placeName>
              </usg>
              <usg type="geo">
                <placeName type="bundesland" ref="/geodata-wboe.xml#p3">Stmk.</placeName>
              </usg>
              <usg type="geo">
                <placeName type="grossregion" ref="/geodata-wboe.xml#p4.2">Pinzg.</placeName>
              </usg>
              <usg type="geo">
                <placeName type="grossregion" ref="/geodata-wboe.xml#p4.3">Pong.</placeName>
              </usg>
              <usg type="geo">
                <placeName type="grossregion" ref="/geodata-wboe.xml#p4.5">Flachg.</placeName>
              </usg>
              <usg type="geo">
                <placeName type="bundesland" ref="/geodata-wboe.xml#p5">OÖ</placeName>
              </usg>
              <usg type="geo">
                <placeName type="bundesland" ref="/geodata-wboe.xml#p6.1">Mostv.</placeName>
              </usg>
              <usg type="geo">
                <placeName type="bundesland" ref="/geodata-wboe.xml#p6.2">Industriev.</placeName>
              </usg>
              <usg type="geo">
                <placeName type="bundesland" ref="/geodata-wboe.xml#p6.3">Waldv.</placeName>
              </usg>
              <usg type="geo">
                <placeName type="bundesland" ref="/geodata-wboe.xml#p6.5">Wien</placeName>
              </usg>
              <cit type="example">
                <quote xml:lang="bar-AT">a faöję aufstön</quote>
                <usg type="geo">
                  <placeName type="gemeinde" ref="/geodata-wboe.xml#p1C.3b03">Thiersee</placeName>
                </usg>
              </cit>
              <cit type="example">
                <quote xml:lang="bar-AT">da Mådəʳ gę̄d nöd so laicht ö d' Fåöˡn</quote>
                <usg type="geo">
                  <placeName type="gemeinde" ref="/geodata-wboe.xml#p5.3b02">Gmunden</placeName>
                </usg>
              </cit>
              <cit type="example">
                <quote xml:lang="bar-AT">a poa foᵘüna</quote>
                <usg type="geo">
                  <placeName type="gemeinde" ref="/geodata-wboe.xml#p6.3a15">Kautzen</placeName>
                </usg>
              </cit>
              <ptr type="collection" subtype="bedeutung" target="/collections-wboe.xml#c13549"/>
            </sense>
            <sense>
              <def>Falltür; Falldeckel</def>
              <usg type="geo">
                <placeName type="bundesland" ref="/geodata-wboe.xml#p1A">STir.</placeName>
              </usg>
              <usg type="geo">
                <placeName type="bundesland" ref="/geodata-wboe.xml#p1B">OTir.</placeName>
              </usg>
              <usg type="geo">
                <placeName type="bundesland" ref="/geodata-wboe.xml#p1C">NTir.</placeName>
              </usg>
              <usg type="geo">
                <placeName type="grossregion" ref="/geodata-wboe.xml#p5.1">Innv.</placeName>
              </usg>
              <ptr type="collection" subtype="bedeutung" target="/collections-wboe.xml#c13550"/>
            </sense>
            <sense>
              <def>Klapptür im Schweinestall</def>
              <usg type="geo">
                <placeName type="grossregion" ref="/geodata-wboe.xml#p2.4">UKtn.</placeName>
              </usg>
              <ptr type="collection" subtype="bedeutung" target="/collections-wboe.xml#c13551"/>
            </sense>
            <sense>
              <def>Teil des Türschlosses, der die Tür im Schließblech hält, auch wenn sie nicht versperrt bzw. verriegelt ist, und der zum Öffnen der Türe durch Niederdrücken der Türklinke aus dem Schließblech gezogen wird</def>
              <usg type="geo">
                <placeName type="bundesland" ref="/geodata-wboe.xml#p3">Stmk.</placeName>
              </usg>
              <ptr type="collection" subtype="bedeutung" target="/collections-wboe.xml#c13552"/>
            </sense>
            <sense>
              <def>Türklinke</def>
              <usg type="geo">
                <placeName type="bundesland" ref="/geodata-wboe.xml#p1A">STir.</placeName>
              </usg>
              <usg type="geo">
                <placeName type="bundesland" ref="/geodata-wboe.xml#p1B">OTir.</placeName>
              </usg>
              <usg type="geo">
                <placeName type="bundesland" ref="/geodata-wboe.xml#p1C">NTir.</placeName>
              </usg>
              <ptr type="collection" subtype="bedeutung" target="/collections-wboe.xml#c13553"/>
            </sense>
            <sense>
              <def>Schloss bei Stall- und Scheunentüren</def>
              <usg type="geo">
                <placeName type="grossregion" ref="/geodata-wboe.xml#p1C.2">mNTir.</placeName>
              </usg>
              <ptr type="collection" subtype="bedeutung" target="/collections-wboe.xml#c13554"/>
            </sense>
            <sense>
              <def>Fensterladen</def>
              <usg type="geo">
                <placeName type="grossregion" ref="/geodata-wboe.xml#p1C.1">wNTir.</placeName>
              </usg>
              <ptr type="collection" subtype="bedeutung" target="/collections-wboe.xml#c13555"/>
            </sense>
            <sense>
              <def>Schleuse; Teil eines Stauwehrs; Vorrichtung zum Öffnen und Sperren des Wasserzuflusses; in einem Wassergraben zu Regelungszwecken eingesenkte Bretter</def>
              <usg type="geo">
                <placeName type="grossregion" ref="/geodata-wboe.xml#p2.2">MKtn.</placeName>
              </usg>
              <usg type="geo">
                <placeName type="grossregion" ref="/geodata-wboe.xml#p3.1">sbair.ObStmk.</placeName>
              </usg>
              <usg type="geo">
                <placeName type="grossregion" ref="/geodata-wboe.xml#p3.3">WStmk.</placeName>
              </usg>
              <usg type="geo">
                <placeName type="grossregion" ref="/geodata-wboe.xml#p5.3">Traunv.</placeName>
              </usg>
              <usg type="geo">
                <placeName type="grossregion" ref="/geodata-wboe.xml#p6.3">Waldv.</placeName>
              </usg>
              <ptr type="collection" subtype="bedeutung" target="/collections-wboe.xml#c13556"/>
            </sense>
          </sense>
          <sense>
            <def>Steilhang in Felsen</def>
            <usg type="geo">
              <placeName type="bundesland" ref="/geodata-wboe.xml#p1A">STir.</placeName>
            </usg>
            <usg type="geo">
              <placeName type="bundesland" ref="/geodata-wboe.xml#p1B">OTir.</placeName>
            </usg>
            <usg type="geo">
              <placeName type="bundesland" ref="/geodata-wboe.xml#p1C">NTir.</placeName>
            </usg>
            <ptr type="collection" subtype="bedeutung" target="/collections-wboe.xml#c13557"/>
          </sense>
          <sense>
            <def>Wasserfall</def>
            <usg type="geo">
              <placeName type="bundesland" ref="/geodata-wboe.xml#p1A">STir.</placeName>
            </usg>
            <usg type="geo">
              <placeName type="grossregion" ref="/geodata-wboe.xml#p1C.1">wNTir.</placeName>
            </usg>
            <ptr type="collection" subtype="bedeutung" target="/collections-wboe.xml#c13558"/>
          </sense>
        </sense>
        <re>
          <form subtype="compound" type="lemma">
            <orth>Bärfalle</orth>
          </form>
          <sense>
            <sense>
              <def type="umschreibung">Flurname</def>
              <usg type="geo">
                <placeName type="grossregion" ref="/geodata-wboe.xml#p3.2">mbair.ObStmk.</placeName>
              </usg>
              <cit type="example">
                <quote xml:lang="bar-AT">tß pē̩φǫen</quote>
                <usg type="geo">
                  <placeName type="gemeinde" ref="/geodata-wboe.xml#p3.2j04">Haus</placeName>
                </usg>
              </cit>
              <ptr type="collection" subtype="bedeutung" target="/collections-wboe.xml#c13559"/>
            </sense>
          </sense>
        </re>
        <re>
          <form subtype="compound" type="lemma">
            <orth>Blochfalle</orth>
          </form>
          <sense>
            <sense>
              <sense>
                <def>Platz, an dem man Baumstämme abgleiten lässt</def>
                <usg type="geo">
                  <placeName type="grossregion" ref="/geodata-wboe.xml#p1C.1">wNTir.</placeName>
                </usg>
                <ptr type="collection" subtype="bedeutung" target="/collections-wboe.xml#c13560"/>
              </sense>
              <sense>
                <def type="umschreibung">Flurname (Name eines Waldes bei Imst)</def>
                <usg type="geo">
                  <placeName type="grossregion" ref="/geodata-wboe.xml#p1C.1">wNTir.</placeName>
                </usg>
                <cit type="example">
                  <quote xml:lang="bar-AT">in dər ploχfǫllə</quote>
                  <usg type="geo">
                    <placeName type="gemeinde" ref="/geodata-wboe.xml#p1C.1n01">Imst</placeName>
                  </usg>
                </cit>
                <ptr type="collection" subtype="bedeutung" target="/collections-wboe.xml#c13561"/>
              </sense>
            </sense>
          </sense>
        </re>
        <re>
          <form subtype="compound" type="lemma">
            <orth>Brettelfalle</orth>
          </form>
          <sense>
            <sense>
              <def>Vorrichtung zum Fangen von Mäusen, bei der ein kleines herabfallendes Brett die Mäuse erschlägt</def>
              <usg type="geo">
                <placeName type="grossregion" ref="/geodata-wboe.xml#p1C.3">öNTir.</placeName>
              </usg>
              <ptr type="collection" subtype="bedeutung" target="/collections-wboe.xml#c13562"/>
            </sense>
            <sense>
              <def>schlechte, unbrauchbare, wertlose Gegenstände bzw. Sachen</def>
              <usg type="geo">
                <placeName type="grossregion" ref="/geodata-wboe.xml#p1C.3">öNTir.</placeName>
              </usg>
              <cit type="example">
                <quote xml:lang="bar-AT">wǫs håbs do wida für a Brödlfǫɫ uⁿkricht?</quote>
                <usg type="geo">
                  <placeName type="gemeinde" ref="/geodata-wboe.xml#p1C.3b03">Thiersee</placeName>
                </usg>
              </cit>
              <ptr type="collection" subtype="bedeutung" target="/collections-wboe.xml#c13563"/>
            </sense>
          </sense>
        </re>
        <re>
          <form subtype="compound" type="lemma">
            <orth>Dachsfalle</orth>
          </form>
          <sense>
            <sense>
              <def>Vorrichtung zum Fangen von Dachsen</def>
              <usg type="geo">
                <placeName type="grossregion" ref="/geodata-wboe.xml#p1C.3">öNTir.</placeName>
              </usg>
              <ptr type="collection" subtype="bedeutung" target="/collections-wboe.xml#c13565"/>
            </sense>
          </sense>
        </re>
        <re>
          <form subtype="compound" type="lemma">
            <orth>Drückerfalle</orth>
          </form>
          <sense>
            <sense>
              <def>Bestandteil eines Schlosses (Klinke)</def>
              <usg>(gaunersprachlich)</usg>
              <usg type="geo">
                <placeName type="grossregion" ref="/geodata-wboe.xml#p6.5">Wien</placeName>
              </usg>
              <ptr type="collection" subtype="bedeutung" target="/collections-wboe.xml#c13566"/>
            </sense>
          </sense>
        </re>
        <re>
          <form subtype="compound" type="lemma">
            <orth>Eisfalle</orth>
          </form>
          <sense>
            <sense>
              <def>Stelle, an der das Eis herabstürzt</def>
              <usg type="geo">
                <placeName type="grossregion" ref="/geodata-wboe.xml#p1C.1">wNTir.</placeName>
              </usg>
              <ptr type="collection" subtype="bedeutung" target="/collections-wboe.xml#c13567"/>
            </sense>
          </sense>
        </re>
        <re>
          <form subtype="compound" type="lemma">
            <orth>Fensterfalle</orth>
          </form>
          <sense>
            <sense>
              <def>Fensterladen</def>
              <usg type="geo">
                <placeName type="grossregion" ref="/geodata-wboe.xml#p1C.1">wNTir.</placeName>
              </usg>
              <ptr type="collection" subtype="bedeutung" target="/collections-wboe.xml#c13568"/>
            </sense>
          </sense>
        </re>
        <re>
          <form subtype="compound" type="lemma">
            <orth>Fliegenfalle</orth>
          </form>
          <sense>
            <sense>
              <def>Utensil zum Fangen von Fliegen</def>
              <usg type="geo">
                <placeName type="grossregion" ref="/geodata-wboe.xml#p4.5">Flachg.</placeName>
              </usg>
              <cit type="example">
                <quote xml:lang="bar-AT">a Fliegnfall aufrichtn</quote>
                <usg type="geo">
                  <placeName type="gemeinde" ref="/geodata-wboe.xml#p4.5d05">St. Gilgen</placeName>
                </usg>
              </cit>
              <ptr type="collection" subtype="bedeutung" target="/collections-wboe.xml#c13569"/>
            </sense>
          </sense>
        </re>
        <re>
          <form subtype="compound" type="lemma">
            <orth>Flöhefalle</orth>
          </form>
          <sense>
            <sense>
              <def>Utensil zum Fangen von Flöhen</def>
              <usg type="geo">
                <placeName type="grossregion" ref="/geodata-wboe.xml#p5.1">Innv.</placeName>
              </usg>
              <ptr type="collection" subtype="bedeutung" target="/collections-wboe.xml#c13570"/>
            </sense>
            <sense>
              <def>überaus lebhaftes Kind</def>
              <usg type="geo">
                <placeName type="grossregion" ref="/geodata-wboe.xml#p5.2">Hausrv.</placeName>
              </usg>
              <ptr type="collection" subtype="bedeutung" target="/collections-wboe.xml#c13571"/>
            </sense>
          </sense>
        </re>
        <re>
          <form subtype="compound" type="lemma">
            <orth>Fuchsfalle</orth>
          </form>
          <sense>
            <sense>
              <def>Vorrichtung zum Fangen von Füchsen</def>
              <usg type="geo">
                <placeName type="grossregion" ref="/geodata-wboe.xml#p1C.3">öNTir.</placeName>
              </usg>
              <usg type="geo">
                <placeName type="grossregion" ref="/geodata-wboe.xml#p2.1">ObKtn.</placeName>
              </usg>
              <usg type="geo">
                <placeName type="grossregion" ref="/geodata-wboe.xml#p2.2">MKtn.</placeName>
              </usg>
              <usg type="geo">
                <placeName type="grossregion" ref="/geodata-wboe.xml#p3.1">sbair.ObStmk.</placeName>
              </usg>
              <usg type="geo">
                <placeName type="grossregion" ref="/geodata-wboe.xml#p4.5">Flachg.</placeName>
              </usg>
              <usg type="geo">
                <placeName type="grossregion" ref="/geodata-wboe.xml#p5.2">Hausrv.</placeName>
              </usg>
              <usg type="geo">
                <placeName type="grossregion" ref="/geodata-wboe.xml#p6.2">Industriev.</placeName>
              </usg>
              <usg type="geo">
                <placeName type="grossregion" ref="/geodata-wboe.xml#p6.3">Waldv.</placeName>
              </usg>
              <usg type="geo">
                <placeName type="grossregion" ref="/geodata-wboe.xml#p6.5">Wien</placeName>
              </usg>
              <ptr type="collection" subtype="bedeutung" target="/collections-wboe.xml#c13572"/>
            </sense>
          </sense>
        </re>
        <re>
          <form subtype="compound" type="lemma">
            <orth>Gimpelfalle</orth>
          </form>
          <sense>
            <sense>
              <def>unverheiratete Frau</def>
              <usg>[pejorativ]</usg>
              <usg type="geo">
                <placeName type="grossregion" ref="/geodata-wboe.xml#p3.4">MStmk.</placeName>
              </usg>
              <ptr type="collection" subtype="bedeutung" target="/collections-wboe.xml#c13573"/>
            </sense>
          </sense>
        </re>
        <re>
          <form subtype="compound" type="lemma">
            <orth>Holzfalle</orth>
          </form>
          <sense>
            <sense>
              <def>Schloss bei Stall- und Scheunentüren</def>
              <usg type="geo">
                <placeName type="grossregion" ref="/geodata-wboe.xml#p1C.2">mNTir.</placeName>
              </usg>
              <ptr type="collection" subtype="bedeutung" target="/collections-wboe.xml#c13574"/>
            </sense>
          </sense>
        </re>
        <re>
          <form subtype="compound" type="lemma">
            <orth>Hosenfalle</orth>
          </form>
          <sense>
            <sense>
              <def>Hosenschlitz</def>
              <usg type="geo">
                <placeName type="grossregion" ref="/geodata-wboe.xml#p1C.1">wNTir.</placeName>
              </usg>
              <ptr type="collection" subtype="bedeutung" target="/collections-wboe.xml#c13575"/>
            </sense>
          </sense>
        </re>
        <re>
          <form subtype="compound" type="lemma">
            <orth>Iltisfalle</orth>
          </form>
          <sense>
            <sense>
              <def>Vorrichtung zum Fangen von Iltissen</def>
              <usg type="geo">
                <placeName type="grossregion" ref="/geodata-wboe.xml#p1C.3">öNTir.</placeName>
              </usg>
              <usg type="geo">
                <placeName type="grossregion" ref="/geodata-wboe.xml#p2.2">MKtn.</placeName>
              </usg>
              <usg type="geo">
                <placeName type="grossregion" ref="/geodata-wboe.xml#p5.4">Mühlv.</placeName>
              </usg>
              <usg type="geo">
                <placeName type="grossregion" ref="/geodata-wboe.xml#p6.2">Industriev.</placeName>
              </usg>
              <usg type="geo">
                <placeName type="grossregion" ref="/geodata-wboe.xml#p6.3">Waldv.</placeName>
              </usg>
              <usg type="geo">
                <placeName type="grossregion" ref="/geodata-wboe.xml#p6.4">Weinv.</placeName>
              </usg>
              <usg type="geo">
                <placeName type="grossregion" ref="/geodata-wboe.xml#p6.5">Wien</placeName>
              </usg>
              <ptr type="collection" subtype="bedeutung" target="/collections-wboe.xml#c13576"/>
            </sense>
          </sense>
        </re>
        <re>
          <form subtype="compound" type="lemma">
            <orth>Kastenfalle</orth>
          </form>
          <sense>
            <sense>
              <def>längliche, kastenförmige Vorrichtung für den Lebendfang von Wild, insbesondere von kleineren Raubtieren wie Füchsen, Mardern und Iltissen</def>
              <usg type="geo">
                <placeName type="grossregion" ref="/geodata-wboe.xml#p2.2">MKtn.</placeName>
              </usg>
              <usg type="geo">
                <placeName type="grossregion" ref="/geodata-wboe.xml#p3.3">WStmk.</placeName>
              </usg>
              <usg type="geo">
                <placeName type="grossregion" ref="/geodata-wboe.xml#p5.3">Traunv.</placeName>
              </usg>
              <usg type="geo">
                <placeName type="grossregion" ref="/geodata-wboe.xml#p6.1">Mostv.</placeName>
              </usg>
              <usg type="geo">
                <placeName type="grossregion" ref="/geodata-wboe.xml#p6.5">Wien</placeName>
              </usg>
              <ptr type="collection" subtype="bedeutung" target="/collections-wboe.xml#c13577"/>
            </sense>
          </sense>
        </re>
        <re>
          <form subtype="compound" type="lemma">
            <orth>Katzenfalle</orth>
          </form>
          <sense>
            <sense>
              <def>Vorrichtung für den Lebendfang von verwilderten bzw. streunenden Katzen</def>
              <usg type="geo">
                <placeName type="grossregion" ref="/geodata-wboe.xml#p5.2">Hausrv.</placeName>
              </usg>
              <ptr type="collection" subtype="bedeutung" target="/collections-wboe.xml#c13578"/>
            </sense>
          </sense>
        </re>
        <re>
          <form subtype="compound" type="lemma">
            <orth>Körberlfalle</orth>
          </form>
          <sense>
            <sense>
              <def>Vorrichtung für den Lebendfang von Mäusen, bei der die Mäuse durch eine Öffnung in eine Art Körbchen hineinfallen und nicht mehr nach draußen können</def>
              <usg type="geo">
                <placeName type="grossregion" ref="/geodata-wboe.xml#p3.1">sbair.ObStmk.</placeName>
              </usg>
              <ptr type="collection" subtype="bedeutung" target="/collections-wboe.xml#c13579"/>
            </sense>
          </sense>
        </re>
        <re>
          <form subtype="compound" type="lemma">
            <orth>Marderfalle</orth>
          </form>
          <sense>
            <sense>
              <def>Vorrichtung zum Fangen von Mardern (teilweise auch für Iltisse und Dachse verwendet)</def>
              <usg type="geo">
                <placeName type="grossregion" ref="/geodata-wboe.xml#p1C.3">öNTir.</placeName>
              </usg>
              <usg type="geo">
                <placeName type="grossregion" ref="/geodata-wboe.xml#p2.2">MKtn.</placeName>
              </usg>
              <usg type="geo">
                <placeName type="grossregion" ref="/geodata-wboe.xml#p3.2">mbair.ObStmk.</placeName>
              </usg>
              <usg type="geo">
                <placeName type="grossregion" ref="/geodata-wboe.xml#p4.2">Pinzg.</placeName>
              </usg>
              <usg type="geo">
                <placeName type="grossregion" ref="/geodata-wboe.xml#p5.2">Hausrv.</placeName>
              </usg>
              <usg type="geo">
                <placeName type="grossregion" ref="/geodata-wboe.xml#p5.3">Traunv.</placeName>
              </usg>
              <usg type="geo">
                <placeName type="grossregion" ref="/geodata-wboe.xml#p6.1">Mostv.</placeName>
              </usg>
              <usg type="geo">
                <placeName type="grossregion" ref="/geodata-wboe.xml#p6.3">Waldv.</placeName>
              </usg>
              <usg type="geo">
                <placeName type="grossregion" ref="/geodata-wboe.xml#p6.4">Weinv.</placeName>
              </usg>
              <usg type="geo">
                <placeName type="grossregion" ref="/geodata-wboe.xml#p6.5">Wien</placeName>
              </usg>
              <ptr type="collection" subtype="bedeutung" target="/collections-wboe.xml#c13581"/>
            </sense>
          </sense>
        </re>
        <re>
          <form subtype="compound" type="lemma">
            <orth>Maulwurfsfalle</orth>
          </form>
          <sense>
            <sense>
              <def>Vorrichtung zum Fangen von Maulwürfen</def>
              <usg type="geo">
                <placeName type="grossregion" ref="/geodata-wboe.xml#p2.1">ObKtn.</placeName>
              </usg>
              <ptr type="collection" subtype="bedeutung" target="/collections-wboe.xml#c13582"/>
            </sense>
          </sense>
        </re>
        <re>
          <form subtype="compound" type="lemma">
            <orth>Mausfalle</orth>
          </form>
          <form subtype="compound" type="lemma">
            <orth>Mäusefalle</orth>
          </form>
          <sense>
            <sense>
              <def>Vorrichtung zum Fangen von Mäusen</def>
              <usg type="geo">
                <placeName type="grossregion" ref="/geodata-wboe.xml#p1A.1">wSTir.</placeName>
              </usg>
              <usg type="geo">
                <placeName type="grossregion" ref="/geodata-wboe.xml#p1A.4">öSTir.</placeName>
              </usg>
              <usg type="geo">
                <placeName type="bundesland" ref="/geodata-wboe.xml#p1B">OTir.</placeName>
              </usg>
              <usg type="geo">
                <placeName type="grossregion" ref="/geodata-wboe.xml#p1C.1">wNTir.</placeName>
              </usg>
              <usg type="geo">
                <placeName type="grossregion" ref="/geodata-wboe.xml#p1C.3">öNTir.</placeName>
              </usg>
              <usg type="geo">
                <placeName type="bundesland" ref="/geodata-wboe.xml#p2">Ktn.</placeName>
              </usg>
              <usg type="geo">
                <placeName type="grossregion" ref="/geodata-wboe.xml#p3.1">sbair.ObStmk.</placeName>
              </usg>
              <usg type="geo">
                <placeName type="grossregion" ref="/geodata-wboe.xml#p3.2">mbair.ObStmk.</placeName>
              </usg>
              <usg type="geo">
                <placeName type="grossregion" ref="/geodata-wboe.xml#p3.3">WStmk.</placeName>
              </usg>
              <usg type="geo">
                <placeName type="grossregion" ref="/geodata-wboe.xml#p3.5">OStmk.</placeName>
              </usg>
              <usg type="geo">
                <placeName type="grossregion" ref="/geodata-wboe.xml#p4.2">Pinzg.</placeName>
              </usg>
              <usg type="geo">
                <placeName type="grossregion" ref="/geodata-wboe.xml#p4.3">Pong.</placeName>
              </usg>
              <usg type="geo">
                <placeName type="grossregion" ref="/geodata-wboe.xml#p4.5">Flachg.</placeName>
              </usg>
              <usg type="geo">
                <placeName type="bundesland" ref="/geodata-wboe.xml#p5">OÖ</placeName>
              </usg>
              <usg type="geo">
                <placeName type="bundesland" ref="/geodata-wboe.xml#p6">NÖ</placeName>
              </usg>
              <usg type="geo">
                <placeName type="bundesland" ref="/geodata-wboe.xml#p6.5">Wien</placeName>
              </usg>
              <cit type="example">
                <quote xml:lang="bar-AT">a Mausfåöˡn āfrichtn</quote>
                <usg type="geo">
                  <placeName type="gemeinde" ref="/geodata-wboe.xml#p5.3b02">Gmunden</placeName>
                </usg>
              </cit>
              <ptr type="collection" subtype="bedeutung" target="/collections-wboe.xml#c13583"/>
            </sense>
          </sense>
        </re>
        <re>
          <form subtype="compound" type="lemma">
            <orth>Meisenfalle</orth>
          </form>
          <sense>
            <sense>
              <def>Vorrichtung zum Fangen von Meisen</def>
              <usg type="geo">
                <placeName type="grossregion" ref="/geodata-wboe.xml#p3.4">MStmk.</placeName>
              </usg>
              <usg type="geo">
                <placeName type="grossregion" ref="/geodata-wboe.xml#p3.5">OStmk.</placeName>
              </usg>
              <ptr type="collection" subtype="bedeutung" target="/collections-wboe.xml#c13584"/>
            </sense>
          </sense>
        </re>
        <re>
          <form subtype="compound" type="lemma">
            <orth>Prügelfalle</orth>
          </form>
          <sense>
            <sense>
              <def>Vorrichtung zum Fangen von Mardern und Iltissen, bei der ein aus Reisigprügeln gefertigter Deckel herabschlägt und die Tiere durch sein Gewicht erdrückt</def>
              <usg type="geo">
                <placeName type="grossregion" ref="/geodata-wboe.xml#p2.2">MKtn.</placeName>
              </usg>
              <ptr type="collection" subtype="bedeutung" target="/collections-wboe.xml#c13587"/>
            </sense>
          </sense>
        </re>
        <re>
          <form subtype="compound" type="lemma">
            <orth>Rattenfalle</orth>
          </form>
          <sense>
            <sense>
              <def>Vorrichtung zum Fangen von Ratten</def>
              <usg type="geo">
                <placeName type="grossregion" ref="/geodata-wboe.xml#p1C.1">wNTir.</placeName>
              </usg>
              <usg type="geo">
                <placeName type="grossregion" ref="/geodata-wboe.xml#p1C.3">öNTir.</placeName>
              </usg>
              <usg type="geo">
                <placeName type="grossregion" ref="/geodata-wboe.xml#p2.1">ObKtn.</placeName>
              </usg>
              <usg type="geo">
                <placeName type="grossregion" ref="/geodata-wboe.xml#p2.2">MKtn.</placeName>
              </usg>
              <usg type="geo">
                <placeName type="grossregion" ref="/geodata-wboe.xml#p3.1">sbair.ObStmk.</placeName>
              </usg>
              <usg type="geo">
                <placeName type="grossregion" ref="/geodata-wboe.xml#p3.5">OStmk.</placeName>
              </usg>
              <usg type="geo">
                <placeName type="grossregion" ref="/geodata-wboe.xml#p4.5">Flachg.</placeName>
              </usg>
              <usg type="geo">
                <placeName type="bundesland" ref="/geodata-wboe.xml#p5">OÖ</placeName>
              </usg>
              <usg type="geo">
                <placeName type="grossregion" ref="/geodata-wboe.xml#p6.1">Mostv.</placeName>
              </usg>
              <usg type="geo">
                <placeName type="grossregion" ref="/geodata-wboe.xml#p6.2">Industriev.</placeName>
              </usg>
              <usg type="geo">
                <placeName type="grossregion" ref="/geodata-wboe.xml#p6.3">Waldv.</placeName>
              </usg>
              <usg type="geo">
                <placeName type="bundesland" ref="/geodata-wboe.xml#p6.5">Wien</placeName>
              </usg>
              <ptr type="collection" subtype="bedeutung" target="/collections-wboe.xml#c13588"/>
            </sense>
          </sense>
        </re>
        <re>
          <form subtype="compound" type="lemma">
            <orth>Rauchfalle</orth>
          </form>
          <sense>
            <sense>
              <def>rechteckiges Loch mit Schieber über der Tür für den Rauchabzug</def>
              <usg type="geo">
                <placeName type="bundesland" ref="/geodata-wboe.xml#p2">Ktn.</placeName>
              </usg>
              <ptr type="collection" subtype="bedeutung" target="/collections-wboe.xml#c13589"/>
            </sense>
          </sense>
        </re>
        <re>
          <form subtype="compound" type="lemma">
            <orth>Scherfalle</orth>
          </form>
          <sense>
            <sense>
              <def>Vorrichtung zum Fangen von Maulwürfen und Schermäusen</def>
              <usg type="geo">
                <placeName type="grossregion" ref="/geodata-wboe.xml#p1C.3">öNTir.</placeName>
              </usg>
              <usg type="geo">
                <placeName type="grossregion" ref="/geodata-wboe.xml#p4.2">Pinzg.</placeName>
              </usg>
              <usg type="geo">
                <placeName type="grossregion" ref="/geodata-wboe.xml#p4.3">Pong.</placeName>
              </usg>
              <usg type="geo">
                <placeName type="grossregion" ref="/geodata-wboe.xml#p5.1">Innv.</placeName>
              </usg>
              <usg type="geo">
                <placeName type="grossregion" ref="/geodata-wboe.xml#p5.2">Hausrv.</placeName>
              </usg>
              <usg type="geo">
                <placeName type="grossregion" ref="/geodata-wboe.xml#p5.3">Traunv.</placeName>
              </usg>
              <usg type="geo">
                <placeName type="grossregion" ref="/geodata-wboe.xml#p5.4">Mühlv.</placeName>
              </usg>
              <cit type="example">
                <quote xml:lang="bar-AT">Scheaʳnfåⁱˡⁿ aufrichtn</quote>
                <usg type="geo">
                  <placeName type="gemeinde" ref="/geodata-wboe.xml#p4.2c01">Fusch an der Großglocknerstraße</placeName>
                </usg>
              </cit>
              <ptr type="collection" subtype="bedeutung" target="/collections-wboe.xml#c13590"/>
            </sense>
          </sense>
        </re>
        <re>
          <form subtype="compound" type="lemma">
            <orth>Schlagfalle</orth>
          </form>
          <sense>
            <sense>
              <def>Vorrichtung zum Fangen von Mäusen, Mardern, Füchsen etc., bei der die Tiere erschlagen (oder durch einen Schlag schwer bzw. tödlich verletzt) werden</def>
              <usg type="geo">
                <placeName type="grossregion" ref="/geodata-wboe.xml#p1C.3">öNTir.</placeName>
              </usg>
              <usg type="geo">
                <placeName type="grossregion" ref="/geodata-wboe.xml#p2.2">MKtn.</placeName>
              </usg>
              <ptr type="collection" subtype="bedeutung" target="/collections-wboe.xml#c13591"/>
            </sense>
          </sense>
        </re>
        <re>
          <form subtype="compound" type="lemma">
            <orth>Schließfalle</orth>
          </form>
          <sense>
            <sense>
              <def>Bestandteil eines Schlosses (Schließfeder)</def>
              <usg>(gaunersprachlich)</usg>
              <usg type="geo">
                <placeName type="grossregion" ref="/geodata-wboe.xml#p6.5">Wien</placeName>
              </usg>
              <ptr type="collection" subtype="bedeutung" target="/collections-wboe.xml#c13592"/>
            </sense>
          </sense>
        </re>
        <re>
          <form subtype="compound" type="lemma">
            <orth>Schwabenfalle</orth>
          </form>
          <sense>
            <sense>
              <def>Utensil zum Fangen von Küchenschaben</def>
              <usg type="geo">
                <placeName type="grossregion" ref="/geodata-wboe.xml#p5.3">Traunv.</placeName>
              </usg>
              <ptr type="collection" subtype="bedeutung" target="/collections-wboe.xml#c13593"/>
            </sense>
          </sense>
        </re>
        <re>
          <form subtype="compound" type="lemma">
            <orth>Schweinfalle</orth>
          </form>
          <sense>
            <sense>
              <def>Klapptür im Schweinestall</def>
              <usg type="geo">
                <placeName type="grossregion" ref="/geodata-wboe.xml#p1C.1">wNTir.</placeName>
              </usg>
              <ptr type="collection" subtype="bedeutung" target="/collections-wboe.xml#c13594"/>
            </sense>
          </sense>
        </re>
        <re>
          <form subtype="compound" type="lemma">
            <orth>Steinklappenfalle</orth>
          </form>
          <sense>
            <sense>
              <def>mit Fallklappen ausgestattete Vorrichtung für den Lebendfang von Wild, bei der die Türen zuklappen und die Tiere einsperren</def>
              <usg type="geo">
                <placeName type="grossregion" ref="/geodata-wboe.xml#p6.5">Wien</placeName>
              </usg>
              <ptr type="collection" subtype="bedeutung" target="/collections-wboe.xml#c13595"/>
            </sense>
          </sense>
        </re>
        <re>
          <form subtype="compound" type="lemma">
            <orth>Tellerfalle</orth>
          </form>
          <sense>
            <sense>
              <def>Vorrichtung aus Metall zum Fangen von Wild mit zwei Fangbügeln, die beim Tritt der Tiere auf den Teller zusammenschlagen und mit ihren Zacken das Bein (oder einen anderen Körperteil der Tiere) einklemmen</def>
              <usg type="geo">
                <placeName type="grossregion" ref="/geodata-wboe.xml#p6.1">Mostv.</placeName>
              </usg>
              <ptr type="collection" subtype="bedeutung" target="/collections-wboe.xml#c13596"/>
            </sense>
          </sense>
        </re>
        <re>
          <form subtype="compound" type="lemma">
            <orth>Trügelfalle</orth>
          </form>
          <sense>
            <sense>
              <def>Vorrichtung für den Lebendfang von Raubtieren</def>
              <usg type="geo">
                <placeName type="grossregion" ref="/geodata-wboe.xml#p2.2">MKtn.</placeName>
              </usg>
              <ptr type="collection" subtype="bedeutung" target="/collections-wboe.xml#c13597"/>
            </sense>
          </sense>
        </re>
        <re>
          <form subtype="compound" type="lemma">
            <orth>Truhenfalle</orth>
          </form>
          <sense>
            <sense>
              <def>längliche, truhenförmige Vorrichtung für den Lebendfang von Wild, insbesondere von kleineren Raubtieren</def>
              <usg type="geo">
                <placeName type="grossregion" ref="/geodata-wboe.xml#p6.5">Wien</placeName>
              </usg>
              <ptr type="collection" subtype="bedeutung" target="/collections-wboe.xml#c13598"/>
            </sense>
          </sense>
        </re>
        <re>
          <form subtype="compound" type="lemma">
            <orth>Tscherderfalle</orth>
          </form>
          <sense>
            <sense>
              <def>Vorrichtung zum Fangen von Maulwürfen</def>
              <usg type="geo">
                <placeName type="grossregion" ref="/geodata-wboe.xml#p1C.1">wNTir.</placeName>
              </usg>
              <ptr type="collection" subtype="bedeutung" target="/collections-wboe.xml#c13599"/>
            </sense>
          </sense>
        </re>
        <re>
          <form subtype="compound" type="lemma">
            <orth>Türfalle</orth>
          </form>
          <sense>
            <sense>
              <sense>
                <def>hölzerner Türriegel</def>
                <usg type="geo">
                  <placeName type="grossregion" ref="/geodata-wboe.xml#p1C.2">mNTir.</placeName>
                </usg>
                <ptr type="collection" subtype="bedeutung" target="/collections-wboe.xml#c13600"/>
              </sense>
              <sense>
                <def>Falltür</def>
                <usg type="geo">
                  <placeName type="bundesland" ref="/geodata-wboe.xml#p2">Ktn.</placeName>
                </usg>
                <ptr type="collection" subtype="bedeutung" target="/collections-wboe.xml#c13601"/>
              </sense>
            </sense>
          </sense>
        </re>
        <re>
          <form subtype="compound" type="lemma">
            <orth>Vogelfalle</orth>
          </form>
          <sense>
            <sense>
              <def>Vorrichtung zum Fangen von Vögeln</def>
              <usg type="geo">
                <placeName type="grossregion" ref="/geodata-wboe.xml#p4.3">Pong.</placeName>
              </usg>
              <usg type="geo">
                <placeName type="grossregion" ref="/geodata-wboe.xml#p5.2">Hausrv.</placeName>
              </usg>
              <ptr type="collection" subtype="bedeutung" target="/collections-wboe.xml#c13602"/>
            </sense>
          </sense>
        </re>
        <re>
          <form subtype="compound" type="lemma">
            <orth>Wasserfalle</orth>
          </form>
          <sense>
            <sense>
              <def type="umschreibung">Flurname</def>
              <usg type="geo">
                <placeName type="grossregion" ref="/geodata-wboe.xml#p1C.1">wNTir.</placeName>
              </usg>
              <ptr type="collection" subtype="bedeutung" target="/collections-wboe.xml#c13603"/>
            </sense>
          </sense>
        </re>
        <re>
          <form subtype="compound" type="lemma">
            <orth>Windfalle</orth>
          </form>
          <sense>
            <sense>
              <def>Windbruch; durch den Wind entwurzelter oder abgebrochener Baum</def>
              <usg type="geo">
                <placeName type="grossregion" ref="/geodata-wboe.xml#p6.2">Industriev.</placeName>
              </usg>
              <usg type="geo">
                <placeName type="grossregion" ref="/geodata-wboe.xml#p6.4">Weinv.</placeName>
              </usg>
              <ptr type="collection" subtype="bedeutung" target="/collections-wboe.xml#c13604"/>
            </sense>
          </sense>
        </re>
        <re>
          <form subtype="compound" type="lemma">
            <orth>Würg(e)falle</orth>
          </form>
          <sense>
            <sense>
              <def>Vorrichtung zum Fangen von Wild, bei der die Tiere erwürgt werden</def>
              <usg type="geo">
                <placeName type="grossregion" ref="/geodata-wboe.xml#p1C.3">öNTir.</placeName>
              </usg>
              <usg type="geo">
                <placeName type="grossregion" ref="/geodata-wboe.xml#p6.5">Wien</placeName>
              </usg>
              <ptr type="collection" subtype="bedeutung" target="/collections-wboe.xml#c13605"/>
            </sense>
          </sense>
        </re>
        <re type="redewendung">
          <xr type="lemma">
            <ref>Falle</ref>
          </xr>
          <form subtype="MWE" type="lemma">
            <orth>eine Falle reißen</orth>
          </form>
          <sense>
            <def>falsche Tatsachen vorspiegeln; betrügen</def>
            <usg>(gaunersprachlich)</usg>
            <usg type="geo">
              <placeName type="grossregion" ref="/geodata-wboe.xml#p6.5">Wien</placeName>
            </usg>
            <cit type="example">
              <quote xml:lang="bar-AT">a Folln reißn</quote>
              <ref type="bibl" target="#Burnadz1966">Burnadz 1966
                <citedRange>40</citedRange>
              </ref>
              <usg type="geo">
                <placeName type="grossregion" ref="/geodata-wboe.xml#p6.5">Wien</placeName>
              </usg>
            </cit>
          </sense>
          <ptr type="collection" subtype="MWE" target="/collections-wboe.xml#c13606"/>
        </re>
        <re type="redewendung">
          <form subtype="MWE" type="lemma">
            <orth>in die/eine Falle (ein-)gehen</orth>
          </form>
          <sense>
            <def>gefangen werden; erwischt werden</def>
          </sense>
          <usg type="geo">
            <placeName type="grossregion" ref="/geodata-wboe.xml#p1C.1">wNTir.</placeName>
          </usg>
          <usg type="geo">
            <placeName type="grossregion" ref="/geodata-wboe.xml#p1C.3">öNTir.</placeName>
          </usg>
          <usg type="geo">
            <placeName type="grossregion" ref="/geodata-wboe.xml#p2.2">MKtn.</placeName>
          </usg>
          <usg type="geo">
            <placeName type="grossregion" ref="/geodata-wboe.xml#p5.2">Hausrv.</placeName>
          </usg>
          <usg type="geo">
            <placeName type="grossregion" ref="/geodata-wboe.xml#p5.3">Traunv.</placeName>
          </usg>
          <usg type="geo">
            <placeName type="grossregion" ref="/geodata-wboe.xml#p6.1">Mostv.</placeName>
          </usg>
          <usg type="geo">
            <placeName type="grossregion" ref="/geodata-wboe.xml#p6.2">Industriev.</placeName>
          </usg>
          <usg type="geo">
            <placeName type="grossregion" ref="/geodata-wboe.xml#p6.3">Waldv.</placeName>
          </usg>
          <usg type="geo">
            <placeName type="grossregion" ref="/geodata-wboe.xml#p6.5">Wien</placeName>
          </usg>
          <cit type="example">
            <quote xml:lang="bar-AT">in dⁱe folln eingehen</quote>
            <usg type="geo">
              <placeName type="gemeinde" ref="/geodata-wboe.xml#p1C.3e12">Schwoich</placeName>
            </usg>
          </cit>
          <cit type="example">
            <quote xml:lang="bar-AT">ea is in d Foin gonga</quote>
            <usg type="geo">
              <placeName type="gemeinde" ref="/geodata-wboe.xml#p6.2e03">Puchberg am Schneeberg</placeName>
            </usg>
          </cit>
          <ptr type="collection" subtype="MWE" target="/collections-wboe.xml#c13607"/>
        </re>
        <re type="redewendung">
          <form subtype="MWE" type="lemma">
            <orth>jemandem eine Falle stellen/legen/aufrichten</orth>
          </form>
          <sense>
            <def>versuchen, jemanden zu überlisten, zu betrügen; etwas tun, um jemanden zu täuschen und ihn in eine unangenehme oder kritische Situation zu versetzen</def>
            <usg type="geo">
              <placeName type="grossregion" ref="/geodata-wboe.xml#p1C.3">öNTir.</placeName>
            </usg>
            <usg type="geo">
              <placeName type="grossregion" ref="/geodata-wboe.xml#p4.5">Flachg.</placeName>
            </usg>
            <usg type="geo">
              <placeName type="grossregion" ref="/geodata-wboe.xml#p5.1">Innv.</placeName>
            </usg>
            <usg type="geo">
              <placeName type="grossregion" ref="/geodata-wboe.xml#p6.1">Mostv.</placeName>
            </usg>
            <usg type="geo">
              <placeName type="grossregion" ref="/geodata-wboe.xml#p6.2">Industriev.</placeName>
            </usg>
            <usg type="geo">
              <placeName type="grossregion" ref="/geodata-wboe.xml#p6.3">Waldv.</placeName>
            </usg>
            <cit type="example">
              <quote xml:lang="bar-AT">oə̨n ə foiˡn lėgŋ</quote>
              <usg type="geo">
                <placeName type="gemeinde" ref="/geodata-wboe.xml#p5.1c07">Mühlheim am Inn</placeName>
              </usg>
            </cit>
            <cit type="example">
              <quote xml:lang="bar-AT">i hǭb ę̄ɒm ɒ̃ fǫjn aufgrichcht</quote>
              <usg type="geo">
                <placeName type="gemeinde" ref="/geodata-wboe.xml#p6.1o01">Herzogenburg</placeName>
              </usg>
            </cit>
            <cit type="example">
              <quote xml:lang="bar-AT">ea schdoid eahm a Foin</quote>
              <usg type="geo">
                <placeName type="gemeinde" ref="/geodata-wboe.xml#p6.2e03">Puchberg am Schneeberg</placeName>
              </usg>
            </cit>
          </sense>
          <ptr type="collection" subtype="MWE" target="/collections-wboe.xml#c13608"/>
        </re>
        <re type="redewendung">
          <form subtype="MWE" type="lemma">
            <orth>jemandem in die Falle gehen</orth>
          </form>
          <sense>
            <def>sich täuschen lassen; sich übertölpeln lassen</def>
            <usg type="geo">
              <placeName type="grossregion" ref="/geodata-wboe.xml#p4.5">Flachg.</placeName>
            </usg>
            <usg type="geo">
              <placeName type="grossregion" ref="/geodata-wboe.xml#p5.1">Innv.</placeName>
            </usg>
            <cit type="example">
              <quote xml:lang="bar-AT">er is ma in d' Falln ganga</quote>
              <usg type="geo">
                <placeName type="gemeinde" ref="/geodata-wboe.xml#p4.5d05">St. Gilgen</placeName>
              </usg>
            </cit>
          </sense>
          <ptr type="collection" subtype="MWE" target="/collections-wboe.xml#c13609"/>
        </re>
        <re type="redewendung">
          <form subtype="MWE" type="lemma">
            <orth>jemanden in die Falle locken</orth>
          </form>
          <sense>
            <def>jemanden überlisten, täuschen; etwas tun, wodurch jemand in eine unangenehme oder kritische Situation gerät; jemanden in eine missliche Lage hineinmanövrieren</def>
            <usg type="geo">
              <placeName type="grossregion" ref="/geodata-wboe.xml#p1C.3">öNTir.</placeName>
            </usg>
            <cit type="example">
              <quote xml:lang="bar-AT">oan ad fǫö lokn</quote>
              <usg type="geo">
                <placeName type="gemeinde" ref="/geodata-wboe.xml#p1C.3e06">Kufstein</placeName>
              </usg>
            </cit>
          </sense>
          <ptr type="collection" subtype="MWE" target="/collections-wboe.xml#c13610"/>
        </re>
        <re type="redewendung">
          <xr type="lemma">
            <ref>Marderfalle</ref>
          </xr>
          <form subtype="MWE" type="lemma">
            <orth>Jemandes Maul kann man zu einer Marderfalle brauchen</orth>
          </form>
          <sense>
            <def type="umschreibung">wird über jemanden gesagt, dem die Zähne ausgefallen sind</def>
            <usg type="geo">
              <placeName type="grossregion" ref="/geodata-wboe.xml#p3.2">mbair.ObStmk.</placeName>
            </usg>
            <cit type="example">
              <quote xml:lang="bar-AT">Den sei(n) Maul kån ma za oaner Modafolln brauch'n</quote>
              <usg type="geo">
                <placeName type="gemeinde" ref="/geodata-wboe.xml#p3.2g07">Neuberg an der Mürz</placeName>
              </usg>
            </cit>
          </sense>
          <ptr type="collection" subtype="MWE" target="/collections-wboe.xml#c13611"/>
        </re>
        <re type="redewendung">
          <xr type="lemma">
            <ref>Mausefalle</ref>
          </xr>
          <form subtype="MWE" type="lemma">
            <orth>aufrichtig wie eine Mausfalle</orth>
          </form>
          <sense>
            <def>Harmlosigkeit vortäuschend, aber Böses bezweckend; hinterlistig; falsch; heuchlerisch</def>
            <usg type="geo">
              <placeName type="grossregion" ref="/geodata-wboe.xml#p1C.3">öNTir.</placeName>
            </usg>
            <usg type="geo">
              <placeName type="grossregion" ref="/geodata-wboe.xml#p2.2">MKtn.</placeName>
            </usg>
            <usg type="geo">
              <placeName type="grossregion" ref="/geodata-wboe.xml#p3.2">mbair.ObStmk.</placeName>
            </usg>
            <usg type="geo">
              <placeName type="grossregion" ref="/geodata-wboe.xml#p6.2">Industriev.</placeName>
            </usg>
            <usg type="geo">
              <placeName type="grossregion" ref="/geodata-wboe.xml#p6.3">Waldv.</placeName>
            </usg>
            <usg type="geo">
              <placeName type="grossregion" ref="/geodata-wboe.xml#p6.5">Wien</placeName>
            </usg>
            <cit type="example">
              <quote xml:lang="bar-AT">aufrichtig wiə-r-a Mausfǫᵃl</quote>
              <usg type="geo">
                <placeName type="gemeinde" ref="/geodata-wboe.xml#p1C.3e09">Niederndorf</placeName>
              </usg>
            </cit>
            <cit type="example">
              <quote xml:lang="bar-AT">īs a͡ufrichti wi͡aʳ ă Ma͡usfå͡iˡn</quote>
              <usg type="geo">
                <placeName type="gemeinde" ref="/geodata-wboe.xml#p6.2j15">Pottendorf</placeName>
              </usg>
            </cit>
          </sense>
          <ptr type="collection" subtype="MWE" target="/collections-wboe.xml#c13612"/>
        </re>
        <re type="redewendung">
          <form subtype="MWE" type="lemma">
            <orth>Da ist eine Mausfalle gerichtet</orth>
          </form>
          <sense>
            <def type="umschreibung">wird gesagt, wenn bei etwas die Gefahr besteht, Schaden zu nehmen</def>
            <usg type="geo">
              <placeName type="grossregion" ref="/geodata-wboe.xml#p6.2">Industriev.</placeName>
            </usg>
            <cit type="example">
              <quote xml:lang="bar-AT">då is a Mausfåln gricht</quote>
              <usg type="geo">
                <placeName type="gemeinde" ref="/geodata-wboe.xml#p6.2h28">Warth</placeName>
              </usg>
            </cit>
          </sense>
          <ptr type="collection" subtype="MWE" target="/collections-wboe.xml#c13613"/>
        </re>
        <re type="redewendung">
          <form subtype="MWE" type="lemma">
            <orth>Die Katze ist eine lebendige Mausfalle</orth>
          </form>
          <sense>
            <def type="umschreibung">Spruch, wenn eine Katze besonders viele Mäuse fängt</def>
            <usg type="geo">
              <placeName type="grossregion" ref="/geodata-wboe.xml#p1C.3">öNTir.</placeName>
            </usg>
            <cit type="example">
              <quote xml:lang="bar-AT">di Kåtz is a lebentigė Mausfǫɫ</quote>
              <usg type="geo">
                <placeName type="gemeinde" ref="/geodata-wboe.xml#p1C.3b03">Thiersee</placeName>
              </usg>
            </cit>
          </sense>
          <ptr type="collection" subtype="MWE" target="/collections-wboe.xml#c13614"/>
        </re>
      </entry>
    </body>
  </text>
</TEI>
