<?xml version="1.0" encoding="UTF-8"?>
    <?xml-model href="http://www.tei-c.org/release/xml/tei/custom/schema/relaxng/tei_all.rng" type="application/xml" schematypens="http://purl.oclc.org/dsdl/schematron"?>
    <?xml-model href="../../803_RNG-schematron/WBOE-ODD.rnc" type="application/relax-ng-compact-syntax"?>
<?redaktionstool version="0.6.6"?>
<TEI xmlns="http://www.tei-c.org/ns/1.0">
  <teiHeader>
    <fileDesc>
      <titleStmt>
        <title>Familie</title>
        <respStmt>
          <resp>Editor</resp>
          <name ref="#PZ">Patrick Zeitlhuber</name>
        </respStmt>
        <respStmt>
          <resp>Encoding Scheme</resp>
          <name>Jack Bowers</name>
          <name>Daniel Schopper</name>
          <name>Omar Siam</name>
        </respStmt>
        <respStmt>
          <resp>DBOE Team</resp>
          <name xml:id="AL">Alexandra N. Lenz</name>
          <name xml:id="PhS">Philipp Stöckle</name>
          <name xml:id="AG">Andreas Gellan</name>
          <name xml:id="PZ">Patrick Zeitlhuber</name>
          <name xml:id="SW">Sabine Wahl</name>
          <name xml:id="SS">Sonja Schwaiger</name>
          <name xml:id="JD">Jan Braun</name>
          <name xml:id="AB">Angela Bergermayer</name>
          <name xml:id="EW">Eva Wahlmüller</name>
          <name xml:id="DG">David Gschösser</name>
          <name xml:id="StS">Stefanie Schöberl</name>
          <name xml:id="FF">Fabian Fleißner</name>
        </respStmt>
        <respStmt>
          <resp>Student assistants</resp>
          <name>Eva Wahlmüller</name>
          <name>Susanna Muhr</name>
          <name>Alexandra Grohe</name>
          <name>Klemens Wagner</name>
          <name>Manuela Stütz</name>
          <name>Christina Hemetsberger</name>
        </respStmt>
      </titleStmt>
      <publicationStmt>
        <p></p>
      </publicationStmt>
      <sourceDesc>
        <list>
          <item>
            <label>Geo-data</label>
            <ptr xml:id="geo-inventory-WBOE" target="../geodata-wboe.xml"/>
          </item>
          <item>
            <label>Bibliography</label>
            <ptr xml:id="bibliography-WBOE" target="../bibl-wboe.xml"/>
          </item>
          <item>
            <label>WBOE-Slips</label>
            <ptr xml:id="slips-WBOE" target="../slips-wboe.xml"/>
          </item>
          <item>
            <label>WBOE-Collections</label>
            <ptr xml:id="collections-WBOE" target="../collections-wboe.xml"/>
          </item>
        </list>
      </sourceDesc>
    </fileDesc>
    <revisionDesc>
      <listChange>
        <change status="external correction" when="2018-10-15" who="#PZ">Datensatz erstellt</change>
        <change status="external correction" when="2020-05-20" who="#EW">Collections verknüpft</change>
        <change status="in progress" when="2020-10-15" who="#PZ">LK hinzugefügt</change>
        <change status="finished" when="2020-10-15" who="#PZ">fertig für Release</change>
      </listChange>
    </revisionDesc>
  </teiHeader>
  <text>
    <body>
      <entry>
        <form type="lemma" xml:id="Familie">
          <orth>Familie</orth>
          <ptr type="collection" subtype="lemma" target="/collections-wboe.xml#c3272"/>
        </form>
        <gramGrp>
          <gram type="pos">Substantiv</gram>
          <gram type="gender">Femininum</gram>
        </gramGrp>
        <usg type="geo">
          <placeName type="grossregion" ref="/geodata-wboe.xml#p1A.1">wSTir.</placeName>
        </usg>
        <usg type="geo">
          <placeName type="bundesland" ref="/geodata-wboe.xml#p1B">OTir.</placeName>
        </usg>
        <usg type="geo">
          <placeName type="bundesland" ref="/geodata-wboe.xml#p1C">NTir.</placeName>
        </usg>
        <usg type="geo">
          <placeName type="grossregion" ref="/geodata-wboe.xml#p2.2">MKtn.</placeName>
        </usg>
        <usg type="geo">
          <placeName type="bundesland" ref="/geodata-wboe.xml#p4">Sbg.</placeName>
        </usg>
        <usg type="geo">
          <placeName type="grossregion" ref="/geodata-wboe.xml#p5.3">Traunv.</placeName>
        </usg>
        <usg type="geo">
          <placeName type="grossregion" ref="/geodata-wboe.xml#p6.1">Mostv.</placeName>
        </usg>
        <usg type="geo">
          <placeName type="grossregion" ref="/geodata-wboe.xml#p6.2">Industriev.</placeName>
        </usg>
        <usg type="geo">
          <placeName type="grossregion" ref="/geodata-wboe.xml#p6.4">Weinv.</placeName>
        </usg>
        <usg type="geo">
          <placeName type="bundesland" ref="/geodata-wboe.xml#p6.5">Wien</placeName>
        </usg>
        <note type="kommentar" resp="#FF">Die Betonungs- und Lautverhältnisse des lateinischen Lehnwortes wurden vereinzelt umgedeutet und abgewandelt. Der initiale
          <c>a</c>-Monophthong des Stammvokals wird meist beibehalten
          <xr>
            <ref>ƒamīlį</ref>
          </xr>, teilweise auch aufgrund des nachfolgenden Nasals stark nasaliert, etwa im Mittelbairischen
          <xr>
            <ref>fãmīlə</ref>
          </xr>. In der meist betonten zweiten Silbe sind lange
          <c>i</c>-Monophthonge belegt
          <xr>
            <ref>ƒamīlį</ref>
          </xr>, im Mittelbairischen und Südmittelbairischen aufgrund des nachfolgenden Liquids auch gerundete Formen
          <xr>
            <ref>famǖlį</ref>
          </xr>. Die auslautende Vokalverbindung liegt häufig apokopiert vor
          <xr>
            <ref>ƒamīlį</ref>
          </xr>, mitunter auch zu
          <c>ə</c>abgeschwächt
          <xr>
            <ref>fãmīlə</ref>
          </xr>. Auch diese Endung wird mitunter apokopiert, wie Belege aus dem Ostmittelbairischen zeigen
          <xr>
            <ref>famǖ</ref>
          </xr>.
        </note>
        <form type="dialect">
          <pron xml:lang="bar-AT">-familli</pron>
          <usg type="geo">
            <placeName type="kleinregion" ref="/geodata-wboe.xml#p1A.1h">Umg.Meran</placeName>
          </usg>
        </form>
        <form type="dialect">
          <pron xml:lang="bar-AT">famillə</pron>
          <usg type="geo">
            <placeName type="kleinregion" ref="/geodata-wboe.xml#p1C.2g">ob.NTir.Wippt.</placeName>
          </usg>
          <usg type="geo">
            <placeName type="kleinregion" ref="/geodata-wboe.xml#p1C.2h">mittl.NTir.Wippt.</placeName>
          </usg>
          <usg type="geo">
            <placeName type="kleinregion" ref="/geodata-wboe.xml#p1C.2i">unt.NTir.Wippt.</placeName>
          </usg>
        </form>
        <form type="dialect">
          <pron xml:lang="bar-AT">famīlė</pron>
          <usg type="geo">
            <placeName type="gemeinde" ref="/geodata-wboe.xml#p2.3g01">Frauenstein</placeName>
          </usg>
        </form>
        <form type="dialect">
          <pron xml:lang="bar-AT">-famīli</pron>
          <usg type="geo">
            <placeName type="gemeinde" ref="/geodata-wboe.xml#p2.1b04">Rangersdorf</placeName>
          </usg>
        </form>
        <form type="dialect">
          <pron xml:lang="bar-AT">famíli̭</pron>
          <usg type="geo">
            <placeName type="gemeinde" ref="/geodata-wboe.xml#p5.1c05">Lambrechten</placeName>
          </usg>
        </form>
        <form type="dialect">
          <pron xml:lang="bar-AT">φãmülḙ̇</pron>
          <usg type="geo">
            <placeName type="gemeinde" ref="/geodata-wboe.xml#p5.3b06">Pinsdorf</placeName>
          </usg>
        </form>
        <form type="dialect">
          <pron xml:lang="bar-AT">fãmǖ́li</pron>
          <usg type="geo">
            <placeName type="gemeinde" ref="/geodata-wboe.xml#p6.1o01">Herzogenburg</placeName>
          </usg>
        </form>
        <form type="dialect">
          <pron xml:lang="bar-AT">-fămǖlĭ</pron>
          <usg type="geo">
            <placeName type="gemeinde" ref="/geodata-wboe.xml#p6.2e04">Rohr im Gebirge</placeName>
          </usg>
        </form>
        <form type="dialect">
          <pron xml:lang="bar-AT">famǖ́</pron>
          <pron xml:lang="bar-AT">famülį</pron>
          <usg type="geo">
            <placeName type="bundesland" ref="/geodata-wboe.xml#p6.5">Wien</placeName>
          </usg>
        </form>
        <etym>
          <seg type="desc">entlehnt aus</seg>
          <cit type="etymon">
            <lang>lat.</lang>
            <form>
              <orth>familia</orth>
            </form>
          </cit>
          <seg type="desc">, zu
            <lang>lat.</lang>
          </seg>
          <cit type="etymon">
            <form>
              <orth>famulus</orth>
            </form>
            <def>Diener</def>
          </cit>
          <seg type="desc">; zunächst</seg>
          <cit type="etymon">
            <def>Hausgenossenschaft (einschließlich der Sklaven)</def>
          </cit>
          <seg type="desc">,</seg>
          <cit type="etymon">
            <def>Gesinde</def>
          </cit>
          <ref type="bibl">
            <lbl>vgl.</lbl>Kluge 2011
            <citedRange>275</citedRange>
          </ref>
        </etym>
        <sense>
          <sense>
            <def>Gruppe von Menschen, die miteinander (bluts)verwandt sind</def>
            <usg type="geo">
              <placeName type="bundesland" ref="/geodata-wboe.xml#p1B">OTir.</placeName>
            </usg>
            <usg type="geo">
              <placeName type="bundesland" ref="/geodata-wboe.xml#p1C">NTir.</placeName>
            </usg>
            <usg type="geo">
              <placeName type="grossregion" ref="/geodata-wboe.xml#p2.2">MKtn.</placeName>
            </usg>
            <usg type="geo">
              <placeName type="bundesland" ref="/geodata-wboe.xml#p4">Sbg.</placeName>
            </usg>
            <usg type="geo">
              <placeName type="grossregion" ref="/geodata-wboe.xml#p5.3">Traunv.</placeName>
            </usg>
            <usg type="geo">
              <placeName type="grossregion" ref="/geodata-wboe.xml#p6.1">Mostv.</placeName>
            </usg>
            <usg type="geo">
              <placeName type="grossregion" ref="/geodata-wboe.xml#p6.2">Industriev.</placeName>
            </usg>
            <usg type="geo">
              <placeName type="grossregion" ref="/geodata-wboe.xml#p6.4">Weinv.</placeName>
            </usg>
            <usg type="geo">
              <placeName type="bundesland" ref="/geodata-wboe.xml#p6.5">Wien</placeName>
            </usg>
            <ptr type="collection" subtype="bedeutung" target="/collections-wboe.xml#c5648"/>
          </sense>
        </sense>
        <re>
          <form subtype="compound" type="lemma">
            <orth>Pomeiselfamilie</orth>
          </form>
          <sense>
            <sense>
              <def>Spießbürgerfamilie</def>
              <usg>(scherzhaft)</usg>
              <usg type="geo">
                <placeName type="bundesland" ref="/geodata-wboe.xml#p6.5">Wien</placeName>
              </usg>
              <ptr type="collection" subtype="bedeutung" target="/collections-wboe.xml#c5649"/>
            </sense>
          </sense>
        </re>
      </entry>
    </body>
  </text>
</TEI>