<?xml version="1.0" encoding="UTF-8"?>
    <?xml-model href="http://www.tei-c.org/release/xml/tei/custom/schema/relaxng/tei_all.rng" type="application/xml" schematypens="http://purl.oclc.org/dsdl/schematron"?>
    <?xml-model href="../../803_RNG-schematron/WBOE-ODD.rnc" type="application/relax-ng-compact-syntax"?>
<?redaktionstool version="0.7.4" ?>
<?parser type="lioe" version="0.7.3" ?>
<TEI xmlns="http://www.tei-c.org/ns/1.0">
  <teiHeader>
    <fileDesc>
      <titleStmt>
        <title>Fangeln</title>
        <respStmt>
          <resp>Editor</resp>
          <name ref="#AG">Andreas Gellan</name>
        </respStmt>
        <respStmt>
          <resp>Encoding Scheme</resp>
          <name>Jack Bowers</name>
          <name>Daniel Schopper</name>
          <name>Omar Siam</name>
        </respStmt>
        <respStmt>
          <resp>DBOE Team</resp>
          <name xml:id="AL">Alexandra N. Lenz</name>
          <name xml:id="PhS">Philipp Stöckle</name>
          <name xml:id="AG">Andreas Gellan</name>
          <name xml:id="PZ">Patrick Zeitlhuber</name>
          <name xml:id="SW">Sabine Wahl</name>
          <name xml:id="SS">Sonja Schwaiger</name>
          <name xml:id="AB">Angela Bergermayer</name>
          <name xml:id="EW">Eva Wahlmüller</name>
          <name xml:id="DG">David Gschösser</name>
          <name xml:id="StS">Stefanie Schöberl</name>
          <name xml:id="FF">Fabian Fleißner</name>
        </respStmt>
        <respStmt>
          <resp>Student assistants</resp>
          <name>Susanna Muhr</name>
          <name>Manuela Stütz</name>
          <name>Christina Hemetsberger</name>
        </respStmt>
      </titleStmt>
      <publicationStmt>
        <p></p>
      </publicationStmt>
      <sourceDesc>
        <list>
          <item>
            <label>Geo-data</label>
            <ptr xml:id="geo-inventory-WBOE" target="../geodata-wboe.xml"/>
          </item>
          <item>
            <label>Bibliography</label>
            <ptr xml:id="bibliography-WBOE" target="../bibl-wboe.xml"/>
          </item>
          <item>
            <label>WBOE-Slips</label>
            <ptr xml:id="slips-WBOE" target="../slips-wboe.xml"/>
          </item>
          <item>
            <label>WBOE-Collections</label>
            <ptr xml:id="collections-WBOE" target="../collections-wboe.xml"/>
          </item>
        </list>
      </sourceDesc>
    </fileDesc>
    <revisionDesc>
      <listChange>
        <change status="in progress" when="2020-04-07" who="#AG">Datensatz erstellt</change>
        <change status="peer correction" when="2020-04-10" who="#AG">fertiggestellt und verschoben</change>
        <change status="internal correction" when="2020-07-06" who="#AG">minimale Änderungen</change>
        <change status="external correction" when="2020-08-20" who="#AG">LK noch ausständig, ansonsten fertig für JE/IG</change>
        <change status="external correction" when="2020-10-05" who="#AG">Anmerkungen eingearbeitet</change>
        <change status="external correction" when="2020-11-26" who="#PZ">LK eingefügt</change>
        <change status="external correction" when="2020-11-26" who="#AG">an JE weitergeleitet</change>
        <change status="external correction" when="2020-11-26" who="#AG">LK eingefügt und formatiert; an JE weitergeleitet</change>
        <change status="finished" when="2020-12-17" who="#PZ">JE keine Anmerkungen zu Artikel oder LK</change>
        <change status="finished" when="2022-01-07" who="#AG">Anm. eingearbeitet</change>
      </listChange>
    </revisionDesc>
  </teiHeader>
  <text>
    <body>
      <entry>
        <form type="lemma" xml:id="Fangeln__Fangerln">
          <orth>Fangeln, Fangerln</orth>
          <ptr type="collection" subtype="lemma" target="/collections-wboe.xml#c4125"/>
        </form>
        <gramGrp>
          <gram type="pos">Substantiv</gram>
          <gram type="gender">Neutrum</gram>
        </gramGrp>
        <usg type="geo">
          <placeName type="grossregion" ref="/geodata-wboe.xml#p1A.1">wSTir.</placeName>
        </usg>
        <usg type="geo">
          <placeName type="bundesland" ref="/geodata-wboe.xml#p1C">NTir.</placeName>
        </usg>
        <usg type="geo">
          <placeName type="grossregion" ref="/geodata-wboe.xml#p4.5">Flachg.</placeName>
        </usg>
        <usg type="geo">
          <placeName type="grossregion" ref="/geodata-wboe.xml#p5.3">Traunv.</placeName>
        </usg>
        <usg type="geo">
          <placeName type="bundesland" ref="/geodata-wboe.xml#p6">NÖ</placeName>
        </usg>
        <usg type="geo">
          <placeName type="grossregion" ref="/geodata-wboe.xml#p7.1">NBgl.</placeName>
        </usg>
        <usg type="geo">
          <placeName type="grossregion" ref="/geodata-wboe.xml#p7.2">MBgl.</placeName>
        </usg>
        <note type="kommentar" resp="#PZ">Der auf mhd.
          <c>a</c>zurückgehende Stammvokal findet sich in unterschiedlichen Qualitäten, teilweise mit Nasalierung und Nasaltilgung ohne klare regionale Verteilung. Regelhafte Verdumpfung ist im Südbairischen Südtirols und im Mittelbairischen belegt
          <xr>
            <ref>fǫŋgɒln</ref>
            <ref>fǫ̃ŋgɒlį</ref>
          </xr>. Im bairisch-alemannischen Übergangsgebiet des westlichen Nordtirols und vereinzelt im Mittelbairischen kommen helle
          <c>a</c>-Monophthonge vor
          <xr>
            <ref>faŋgɒln</ref>
          </xr>. Parallel finden sich Varianten mit und ohne Schwund des velaren Plosivs
          <xr>
            <ref>fǫ̃ŋəles</ref>
            <ref>fǫ̃ŋɒlɒ̃n</ref>
          </xr>. Das Suffix betreffend gibt es beträchtliche Variation in phonetischer und morphologischer Hinsicht im gesamten Verbreitungsgebiet, wobei es sich höchstwahrscheinlich um Verballhornungen handelt. Im Südbairischen dominieren Formen des -
          <c>elein</c>-Typs in unterschiedlichen Ausprägungen, die jedoch vereinzelt ebenfalls in den anderen Dialektregionen vorkommen
          <xr>
            <ref>fǫ̃ŋəlęs</ref>
            <ref>fǫ̃ŋgəlęks</ref>
            <ref>fǫŋgɒlɒts</ref>
            <ref>fǫŋgɒlį</ref>
            <ref>faŋgɒ̃lɒ̃</ref>
          </xr>. Im Südmittel- und Mittelbairischen finden sich hauptsächlich Varianten des
          <c>eln</c>-Typs
          <xr>
            <ref>fǫŋgɒln</ref>
          </xr>. Die im Mostviertel belegte Variante
          <c>fādɒl</c>geht auf mhd.
          <c>vahen</c>, die Grundform von
          <c>vangen</c>, zurück.
        </note>
        <form type="dialect">
          <pron xml:lang="bar-AT">få̃ŋəles</pron>
          <usg type="geo">
            <placeName type="gemeinde" ref="/geodata-wboe.xml#p1A.1h05">Schenna</placeName>
          </usg>
        </form>
        <form type="dialect">
          <pron xml:lang="bar-AT">fangãlã</pron>
          <usg type="geo">
            <placeName type="gemeinde" ref="/geodata-wboe.xml#p1C.1e02">Forchach</placeName>
          </usg>
        </form>
        <form type="dialect">
          <pron xml:lang="bar-AT">få̃ŋgəlękß</pron>
          <usg type="geo">
            <placeName type="gemeinde" ref="/geodata-wboe.xml#p1C.2m01">Innsbruck</placeName>
          </usg>
        </form>
        <form type="dialect">
          <pron xml:lang="bar-AT">foŋgalatz</pron>
          <usg type="geo">
            <placeName type="gemeinde" ref="/geodata-wboe.xml#p1C.3e06">Kufstein</placeName>
          </usg>
        </form>
        <form type="dialect">
          <pron xml:lang="bar-AT">fǫ̃ŋɒlãn</pron>
          <usg type="geo">
            <placeName type="gemeinde" ref="/geodata-wboe.xml#p4.5d06">Strobl</placeName>
          </usg>
        </form>
        <form type="dialect">
          <pron xml:lang="bar-AT">fangáln</pron>
          <usg type="geo">
            <placeName type="gemeinde" ref="/geodata-wboe.xml#p5.3a05">Bad Ischl</placeName>
          </usg>
        </form>
        <form type="dialect">
          <pron xml:lang="bar-AT">fångerln</pron>
          <usg type="geo">
            <placeName type="gemeinde" ref="/geodata-wboe.xml#p5.3a06">Obertraun</placeName>
          </usg>
        </form>
        <form type="dialect">
          <pron xml:lang="bar-AT">fongalas</pron>
          <usg type="geo">
            <placeName type="gemeinde" ref="/geodata-wboe.xml#p6.1l05">Rabenstein an der Pielach</placeName>
          </usg>
        </form>
        <form type="dialect">
          <pron xml:lang="bar-AT">fadaʳl</pron>
          <usg type="geo">
            <placeName type="gemeinde" ref="/geodata-wboe.xml#p6.1s06">Sitzenberg-Reidling</placeName>
          </usg>
        </form>
        <form type="dialect">
          <pron xml:lang="bar-AT">-fangerl</pron>
          <usg type="geo">
            <placeName type="gemeinde" ref="/geodata-wboe.xml#p6.2g06">Schottwien</placeName>
          </usg>
        </form>
        <form type="dialect">
          <pron xml:lang="bar-AT">-fongali</pron>
          <usg type="geo">
            <placeName type="gemeinde" ref="/geodata-wboe.xml#p7.1d26">Winden am See</placeName>
          </usg>
        </form>
        <form type="dialect">
          <pron xml:lang="bar-AT">-fangeln</pron>
          <usg type="geo">
            <placeName type="gemeinde" ref="/geodata-wboe.xml#p7.2a07">Markt St. Martin</placeName>
          </usg>
          <ptr type="collection" subtype="lautung" target="/collections-wboe.xml#c4800"/>
        </form>
        <etym>
          <seg type="desc">Ableitung von</seg>
          <cit type="etymon">
            <xr type="lemma">
              <ref target="fangen.xml">fangen</ref>
            </xr>
          </cit>
        </etym>
        <sense>
          <sense>
            <def>Fangen; Hinterherlaufen (Kinderspiel, bei dem ein Kind einem anderen hinterherläuft, um es mit einem leichten Schlag zu erwischen. Dann ist dieses Kind an der Reihe.)</def>
            <usg type="geo">
              <placeName type="grossregion" ref="/geodata-wboe.xml#p1A.1">wSTir.</placeName>
            </usg>
            <usg type="geo">
              <placeName type="bundesland" ref="/geodata-wboe.xml#p1C">NTir.</placeName>
            </usg>
            <usg type="geo">
              <placeName type="grossregion" ref="/geodata-wboe.xml#p4.5">Flachg.</placeName>
            </usg>
            <usg type="geo">
              <placeName type="grossregion" ref="/geodata-wboe.xml#p5.3">Traunv.</placeName>
            </usg>
            <usg type="geo">
              <placeName type="bundesland" ref="/geodata-wboe.xml#p6">NÖ</placeName>
            </usg>
            <cit type="example">
              <quote xml:lang="bar-AT">få̃ŋəles tiə̃n</quote>
              <usg type="geo">
                <placeName type="gemeinde" ref="/geodata-wboe.xml#p1A.1h05">Schenna</placeName>
              </usg>
            </cit>
            <cit type="example">
              <quote xml:lang="bar-AT">Foŋgalatz tõa</quote>
              <usg type="geo">
                <placeName type="gemeinde" ref="/geodata-wboe.xml#p1C.3e06">Kufstein</placeName>
              </usg>
            </cit>
            <cit type="example">
              <quote xml:lang="bar-AT">Fangerl spüln</quote>
              <usg type="geo">
                <placeName type="gemeinde" ref="/geodata-wboe.xml#p5.3o04">Losenstein</placeName>
              </usg>
            </cit>
            <cit type="example">
              <quote xml:lang="bar-AT">F­adaʳl schbüˡn</quote>
              <usg type="geo">
                <placeName type="gemeinde" ref="/geodata-wboe.xml#p6.1s06">Sitzenberg-Reidling</placeName>
              </usg>
            </cit>
            <ptr type="collection" subtype="bedeutung" target="/collections-wboe.xml#c4801"/>
          </sense>
        </sense>
        <re>
          <form subtype="compound" type="lemma">
            <orth>Abfangeln, Abfangerln</orth>
          </form>
          <sense>
            <sense>
              <def>Fangen; Hinterherlaufen (Kinderspiel)</def>
              <usg type="geo">
                <placeName type="grossregion" ref="/geodata-wboe.xml#p6.2">Industriev.</placeName>
              </usg>
              <usg type="geo">
                <placeName type="grossregion" ref="/geodata-wboe.xml#p7.2">MBgl.</placeName>
              </usg>
            </sense>
          </sense>
          <ptr type="collection" subtype="wortbildung" target="/collections-wboe.xml#c4825"/>
        </re>
        <re>
          <form subtype="compound" type="lemma">
            <orth>Erfangeln</orth>
          </form>
          <sense>
            <sense>
              <def>Fangen; Hinterherlaufen (Kinderspiel)</def>
              <usg type="geo">
                <placeName type="grossregion" ref="/geodata-wboe.xml#p7.1">NBgl.</placeName>
              </usg>
            </sense>
          </sense>
          <ptr type="collection" subtype="wortbildung" target="/collections-wboe.xml#c4826"/>
        </re>
      </entry>
    </body>
  </text>
</TEI>