<?xml version="1.0" encoding="UTF-8"?>
    <?xml-model href="http://www.tei-c.org/release/xml/tei/custom/schema/relaxng/tei_all.rng" type="application/xml" schematypens="http://purl.oclc.org/dsdl/schematron"?>
    <?xml-model href="../../803_RNG-schematron/WBOE-ODD.rnc" type="application/relax-ng-compact-syntax"?>
<?redaktionstool version="0.7.4" ?>
<?parser type="lioe" version="0.7.3" ?>
<TEI xmlns="http://www.tei-c.org/ns/1.0">
  <teiHeader>
    <fileDesc>
      <titleStmt>
        <title>Farch, Fark</title>
        <respStmt>
          <resp>Editor</resp>
          <name ref="#AG">Andreas Gellan</name>
        </respStmt>
        <respStmt>
          <resp>Encoding Scheme</resp>
          <name>Jack Bowers</name>
          <name>Daniel Schopper</name>
          <name>Omar Siam</name>
        </respStmt>
        <respStmt>
          <resp>DBOE Team</resp>
          <name xml:id="AL">Alexandra N. Lenz</name>
          <name xml:id="PhS">Philipp Stöckle</name>
          <name xml:id="AG">Andreas Gellan</name>
          <name xml:id="PZ">Patrick Zeitlhuber</name>
          <name xml:id="SW">Sabine Wahl</name>
          <name xml:id="SS">Sonja Schwaiger</name>
          <name xml:id="AB">Angela Bergermayer</name>
          <name xml:id="EW">Eva Wahlmüller</name>
          <name xml:id="DG">David Gschösser</name>
          <name xml:id="StS">Stefanie Schöberl</name>
          <name xml:id="FF">Fabian Fleißner</name>
        </respStmt>
        <respStmt>
          <resp>Student assistants</resp>
          <name>Susanna Muhr</name>
          <name>Manuela Stütz</name>
          <name>Christina Hemetsberger</name>
        </respStmt>
      </titleStmt>
      <publicationStmt>
        <p></p>
      </publicationStmt>
      <sourceDesc>
        <list>
          <item>
            <label>Geo-data</label>
            <ptr xml:id="geo-inventory-WBOE" target="../geodata-wboe.xml"/>
          </item>
          <item>
            <label>Bibliography</label>
            <ptr xml:id="bibliography-WBOE" target="../bibl-wboe.xml"/>
          </item>
          <item>
            <label>WBOE-Slips</label>
            <ptr xml:id="slips-WBOE" target="../slips-wboe.xml"/>
          </item>
          <item>
            <label>WBOE-Collections</label>
            <ptr xml:id="collections-WBOE" target="../collections-wboe.xml"/>
          </item>
        </list>
      </sourceDesc>
    </fileDesc>
    <revisionDesc>
      <listChange>
        <change status="in progress" when="2020-11-04" who="#AG">Datensatz erstellt</change>
        <change status="external correction" when="2021-03-11" who="#AG">LK noch ausständig</change>
        <change status="external correction" when="2021-04-14" who="#AG">LK eingefügt, weiter an JE</change>
        <change status="finished" when="2021-06-04" who="#AG">finished</change>
        <change status="finished" when="2022-01-14" who="#AG">Final Version</change>
      </listChange>
    </revisionDesc>
  </teiHeader>
  <text>
    <body>
      <entry>
        <form type="lemma" xml:id="Farch__Fark">
          <orth>Farch, Fark</orth>
          <ptr type="collection" subtype="lemma" target="/collections-wboe.xml#c3964"/>
        </form>
        <gramGrp>
          <gram type="pos">Substantiv</gram>
          <gram type="gender">Maskulinum</gram>
          <gram type="gender">Neutrum</gram>
        </gramGrp>
        <form type="variant" subtype="diminutive" xml:id="Faerchel">
          <orth>Färchel</orth>
          <gramGrp>
            <gram type="gender">Neutrum</gram>
          </gramGrp>
        </form>
        <form type="variant" subtype="diminutive" xml:id="Faercherl">
          <orth>Färcherl</orth>
          <gramGrp>
            <gram type="gender">Neutrum</gram>
          </gramGrp>
        </form>
        <form type="variant" subtype="diminutive" xml:id="Faerchelein">
          <orth>Färchelein</orth>
          <gramGrp>
            <gram type="gender">Neutrum</gram>
          </gramGrp>
        </form>
        <form type="variant" subtype="diminutive" xml:id="Faerkel">
          <orth>Färkel</orth>
          <gramGrp>
            <gram type="gender">Neutrum</gram>
          </gramGrp>
        </form>
        <form type="variant" subtype="diminutive" xml:id="Faerkerl">
          <orth>Färkerl</orth>
          <gramGrp>
            <gram type="gender">Neutrum</gram>
          </gramGrp>
        </form>
        <form type="variant" subtype="diminutive" xml:id="Faetscherl">
          <orth>Fätscherl</orth>
          <gramGrp>
            <gram type="gender">Neutrum</gram>
          </gramGrp>
        </form>
        <form type="variant" subtype="diminutive" xml:id="Faetschi">
          <orth>Fätschi</orth>
          <gramGrp>
            <gram type="gender">Neutrum</gram>
          </gramGrp>
        </form>
        <usg type="geo">
          <placeName type="grossregion" ref="/geodata-wboe.xml#p1A.4">öSTir.</placeName>
        </usg>
        <usg type="geo">
          <placeName type="grossregion" ref="/geodata-wboe.xml#p1B.0">OTir.</placeName>
        </usg>
        <usg type="geo">
          <placeName type="bundesland" ref="/geodata-wboe.xml#p1C">NTir.</placeName>
        </usg>
        <usg type="geo">
          <placeName type="bundesland" ref="/geodata-wboe.xml#p2">Ktn.</placeName>
        </usg>
        <usg type="geo">
          <placeName type="bundesland" ref="/geodata-wboe.xml#p3">Stmk.</placeName>
        </usg>
        <usg type="geo">
          <placeName type="bundesland" ref="/geodata-wboe.xml#p4">Sbg.</placeName>
        </usg>
        <usg type="geo">
          <placeName type="bundesland" ref="/geodata-wboe.xml#p5">OÖ</placeName>
        </usg>
        <usg type="geo">
          <placeName type="bundesland" ref="/geodata-wboe.xml#p6">NÖ</placeName>
        </usg>
        <usg type="geo">
          <placeName type="bundesland" ref="/geodata-wboe.xml#p6.5">Wien</placeName>
        </usg>
        <usg type="geo">
          <placeName type="bundesland" ref="/geodata-wboe.xml#p7">Bgl.</placeName>
        </usg>
        <note type="kommentar" resp="#DG">
          <xr></xr>Das bis auf den äußersten Westen im ganzen Untersuchungsgebiet vorkommende Lexem ist nur selten als Grundform belegt. Wenn, dann im östlichen Nordtirol mit verdumpftem
          <c>a</c>-Monophthong, erhaltenem Liquid und frikativischem Auslaut
          <xr>
            <ref>fǫrx</ref>
          </xr>, im Innviertel mit hellem oder verdumpftem
          <c>a</c>-Monophthong, koronalem Approximanten und plosivischem Auslaut
          <xr>
            <ref>fark</ref>
            <ref>fǫrk</ref>
          </xr>, im Mühlviertel mit verdumpftem
          <c>a</c>-Monophthong, vokalisiertem Liquid, plosivischem Velar und silbischer nasalhaltiger Endung
          <xr>
            <ref>fǫɒkŋ̥</ref>
          </xr>sowie im Industrieviertel mit hellem
          <c>a</c>-Monophthong, erhaltenem Liquid und plosivischem Auslaut
          <xr>
            <ref>fark</ref>
          </xr>. Für die weitaus häufiger belegten Diminutive liegen für umgelautetes mhd.
          <c>ä</c>im Stammvokal regelhaft lange helle
          <c>a</c>-Monophthonge vor
          <xr>
            <ref>fārl̥</ref>
          </xr>. Durch den Ausfall des Velars und
          <c>e</c>-Synkope tritt im gesamten Verbreitungsgebiet das
          <c>l</c>des Diminutivsuffixes an das
          <c>r</c>, was zu verschiedenen Wechselwirkungen führt. Während sich im Südbairischen und östlichen Südmittelbairischen das
          <c>r</c>vor
          <c>l</c>größtenteils erhalten hat
          <xr>
            <ref>fārl̥</ref>
            <ref>fārlə</ref>
          </xr>, ist es im Mittelbairischen und westlichen Südmittelbairischen zu
          <c>d</c>gewandelt worden
          <xr>
            <ref>fādl̥</ref>
            <ref>fādlį</ref>
          </xr>oder schließlich ganz geschwunden
          <xr>
            <ref>fāl̥</ref>
            <ref>fālį</ref>
          </xr>. Im Lungau ist die Lautverbindung
          <c>rl</c>regelhaft zu
          <c>o</c>vokalisiert worden
          <xr>
            <ref>fāǫ</ref>
          </xr>. Das Diminutivsuffix erscheint im ganzen Verbreitungsgebiet als silbisches
          <c>l</c>
          <xr>
            <ref>fārl̥</ref>
            <ref>fādl̥</ref>
            <ref>fāl̥</ref>
          </xr>, daneben sind im östlichen Südbairischen auch vokalhaltige Endungen vertreten
          <xr>
            <ref>fārlə</ref>
            <ref>fādlį</ref>
            <ref>fālį</ref>
          </xr>. Ausgehend von diesen Formen sind im Ostmittelbairischen weitere Diminuierungen mit auslautendem -
          <c>al</c>oder -
          <c>i</c>und optionalem inlautenden -
          <c>ts(ch)</c>- zu finden
          <xr>
            <ref>fādɒl</ref>
            <ref>fārį</ref>
            <ref>fādį</ref>
            <ref>fādsį</ref>
          </xr>. Vereinzelt ist auch die Diminuierung der vollen Grundform belegt
          <xr>
            <ref>farkl̥</ref>
            <ref>fǫɒkl̥</ref>
          </xr>.
        </note>
        <form type="dialect">
          <pron xml:lang="bar-AT">fârl</pron>
          <usg>[Dim.]</usg>
          <usg type="geo">
            <placeName type="kleinregion" ref="/geodata-wboe.xml#p1A.4i">ob.STir.Pustert.</placeName>
          </usg>
        </form>
        <form type="dialect">
          <pron xml:lang="bar-AT">fârl</pron>
          <usg>[Dim.]</usg>
          <usg type="geo">
            <placeName type="kleinregion" ref="/geodata-wboe.xml#p1B.0a">westl.OTir.Pustert.</placeName>
          </usg>
        </form>
        <form type="dialect">
          <pron xml:lang="bar-AT">fårl</pron>
          <usg>[Dim.]</usg>
          <usg type="geo">
            <placeName type="gemeinde" ref="/geodata-wboe.xml#p2.1b04">Rangersdorf</placeName>
          </usg>
        </form>
        <form type="dialect">
          <pron xml:lang="bar-AT">faᵈl</pron>
          <usg>[Dim.]</usg>
          <usg type="geo">
            <placeName type="gemeinde" ref="/geodata-wboe.xml#p2.2i04">Paternion</placeName>
          </usg>
        </form>
        <form type="dialect">
          <pron xml:lang="bar-AT">fādɫ̥</pron>
          <usg>[Dim.]</usg>
          <usg type="geo">
            <placeName type="grossregion" ref="/geodata-wboe.xml#p2.4">UKtn.</placeName>
          </usg>
        </form>
        <form type="dialect">
          <pron xml:lang="bar-AT">‑fadlė</pron>
          <usg>[Dim.]</usg>
          <usg type="geo">
            <placeName type="gemeinde" ref="/geodata-wboe.xml#p2.4c04">Bad St. Leonhard im Lavanttal</placeName>
          </usg>
        </form>
        <form type="dialect">
          <pron xml:lang="bar-AT">fadli</pron>
          <usg>[Dim.]</usg>
          <usg type="geo">
            <placeName type="gemeinde" ref="/geodata-wboe.xml#p2.4d01">Wolfsberg</placeName>
          </usg>
        </form>
        <form type="dialect">
          <pron xml:lang="bar-AT">fadl</pron>
          <usg>[Dim.]</usg>
          <usg type="geo">
            <placeName type="gemeinde" ref="/geodata-wboe.xml#p3.1c10">St. Peter am Kammersberg</placeName>
          </usg>
        </form>
        <form type="dialect">
          <pron xml:lang="bar-AT">‑fāl</pron>
          <usg>[Dim.]</usg>
          <usg type="geo">
            <placeName type="gemeinde" ref="/geodata-wboe.xml#p3.1b01">Neumarkt in der Steiermark</placeName>
          </usg>
        </form>
        <form type="dialect">
          <pron xml:lang="bar-AT">fādl̥</pron>
          <usg>[Dim.]</usg>
          <usg type="geo">
            <placeName type="gemeinde" ref="/geodata-wboe.xml#p3.1d08">St. Georgen ob Judenburg</placeName>
          </usg>
        </form>
        <form type="dialect">
          <pron xml:lang="bar-AT">-faᵈl</pron>
          <usg>[Dim.]</usg>
          <usg type="geo">
            <placeName type="gemeinde" ref="/geodata-wboe.xml#p3.2b02">Kammern im Liesingtal</placeName>
          </usg>
        </form>
        <form type="dialect">
          <pron xml:lang="bar-AT">fāʳl</pron>
          <usg>[Dim.]</usg>
          <usg type="geo">
            <placeName type="gemeinde" ref="/geodata-wboe.xml#p3.2b05">Wald am Schoberpaß</placeName>
          </usg>
        </form>
        <form type="dialect">
          <pron xml:lang="bar-AT">fāl̥</pron>
          <usg>[Dim.]</usg>
          <usg type="geo">
            <placeName type="kleinregion" ref="/geodata-wboe.xml#p3.2i">Auss.Ld.</placeName>
          </usg>
        </form>
        <form type="dialect">
          <pron xml:lang="bar-AT">fadli</pron>
          <usg>[Dim.]</usg>
          <pron xml:lang="bar-AT">‑fadl</pron>
          <cit type="translation">
            <quote xml:lang="de">Dim.</quote>
          </cit>
          <usg type="geo">
            <placeName type="gemeinde" ref="/geodata-wboe.xml#p3.3c08">Stainz</placeName>
          </usg>
        </form>
        <form type="dialect">
          <pron xml:lang="bar-AT">fadɫ</pron>
          <usg>[Dim.]</usg>
          <usg type="geo">
            <placeName type="gemeinde" ref="/geodata-wboe.xml#p3.3d01">Deutschlandsberg</placeName>
          </usg>
        </form>
        <form type="dialect">
          <pron xml:lang="bar-AT">fādl</pron>
          <usg>[Dim.]</usg>
          <usg type="geo">
            <placeName type="gemeinde" ref="/geodata-wboe.xml#p3.4a18">Übelbach</placeName>
          </usg>
        </form>
        <form type="dialect">
          <pron xml:lang="bar-AT">faʳkaʳl</pron>
          <usg>[Dim.]</usg>
          <usg type="geo">
            <placeName type="gemeinde" ref="/geodata-wboe.xml#p3.4b28">Thal</placeName>
          </usg>
        </form>
        <form type="dialect">
          <pron xml:lang="bar-AT">faʳl</pron>
          <usg>[Dim.]</usg>
          <usg type="geo">
            <placeName type="gemeinde" ref="/geodata-wboe.xml#p3.4d01">Graz</placeName>
          </usg>
        </form>
        <form type="dialect">
          <pron xml:lang="bar-AT">fāl</pron>
          <usg>[Dim.]</usg>
          <usg type="geo">
            <placeName type="gemeinde" ref="/geodata-wboe.xml#p3.5a05">Kumberg</placeName>
          </usg>
        </form>
        <form type="dialect">
          <pron xml:lang="bar-AT">faʳl</pron>
          <usg>[Dim.]</usg>
          <usg type="geo">
            <placeName type="gemeinde" ref="/geodata-wboe.xml#p3.5d20">Vorau</placeName>
          </usg>
        </form>
        <form type="dialect">
          <pron xml:lang="bar-AT">fāᵈl</pron>
          <usg>[Dim.]</usg>
          <usg type="geo">
            <placeName type="gemeinde" ref="/geodata-wboe.xml#p3.5j05">Feldbach</placeName>
          </usg>
        </form>
        <form type="dialect">
          <pron xml:lang="bar-AT">faå</pron>
          <usg>[Dim.]</usg>
          <usg type="geo">
            <placeName type="gemeinde" ref="/geodata-wboe.xml#p4.1d12">Weißpriach</placeName>
          </usg>
        </form>
        <form type="dialect">
          <pron xml:lang="bar-AT">farl</pron>
          <usg>[Dim.]</usg>
          <usg type="geo">
            <placeName type="gemeinde" ref="/geodata-wboe.xml#p4.2h03">Unken</placeName>
          </usg>
        </form>
        <form type="dialect">
          <pron xml:lang="bar-AT">vāl̥n</pron>
          <usg>[Dim., Pl.]</usg>
          <usg type="geo">
            <placeName type="gemeinde" ref="/geodata-wboe.xml#p4.5d06">Strobl</placeName>
          </usg>
        </form>
        <form type="dialect">
          <pron xml:lang="bar-AT">fǫʳk</pron>
          <usg type="geo">
            <placeName type="gemeinde" ref="/geodata-wboe.xml#p5.1a02">Eggelsberg</placeName>
          </usg>
        </form>
        <form type="dialect">
          <pron xml:lang="bar-AT">fàrh</pron>
          <pron xml:lang="bar-AT">fàȓk</pron>
          <pron xml:lang="bar-AT">far̆kĕl</pron>
          <usg>[Dim.]</usg>
          <usg type="geo">
            <placeName type="kleinregion" ref="/geodata-wboe.xml#p5.1b">nördl.obInnv.</placeName>
          </usg>
        </form>
        <form type="dialect">
          <pron xml:lang="bar-AT">faʳkl</pron>
          <usg>[Dim.]</usg>
          <pron xml:lang="bar-AT">‑farl</pron>
          <cit type="translation">
            <quote xml:lang="de">Dim.</quote>
          </cit>
          <usg type="geo">
            <placeName type="gemeinde" ref="/geodata-wboe.xml#p5.1c07">Mühlheim am Inn</placeName>
          </usg>
        </form>
        <form type="dialect">
          <pron xml:lang="bar-AT">ϕatʃi</pron>
          <usg>[Dim.]</usg>
          <usg type="geo">
            <placeName type="gemeinde" ref="/geodata-wboe.xml#p5.2a29">Prambachkirchen</placeName>
          </usg>
        </form>
        <form type="dialect">
          <pron xml:lang="bar-AT">fāʳll</pron>
          <usg>[Dim.]</usg>
          <usg type="geo">
            <placeName type="gemeinde" ref="/geodata-wboe.xml#p5.2b39">Schlatt</placeName>
          </usg>
        </form>
        <form type="dialect">
          <pron xml:lang="bar-AT">‑fāhl</pron>
          <usg>[Dim.]</usg>
          <usg type="geo">
            <placeName type="gemeinde" ref="/geodata-wboe.xml#p5.2e01">Linz</placeName>
          </usg>
        </form>
        <form type="dialect">
          <pron xml:lang="bar-AT">ɸāl̥</pron>
          <usg>[Dim.]</usg>
          <usg type="geo">
            <placeName type="gemeinde" ref="/geodata-wboe.xml#p5.3a05">Bad Ischl</placeName>
          </usg>
        </form>
        <form type="dialect">
          <pron xml:lang="bar-AT">‑faʳl</pron>
          <usg>[Dim.]</usg>
          <usg type="geo">
            <placeName type="gemeinde" ref="/geodata-wboe.xml#p5.3b02">Gmunden</placeName>
          </usg>
        </form>
        <form type="dialect">
          <pron xml:lang="bar-AT">fa(d)l</pron>
          <usg>[Dim.]</usg>
          <usg type="geo">
            <placeName type="gemeinde" ref="/geodata-wboe.xml#p5.3g06">Micheldorf in Oberösterreich</placeName>
          </usg>
        </form>
        <form type="dialect">
          <pron xml:lang="bar-AT">fāraė</pron>
          <usg>[Dim.]</usg>
          <usg type="geo">
            <placeName type="gemeinde" ref="/geodata-wboe.xml#p5.4b13">Ulrichsberg</placeName>
          </usg>
        </form>
        <form type="dialect">
          <pron xml:lang="bar-AT">fādí</pron>
          <usg>[Dim.]</usg>
          <usg type="geo">
            <placeName type="gemeinde" ref="/geodata-wboe.xml#p5.4c04">Gramastetten</placeName>
          </usg>
        </form>
        <form type="dialect">
          <pron xml:lang="bar-AT">ϕāτσ̌ɐl</pron>
          <usg>[Dim.]</usg>
          <usg type="geo">
            <placeName type="gemeinde" ref="/geodata-wboe.xml#p5.4h14">Bad Zell</placeName>
          </usg>
        </form>
        <form type="dialect">
          <pron xml:lang="bar-AT">fa(d)l</pron>
          <usg>[Dim.]</usg>
          <usg type="geo">
            <placeName type="gemeinde" ref="/geodata-wboe.xml#p5.4j01">Grein</placeName>
          </usg>
        </form>
        <form type="dialect">
          <pron xml:lang="bar-AT">ɸaɫ̥</pron>
          <usg>[Dim.]</usg>
          <usg type="geo">
            <placeName type="bundesland" ref="/geodata-wboe.xml#p6">NÖ</placeName>
          </usg>
        </form>
        <form type="dialect">
          <pron xml:lang="bar-AT">ɸāᵈl̥</pron>
          <usg>[Dim.]</usg>
          <usg type="geo">
            <placeName type="gemeinde" ref="/geodata-wboe.xml#p6.1g01">Gresten</placeName>
          </usg>
        </form>
        <form type="dialect">
          <pron xml:lang="bar-AT">fāᵈl</pron>
          <usg>[Dim.]</usg>
          <usg type="geo">
            <placeName type="gemeinde" ref="/geodata-wboe.xml#p6.1n02">Dunkelsteinerwald</placeName>
          </usg>
        </form>
        <form type="dialect">
          <pron xml:lang="bar-AT">φaτσ̌al</pron>
          <usg>[Dim.]</usg>
          <usg type="geo">
            <placeName type="gemeinde" ref="/geodata-wboe.xml#p6.1p12">Türnitz</placeName>
          </usg>
        </form>
        <form type="dialect">
          <pron xml:lang="bar-AT">‑fadl</pron>
          <usg>[Dim.]</usg>
          <usg type="geo">
            <placeName type="gemeinde" ref="/geodata-wboe.xml#p6.2e03">Puchberg am Schneeberg</placeName>
          </usg>
        </form>
        <form type="dialect">
          <pron xml:lang="bar-AT">fādăʳl</pron>
          <usg>[Dim.]</usg>
          <usg type="geo">
            <placeName type="gemeinde" ref="/geodata-wboe.xml#p6.2j15">Pottendorf</placeName>
          </usg>
        </form>
        <form type="dialect">
          <gramGrp></gramGrp>
          <pron xml:lang="bar-AT">faʳl</pron>
          <usg>[Dim.]</usg>
          <usg type="geo">
            <placeName type="grossregion" ref="/geodata-wboe.xml#p6.3">Waldv.</placeName>
          </usg>
        </form>
        <form type="dialect">
          <pron xml:lang="bar-AT">ɸāɫ̥</pron>
          <usg>[Dim.]</usg>
          <usg type="geo">
            <placeName type="gemeinde" ref="/geodata-wboe.xml#p6.3a15">Kautzen</placeName>
          </usg>
        </form>
        <form type="dialect">
          <pron xml:lang="bar-AT">‑faɫ</pron>
          <usg>[Dim.]</usg>
          <usg type="geo">
            <placeName type="gemeinde" ref="/geodata-wboe.xml#p6.3f01">Allentsteig</placeName>
          </usg>
        </form>
        <form type="dialect">
          <pron xml:lang="bar-AT">fāɫ</pron>
          <usg>[Dim.]</usg>
          <usg type="geo">
            <placeName type="gemeinde" ref="/geodata-wboe.xml#p6.4d18">Poysdorf</placeName>
          </usg>
        </form>
        <form type="dialect">
          <pron xml:lang="bar-AT">‑faʳʰl</pron>
          <usg>[Dim.]</usg>
          <usg type="geo">
            <placeName type="gemeinde" ref="/geodata-wboe.xml#p6.4f18">Spannberg</placeName>
          </usg>
        </form>
        <form type="dialect">
          <pron xml:lang="bar-AT">faᵈl</pron>
          <usg>[Dim.]</usg>
          <usg type="geo">
            <placeName type="gemeinde" ref="/geodata-wboe.xml#p6.5j01">Favoriten</placeName>
          </usg>
        </form>
        <form type="dialect">
          <pron xml:lang="bar-AT">ɸaɫ̥</pron>
          <usg>[Dim.]</usg>
          <usg type="geo">
            <placeName type="gemeinde" ref="/geodata-wboe.xml#p6.5u06">Leopoldau</placeName>
          </usg>
        </form>
        <form type="dialect">
          <pron xml:lang="bar-AT">fāᵈˡ</pron>
          <usg>[Dim.]</usg>
          <usg type="geo">
            <placeName type="gemeinde" ref="/geodata-wboe.xml#p6.5w06">Mauer</placeName>
          </usg>
        </form>
        <form type="dialect">
          <pron xml:lang="bar-AT">ɸāl̥</pron>
          <usg>[Dim.]</usg>
          <usg type="geo">
            <placeName type="gemeinde" ref="/geodata-wboe.xml#p7.1a03">Gattendorf</placeName>
          </usg>
        </form>
        <form type="dialect">
          <pron xml:lang="bar-AT">fadl</pron>
          <usg>[Dim.]</usg>
          <usg type="geo">
            <placeName type="gemeinde" ref="/geodata-wboe.xml#p7.1e03">Forchtenstein</placeName>
          </usg>
        </form>
        <form type="dialect">
          <pron xml:lang="bar-AT">fa'rl</pron>
          <usg>[Dim.]</usg>
          <usg type="geo">
            <placeName type="gemeinde" ref="/geodata-wboe.xml#p7.1e10">Zemendorf-Stöttera</placeName>
          </usg>
        </form>
        <form type="dialect">
          <pron xml:lang="bar-AT">fā'l</pron>
          <usg>[Dim.]</usg>
          <usg type="geo">
            <placeName type="gemeinde" ref="/geodata-wboe.xml#p7.2a08">Neckenmarkt</placeName>
          </usg>
        </form>
        <form type="dialect">
          <pron xml:lang="bar-AT">fāᵈl</pron>
          <usg>[Dim.]</usg>
          <usg type="geo">
            <placeName type="gemeinde" ref="/geodata-wboe.xml#p7.2b05">Mannersdorf an der Rabnitz</placeName>
          </usg>
        </form>
        <form type="dialect">
          <pron xml:lang="bar-AT">faɐ'l</pron>
          <usg>[Dim.]</usg>
          <usg type="geo">
            <placeName type="gemeinde" ref="/geodata-wboe.xml#p7.2b08">Pilgersdorf</placeName>
          </usg>
        </form>
        <form type="dialect">
          <pron xml:lang="bar-AT">fādl</pron>
          <usg>[Dim.]</usg>
          <usg type="geo">
            <placeName type="gemeinde" ref="/geodata-wboe.xml#p7.3c02">Deutsch Schützen-Eisenberg</placeName>
          </usg>
        </form>
        <form type="dialect">
          <pron xml:lang="bar-AT">fāɫ̥</pron>
          <usg>[Dim.]</usg>
          <usg type="geo">
            <placeName type="gemeinde" ref="/geodata-wboe.xml#p7.3c07">Mischendorf</placeName>
          </usg>
        </form>
        <form type="dialect">
          <pron xml:lang="bar-AT">farkelen</pron>
          <usg>[Dim., Pl.]</usg>
          <usg type="geo">
            <placeName type="gemeinde" ref="/geodata-wboe.xml#p7.3m02">Neuhaus am Klausenbach</placeName>
          </usg>
          <ptr type="collection" subtype="lautung" target="/collections-wboe.xml#c11236"/>
        </form>
        <etym>
          <seg type="desc">
            <lang>ahd.</lang>
          </seg>
          <cit type="etymon">
            <form>
              <orth>farh</orth>
            </form>
            <form>
              <orth>farah</orth>
            </form>
            <def>Schwein; Ferkel</def>
          </cit>
          <seg type="desc">;
            <lang>mhd.</lang>
          </seg>
          <cit type="etymon">
            <form>
              <orth>varch</orth>
            </form>
            <form>
              <orth>varhe</orth>
            </form>
            <form>
              <orth>varke</orth>
            </form>
            <def>Schwein; Ferkel</def>
          </cit>
          <seg type="desc">; der Wechsel von auslautendem</seg>
          <cit type="etymon">
            <form>
              <orth>ch</orth>
            </form>
          </cit>
          <seg type="desc">zu</seg>
          <cit type="etymon">
            <form>
              <orth>k</orth>
            </form>
          </cit>
          <seg type="desc">ist wie bei</seg>
          <cit type="etymon">
            <form>
              <orth>Ferkel</orth>
            </form>
          </cit>
          <seg type="desc">auf eine unregelmäßige Entwicklung im Silbenanlaut zurückzurühren</seg>
          <ref type="bibl" target="#Lexer1878III">
            <lbl>vgl.</lbl>Lexer 1878 III
            <citedRange>20</citedRange>
          </ref>
          <ref type="bibl" target="#Schützeichel2012">Schützeichel 2012
            <citedRange>97</citedRange>
          </ref>
          <ref type="bibl" target="#Kluge2011">Kluge 2011
            <citedRange>28</citedRange>
          </ref>
          <seg type="desc">; siehe auch</seg>
          <cit type="etymon">
            <xr type="lemma">
              <ref target="Fack.xml">Fack, Facke</ref>
            </xr>
          </cit>
          <seg type="desc">und</seg>
          <cit type="etymon">
            <xr type="lemma">
              <ref target="Ferkel.xml">Ferkel</ref>
            </xr>
          </cit>
        </etym>
        <sense>
          <sense>
            <sense>
              <def>Schwein</def>
              <usg type="geo">
                <placeName type="grossregion" ref="/geodata-wboe.xml#p1C.3">öNTir.</placeName>
              </usg>
              <usg type="geo">
                <placeName type="grossregion" ref="/geodata-wboe.xml#p3.3">WStmk.</placeName>
              </usg>
              <usg type="geo">
                <placeName type="grossregion" ref="/geodata-wboe.xml#p3.5">OStmk.</placeName>
              </usg>
              <usg type="geo">
                <placeName type="grossregion" ref="/geodata-wboe.xml#p5.1">Innv.</placeName>
              </usg>
              <usg type="geo">
                <placeName type="grossregion" ref="/geodata-wboe.xml#p5.4">Mühlv.</placeName>
              </usg>
              <usg type="geo">
                <placeName type="bundesland" ref="/geodata-wboe.xml#p6">NÖ</placeName>
              </usg>
              <usg type="geo">
                <placeName type="grossregion" ref="/geodata-wboe.xml#p6.5">Wien</placeName>
              </usg>
              <cit type="example">
                <quote xml:lang="bar-AT">Mir hobn ā Fā‑l agstocha</quote>
                <usg type="geo">
                  <placeName type="kleinregion" ref="/geodata-wboe.xml#p6.3j">Horn.Becken</placeName>
                </usg>
              </cit>
              <ptr type="collection" subtype="bedeutung" target="/collections-wboe.xml#c11361"/>
            </sense>
            <sense>
              <usg>nur</usg>
              <xr type="lemma">
                <ref>Färchelein</ref>
              </xr>
              <usg>(Diminutiv)</usg>
              <def>junges weibliches Schwein</def>
              <usg type="geo">
                <placeName type="grossregion" ref="/geodata-wboe.xml#p2.2">MKtn.</placeName>
              </usg>
              <ptr type="collection" subtype="bedeutung" target="/collections-wboe.xml#c11362"/>
            </sense>
            <sense>
              <sense>
                <usg>nur</usg>
                <xr type="lemma">
                  <ref>Färchel, Färcherl, Färchelein</ref>
                </xr>
                <usg>(Diminutiv)</usg>
                <def>junges Schwein; Ferkel</def>
                <usg type="geo">
                  <placeName type="bundesland" ref="/geodata-wboe.xml#p1A">STir.</placeName>
                </usg>
                <usg type="geo">
                  <placeName type="grossregion" ref="/geodata-wboe.xml#p1B.0">OTir.</placeName>
                </usg>
                <usg type="geo">
                  <placeName type="bundesland" ref="/geodata-wboe.xml#p1C">NTir.</placeName>
                </usg>
                <usg type="geo">
                  <placeName type="bundesland" ref="/geodata-wboe.xml#p2">Ktn.</placeName>
                </usg>
                <usg type="geo">
                  <placeName type="bundesland" ref="/geodata-wboe.xml#p3">Stmk.</placeName>
                </usg>
                <usg type="geo">
                  <placeName type="bundesland" ref="/geodata-wboe.xml#p4">Sbg.</placeName>
                </usg>
                <usg type="geo">
                  <placeName type="bundesland" ref="/geodata-wboe.xml#p5">OÖ</placeName>
                </usg>
                <usg type="geo">
                  <placeName type="bundesland" ref="/geodata-wboe.xml#p6">NÖ</placeName>
                </usg>
                <usg type="geo">
                  <placeName type="grossregion" ref="/geodata-wboe.xml#p6.5">Wien</placeName>
                </usg>
                <usg type="geo">
                  <placeName type="bundesland" ref="/geodata-wboe.xml#p7">Bgl.</placeName>
                </usg>
                <cit type="example">
                  <quote xml:lang="bar-AT">dė kchloan Kchindər weaggn ålləwal wiə dė kchloan Fadla</quote>
                  <usg type="geo">
                    <placeName type="gemeinde" ref="/geodata-wboe.xml#p2.4c04">Bad St. Leonhard im Lavanttal</placeName>
                  </usg>
                </cit>
                <cit type="example">
                  <quote xml:lang="bar-AT">An den Tåg, an den d Fadln gfåəln san, soėlt mas nėt kaf'm, sinst schtöhn sa sė schlęcht</quote>
                  <usg type="geo">
                    <placeName type="gemeinde" ref="/geodata-wboe.xml#p5.4c01">Eidenberg</placeName>
                  </usg>
                </cit>
                <cit type="example">
                  <quote xml:lang="bar-AT">dės Fāll tuid a guith</quote>
                  <usg type="geo">
                    <placeName type="gemeinde" ref="/geodata-wboe.xml#p6.3a15">Kautzen</placeName>
                  </usg>
                </cit>
                <ptr type="collection" subtype="bedeutung" target="/collections-wboe.xml#c11363"/>
              </sense>
              <sense>
                <xr type="lemma">
                  <lbl>nur</lbl>
                  <ref>Fätschel</ref>
                </xr>
                <usg>(Diminutiv)</usg>
                <def>ganz junges Schwein</def>
                <usg>(kindersprachlich)</usg>
                <usg type="geo">
                  <placeName type="grossregion" ref="/geodata-wboe.xml#p5.2">Hausrv.</placeName>
                </usg>
                <usg type="geo">
                  <placeName type="grossregion" ref="/geodata-wboe.xml#p5.4">Mühlv.</placeName>
                </usg>
                <usg type="geo">
                  <placeName type="grossregion" ref="/geodata-wboe.xml#p6.1">Mostv.</placeName>
                </usg>
                <usg type="geo">
                  <placeName type="grossregion" ref="/geodata-wboe.xml#p6.2">Industriev.</placeName>
                </usg>
                <ptr type="collection" subtype="bedeutung" target="/collections-wboe.xml#c11367"/>
              </sense>
            </sense>
            <sense>
              <xr type="lemma">
                <lbl>nur</lbl>
                <ref>Färchel</ref>
              </xr>
              <usg>(Diminutiv)</usg>
              <def type="umschreibung">Lockruf für Schweine</def>
              <usg type="geo">
                <placeName type="grossregion" ref="/geodata-wboe.xml#p5.2">Hausrv.</placeName>
              </usg>
              <usg type="geo">
                <placeName type="grossregion" ref="/geodata-wboe.xml#p5.4">Mühlv.</placeName>
              </usg>
              <cit type="example">
                <quote xml:lang="bar-AT">Fadi lu lu</quote>
                <usg type="geo">
                  <placeName type="gemeinde" ref="/geodata-wboe.xml#p5.4a06">Kirchberg ob der Donau</placeName>
                </usg>
              </cit>
              <cit type="example">
                <quote xml:lang="bar-AT">Fari Fari</quote>
                <usg type="geo">
                  <placeName type="gemeinde" ref="/geodata-wboe.xml#p5.4b13">Ulrichsberg</placeName>
                </usg>
              </cit>
              <cit type="example">
                <quote xml:lang="bar-AT">fadi-fadi</quote>
                <usg type="geo">
                  <placeName type="gemeinde" ref="/geodata-wboe.xml#p5.4c01">Eidenberg</placeName>
                </usg>
              </cit>
              <cit type="example">
                <quote xml:lang="bar-AT">Fadi hutsch hutsch</quote>
                <usg type="geo">
                  <placeName type="gemeinde" ref="/geodata-wboe.xml#p5.4d11">St. Peter am Wimberg</placeName>
                </usg>
              </cit>
              <ptr type="collection" subtype="bedeutung" target="/collections-wboe.xml#c11368"/>
            </sense>
          </sense>
          <sense>
            <sense>
              <def>unreinliche, ungepflegte oder unanständige Person</def>
              <usg>(abwertend)</usg>
              <usg type="geo">
                <placeName type="grossregion" ref="/geodata-wboe.xml#p3.2">mbair.ObStmk.</placeName>
              </usg>
              <usg type="geo">
                <placeName type="grossregion" ref="/geodata-wboe.xml#p3.3">WStmk.</placeName>
              </usg>
              <usg type="geo">
                <placeName type="grossregion" ref="/geodata-wboe.xml#p3.5">OStmk.</placeName>
              </usg>
              <usg type="geo">
                <placeName type="grossregion" ref="/geodata-wboe.xml#p5.1">Innv.</placeName>
              </usg>
              <usg type="geo">
                <placeName type="grossregion" ref="/geodata-wboe.xml#p5.4">Mühlv.</placeName>
              </usg>
              <usg type="geo">
                <placeName type="bundesland" ref="/geodata-wboe.xml#p6">NÖ</placeName>
              </usg>
              <usg type="geo">
                <placeName type="grossregion" ref="/geodata-wboe.xml#p6.5">Wien</placeName>
              </usg>
              <cit type="example">
                <quote xml:lang="bar-AT">a so a Fadl</quote>
                <usg type="geo">
                  <placeName type="gemeinde" ref="/geodata-wboe.xml#p6.2e03">Puchberg am Schneeberg</placeName>
                </usg>
              </cit>
              <cit type="example">
                <quote xml:lang="bar-AT">dos is a Far̮l</quote>
                <usg type="geo">
                  <placeName type="gemeinde" ref="/geodata-wboe.xml#p6.4e04">Heldenberg</placeName>
                </usg>
              </cit>
              <ptr type="collection" subtype="bedeutung" target="/collections-wboe.xml#c11369"/>
            </sense>
            <sense>
              <sense>
                <xr type="lemma">
                  <lbl>nur</lbl>
                  <ref>Färchel</ref>
                </xr>
                <usg>(Diminutiv)</usg>
                <def>unreinliches Kind</def>
                <usg>(abwertend)</usg>
                <usg type="geo">
                  <placeName type="grossregion" ref="/geodata-wboe.xml#p3.2">mbair.ObStmk.</placeName>
                </usg>
                <usg type="geo">
                  <placeName type="grossregion" ref="/geodata-wboe.xml#p3.3">WStmk.</placeName>
                </usg>
                <usg type="geo">
                  <placeName type="grossregion" ref="/geodata-wboe.xml#p5.2">Hausrv.</placeName>
                </usg>
                <usg type="geo">
                  <placeName type="grossregion" ref="/geodata-wboe.xml#p6.1">Mostv.</placeName>
                </usg>
                <usg type="geo">
                  <placeName type="grossregion" ref="/geodata-wboe.xml#p6.2">Industriev.</placeName>
                </usg>
                <usg type="geo">
                  <placeName type="grossregion" ref="/geodata-wboe.xml#p6.3">Waldv.</placeName>
                </usg>
                <usg type="geo">
                  <placeName type="grossregion" ref="/geodata-wboe.xml#p6.5">Wien</placeName>
                </usg>
                <cit type="example">
                  <quote xml:lang="bar-AT">Schnaitz di, du Fa̩rl du!</quote>
                  <usg type="geo">
                    <placeName type="gemeinde" ref="/geodata-wboe.xml#p3.3b12">Söding-St. Johann</placeName>
                  </usg>
                </cit>
                <ptr type="collection" subtype="bedeutung" target="/collections-wboe.xml#c11376"/>
              </sense>
              <sense>
                <xr type="lemma">
                  <lbl>nur</lbl>
                  <ref>Färchel</ref>
                </xr>
                <usg>(Diminutiv)</usg>
                <def>„Zigeunerkind“</def>
                <usg>[pejorativ]</usg>
                <usg type="geo">
                  <placeName type="bundesland" ref="/geodata-wboe.xml#p7">Bgl.</placeName>
                </usg>
                <cit type="example">
                  <quote xml:lang="bar-AT">rafįḡə fālə̃n</quote>
                  <usg type="geo">
                    <placeName type="bundesland" ref="/geodata-wboe.xml#p7">Bgl.</placeName>
                  </usg>
                </cit>
                <ptr type="collection" subtype="bedeutung" target="/collections-wboe.xml#c11378"/>
              </sense>
            </sense>
          </sense>
          <sense>
            <sense>
              <xr type="lemma">
                <lbl>nur</lbl>
                <ref>Färkel</ref>
              </xr>
              <usg>(Diminutiv)</usg>
              <def>Samenkapsel der Herbstzeitlose (Pflanzenart)</def>
              <usg>(kindersprachlich)</usg>
              <usg type="geo">
                <placeName type="grossregion" ref="/geodata-wboe.xml#p5.1">Innv.</placeName>
              </usg>
              <ptr type="collection" subtype="bedeutung" target="/collections-wboe.xml#c11381"/>
            </sense>
            <sense>
              <xr type="lemma">
                <lbl>nur</lbl>
                <ref>Färchel</ref>
              </xr>
              <usg>(Diminutiv)</usg>
              <def>Fruchtstand vom Wegerich (Pflanzenart)</def>
              <usg type="geo">
                <placeName type="grossregion" ref="/geodata-wboe.xml#p5.4">Mühlv.</placeName>
              </usg>
              <ptr type="collection" subtype="bedeutung" target="/collections-wboe.xml#c11382"/>
            </sense>
            <sense>
              <xr type="lemma">
                <lbl>nur</lbl>
                <ref>Färchel</ref>
              </xr>
              <usg>(Diminutiv)</usg>
              <def>männliche Blütenkätzchen der gemeinen Hasel (Pflanzenart)</def>
              <usg type="geo">
                <placeName type="grossregion" ref="/geodata-wboe.xml#p5.4">Mühlv.</placeName>
              </usg>
              <ptr type="collection" subtype="bedeutung" target="/collections-wboe.xml#c11384"/>
            </sense>
          </sense>
        </sense>
        <re>
          <form subtype="compound" type="lemma">
            <orth>Auswärtsfärchel</orth>
          </form>
          <sense>
            <sense>
              <def>Ferkel, das im Frühling geboren wurde</def>
              <usg type="geo">
                <placeName type="bundesland" ref="/geodata-wboe.xml#p3">Stmk.</placeName>
              </usg>
              <ptr type="collection" subtype="bedeutung" target="/collections-wboe.xml#c11385"/>
            </sense>
          </sense>
        </re>
        <re>
          <form subtype="compound" type="lemma">
            <orth>Brätelfärchel</orth>
          </form>
          <sense>
            <sense>
              <def>junges, zum Braten geeignetes Schwein mit ca. 50 bis 100 kg</def>
              <usg type="geo">
                <placeName type="grossregion" ref="/geodata-wboe.xml#p5.3">Traunv.</placeName>
              </usg>
              <usg type="geo">
                <placeName type="grossregion" ref="/geodata-wboe.xml#p6.1">Mostv.</placeName>
              </usg>
              <ptr type="collection" subtype="bedeutung" target="/collections-wboe.xml#c11388"/>
            </sense>
          </sense>
        </re>
        <re>
          <form subtype="compound" type="lemma">
            <orth>Bratfärchel</orth>
          </form>
          <form subtype="compound" type="lemma">
            <orth>Brätfärchel</orth>
          </form>
          <sense>
            <sense>
              <def>junges, zum Braten geeignetes Schwein</def>
              <usg type="geo">
                <placeName type="bundesland" ref="/geodata-wboe.xml#p3">Stmk.</placeName>
              </usg>
              <usg type="geo">
                <placeName type="grossregion" ref="/geodata-wboe.xml#p7.2">MBgl.</placeName>
              </usg>
              <ptr type="collection" subtype="bedeutung" target="/collections-wboe.xml#c11390"/>
            </sense>
          </sense>
        </re>
        <re>
          <form subtype="compound" type="lemma">
            <orth>Bruchfärchel</orth>
          </form>
          <sense>
            <sense>
              <sense>
                <def>männliches Jungschwein</def>
                <usg type="geo">
                  <placeName type="grossregion" ref="/geodata-wboe.xml#p3.3">WStmk.</placeName>
                </usg>
                <ptr type="collection" subtype="bedeutung" target="/collections-wboe.xml#c11391"/>
              </sense>
              <sense>
                <def>männliches Schwein mit einer Harnansammlung in der ausgestülpten Vorhaut</def>
                <usg type="geo">
                  <placeName type="grossregion" ref="/geodata-wboe.xml#p3.3">WStmk.</placeName>
                </usg>
                <usg type="geo">
                  <placeName type="grossregion" ref="/geodata-wboe.xml#p5.3">Traunv.</placeName>
                </usg>
                <ptr type="collection" subtype="bedeutung" target="/collections-wboe.xml#c11394"/>
              </sense>
            </sense>
          </sense>
        </re>
        <re>
          <form subtype="compound" type="lemma">
            <orth>Brustfärchel</orth>
          </form>
          <sense>
            <sense>
              <def>kleines, schwaches Ferkel</def>
              <usg type="geo">
                <placeName type="grossregion" ref="/geodata-wboe.xml#p3.1">sbair.ObStmk.</placeName>
              </usg>
              <ptr type="collection" subtype="bedeutung" target="/collections-wboe.xml#c11396"/>
            </sense>
          </sense>
        </re>
        <re>
          <form subtype="compound" type="lemma">
            <orth>Dreckfärchel</orth>
          </form>
          <sense>
            <sense>
              <def>Schwein</def>
              <usg type="geo">
                <placeName type="grossregion" ref="/geodata-wboe.xml#p5.4">Mühlv.</placeName>
              </usg>
              <ptr type="collection" subtype="bedeutung" target="/collections-wboe.xml#c11397"/>
            </sense>
            <sense>
              <def>unreinliche Person</def>
              <usg type="geo">
                <placeName type="grossregion" ref="/geodata-wboe.xml#p5.1">Innv.</placeName>
              </usg>
              <usg type="geo">
                <placeName type="grossregion" ref="/geodata-wboe.xml#p6.1">Mostv.</placeName>
              </usg>
              <usg type="geo">
                <placeName type="grossregion" ref="/geodata-wboe.xml#p6.2">Industriev.</placeName>
              </usg>
              <usg type="geo">
                <placeName type="grossregion" ref="/geodata-wboe.xml#p6.3">Waldv.</placeName>
              </usg>
              <usg type="geo">
                <placeName type="grossregion" ref="/geodata-wboe.xml#p6.5">Wien</placeName>
              </usg>
              <cit type="example">
                <quote xml:lang="bar-AT">den soi mar schou mit dah Reißbirstn in Hois wouschn sou a Drekfarll</quote>
                <usg type="geo">
                  <placeName type="gemeinde" ref="/geodata-wboe.xml#p6.1q06">Pyhra</placeName>
                </usg>
              </cit>
              <ptr type="collection" subtype="bedeutung" target="/collections-wboe.xml#c11399"/>
            </sense>
          </sense>
        </re>
        <re>
          <form subtype="compound" type="lemma">
            <orth>Faselfärchel</orth>
          </form>
          <sense>
            <sense>
              <def>Zuchtschwein</def>
              <usg type="geo">
                <placeName type="bundesland" ref="/geodata-wboe.xml#p3">Stmk.</placeName>
              </usg>
              <usg type="geo">
                <placeName type="grossregion" ref="/geodata-wboe.xml#p6.2">Industriev.</placeName>
              </usg>
              <ptr type="collection" subtype="bedeutung" target="/collections-wboe.xml#c11402"/>
            </sense>
          </sense>
        </re>
        <re>
          <form subtype="compound" type="lemma">
            <orth>Fleischfärchel</orth>
          </form>
          <sense>
            <sense>
              <sense>
                <def>junges Schwein, das wenig Fett ansetzt und für die Fleischproduktion gezüchtet wird</def>
                <usg type="geo">
                  <placeName type="grossregion" ref="/geodata-wboe.xml#p2.2">MKtn.</placeName>
                </usg>
                <usg type="geo">
                  <placeName type="grossregion" ref="/geodata-wboe.xml#p3.2">mbair.ObStmk.</placeName>
                </usg>
                <usg type="geo">
                  <placeName type="grossregion" ref="/geodata-wboe.xml#p3.5">OStmk.</placeName>
                </usg>
                <usg type="geo">
                  <placeName type="grossregion" ref="/geodata-wboe.xml#p5.2">Hausrv.</placeName>
                </usg>
                <usg type="geo">
                  <placeName type="grossregion" ref="/geodata-wboe.xml#p5.3">Traunv.</placeName>
                </usg>
                <usg type="geo">
                  <placeName type="bundesland" ref="/geodata-wboe.xml#p6">NÖ</placeName>
                </usg>
                <usg type="geo">
                  <placeName type="grossregion" ref="/geodata-wboe.xml#p6.5">Wien</placeName>
                </usg>
                <usg type="geo">
                  <placeName type="grossregion" ref="/geodata-wboe.xml#p7.2">MBgl.</placeName>
                </usg>
                <cit type="example">
                  <quote xml:lang="bar-AT">dos sulln Fleischfaln wern</quote>
                  <usg type="geo">
                    <placeName type="gemeinde" ref="/geodata-wboe.xml#p6.3a24">Waldkirchen an der Thaya</placeName>
                  </usg>
                </cit>
                <ptr type="collection" subtype="bedeutung" target="/collections-wboe.xml#c11403"/>
              </sense>
              <sense>
                <def>Schwein mit einem Gewicht von ca. 40 bis 80 Kilogramm</def>
                <usg type="geo">
                  <placeName type="grossregion" ref="/geodata-wboe.xml#p6.1">Mostv.</placeName>
                </usg>
                <ptr type="collection" subtype="bedeutung" target="/collections-wboe.xml#c11404"/>
              </sense>
            </sense>
          </sense>
        </re>
        <re>
          <form subtype="compound" type="lemma">
            <orth>Gemurfärchel</orth>
          </form>
          <sense>
            <sense>
              <def>unreinliche Person</def>
              <usg type="geo">
                <placeName type="grossregion" ref="/geodata-wboe.xml#p6.4">Weinv.</placeName>
              </usg>
              <ptr type="collection" subtype="bedeutung" target="/collections-wboe.xml#c11405"/>
            </sense>
          </sense>
        </re>
        <re>
          <form subtype="compound" type="lemma">
            <orth>Gesüttfärchel</orth>
          </form>
          <sense>
            <sense>
              <def>Ferkel, das als Futter abgebrühtes Getreideschrot bekommt</def>
              <usg type="geo">
                <placeName type="bundesland" ref="/geodata-wboe.xml#p3">Stmk.</placeName>
              </usg>
              <ptr type="collection" subtype="bedeutung" target="/collections-wboe.xml#c11406"/>
            </sense>
          </sense>
        </re>
        <re>
          <form subtype="compound" type="lemma">
            <orth>Grundfärchel</orth>
          </form>
          <sense>
            <sense>
              <def>schmutziges oder ungezogenes Kind</def>
              <usg type="geo">
                <placeName type="grossregion" ref="/geodata-wboe.xml#p6.2">Industriev.</placeName>
              </usg>
              <ptr type="collection" subtype="bedeutung" target="/collections-wboe.xml#c11407"/>
            </sense>
          </sense>
        </re>
        <re>
          <form subtype="compound" type="lemma">
            <orth>Herbstfärchel</orth>
          </form>
          <form subtype="compound" type="lemma">
            <orth>Herbstfärkel</orth>
          </form>
          <sense>
            <sense>
              <def>Ferkel, das erst im Herbst geboren wurde</def>
              <usg type="geo">
                <placeName type="grossregion" ref="/geodata-wboe.xml#p3.1">sbair.ObStmk.</placeName>
              </usg>
              <usg type="geo">
                <placeName type="grossregion" ref="/geodata-wboe.xml#p3.2">mbair.ObStmk.</placeName>
              </usg>
              <usg type="geo">
                <placeName type="grossregion" ref="/geodata-wboe.xml#p5.1">Innv.</placeName>
              </usg>
              <ptr type="collection" subtype="bedeutung" target="/collections-wboe.xml#c11408"/>
            </sense>
          </sense>
        </re>
        <re>
          <form subtype="compound" type="lemma">
            <orth>Hinterachfärchel</orth>
          </form>
          <sense>
            <sense>
              <def>kleines, schmächtiges Ferkel (meist das letzte eines Wurfs)</def>
              <usg type="geo">
                <placeName type="grossregion" ref="/geodata-wboe.xml#p3.3">WStmk.</placeName>
              </usg>
              <usg type="geo">
                <placeName type="grossregion" ref="/geodata-wboe.xml#p3.4">MStmk.</placeName>
              </usg>
              <ptr type="collection" subtype="bedeutung" target="/collections-wboe.xml#c11409"/>
            </sense>
          </sense>
        </re>
        <re>
          <form subtype="compound" type="lemma">
            <orth>Hinterfärchel</orth>
          </form>
          <sense>
            <sense>
              <def>kleines, schmächtiges Ferkel (meist das letzte eines Wurfs)</def>
              <usg type="geo">
                <placeName type="grossregion" ref="/geodata-wboe.xml#p3.3">WStmk.</placeName>
              </usg>
              <ptr type="collection" subtype="bedeutung" target="/collections-wboe.xml#c11410"/>
            </sense>
          </sense>
        </re>
        <re>
          <form subtype="compound" type="lemma">
            <orth>Hornungfärchel</orth>
          </form>
          <sense>
            <sense>
              <def>Ferkel, das im Februar geboren wurde</def>
              <usg type="geo">
                <placeName type="grossregion" ref="/geodata-wboe.xml#p6.2">Industriev.</placeName>
              </usg>
              <ptr type="collection" subtype="bedeutung" target="/collections-wboe.xml#c11411"/>
            </sense>
          </sense>
        </re>
        <re>
          <form subtype="compound" type="lemma">
            <orth>Hutscherfärchel</orth>
          </form>
          <sense>
            <sense>
              <def>kleines Ferkel</def>
              <usg type="geo">
                <placeName type="bundesland" ref="/geodata-wboe.xml#p6">NÖ</placeName>
              </usg>
              <ptr type="collection" subtype="bedeutung" target="/collections-wboe.xml#c11412"/>
            </sense>
          </sense>
        </re>
        <re>
          <form subtype="compound" type="lemma">
            <orth>Hutschfärchel</orth>
          </form>
          <sense>
            <sense>
              <def>kleines Ferkel</def>
              <usg type="geo">
                <placeName type="grossregion" ref="/geodata-wboe.xml#p6.2">Industriev.</placeName>
              </usg>
              <ptr type="collection" subtype="bedeutung" target="/collections-wboe.xml#c11413"/>
            </sense>
          </sense>
        </re>
        <re>
          <form subtype="compound" type="lemma">
            <orth>Klosterfärchel</orth>
          </form>
          <sense>
            <sense>
              <def>Ferkel, das an ein Kloster abgegeben werden muss</def>
              <usg type="geo">
                <placeName type="grossregion" ref="/geodata-wboe.xml#p3.5">OStmk.</placeName>
              </usg>
              <ptr type="collection" subtype="bedeutung" target="/collections-wboe.xml#c11430"/>
            </sense>
          </sense>
        </re>
        <re>
          <form subtype="compound" type="lemma">
            <orth>Kuchelfärchel</orth>
          </form>
          <sense>
            <sense>
              <def>kleines, schwaches Ferkel, das in der Küche mit der Saugflasche aufgezogen wird</def>
              <usg type="geo">
                <placeName type="grossregion" ref="/geodata-wboe.xml#p5.2">Hausrv.</placeName>
              </usg>
              <ptr type="collection" subtype="bedeutung" target="/collections-wboe.xml#c11431"/>
            </sense>
          </sense>
        </re>
        <re>
          <form subtype="compound" type="lemma">
            <orth>Lenzingfärchel</orth>
          </form>
          <sense>
            <sense>
              <def>Ferkel, das im Frühling geboren wurde</def>
              <usg type="geo">
                <placeName type="bundesland" ref="/geodata-wboe.xml#p3">Stmk.</placeName>
              </usg>
              <ptr type="collection" subtype="bedeutung" target="/collections-wboe.xml#c11432"/>
            </sense>
          </sense>
        </re>
        <re>
          <form subtype="compound" type="lemma">
            <orth>Lutscherfärchel</orth>
          </form>
          <sense>
            <sense>
              <sense>
                <def>saugendes Ferkel</def>
                <usg type="geo">
                  <placeName type="grossregion" ref="/geodata-wboe.xml#p6.4">Weinv.</placeName>
                </usg>
                <ptr type="collection" subtype="bedeutung" target="/collections-wboe.xml#c11433"/>
              </sense>
              <sense>
                <def>halbwüchsiges, weibliches Schwein</def>
                <usg type="geo">
                  <placeName type="grossregion" ref="/geodata-wboe.xml#p6.4">Weinv.</placeName>
                </usg>
                <ptr type="collection" subtype="bedeutung" target="/collections-wboe.xml#c11435"/>
              </sense>
            </sense>
          </sense>
        </re>
        <re>
          <form subtype="compound" type="lemma">
            <orth>Lutschifärchel</orth>
          </form>
          <sense>
            <sense>
              <def>saugendes Ferkel</def>
              <usg type="geo">
                <placeName type="grossregion" ref="/geodata-wboe.xml#p6.3">Waldv.</placeName>
              </usg>
              <ptr type="collection" subtype="bedeutung" target="/collections-wboe.xml#c11436"/>
            </sense>
          </sense>
        </re>
        <re>
          <form subtype="compound" type="lemma">
            <orth>Märzenfärchel</orth>
          </form>
          <sense>
            <sense>
              <sense>
                <def>Person, die am 1. März geboren wurde</def>
                <usg type="geo">
                  <placeName type="grossregion" ref="/geodata-wboe.xml#p6.2">Industriev.</placeName>
                </usg>
                <ptr type="collection" subtype="bedeutung" target="/collections-wboe.xml#c11437"/>
              </sense>
              <sense>
                <def>Person, die man am 1. März zum Narren hält</def>
                <usg type="geo">
                  <placeName type="grossregion" ref="/geodata-wboe.xml#p6.2">Industriev.</placeName>
                </usg>
                <ptr type="collection" subtype="bedeutung" target="/collections-wboe.xml#c11438"/>
              </sense>
            </sense>
          </sense>
        </re>
        <re>
          <form subtype="compound" type="lemma">
            <orth>Meerfärchel</orth>
          </form>
          <sense>
            <sense>
              <def>Meerschweinchen</def>
              <usg type="geo">
                <placeName type="grossregion" ref="/geodata-wboe.xml#p2.2">MKtn.</placeName>
              </usg>
              <usg type="geo">
                <placeName type="bundesland" ref="/geodata-wboe.xml#p3">Stmk.</placeName>
              </usg>
              <usg type="geo">
                <placeName type="grossregion" ref="/geodata-wboe.xml#p5.4">Mühlv.</placeName>
              </usg>
              <usg type="geo">
                <placeName type="bundesland" ref="/geodata-wboe.xml#p6">NÖ</placeName>
              </usg>
              <usg type="geo">
                <placeName type="bundesland" ref="/geodata-wboe.xml#p6.5">Wien</placeName>
              </usg>
              <usg type="geo">
                <placeName type="grossregion" ref="/geodata-wboe.xml#p7.2">MBgl.</placeName>
              </usg>
              <ptr type="collection" subtype="bedeutung" target="/collections-wboe.xml#c11439"/>
            </sense>
            <sense>
              <def>unreinliche Person</def>
              <usg type="geo">
                <placeName type="grossregion" ref="/geodata-wboe.xml#p6.1">Mostv.</placeName>
              </usg>
              <usg type="geo">
                <placeName type="grossregion" ref="/geodata-wboe.xml#p6.2">Industriev.</placeName>
              </usg>
              <usg type="geo">
                <placeName type="grossregion" ref="/geodata-wboe.xml#p6.5">Wien</placeName>
              </usg>
              <ptr type="collection" subtype="bedeutung" target="/collections-wboe.xml#c11440"/>
            </sense>
            <sense>
              <def>abscheuliches Ungeheuer</def>
              <usg type="geo">
                <placeName type="grossregion" ref="/geodata-wboe.xml#p6.2">Industriev.</placeName>
              </usg>
              <ptr type="collection" subtype="bedeutung" target="/collections-wboe.xml#c11441"/>
            </sense>
          </sense>
        </re>
        <re>
          <form subtype="compound" type="lemma">
            <orth>Mordsfärchel</orth>
          </form>
          <sense>
            <sense>
              <def>unreines Ferkel</def>
              <usg type="geo">
                <placeName type="grossregion" ref="/geodata-wboe.xml#p3.5">OStmk.</placeName>
              </usg>
              <cit type="example">
                <quote xml:lang="bar-AT">Dos is a Moerdsfādl</quote>
                <usg type="geo">
                  <placeName type="gemeinde" ref="/geodata-wboe.xml#p3.5d04">Greinbach</placeName>
                </usg>
              </cit>
              <ptr type="collection" subtype="bedeutung" target="/collections-wboe.xml#c11442"/>
            </sense>
          </sense>
        </re>
        <re>
          <form subtype="compound" type="lemma">
            <orth>Nachhinfärchel</orth>
          </form>
          <sense>
            <sense>
              <def>kleines, schmächtiges Ferkel (meist das letzte eines Wurfs)</def>
              <usg type="geo">
                <placeName type="grossregion" ref="/geodata-wboe.xml#p3.3">WStmk.</placeName>
              </usg>
              <ptr type="collection" subtype="bedeutung" target="/collections-wboe.xml#c11443"/>
            </sense>
          </sense>
        </re>
        <re>
          <form subtype="compound" type="lemma">
            <orth>Nutscherfärchel</orth>
          </form>
          <sense>
            <sense>
              <def>kleines Ferkel</def>
              <usg type="geo">
                <placeName type="bundesland" ref="/geodata-wboe.xml#p6">NÖ</placeName>
              </usg>
              <usg type="geo">
                <placeName type="grossregion" ref="/geodata-wboe.xml#p6.5">Wien</placeName>
              </usg>
              <ptr type="collection" subtype="bedeutung" target="/collections-wboe.xml#c11445"/>
            </sense>
            <sense>
              <def>aus Lebkuchen hergestellte Figur eines Schweines</def>
              <usg type="geo">
                <placeName type="bundesland" ref="/geodata-wboe.xml#p6">NÖ</placeName>
              </usg>
              <ptr type="collection" subtype="bedeutung" target="/collections-wboe.xml#c11447"/>
            </sense>
            <sense>
              <def>unreinliche Person</def>
              <usg type="geo">
                <placeName type="grossregion" ref="/geodata-wboe.xml#p6.3">Waldv.</placeName>
              </usg>
              <ptr type="collection" subtype="bedeutung" target="/collections-wboe.xml#c11448"/>
            </sense>
          </sense>
        </re>
        <re>
          <form subtype="compound" type="lemma">
            <orth>Nutschfärchel</orth>
          </form>
          <sense>
            <sense>
              <def>junges Schwein</def>
              <usg type="geo">
                <placeName type="bundesland" ref="/geodata-wboe.xml#p3">Stmk.</placeName>
              </usg>
              <ptr type="collection" subtype="bedeutung" target="/collections-wboe.xml#c11449"/>
            </sense>
          </sense>
        </re>
        <re>
          <form subtype="compound" type="lemma">
            <orth>Nutschifärchel</orth>
          </form>
          <sense>
            <sense>
              <def>unreinliche Person</def>
              <usg type="geo">
                <placeName type="grossregion" ref="/geodata-wboe.xml#p6.5">Wien</placeName>
              </usg>
              <ptr type="collection" subtype="bedeutung" target="/collections-wboe.xml#c11450"/>
            </sense>
          </sense>
        </re>
        <re>
          <form subtype="compound" type="lemma">
            <orth>Pechfärchel</orth>
          </form>
          <sense>
            <sense>
              <def>unreinliche Person</def>
              <usg type="geo">
                <placeName type="grossregion" ref="/geodata-wboe.xml#p6.4">Weinv.</placeName>
              </usg>
              <ptr type="collection" subtype="bedeutung" target="/collections-wboe.xml#c11453"/>
            </sense>
          </sense>
        </re>
        <re>
          <form subtype="compound" type="lemma">
            <orth>Saufärchel</orth>
          </form>
          <sense>
            <sense>
              <def>Mutterschwein</def>
              <usg type="geo">
                <placeName type="grossregion" ref="/geodata-wboe.xml#p6.3">Waldv.</placeName>
              </usg>
              <ptr type="collection" subtype="bedeutung" target="/collections-wboe.xml#c11454"/>
            </sense>
            <sense>
              <def>Kind, das sich immer wieder schmutzig macht</def>
              <usg type="geo">
                <placeName type="grossregion" ref="/geodata-wboe.xml#p6.4">Weinv.</placeName>
              </usg>
              <ptr type="collection" subtype="bedeutung" target="/collections-wboe.xml#c11456"/>
            </sense>
          </sense>
        </re>
        <re>
          <form subtype="compound" type="lemma">
            <orth>Schleckerfärchel</orth>
          </form>
          <sense>
            <sense>
              <def>Person, die gerne die Zunge zeigt</def>
              <usg type="geo">
                <placeName type="grossregion" ref="/geodata-wboe.xml#p6.4">Weinv.</placeName>
              </usg>
              <ptr type="collection" subtype="bedeutung" target="/collections-wboe.xml#c11457"/>
            </sense>
          </sense>
        </re>
        <re>
          <form subtype="compound" type="lemma">
            <orth>Schmierfärchel</orth>
          </form>
          <sense>
            <sense>
              <def>unreinliche Person</def>
              <usg type="geo">
                <placeName type="grossregion" ref="/geodata-wboe.xml#p6.3">Waldv.</placeName>
              </usg>
              <usg type="geo">
                <placeName type="grossregion" ref="/geodata-wboe.xml#p6.4">Weinv.</placeName>
              </usg>
              <ptr type="collection" subtype="bedeutung" target="/collections-wboe.xml#c11459"/>
            </sense>
          </sense>
        </re>
        <re>
          <form subtype="compound" type="lemma">
            <orth>Schrättelfärchel</orth>
          </form>
          <sense>
            <sense>
              <def>kleines Schwein mit Haarwirbeln auf dem Rücken (das niemand kaufen möchte)</def>
              <usg type="geo">
                <placeName type="grossregion" ref="/geodata-wboe.xml#p5.2">Hausrv.</placeName>
              </usg>
              <ptr type="collection" subtype="bedeutung" target="/collections-wboe.xml#c11460"/>
            </sense>
          </sense>
        </re>
        <re>
          <form subtype="compound" type="lemma">
            <orth>Spanfärchel</orth>
          </form>
          <form subtype="compound" type="lemma">
            <orth>Spanfärkel</orth>
          </form>
          <sense>
            <sense>
              <sense>
                <def>'saugendes, junges Schwein; Ferkel</def>
                <usg type="geo">
                  <placeName type="grossregion" ref="/geodata-wboe.xml#p5.2">Hausrv.</placeName>
                </usg>
                <usg type="geo">
                  <placeName type="grossregion" ref="/geodata-wboe.xml#p5.3">Traunv.</placeName>
                </usg>
                <usg type="geo">
                  <placeName type="grossregion" ref="/geodata-wboe.xml#p6.1">Mostv.</placeName>
                </usg>
                <usg type="geo">
                  <placeName type="grossregion" ref="/geodata-wboe.xml#p6.2">Industriev.</placeName>
                </usg>
                <usg type="geo">
                  <placeName type="grossregion" ref="/geodata-wboe.xml#p6.3">Waldv.</placeName>
                </usg>
                <usg type="geo">
                  <placeName type="grossregion" ref="/geodata-wboe.xml#p6.5">Wien</placeName>
                </usg>
                <ptr type="collection" subtype="bedeutung" target="/collections-wboe.xml#c11463"/>
              </sense>
              <sense>
                <def>von der Muttermilch entwöhntes junges Schwein bzw. Ferkel</def>
                <usg type="geo">
                  <placeName type="grossregion" ref="/geodata-wboe.xml#p2.2">MKtn.</placeName>
                </usg>
                <usg type="geo">
                  <placeName type="grossregion" ref="/geodata-wboe.xml#p6.3">Waldv.</placeName>
                </usg>
                <ptr type="collection" subtype="bedeutung" target="/collections-wboe.xml#c11465"/>
              </sense>
              <sense>
                <def>junges Schwein; Ferkel</def>
                <usg type="geo">
                  <placeName type="grossregion" ref="/geodata-wboe.xml#p6.3">Waldv.</placeName>
                </usg>
                <usg type="geo">
                  <placeName type="grossregion" ref="/geodata-wboe.xml#p6.5">Wien</placeName>
                </usg>
                <ptr type="collection" subtype="bedeutung" target="/collections-wboe.xml#c11466"/>
              </sense>
              <sense>
                <def>gebratenes bzw. zum Braten geeignetes Ferkel</def>
                <usg type="geo">
                  <placeName type="bundesland" ref="/geodata-wboe.xml#p5">OÖ</placeName>
                </usg>
                <usg type="geo">
                  <placeName type="bundesland" ref="/geodata-wboe.xml#p6">NÖ</placeName>
                </usg>
                <usg type="geo">
                  <placeName type="grossregion" ref="/geodata-wboe.xml#p6.5">Wien</placeName>
                </usg>
                <cit type="example">
                  <quote xml:lang="bar-AT">Añ Spanfadl mit Krautsålåt, dës is wås fein's!</quote>
                  <usg type="geo">
                    <placeName type="grossregion" ref="/geodata-wboe.xml#p6.5">Wien</placeName>
                  </usg>
                </cit>
                <ptr type="collection" subtype="bedeutung" target="/collections-wboe.xml#c11469"/>
              </sense>
            </sense>
          </sense>
        </re>
        <re>
          <form subtype="compound" type="lemma">
            <orth>Speckfärchel</orth>
          </form>
          <sense>
            <sense>
              <def>Speckferkel</def>
              <usg type="geo">
                <placeName type="grossregion" ref="/geodata-wboe.xml#p3.2">mbair.ObStmk.</placeName>
              </usg>
              <usg type="geo">
                <placeName type="grossregion" ref="/geodata-wboe.xml#p6.3">Waldv.</placeName>
              </usg>
              <ptr type="collection" subtype="bedeutung" target="/collections-wboe.xml#c11470"/>
            </sense>
          </sense>
        </re>
        <re>
          <form subtype="compound" type="lemma">
            <orth>Spenfärchel</orth>
          </form>
          <form subtype="compound" type="lemma">
            <orth>Spenfärchelein</orth>
          </form>
          <sense>
            <sense>
              <sense>
                <def>saugendes, junges Schwein; Ferkel</def>
                <usg type="geo">
                  <placeName type="grossregion" ref="/geodata-wboe.xml#p3.3">WStmk.</placeName>
                </usg>
                <usg type="geo">
                  <placeName type="grossregion" ref="/geodata-wboe.xml#p5.1">Innv.</placeName>
                </usg>
                <usg type="geo">
                  <placeName type="grossregion" ref="/geodata-wboe.xml#p5.2">Hausrv.</placeName>
                </usg>
                <usg type="geo">
                  <placeName type="grossregion" ref="/geodata-wboe.xml#p5.3">Traunv.</placeName>
                </usg>
                <usg type="geo">
                  <placeName type="grossregion" ref="/geodata-wboe.xml#p6.3">Waldv.</placeName>
                </usg>
                <usg type="geo">
                  <placeName type="grossregion" ref="/geodata-wboe.xml#p6.4">Weinv.</placeName>
                </usg>
                <usg type="geo">
                  <placeName type="grossregion" ref="/geodata-wboe.xml#p6.5">Wien</placeName>
                </usg>
                <usg type="geo">
                  <placeName type="grossregion" ref="/geodata-wboe.xml#p7.3">SBgl.</placeName>
                </usg>
                <ptr type="collection" subtype="bedeutung" target="/collections-wboe.xml#c11472"/>
              </sense>
              <sense>
                <def>von der Muttermilch entwöhntes junges Schwein; Ferkel</def>
                <usg type="geo">
                  <placeName type="bundesland" ref="/geodata-wboe.xml#p2">Ktn.</placeName>
                </usg>
                <usg type="geo">
                  <placeName type="grossregion" ref="/geodata-wboe.xml#p3.1">sbair.ObStmk.</placeName>
                </usg>
                <usg type="geo">
                  <placeName type="bundesland" ref="/geodata-wboe.xml#p5">OÖ</placeName>
                </usg>
                <usg type="geo">
                  <placeName type="grossregion" ref="/geodata-wboe.xml#p6.1">Mostv.</placeName>
                </usg>
                <usg type="geo">
                  <placeName type="grossregion" ref="/geodata-wboe.xml#p6.3">Waldv.</placeName>
                </usg>
                <ptr type="collection" subtype="bedeutung" target="/collections-wboe.xml#c11473"/>
              </sense>
              <sense>
                <def>junges Schwein; Ferkel</def>
                <usg type="geo">
                  <placeName type="grossregion" ref="/geodata-wboe.xml#p3.2">mbair.ObStmk.</placeName>
                </usg>
                <usg type="geo">
                  <placeName type="grossregion" ref="/geodata-wboe.xml#p5.3">Traunv.</placeName>
                </usg>
                <usg type="geo">
                  <placeName type="grossregion" ref="/geodata-wboe.xml#p5.4">Mühlv.</placeName>
                </usg>
                <usg type="geo">
                  <placeName type="bundesland" ref="/geodata-wboe.xml#p6">NÖ</placeName>
                </usg>
                <usg type="geo">
                  <placeName type="grossregion" ref="/geodata-wboe.xml#p6.5">Wien</placeName>
                </usg>
                <ptr type="collection" subtype="bedeutung" target="/collections-wboe.xml#c11474"/>
              </sense>
              <sense>
                <def>gebratenes bzw. zum Braten geeignetes Ferkel</def>
                <usg type="geo">
                  <placeName type="bundesland" ref="/geodata-wboe.xml#p6">NÖ</placeName>
                </usg>
                <usg type="geo">
                  <placeName type="grossregion" ref="/geodata-wboe.xml#p6.5">Wien</placeName>
                </usg>
                <usg type="geo">
                  <placeName type="grossregion" ref="/geodata-wboe.xml#p7.2">MBgl.</placeName>
                </usg>
                <cit type="example">
                  <quote xml:lang="bar-AT">wons hoch geht, wird no a Spenfadl obstochn denn dė Leut wolln si nit spotten lossn</quote>
                  <usg type="geo">
                    <placeName type="gemeinde" ref="/geodata-wboe.xml#p6.4e04">Heldenberg</placeName>
                  </usg>
                </cit>
                <ptr type="collection" subtype="bedeutung" target="/collections-wboe.xml#c11475"/>
              </sense>
            </sense>
          </sense>
        </re>
        <re>
          <form subtype="compound" type="lemma">
            <orth>Stichfärchel</orth>
          </form>
          <sense>
            <sense>
              <def>ca. 30 kg schweres Schwein</def>
              <usg type="geo">
                <placeName type="grossregion" ref="/geodata-wboe.xml#p6.4">Weinv.</placeName>
              </usg>
              <ptr type="collection" subtype="bedeutung" target="/collections-wboe.xml#c11476"/>
            </sense>
          </sense>
        </re>
        <re>
          <form subtype="compound" type="lemma">
            <orth>Stubenfärchel</orth>
          </form>
          <sense>
            <sense>
              <def>junges Schwein bzw. Ferkel, das in der Stube aufgezogen wird</def>
              <usg type="geo">
                <placeName type="bundesland" ref="/geodata-wboe.xml#p5">OÖ</placeName>
              </usg>
              <ptr type="collection" subtype="bedeutung" target="/collections-wboe.xml#c11477"/>
            </sense>
          </sense>
        </re>
        <re>
          <form subtype="compound" type="lemma">
            <orth>Teierfärchel</orth>
          </form>
          <sense>
            <sense>
              <def>kleines, schwaches Ferkel, das mit der Saugflasche aufgezogen wird</def>
              <usg type="geo">
                <placeName type="bundesland" ref="/geodata-wboe.xml#p5">OÖ</placeName>
              </usg>
              <ptr type="collection" subtype="bedeutung" target="/collections-wboe.xml#c11478"/>
            </sense>
          </sense>
        </re>
        <re>
          <form subtype="compound" type="lemma">
            <orth>Teifärchel</orth>
          </form>
          <sense>
            <sense>
              <def>saugendes, junges Schwein bzw. Ferkel</def>
              <usg type="geo">
                <placeName type="bundesland" ref="/geodata-wboe.xml#p3">Stmk.</placeName>
              </usg>
              <ptr type="collection" subtype="bedeutung" target="/collections-wboe.xml#c11479"/>
            </sense>
          </sense>
        </re>
        <re>
          <form subtype="compound" type="lemma">
            <orth>Tuttelfärchel</orth>
          </form>
          <sense>
            <sense>
              <sense>
                <def>saugendes, junges Schwein bzw. Ferkel</def>
                <usg type="geo">
                  <placeName type="grossregion" ref="/geodata-wboe.xml#p2.4">UKtn.</placeName>
                </usg>
                <usg type="geo">
                  <placeName type="bundesland" ref="/geodata-wboe.xml#p3">Stmk.</placeName>
                </usg>
                <usg type="geo">
                  <placeName type="bundesland" ref="/geodata-wboe.xml#p6">NÖ</placeName>
                </usg>
                <usg type="geo">
                  <placeName type="grossregion" ref="/geodata-wboe.xml#p7.2">MBgl.</placeName>
                </usg>
                <ptr type="collection" subtype="bedeutung" target="/collections-wboe.xml#c11480"/>
              </sense>
              <sense>
                <def>junges Schwein; Ferkel</def>
                <usg type="geo">
                  <placeName type="bundesland" ref="/geodata-wboe.xml#p3">Stmk.</placeName>
                </usg>
                <usg type="geo">
                  <placeName type="grossregion" ref="/geodata-wboe.xml#p6.2">Industriev.</placeName>
                </usg>
                <usg type="geo">
                  <placeName type="grossregion" ref="/geodata-wboe.xml#p7.2">MBgl.</placeName>
                </usg>
                <usg type="geo">
                  <placeName type="grossregion" ref="/geodata-wboe.xml#p7.3">SBgl.</placeName>
                </usg>
                <ptr type="collection" subtype="bedeutung" target="/collections-wboe.xml#c11481"/>
              </sense>
            </sense>
          </sense>
        </re>
        <re>
          <form subtype="compound" type="lemma">
            <orth>Tuttenfärchel</orth>
          </form>
          <sense>
            <sense>
              <sense>
                <def>junges Schwein; Ferkel</def>
                <usg type="geo">
                  <placeName type="grossregion" ref="/geodata-wboe.xml#p5.4">Mühlv.</placeName>
                </usg>
                <usg type="geo">
                  <placeName type="grossregion" ref="/geodata-wboe.xml#p6.1">Mostv.</placeName>
                </usg>
                <usg type="geo">
                  <placeName type="grossregion" ref="/geodata-wboe.xml#p6.3">Waldv.</placeName>
                </usg>
                <ptr type="collection" subtype="bedeutung" target="/collections-wboe.xml#c11482"/>
              </sense>
              <sense>
                <sense>
                  <def>saugendes, junges Schwein bzw. Ferkel</def>
                  <usg type="geo">
                    <placeName type="grossregion" ref="/geodata-wboe.xml#p3.5">OStmk.</placeName>
                  </usg>
                  <usg type="geo">
                    <placeName type="bundesland" ref="/geodata-wboe.xml#p5">OÖ</placeName>
                  </usg>
                  <usg type="geo">
                    <placeName type="grossregion" ref="/geodata-wboe.xml#p6.1">Mostv.</placeName>
                  </usg>
                  <usg type="geo">
                    <placeName type="grossregion" ref="/geodata-wboe.xml#p6.2">Industriev.</placeName>
                  </usg>
                  <usg type="geo">
                    <placeName type="grossregion" ref="/geodata-wboe.xml#p6.3">Waldv.</placeName>
                  </usg>
                  <ptr type="collection" subtype="bedeutung" target="/collections-wboe.xml#c11483"/>
                </sense>
                <sense>
                  <def>junges Schwein bzw. Ferkel, das mit der Saugflasche aufgezogen wird</def>
                  <usg type="geo">
                    <placeName type="grossregion" ref="/geodata-wboe.xml#p6.1">Mostv.</placeName>
                  </usg>
                  <usg type="geo">
                    <placeName type="grossregion" ref="/geodata-wboe.xml#p6.4">Weinv.</placeName>
                  </usg>
                  <ptr type="collection" subtype="bedeutung" target="/collections-wboe.xml#c11484"/>
                </sense>
              </sense>
            </sense>
          </sense>
        </re>
        <re>
          <form subtype="compound" type="lemma">
            <orth>Zuchtfärchel</orth>
          </form>
          <sense>
            <sense>
              <sense>
                <def>für die Zucht bestimmtes Ferkel</def>
                <usg type="geo">
                  <placeName type="grossregion" ref="/geodata-wboe.xml#p3.5">OStmk.</placeName>
                </usg>
                <usg type="geo">
                  <placeName type="grossregion" ref="/geodata-wboe.xml#p7.3">SBgl.</placeName>
                </usg>
                <ptr type="collection" subtype="bedeutung" target="/collections-wboe.xml#c11485"/>
              </sense>
              <sense>
                <def>halbwüchsiges, weibliches Schwein</def>
                <usg type="geo">
                  <placeName type="grossregion" ref="/geodata-wboe.xml#p3.5">OStmk.</placeName>
                </usg>
                <ptr type="collection" subtype="bedeutung" target="/collections-wboe.xml#c11486"/>
              </sense>
            </sense>
          </sense>
        </re>
        <re>
          <form subtype="compound" type="lemma">
            <orth>Zügelfärchel</orth>
          </form>
          <sense>
            <sense>
              <def>für die Zucht bestimmtes Ferkel</def>
              <usg type="geo">
                <placeName type="bundesland" ref="/geodata-wboe.xml#p3">Stmk.</placeName>
              </usg>
              <ptr type="collection" subtype="bedeutung" target="/collections-wboe.xml#c11488"/>
            </sense>
          </sense>
        </re>
        <re type="redewendung">
          <form subtype="MWE" type="lemma">
            <orth>bluten wie ein Färchel</orth>
          </form>
          <sense>
            <def>stark bluten</def>
            <usg type="geo">
              <placeName type="grossregion" ref="/geodata-wboe.xml#p6.4">Weinv.</placeName>
            </usg>
            <cit type="example">
              <quote xml:lang="bar-AT">Wiara Fadl håt a bliat</quote>
              <usg type="geo">
                <placeName type="gemeinde" ref="/geodata-wboe.xml#p6.4d18">Poysdorf</placeName>
              </usg>
            </cit>
            <ptr type="collection" subtype="bedeutung" target="/collections-wboe.xml#c11489"/>
          </sense>
        </re>
        <re type="redewendung">
          <form subtype="MWE" type="lemma">
            <orth>Brauchst dich nicht zu waschen, die Färchel waschen sich auch nicht und haben doch ein gutes Fleisch</orth>
          </form>
          <sense>
            <def type="umschreibung">Spuch zu schmutziger Haut</def>
          </sense>
          <usg type="geo">
            <placeName type="grossregion" ref="/geodata-wboe.xml#p6.4">Weinv.</placeName>
          </usg>
          <cit type="example">
            <quote xml:lang="bar-AT">braugst di nid woschn, gäl ja, di Fah‑ln woschn si a nid u ho(b)m do a guits Fleisch</quote>
            <usg type="geo">
              <placeName type="gemeinde" ref="/geodata-wboe.xml#p6.4f15">Mistelbach</placeName>
            </usg>
          </cit>
          <ptr type="collection" subtype="MWE" target="/collections-wboe.xml#c11490"/>
        </re>
        <re type="redewendung">
          <form subtype="MWE" type="lemma">
            <orth>das Färchel beim Fuß anpacken</orth>
          </form>
          <sense>
            <def>eine Sache falsch machen bzw. angehen</def>
            <usg type="geo">
              <placeName type="grossregion" ref="/geodata-wboe.xml#p6.4">Weinv.</placeName>
            </usg>
            <cit type="example">
              <quote xml:lang="bar-AT">s Fa'l beim Fuis åñpåckă</quote>
              <usg type="geo">
                <placeName type="kleinregion" ref="/geodata-wboe.xml#p6.4c">söUmg.Pulkaut.</placeName>
              </usg>
            </cit>
            <ptr type="collection" subtype="bedeutung" target="/collections-wboe.xml#c11491"/>
          </sense>
        </re>
        <re type="redewendung">
          <form subtype="MWE" type="lemma">
            <orth>das grindige Färchel bekommen</orth>
          </form>
          <sense>
            <def>stiefmütterlich behandelt werden</def>
            <usg type="geo">
              <placeName type="grossregion" ref="/geodata-wboe.xml#p6.4">Weinv.</placeName>
            </usg>
            <cit type="example">
              <quote xml:lang="bar-AT">der kriagt 's grindige Fal von Voda</quote>
              <usg type="geo">
                <placeName type="gemeinde" ref="/geodata-wboe.xml#p6.4j02">Bockfließ</placeName>
              </usg>
            </cit>
            <ptr type="collection" subtype="bedeutung" target="/collections-wboe.xml#c11492"/>
          </sense>
        </re>
        <re type="redewendung">
          <form subtype="MWE" type="lemma">
            <orth>einen Kopf wie ein Färchel haben</orth>
          </form>
          <sense>
            <def>einen hässlichen, unebenmäßigen Kopf haben</def>
            <usg type="geo">
              <placeName type="grossregion" ref="/geodata-wboe.xml#p3.2">mbair.ObStmk.</placeName>
            </usg>
            <cit type="example">
              <quote xml:lang="bar-AT">Dös Deandl hot an kuglrundn Kopf, wi a Fadl</quote>
              <usg type="geo">
                <placeName type="gemeinde" ref="/geodata-wboe.xml#p3.2a07">Proleb</placeName>
              </usg>
            </cit>
            <ptr type="collection" subtype="bedeutung" target="/collections-wboe.xml#c11494"/>
          </sense>
        </re>
        <re type="redewendung">
          <form subtype="MWE" type="lemma">
            <orth>In jeder kleinen Schar ist ein Färchel (in einer großen Schar sind es oft ein paar)</orth>
          </form>
          <sense>
            <def>in jeder Familie gibt es Mitglieder, die nicht so sind, wie sie sein sollen</def>
            <usg type="geo">
              <placeName type="grossregion" ref="/geodata-wboe.xml#p6.1">Mostv.</placeName>
            </usg>
            <cit type="example">
              <quote xml:lang="bar-AT">In jedem Scharl is a Fal; in ana großn Schor sand oft a Por</quote>
              <usg type="geo">
                <placeName type="gemeinde" ref="/geodata-wboe.xml#p6.1r02">Sieghartskirchen</placeName>
              </usg>
            </cit>
            <ptr type="collection" subtype="bedeutung" target="/collections-wboe.xml#c11495"/>
          </sense>
        </re>
        <re type="redewendung">
          <form subtype="MWE" type="lemma">
            <orth>vom Tisch gehen wie ein Färchel vom Trog</orth>
          </form>
          <sense>
            <def>sich ohne Gruß verabschieden</def>
            <usg type="geo">
              <placeName type="grossregion" ref="/geodata-wboe.xml#p3.3">WStmk.</placeName>
            </usg>
            <cit type="example">
              <quote xml:lang="bar-AT">geɐt fɐn disch wiɐ s fā(d)l fɐn droug</quote>
              <usg type="geo">
                <placeName type="grossregion" ref="/geodata-wboe.xml#p3.3">WStmk.</placeName>
              </usg>
            </cit>
            <ptr type="collection" subtype="bedeutung" target="/collections-wboe.xml#c11496"/>
          </sense>
        </re>
        <re type="redewendung">
          <xr type="lemma">
            <ref>Müllnerfärchel</ref>
          </xr>
          <form subtype="MWE" type="lemma">
            <orth>ein Gesicht wie ein Müllnerfärchel</orth>
          </form>
          <sense>
            <def>aufgedunsene Backen, Pausbacken haben</def>
            <usg type="geo">
              <placeName type="grossregion" ref="/geodata-wboe.xml#p5.2">Hausrv.</placeName>
            </usg>
            <cit type="example">
              <quote xml:lang="bar-AT">Gsicht wir a Mi(l)nerfal</quote>
              <usg type="geo">
                <placeName type="gemeinde" ref="/geodata-wboe.xml#p5.2e01">Linz</placeName>
              </usg>
            </cit>
            <ptr type="collection" subtype="bedeutung" target="/collections-wboe.xml#c11493"/>
          </sense>
        </re>
      </entry>
    </body>
  </text>
</TEI>