<?xml version="1.0" encoding="UTF-8"?>
    <?xml-model href="http://www.tei-c.org/release/xml/tei/custom/schema/relaxng/tei_all.rng" type="application/xml" schematypens="http://purl.oclc.org/dsdl/schematron"?>
    <?xml-model href="../../803_RNG-schematron/WBOE-ODD.rnc" type="application/relax-ng-compact-syntax"?>
<?redaktionstool version="0.7.2" ?>
<?parser type="lioe" version="0.7.0" ?>
<TEI xmlns="http://www.tei-c.org/ns/1.0">
  <teiHeader>
    <fileDesc>
      <titleStmt>
        <title>Fassung</title>
        <respStmt>
          <resp>Editor</resp>
          <name ref="#SW">Sabine Wahl</name>
        </respStmt>
        <respStmt>
          <resp>Encoding Scheme</resp>
          <name>Jack Bowers</name>
          <name>Daniel Schopper</name>
          <name>Omar Siam</name>
        </respStmt>
        <respStmt>
          <resp>DBOE Team</resp>
          <name xml:id="AL">Alexandra N. Lenz</name>
          <name xml:id="PhS">Philipp Stöckle</name>
          <name xml:id="AG">Andreas Gellan</name>
          <name xml:id="PZ">Patrick Zeitlhuber</name>
          <name xml:id="SW">Sabine Wahl</name>
          <name xml:id="SS">Sonja Schwaiger</name>
          <name xml:id="AB">Angela Bergermayer</name>
          <name xml:id="EW">Eva Wahlmüller</name>
          <name xml:id="DG">David Gschösser</name>
          <name xml:id="StS">Stefanie Schöberl</name>
          <name xml:id="FF">Fabian Fleißner</name>
        </respStmt>
        <respStmt>
          <resp>Student assistants</resp>
          <name>Susanna Muhr</name>
          <name>Manuela Stütz</name>
          <name>Christina Hemetsberger</name>
        </respStmt>
      </titleStmt>
      <publicationStmt>
        <p></p>
      </publicationStmt>
      <sourceDesc>
        <list>
          <item>
            <label>Geo-data</label>
            <ptr xml:id="geo-inventory-WBOE" target="../geodata-wboe.xml"/>
          </item>
          <item>
            <label>Bibliography</label>
            <ptr xml:id="bibliography-WBOE" target="../bibl-wboe.xml"/>
          </item>
          <item>
            <label>WBOE-Slips</label>
            <ptr xml:id="slips-WBOE" target="../slips-wboe.xml"/>
          </item>
          <item>
            <label>WBOE-Collections</label>
            <ptr xml:id="collections-WBOE" target="../collections-wboe.xml"/>
          </item>
        </list>
      </sourceDesc>
    </fileDesc>
    <revisionDesc>
      <listChange>
        <change status="in progress" when="2021-07-01" who="#SW">Datensatz erstellt</change>
        <change status="peer correction" when="2021-07-05" who="#SW">V1</change>
        <change status="peer correction" when="2021-07-09" who="#DG">LK unformatiert eingefügt</change>
        <change status="internal correction" when="2021-08-13" who="#SW">V2</change>
        <change status="external correction" when="2021-10-07" who="#SW">V3</change>
        <change status="finished" when="2021-10-15" who="#SW">V4</change>
      </listChange>
    </revisionDesc>
  </teiHeader>
  <text>
    <body>
      <entry>
        <form type="lemma" xml:id="Fassung">
          <orth>Fassung</orth>
          <ptr type="collection" subtype="lemma" target="/collections-wboe.xml#c18540"/>
        </form>
        <gramGrp>
          <gram type="pos">Substantiv</gram>
          <gram type="gender">Femininum</gram>
        </gramGrp>
        <usg type="geo">
          <placeName type="grossregion" ref="/geodata-wboe.xml#p1A.2">mSTir.</placeName>
        </usg>
        <usg type="geo">
          <placeName type="grossregion" ref="/geodata-wboe.xml#p1A.4">öSTir.</placeName>
        </usg>
        <usg type="geo">
          <placeName type="grossregion" ref="/geodata-wboe.xml#p1C.1">wNTir.</placeName>
        </usg>
        <usg type="geo">
          <placeName type="grossregion" ref="/geodata-wboe.xml#p1C.3">öNTir.</placeName>
        </usg>
        <usg type="geo">
          <placeName type="grossregion" ref="/geodata-wboe.xml#p2.1">ObKtn.</placeName>
        </usg>
        <usg type="geo">
          <placeName type="grossregion" ref="/geodata-wboe.xml#p2.2">MKtn.</placeName>
        </usg>
        <usg type="geo">
          <placeName type="bundesland" ref="/geodata-wboe.xml#p3">Stmk.</placeName>
        </usg>
        <usg type="geo">
          <placeName type="grossregion" ref="/geodata-wboe.xml#p4.5">Flachg.</placeName>
        </usg>
        <usg type="geo">
          <placeName type="bundesland" ref="/geodata-wboe.xml#p5">OÖ</placeName>
        </usg>
        <usg type="geo">
          <placeName type="bundesland" ref="/geodata-wboe.xml#p6">NÖ</placeName>
        </usg>
        <usg type="geo">
          <placeName type="grossregion" ref="/geodata-wboe.xml#p6.5">Wien</placeName>
        </usg>
        <usg type="geo">
          <placeName type="grossregion" ref="/geodata-wboe.xml#p7.3">SBgl.</placeName>
        </usg>
        <note type="kommentar" resp="#DG">Für mhd.
          <c>a</c>als Stammvokal liegen im ganzen Untersuchungsgebiet regelhaft kurze offene
          <c>o</c>-Monophthonge vor
          <xr>
            <ref>fǫßųŋ</ref>
            <ref>fǫßįŋ</ref>
          </xr>, die in Kärnten aufgrund der Kärntner Dehnung und im Ostmittelbairischen auch lang auftreten
          <xr>
            <ref>fōßųŋ</ref>
            <ref>fōsįŋ</ref>
          </xr>. Der Vokal des Suffixes -
          <c>ung</c>schwankt hinsichtlich seiner Qualität
          <xr>
            <ref>fǫßųŋ</ref>
            <ref>fǫßįŋ</ref>
            <ref>fǫßəŋ</ref>
          </xr>. Im Ostmittelbairischen ist mitunter statt eines velaren Nasals ein velarer Frikativ zu finden
          <xr>
            <ref>fosįx</ref>
          </xr>.
        </note>
        <form type="dialect">
          <pron xml:lang="bar-AT">fâssing</pron>
          <usg type="geo">
            <placeName type="gemeinde" ref="/geodata-wboe.xml#p1A.3b01">Sarntal</placeName>
          </usg>
        </form>
        <form type="dialect">
          <pron xml:lang="bar-AT">fǫßũŋ</pron>
          <usg type="geo">
            <placeName type="gemeinde" ref="/geodata-wboe.xml#p1A.4a01">Ahrntal</placeName>
          </usg>
        </form>
        <form type="dialect">
          <pron xml:lang="bar-AT">fǫssuŋ</pron>
          <usg type="geo">
            <placeName type="gemeinde" ref="/geodata-wboe.xml#p1C.1n01">Imst</placeName>
          </usg>
        </form>
        <form type="dialect">
          <pron xml:lang="bar-AT">fåssong</pron>
          <usg type="geo">
            <placeName type="gemeinde" ref="/geodata-wboe.xml#p1C.3e06">Kufstein</placeName>
          </usg>
        </form>
        <form type="dialect">
          <pron xml:lang="bar-AT">fåssung</pron>
          <usg type="geo">
            <placeName type="gemeinde" ref="/geodata-wboe.xml#p1C.3e12">Schwoich</placeName>
          </usg>
        </form>
        <form type="dialect">
          <pron xml:lang="bar-AT">fōsung</pron>
          <usg type="geo">
            <placeName type="gemeinde" ref="/geodata-wboe.xml#p2.1b06">Winklern</placeName>
          </usg>
        </form>
        <form type="dialect">
          <pron xml:lang="bar-AT">-fåssəng</pron>
          <usg type="geo">
            <placeName type="gemeinde" ref="/geodata-wboe.xml#p2.2c03">Trebesing</placeName>
          </usg>
        </form>
        <form type="dialect">
          <pron xml:lang="bar-AT">fåßing</pron>
          <usg type="geo">
            <placeName type="kleinregion" ref="/geodata-wboe.xml#p2.2d">obstGurkt.</placeName>
          </usg>
        </form>
        <form type="dialect">
          <pron xml:lang="bar-AT">-fåssuŋ</pron>
          <usg type="geo">
            <placeName type="gemeinde" ref="/geodata-wboe.xml#p2.3n01">Klagenfurt</placeName>
          </usg>
        </form>
        <form type="dialect">
          <pron xml:lang="bar-AT">fåssuŋ</pron>
          <usg type="geo">
            <placeName type="gemeinde" ref="/geodata-wboe.xml#p3.2f02">Kapfenberg</placeName>
          </usg>
        </form>
        <form type="dialect">
          <pron xml:lang="bar-AT">-fosich</pron>
          <usg type="geo">
            <placeName type="gemeinde" ref="/geodata-wboe.xml#p3.5g08">Großwilfersdorf</placeName>
          </usg>
        </form>
        <form type="dialect">
          <pron xml:lang="bar-AT">-fǫssuŋ</pron>
          <usg type="geo">
            <placeName type="gemeinde" ref="/geodata-wboe.xml#p5.1c07">Mühlheim am Inn</placeName>
          </usg>
        </form>
        <form type="dialect">
          <pron xml:lang="bar-AT">-få̄ssung</pron>
          <usg type="geo">
            <placeName type="gemeinde" ref="/geodata-wboe.xml#p5.2e01">Linz</placeName>
          </usg>
        </form>
        <form type="dialect">
          <pron xml:lang="bar-AT">fåssuŋ</pron>
          <usg type="geo">
            <placeName type="gemeinde" ref="/geodata-wboe.xml#p5.3b02">Gmunden</placeName>
          </usg>
        </form>
        <form type="dialect">
          <pron xml:lang="bar-AT">fåssiŋ</pron>
          <usg type="geo">
            <placeName type="gemeinde" ref="/geodata-wboe.xml#p6.2h28">Warth</placeName>
          </usg>
        </form>
        <form type="dialect">
          <pron xml:lang="bar-AT">fåssun͜g</pron>
          <usg type="geo">
            <placeName type="gemeinde" ref="/geodata-wboe.xml#p6.2j15">Pottendorf</placeName>
          </usg>
        </form>
        <form type="dialect">
          <pron xml:lang="bar-AT">fǫßuŋ</pron>
          <usg type="geo">
            <placeName type="gemeinde" ref="/geodata-wboe.xml#p6.4e06">Hollabrunn</placeName>
          </usg>
        </form>
        <form type="dialect">
          <pron xml:lang="bar-AT">få̄ssung</pron>
          <usg type="geo">
            <placeName type="gemeinde" ref="/geodata-wboe.xml#p6.5j01">Favoriten</placeName>
          </usg>
        </form>
        <form type="dialect">
          <pron xml:lang="bar-AT">-fåssuŋg</pron>
          <usg type="geo">
            <placeName type="gemeinde" ref="/geodata-wboe.xml#p6.5r01">Gersthof</placeName>
          </usg>
        </form>
        <form type="dialect">
          <pron xml:lang="bar-AT">-fossiŋᵍ</pron>
          <usg type="geo">
            <placeName type="gemeinde" ref="/geodata-wboe.xml#p7.3d02">Bernstein</placeName>
          </usg>
          <ptr type="collection" subtype="lautung" target="/collections-wboe.xml#c19686"/>
        </form>
        <etym>
          <cit type="etymon">
            <lang>ahd.</lang>
            <form>
              <orth>fazzunga</orth>
            </form>
            <def>Last; Ladung</def>
          </cit>
          <cit type="etymon">
            <lang>mhd.</lang>
            <form>
              <orth>vazzunge</orth>
            </form>
            <def>Fass; Bekleidung; Schmuck</def>
          </cit>
          <ref type="bibl" target="#AWB1985III">
            <lbl>vgl.</lbl>AWB 1985 III
            <citedRange>671</citedRange>
          </ref>
          <ref type="bibl" target="#Lexer1878III">
            <lbl>vgl.</lbl>Lexer 1878 III
            <citedRange>36</citedRange>
          </ref>
          <seg type="desc">; Ableitung von</seg>
          <cit type="etymon">
            <xr type="lemma">
              <ref target="fassen.xml">fassen</ref>
            </xr>
          </cit>
        </etym>
        <sense>
          <sense>
            <sense>
              <def>Ladung eines Floßes</def>
              <usg type="geo">
                <placeName type="bundesland" ref="/geodata-wboe.xml#p5">OÖ</placeName>
              </usg>
              <ptr type="collection" subtype="bedeutung" target="/collections-wboe.xml#c19798"/>
            </sense>
            <sense>
              <def>das obere Material</def>
              <usg>(fachsprachlich; Flößereiwesen)</usg>
              <usg type="geo">
                <placeName type="grossregion" ref="/geodata-wboe.xml#p5.3">Traunv.</placeName>
              </usg>
              <ptr type="collection" subtype="bedeutung" target="/collections-wboe.xml#c19799"/>
            </sense>
          </sense>
          <sense>
            <sense>
              <def>Umrahmung, Umrandung (v. a. der Brillengläser und von Schmucksteinen)</def>
              <usg type="geo">
                <placeName type="grossregion" ref="/geodata-wboe.xml#p1C.3">öNTir.</placeName>
              </usg>
              <usg type="geo">
                <placeName type="grossregion" ref="/geodata-wboe.xml#p2.1">ObKtn.</placeName>
              </usg>
              <usg type="geo">
                <placeName type="grossregion" ref="/geodata-wboe.xml#p5.3">Traunv.</placeName>
              </usg>
              <usg type="geo">
                <placeName type="grossregion" ref="/geodata-wboe.xml#p6.1">Mostv.</placeName>
              </usg>
              <usg type="geo">
                <placeName type="grossregion" ref="/geodata-wboe.xml#p6.2">Industriev.</placeName>
              </usg>
              <usg type="geo">
                <placeName type="grossregion" ref="/geodata-wboe.xml#p6.4">Weinv.</placeName>
              </usg>
              <cit type="example">
                <quote xml:lang="bar-AT">Glås und Fåssung</quote>
                <usg type="geo">
                  <placeName type="gemeinde" ref="/geodata-wboe.xml#p2.1h02">Hermagor-Pressegger See</placeName>
                </usg>
              </cit>
              <cit type="example">
                <quote xml:lang="bar-AT">in go͡iˡdănă fåssun͜g</quote>
                <usg type="geo">
                  <placeName type="gemeinde" ref="/geodata-wboe.xml#p6.2j15">Pottendorf</placeName>
                </usg>
              </cit>
              <ptr type="collection" subtype="bedeutung" target="/collections-wboe.xml#c19801"/>
            </sense>
            <sense>
              <def>Bemalung einer Figur mit Farben</def>
              <usg type="geo">
                <placeName type="grossregion" ref="/geodata-wboe.xml#p1A.2">mSTir.</placeName>
              </usg>
              <ptr type="collection" subtype="bedeutung" target="/collections-wboe.xml#c19808"/>
            </sense>
          </sense>
          <sense>
            <sense>
              <def>die (besonders täglich) zu fassenden Gegenstände und Lebensmittel (v. a. Brot und Tabak); die kostenmäßig fälligen Lebensmittel</def>
              <usg type="geo">
                <placeName type="grossregion" ref="/geodata-wboe.xml#p1C.3">öNTir.</placeName>
              </usg>
              <usg type="geo">
                <placeName type="grossregion" ref="/geodata-wboe.xml#p5.4">Mühlv.</placeName>
              </usg>
              <cit type="example">
                <quote xml:lang="bar-AT">d' Fassung hoin</quote>
                <usg type="geo">
                  <placeName type="gemeinde" ref="/geodata-wboe.xml#p1C.3e12">Schwoich</placeName>
                </usg>
              </cit>
              <ptr type="collection" subtype="bedeutung" target="/collections-wboe.xml#c19824"/>
            </sense>
            <sense>
              <def>Verproviantierung; Einkauf</def>
              <usg type="geo">
                <placeName type="grossregion" ref="/geodata-wboe.xml#p1C.1">wNTir.</placeName>
              </usg>
              <usg type="geo">
                <placeName type="grossregion" ref="/geodata-wboe.xml#p3.2">mbair.ObStmk.</placeName>
              </usg>
              <usg type="geo">
                <placeName type="grossregion" ref="/geodata-wboe.xml#p5.3">Traunv.</placeName>
              </usg>
              <usg type="geo">
                <placeName type="grossregion" ref="/geodata-wboe.xml#p6.4">Weinv.</placeName>
              </usg>
              <cit type="example">
                <quote xml:lang="bar-AT">hãĩd išt fǫssuŋ</quote>
                <usg type="geo">
                  <placeName type="gemeinde" ref="/geodata-wboe.xml#p1C.1n01">Imst</placeName>
                </usg>
              </cit>
              <cit type="example">
                <quote xml:lang="bar-AT">miəʳ hąm gråd Fåssung khåd</quote>
                <usg type="geo">
                  <placeName type="gemeinde" ref="/geodata-wboe.xml#p5.3b02">Gmunden</placeName>
                </usg>
              </cit>
              <ptr type="collection" subtype="bedeutung" target="/collections-wboe.xml#c19826"/>
            </sense>
            <sense>
              <def>das Fassen der Tabaksorten bzw. Tabakmittel durch die Trafikanten in der Tabakverlagstelle</def>
              <usg type="geo">
                <placeName type="grossregion" ref="/geodata-wboe.xml#p6.1">Mostv.</placeName>
              </usg>
              <usg type="geo">
                <placeName type="grossregion" ref="/geodata-wboe.xml#p6.2">Industriev.</placeName>
              </usg>
              <usg type="geo">
                <placeName type="grossregion" ref="/geodata-wboe.xml#p6.4">Weinv.</placeName>
              </usg>
              <cit type="example">
                <quote xml:lang="bar-AT">wōn is denn d' fossiŋ?</quote>
                <usg type="geo">
                  <placeName type="kleinregion" ref="/geodata-wboe.xml#p6.4b">Pulkaut.</placeName>
                </usg>
              </cit>
              <ptr type="collection" subtype="bedeutung" target="/collections-wboe.xml#c19822"/>
            </sense>
            <sense>
              <def>Vorrat an Lebensmitteln und sonstigen Bedarfartikeln</def>
              <usg type="geo">
                <placeName type="grossregion" ref="/geodata-wboe.xml#p2.2">MKtn.</placeName>
              </usg>
              <ptr type="collection" subtype="bedeutung" target="/collections-wboe.xml#c19874"/>
            </sense>
            <sense>
              <def>
                <?comment f241_qdb-d1e76954 wegen der anderen Belege aus demselben Ort drinlassen? ?>
                (zugewiesene bzw. auf einmal eingebrachte) Menge an Verbauchsgütern (z. B. Tabak)
              </def>
              <usg type="geo">
                <placeName type="grossregion" ref="/geodata-wboe.xml#p5.2">Hausrv.</placeName>
              </usg>
              <usg type="geo">
                <placeName type="grossregion" ref="/geodata-wboe.xml#p6.1">Mostv.</placeName>
              </usg>
              <usg type="geo">
                <placeName type="grossregion" ref="/geodata-wboe.xml#p6.4">Weinv.</placeName>
              </usg>
              <cit type="example">
                <quote xml:lang="bar-AT">d' fåssung hoin</quote>
                <usg type="geo">
                  <placeName type="gemeinde" ref="/geodata-wboe.xml#p5.2e01">Linz</placeName>
                </usg>
              </cit>
              <cit type="example">
                <quote xml:lang="bar-AT">ī hob nīd de gonzi fossiŋ gnōma</quote>
                <usg type="geo">
                  <placeName type="kleinregion" ref="/geodata-wboe.xml#p6.4b">Pulkaut.</placeName>
                </usg>
              </cit>
              <ptr type="collection" subtype="bedeutung" target="/collections-wboe.xml#c19689"/>
            </sense>
          </sense>
          <sense>
            <sense>
              <def>(in Naturalien und Geld erfolgende) Auszahlung; Entlohnung</def>
              <usg type="geo">
                <placeName type="grossregion" ref="/geodata-wboe.xml#p3.2">mbair.ObStmk.</placeName>
              </usg>
              <ptr type="collection" subtype="bedeutung" target="/collections-wboe.xml#c19821"/>
            </sense>
            <sense>
              <def>Gebührenanteil an Lebensmitteln, den die Gewerkschaften den Arbeitern geben</def>
              <usg type="geo">
                <placeName type="bundesland" ref="/geodata-wboe.xml#p3">Stmk.</placeName>
              </usg>
              <ptr type="collection" subtype="bedeutung" target="/collections-wboe.xml#c19820"/>
            </sense>
            <sense>
              <def>Altenteil, den manche Dienstboten zugunsten von Eltern oder Verwandten in ihren Lohn einbeziehen lassen</def>
              <usg type="geo">
                <placeName type="grossregion" ref="/geodata-wboe.xml#p1A.2">mSTir.</placeName>
              </usg>
              <ptr type="collection" subtype="bedeutung" target="/collections-wboe.xml#c19818"/>
            </sense>
            <sense>
              <def>Armenhilfe der Gemeinde</def>
              <usg type="geo">
                <placeName type="grossregion" ref="/geodata-wboe.xml#p1A.2">mSTir.</placeName>
              </usg>
              <ptr type="collection" subtype="bedeutung" target="/collections-wboe.xml#c19817"/>
            </sense>
          </sense>
          <sense>
            <def>Einnahme der Gebühr</def>
            <usg>(soldatensprachlich)</usg>
            <usg type="geo">
              <placeName type="bundesland" ref="/geodata-wboe.xml#p5">OÖ</placeName>
            </usg>
            <ptr type="collection" subtype="bedeutung" target="/collections-wboe.xml#c19800"/>
          </sense>
          <sense>
            <def>Gleichmut; Haltung; Selbstbeherrschung</def>
            <usg type="geo">
              <placeName type="grossregion" ref="/geodata-wboe.xml#p1C.3">öNTir.</placeName>
            </usg>
            <usg type="geo">
              <placeName type="grossregion" ref="/geodata-wboe.xml#p6.1">Mostv.</placeName>
            </usg>
            <ptr type="collection" subtype="bedeutung" target="/collections-wboe.xml#c19816"/>
          </sense>
        </sense>
        <re>
          <form subtype="compound" type="lemma">
            <orth>Einfassung</orth>
          </form>
          <sense>
            <sense>
              <sense>
                <def>Umrahmung, Umrandung (v. a. der Brillengläser, aber auch von Fenstern, Türen und Gräbern)</def>
                <usg type="geo">
                  <placeName type="grossregion" ref="/geodata-wboe.xml#p1A.2">mSTir.</placeName>
                </usg>
                <usg type="geo">
                  <placeName type="grossregion" ref="/geodata-wboe.xml#p1C.3">öNTir.</placeName>
                </usg>
                <usg type="geo">
                  <placeName type="grossregion" ref="/geodata-wboe.xml#p2.2">MKtn.</placeName>
                </usg>
                <usg type="geo">
                  <placeName type="grossregion" ref="/geodata-wboe.xml#p3.5">OStmk.</placeName>
                </usg>
                <usg type="geo">
                  <placeName type="grossregion" ref="/geodata-wboe.xml#p5.1">Innv.</placeName>
                </usg>
                <usg type="geo">
                  <placeName type="grossregion" ref="/geodata-wboe.xml#p5.2">Hausrv.</placeName>
                </usg>
                <usg type="geo">
                  <placeName type="grossregion" ref="/geodata-wboe.xml#p5.3">Traunv.</placeName>
                </usg>
                <usg type="geo">
                  <placeName type="grossregion" ref="/geodata-wboe.xml#p6.2">Industriev.</placeName>
                </usg>
                <usg type="geo">
                  <placeName type="grossregion" ref="/geodata-wboe.xml#p6.3">Waldv.</placeName>
                </usg>
                <usg type="geo">
                  <placeName type="grossregion" ref="/geodata-wboe.xml#p6.5">Wien</placeName>
                </usg>
                <cit type="example">
                  <quote xml:lang="bar-AT">dė Infåssing und dė Gläsr ven Augnglōs</quote>
                  <usg type="geo">
                    <placeName type="gemeinde" ref="/geodata-wboe.xml#p1A.3b01">Sarntal</placeName>
                  </usg>
                </cit>
                <cit type="example">
                  <quote xml:lang="bar-AT">s' Gråb håd a schenö Aiⁿfåssuŋ</quote>
                  <usg type="geo">
                    <placeName type="gemeinde" ref="/geodata-wboe.xml#p5.3b02">Gmunden</placeName>
                  </usg>
                </cit>
                <cit type="example">
                  <quote xml:lang="bar-AT">a bǫananö Aiⁿfåssuŋ īs ma liəwəʳ, dö wiəʳd dō nöd rostö!</quote>
                  <usg type="geo">
                    <placeName type="gemeinde" ref="/geodata-wboe.xml#p5.3b02">Gmunden</placeName>
                  </usg>
                </cit>
              </sense>
              <sense>
                <def>Garnierung; Bordüre</def>
                <usg type="geo">
                  <placeName type="grossregion" ref="/geodata-wboe.xml#p6.4">Weinv.</placeName>
                </usg>
                <ptr type="collection" subtype="bedeutung" target="/collections-wboe.xml#c19706"/>
              </sense>
            </sense>
          </sense>
        </re>
        <re>
          <form subtype="compound" type="lemma">
            <orth>Glasaugenfassung</orth>
          </form>
          <sense>
            <sense>
              <def>Metallumrahmung in elliptischer Form, die das aus Glas hergestellte künstliche Auge umgibt</def>
              <usg type="geo">
                <placeName type="grossregion" ref="/geodata-wboe.xml#p7.3">SBgl.</placeName>
              </usg>
              <ptr type="collection" subtype="bedeutung" target="/collections-wboe.xml#c19708"/>
            </sense>
          </sense>
        </re>
        <re>
          <form subtype="compound" type="lemma">
            <orth>Goldeinfassung</orth>
          </form>
          <sense>
            <sense>
              <def>Umrahmung, Umrandung aus Gold für Schmuck oder Schmucksteine</def>
              <usg type="geo">
                <placeName type="grossregion" ref="/geodata-wboe.xml#p6.3">Waldv.</placeName>
              </usg>
              <cit type="example">
                <quote xml:lang="bar-AT">Ringü mocha, Schraifün mocha, Gouüdeifossungnan und nu fü aounas</quote>
                <usg type="geo">
                  <placeName type="gemeinde" ref="/geodata-wboe.xml#p6.3a15">Kautzen</placeName>
                </usg>
              </cit>
              <ptr type="collection" subtype="bedeutung" target="/collections-wboe.xml#c19709"/>
            </sense>
          </sense>
        </re>
        <re>
          <form subtype="compound" type="lemma">
            <orth>Grabeinfassung</orth>
          </form>
          <sense>
            <sense>
              <def>Umrahmung, Umrandung eines Grabes</def>
              <usg type="geo">
                <placeName type="grossregion" ref="/geodata-wboe.xml#p6.2">Industriev.</placeName>
              </usg>
              <ptr type="collection" subtype="bedeutung" target="/collections-wboe.xml#c19710"/>
            </sense>
          </sense>
        </re>
        <re>
          <form subtype="compound" type="lemma">
            <orth>Mauereinfassung</orth>
          </form>
          <sense>
            <sense>
              <def>Einfriedungmauer</def>
              <usg type="geo">
                <placeName type="grossregion" ref="/geodata-wboe.xml#p1C.3">öNTir.</placeName>
              </usg>
              <ptr type="collection" subtype="bedeutung" target="/collections-wboe.xml#c19711"/>
            </sense>
          </sense>
        </re>
        <re>
          <form subtype="compound" type="lemma">
            <orth>Verfassung</orth>
          </form>
          <sense>
            <sense>
              <def>Stimmung; Zustand</def>
              <usg type="geo">
                <placeName type="grossregion" ref="/geodata-wboe.xml#p5.3">Traunv.</placeName>
              </usg>
              <usg type="geo">
                <placeName type="grossregion" ref="/geodata-wboe.xml#p6.2">Industriev.</placeName>
              </usg>
              <usg type="geo">
                <placeName type="grossregion" ref="/geodata-wboe.xml#p6.5">Wien</placeName>
              </usg>
              <ptr type="collection" subtype="bedeutung" target="/collections-wboe.xml#c19712"/>
            </sense>
          </sense>
        </re>
        <re>
          <form subtype="compound" type="lemma">
            <orth>Wegeinfassung</orth>
          </form>
          <sense>
            <sense>
              <def>Umrahmung, Umrandung eines Weges im Garten (z. B. durch niedrig geschnittenen Buchsbaum oder Blumen)</def>
              <usg type="geo">
                <placeName type="grossregion" ref="/geodata-wboe.xml#p6.2">Industriev.</placeName>
              </usg>
              <ptr type="collection" subtype="bedeutung" target="/collections-wboe.xml#c19713"/>
            </sense>
          </sense>
        </re>
        <re>
          <form subtype="compound" type="lemma">
            <orth>Wochenfassung</orth>
          </form>
          <sense>
            <sense>
              <def>Proviant für eine Woche (z. B. bei Holzknechten)</def>
              <usg type="geo">
                <placeName type="grossregion" ref="/geodata-wboe.xml#p2.2">MKtn.</placeName>
              </usg>
              <ptr type="collection" subtype="bedeutung" target="/collections-wboe.xml#c19714"/>
            </sense>
          </sense>
        </re>
        <re type="redewendung">
          <xr type="lemma">
            <ref target="#Fassung">Fassung</ref>
          </xr>
          <form subtype="MWE" type="lemma">
            <orth>aus der Fassung geraten</orth>
          </form>
          <sense>
            <def>sehr aufgeregt werden</def>
            <usg type="geo">
              <placeName type="grossregion" ref="/geodata-wboe.xml#p2.2">MKtn.</placeName>
            </usg>
            <cit type="example">
              <quote xml:lang="bar-AT">aus dr Fåßing kråtn</quote>
              <usg type="geo">
                <placeName type="kleinregion" ref="/geodata-wboe.xml#p2.2d">obstGurkt.</placeName>
              </usg>
            </cit>
            <ptr type="collection" subtype="bedeutung" target="/collections-wboe.xml#c19878"/>
          </sense>
        </re>
        <re type="redewendung">
          <form subtype="MWE" type="lemma">
            <?comment die Fassung verlieren - ohne genaue Bedeutungsangabe, höchstens "Fassung (geistig)" -> Redew. oder zur Simplexbedeutung oder rauslassen? ?>
            <?comment genauso: aus der Fassung bringen bzw. sich nicht aus der Fassung bringen lassen ?>
            <orth>aus der Fassung kommen</orth>
          </form>
          <sense>
            <sense>
              <def>sehr aufgeregt werden</def>
              <usg type="geo">
                <placeName type="grossregion" ref="/geodata-wboe.xml#p2.2">MKtn.</placeName>
              </usg>
              <cit type="example">
                <quote xml:lang="bar-AT">aus dr Fåßing kem</quote>
                <usg type="geo">
                  <placeName type="kleinregion" ref="/geodata-wboe.xml#p2.2d">obstGurkt.</placeName>
                </usg>
              </cit>
              <ptr type="collection" subtype="bedeutung" target="/collections-wboe.xml#c19876"/>
            </sense>
            <sense>
              <def>die klare Überlegung verlieren</def>
              <usg type="geo">
                <placeName type="grossregion" ref="/geodata-wboe.xml#p2.2">MKtn.</placeName>
              </usg>
              <cit type="example">
                <quote xml:lang="bar-AT">aus dr Fåßing kemᵃn</quote>
                <usg type="geo">
                  <placeName type="kleinregion" ref="/geodata-wboe.xml#p2.2d">obstGurkt.</placeName>
                </usg>
              </cit>
              <ptr type="collection" subtype="bedeutung" target="/collections-wboe.xml#c19877"/>
            </sense>
            <sense>
              <def>verwirrt werden</def>
              <usg type="geo">
                <placeName type="grossregion" ref="/geodata-wboe.xml#p1C.3">öNTir.</placeName>
              </usg>
              <cit type="example">
                <quote xml:lang="bar-AT">aus da Fassung kema</quote>
                <usg type="geo">
                  <placeName type="gemeinde" ref="/geodata-wboe.xml#p1C.3e12">Schwoich</placeName>
                </usg>
              </cit>
              <ptr type="collection" subtype="bedeutung" target="/collections-wboe.xml#c19875"/>
            </sense>
            <sense>
              <def>erschreckt werden</def>
              <usg type="geo">
                <placeName type="grossregion" ref="/geodata-wboe.xml#p1C.3">öNTir.</placeName>
              </usg>
              <cit type="example">
                <quote xml:lang="bar-AT">aus da Făssung kh.</quote>
                <usg type="geo">
                  <placeName type="gemeinde" ref="/geodata-wboe.xml#p1C.3i05">St. Johann in Tirol</placeName>
                </usg>
              </cit>
              <ptr type="collection" subtype="bedeutung" target="/collections-wboe.xml#c19809"/>
            </sense>
            <sense>
              <def>allzu korpulent werden</def>
              <usg type="geo">
                <placeName type="grossregion" ref="/geodata-wboe.xml#p1C.3">öNTir.</placeName>
              </usg>
              <cit type="example">
                <quote xml:lang="bar-AT">aus da Făssung kh.</quote>
                <usg type="geo">
                  <placeName type="gemeinde" ref="/geodata-wboe.xml#p1C.3f02">Hopfgarten im Brixental</placeName>
                </usg>
              </cit>
              <ptr type="collection" subtype="bedeutung" target="/collections-wboe.xml#c19882"/>
            </sense>
          </sense>
        </re>
        <re type="redewendung">
          <form subtype="MWE" type="lemma">
            <orth>ganz aus der Fassung</orth>
          </form>
          <sense>
            <def>fassungslos</def>
            <usg type="geo">
              <placeName type="grossregion" ref="/geodata-wboe.xml#p6.2">Industriev.</placeName>
            </usg>
            <cit type="example">
              <quote xml:lang="bar-AT">wo͡aʳ gånz a͡us dă fåssun͜g</quote>
              <usg type="geo">
                <placeName type="gemeinde" ref="/geodata-wboe.xml#p6.2j15">Pottendorf</placeName>
              </usg>
            </cit>
            <ptr type="collection" subtype="bedeutung" target="/collections-wboe.xml#c19879"/>
          </sense>
        </re>
        <re type="redewendung">
          <xr type="variant" subtype="compound">
            <ref>Verfassung</ref>
          </xr>
          <form subtype="MWE" type="lemma">
            <orth>gar nicht in der Verfassung sein</orth>
          </form>
          <sense>
            <def>nicht recht fähig sein</def>
            <usg type="geo">
              <placeName type="grossregion" ref="/geodata-wboe.xml#p6.5">Wien</placeName>
            </usg>
            <cit type="example">
              <quote xml:lang="bar-AT">i bin gåəʳ net in dəʳ fəʳfåssuŋg</quote>
              <usg type="geo">
                <placeName type="gemeinde" ref="/geodata-wboe.xml#p6.5r01">Gersthof</placeName>
              </usg>
            </cit>
            <ptr type="collection" subtype="bedeutung" target="/collections-wboe.xml#c19716"/>
          </sense>
        </re>
      </entry>
    </body>
  </text>
</TEI>
