<?xml version="1.0" encoding="UTF-8"?>
    <?xml-model href="http://www.tei-c.org/release/xml/tei/custom/schema/relaxng/tei_all.rng" type="application/xml" schematypens="http://purl.oclc.org/dsdl/schematron"?>
    <?xml-model href="../../803_RNG-schematron/WBOE-ODD.rnc" type="application/relax-ng-compact-syntax"?>
<?redaktionstool version="0.6.6"?>
<TEI xmlns="http://www.tei-c.org/ns/1.0">
  <teiHeader>
    <fileDesc>
      <titleStmt>
        <title>Fasson</title>
        <respStmt>
          <resp>Editor</resp>
          <name ref="#AB">Angela Bergermayer</name>
        </respStmt>
        <respStmt>
          <resp>Encoding Scheme</resp>
          <name>Jack Bowers</name>
          <name>Daniel Schopper</name>
          <name>Omar Siam</name>
        </respStmt>
        <respStmt>
          <resp>DBOE Team</resp>
          <name xml:id="AL">Alexandra N. Lenz</name>
          <name xml:id="PhS">Philipp Stöckle</name>
          <name xml:id="AG">Andreas Gellan</name>
          <name xml:id="PZ">Patrick Zeitlhuber</name>
          <name xml:id="SW">Sabine Wahl</name>
          <name xml:id="SS">Sonja Schwaiger</name>
          <name xml:id="JD">Jan Braun</name>
          <name xml:id="AB">Angela Bergermayer</name>
          <name xml:id="EW">Eva Wahlmüller</name>
          <name xml:id="DG">David Gschösser</name>
          <name xml:id="StS">Stefanie Schöberl</name>
          <name xml:id="FF">Fabian Fleißner</name>
        </respStmt>
        <respStmt>
          <resp>Student assistants</resp>
          <name>Eva Wahlmüller</name>
          <name>Susanna Muhr</name>
          <name>Alexandra Grohe</name>
          <name>Klemens Wagner</name>
          <name>Manuela Stütz</name>
          <name>Christina Hemetsberger</name>
        </respStmt>
      </titleStmt>
      <publicationStmt>
        <p></p>
      </publicationStmt>
      <sourceDesc>
        <list>
          <item>
            <label>Geo-data</label>
            <ptr xml:id="geo-inventory-WBOE" target="../geodata-wboe.xml"/>
          </item>
          <item>
            <label>Bibliography</label>
            <ptr xml:id="bibliography-WBOE" target="../bibl-wboe.xml"/>
          </item>
          <item>
            <label>WBOE-Slips</label>
            <ptr xml:id="slips-WBOE" target="../slips-wboe.xml"/>
          </item>
          <item>
            <label>WBOE-Collections</label>
            <ptr xml:id="collections-WBOE" target="../collections-wboe.xml"/>
          </item>
        </list>
      </sourceDesc>
    </fileDesc>
    <revisionDesc>
      <listChange>
        <change status="external correction" when="2018-10-12" who="#AB">Datensatz erstellt</change>
        <change status="external correction" when="2020-05-22" who="#AB">Update auf Version 0.6.0</change>
        <change status="external correction" when="2020-06-08" who="#StS">LK hinzugefügt</change>
        <change status="external correction" when="2020-06-12" who="#AB">Statusanpassung</change>
        <change status="external correction" when="2020-08-28" who="#AB">Lautungen, wo geeignet, durch CC-Lautungen ersetzt</change>
        <change status="finished" when="2020-10-09" who="#AB">Versionsupdate; Abschlussredaktion</change>
      </listChange>
    </revisionDesc>
  </teiHeader>
  <text>
    <body>
      <entry>
        <form type="lemma" xml:id="Fasson">
          <orth>Fasson</orth>
          <ptr type="collection" subtype="lemma" target="/collections-wboe.xml#c1020"/>
        </form>
        <gramGrp>
          <gram type="pos">Substantiv</gram>
          <gram type="gender">Femininum</gram>
        </gramGrp>
        <usg type="geo">
          <placeName type="grossregion" ref="/geodata-wboe.xml#p2.2">MKtn.</placeName>
        </usg>
        <usg type="geo">
          <placeName type="grossregion" ref="/geodata-wboe.xml#p5.1">Innv.</placeName>
        </usg>
        <usg type="geo">
          <placeName type="grossregion" ref="/geodata-wboe.xml#p5.2">Hausrv.</placeName>
        </usg>
        <usg type="geo">
          <placeName type="grossregion" ref="/geodata-wboe.xml#p5.4">Mühlv.</placeName>
        </usg>
        <usg type="geo">
          <placeName type="bundesland" ref="/geodata-wboe.xml#p6">NÖ</placeName>
        </usg>
        <usg type="geo">
          <placeName type="grossregion" ref="/geodata-wboe.xml#p6.5">Wien</placeName>
        </usg>
        <note type="kommentar" resp="#FF">Für den Stammvokal
          <c>a</c>lassen sich im ganzen Untersuchungsgebiet nicht verdumpfte Varianten finden, was einerseits am französischen Ursprung des Lehnwortes und andererseits an der Zweitsilbenbetonung des Wortes liegt, durch die die initiale Silbe mitunter als vokalisierte
          <c>ver</c>-Vorsilbe interpretiert wird und präfigalen Charakter erhält
          <xr>
            <ref>ƒaßon</ref>
          </xr>. Vereinzelt liegen im Mittelbairischen verdumpfte Varianten vor
          <xr>
            <ref>fǫson</ref>
          </xr>. In der zweiten Silbe dominieren geschlossene
          <c>o</c>-Monophthonge, die oft wie mhd.
          <c>ō</c>behandelt werden. Die ohnehin im Mittelbairischen erwartbare Nasalierung des Vokals wird hier durch die französische Aussprache des Wortes zusätzlich verstärkt
          <xr>
            <ref>fasǫ̃</ref>
          </xr>, allerdings sind in allen Gebieten auch Belege mit
          <c>n</c>-Erhalt bzw. -Wiederherstellung belegt.
        </note>
        <form type="dialect">
          <pron xml:lang="bar-AT">ƒₐßon</pron>
          <usg type="geo">
            <placeName type="kleinregion" ref="/geodata-wboe.xml#p2.3b">obGurkt.</placeName>
          </usg>
        </form>
        <form type="dialect">
          <pron xml:lang="bar-AT">ƒåsà̃</pron>
          <usg type="geo">
            <placeName type="kleinregion" ref="/geodata-wboe.xml#p5.1b">nördl.obInnv.</placeName>
          </usg>
        </form>
        <form type="dialect">
          <pron xml:lang="bar-AT">ƒasąn</pron>
          <usg type="geo">
            <placeName type="gemeinde" ref="/geodata-wboe.xml#p5.4h09">Schwertberg</placeName>
          </usg>
        </form>
        <form type="dialect">
          <pron xml:lang="bar-AT">ƒaßon</pron>
          <usg type="geo">
            <placeName type="gemeinde" ref="/geodata-wboe.xml#p6.1f05">Purgstall an der Erlauf</placeName>
          </usg>
        </form>
        <form type="dialect">
          <pron xml:lang="bar-AT">ƒɒsó̃̄</pron>
          <usg type="geo">
            <placeName type="gemeinde" ref="/geodata-wboe.xml#p6.1o01">Herzogenburg</placeName>
          </usg>
        </form>
        <form type="dialect">
          <pron xml:lang="bar-AT">ƒasso⁽ⁿ⁾</pron>
          <usg type="geo">
            <placeName type="gemeinde" ref="/geodata-wboe.xml#p6.2e03">Puchberg am Schneeberg</placeName>
          </usg>
        </form>
        <form type="dialect">
          <pron xml:lang="bar-AT">ƒasōn</pron>
          <usg type="geo">
            <placeName type="gemeinde" ref="/geodata-wboe.xml#p6.5r01">Gersthof</placeName>
          </usg>
          <ptr type="collection" subtype="lautung" target="/collections-wboe.xml#c1021"/>
        </form>
        <etym>
          <seg type="desc">im
            <date>15. Jh.</date>entlehnt aus
            <lang>frz.</lang>
          </seg>
          <cit type="etymon">
            <form>
              <orth>façon</orth>
            </form>
            <def>Verarbeitung; Arbeit; Machart; Schnitt; Art</def>
          </cit>
          <seg type="desc">, dieses aus
            <lang>lat.</lang>
          </seg>
          <cit type="etymon">
            <form>
              <orth>factio, ‑ōnis</orth>
            </form>
            <def>das Machen</def>
          </cit>
          <ref type="bibl" target="KLUGE 2011">
            <lbl>vgl.</lbl>Kluge 2011
            <citedRange>279</citedRange>
          </ref>
        </etym>
        <sense>
          <sense>
            <def>Machart, Form, vor allem eines Kleidungsstückes; Schnitt eines Kleidungsstückes</def>
            <usg type="geo">
              <placeName type="grossregion" ref="/geodata-wboe.xml#p2.2">MKtn.</placeName>
            </usg>
            <usg type="geo">
              <placeName type="grossregion" ref="/geodata-wboe.xml#p5.2">Hausrv.</placeName>
            </usg>
            <usg type="geo">
              <placeName type="grossregion" ref="/geodata-wboe.xml#p5.4">Mühlv.</placeName>
            </usg>
            <usg type="geo">
              <placeName type="bundesland" ref="/geodata-wboe.xml#p6">NÖ</placeName>
            </usg>
            <usg type="geo">
              <placeName type="grossregion" ref="/geodata-wboe.xml#p6.5">Wien</placeName>
            </usg>
            <cit type="example">
              <quote xml:lang="bar-AT">a schöne Fasson</quote>
              <usg type="geo">
                <placeName type="gemeinde" ref="/geodata-wboe.xml#p5.2a39">Traun</placeName>
              </usg>
            </cit>
            <cit type="example">
              <quote xml:lang="bar-AT">nach der neuastn Fason</quote>
              <usg type="geo">
                <placeName type="gemeinde" ref="/geodata-wboe.xml#p6.2h28">Warth</placeName>
              </usg>
            </cit>
            <ptr type="collection" subtype="bedeutung" target="/collections-wboe.xml#c1022"/>
          </sense>
          <sense>
            <def>Kleidermaß</def>
            <usg type="geo">
              <placeName type="bundesland" ref="/geodata-wboe.xml#p6">NÖ</placeName>
            </usg>
            <ptr type="collection" subtype="bedeutung" target="/collections-wboe.xml#c1023"/>
          </sense>
          <sense>
            <def>„Macherlohn des Schneiders“</def>
            <usg type="geo">
              <placeName type="grossregion" ref="/geodata-wboe.xml#p6.1">Mostv.</placeName>
            </usg>
            <ptr type="collection" subtype="bedeutung" target="/collections-wboe.xml#c1024"/>
          </sense>
          <sense>
            <def>Taille</def>
            <usg type="geo">
              <placeName type="grossregion" ref="/geodata-wboe.xml#p6.5">Wien</placeName>
            </usg>
            <ptr type="collection" subtype="bedeutung" target="/collections-wboe.xml#c1025"/>
          </sense>
        </sense>
      </entry>
    </body>
  </text>
</TEI>