<?xml version="1.0" encoding="UTF-8"?>
    <?xml-model href="http://www.tei-c.org/release/xml/tei/custom/schema/relaxng/tei_all.rng" type="application/xml" schematypens="http://purl.oclc.org/dsdl/schematron"?>
    <?xml-model href="../../803_RNG-schematron/WBOE-ODD.rnc" type="application/relax-ng-compact-syntax"?>
<?redaktionstool version="0.6.6"?>
<TEI xmlns="http://www.tei-c.org/ns/1.0">
  <teiHeader>
    <fileDesc>
      <titleStmt>
        <title>Fazolett</title>
        <respStmt>
          <resp>Editor</resp>
          <name ref="#PhS">Philipp Stöckle</name>
        </respStmt>
        <respStmt>
          <resp>Encoding Scheme</resp>
          <name>Jack Bowers</name>
          <name>Daniel Schopper</name>
          <name>Omar Siam</name>
        </respStmt>
        <respStmt>
          <resp>DBOE Team</resp>
          <name xml:id="AL">Alexandra N. Lenz</name>
          <name xml:id="PhS">Philipp Stöckle</name>
          <name xml:id="AG">Andreas Gellan</name>
          <name xml:id="PZ">Patrick Zeitlhuber</name>
          <name xml:id="SW">Sabine Wahl</name>
          <name xml:id="SS">Sonja Schwaiger</name>
          <name xml:id="JD">Jan Braun</name>
          <name xml:id="AB">Angela Bergermayer</name>
          <name xml:id="EW">Eva Wahlmüller</name>
          <name xml:id="DG">David Gschösser</name>
          <name xml:id="StS">Stefanie Schöberl</name>
          <name xml:id="FF">Fabian Fleißner</name>
        </respStmt>
        <respStmt>
          <resp>Student assistants</resp>
          <name>Eva Wahlmüller</name>
          <name>Susanna Muhr</name>
          <name>Alexandra Grohe</name>
          <name>Klemens Wagner</name>
          <name>Manuela Stütz</name>
          <name>Christina Hemetsberger</name>
        </respStmt>
      </titleStmt>
      <publicationStmt>
        <p></p>
      </publicationStmt>
      <sourceDesc>
        <list>
          <item>
            <label>Geo-data</label>
            <ptr xml:id="geo-inventory-WBOE" target="../geodata-wboe.xml"/>
          </item>
          <item>
            <label>Bibliography</label>
            <ptr xml:id="bibliography-WBOE" target="../bibl-wboe.xml"/>
          </item>
          <item>
            <label>WBOE-Slips</label>
            <ptr xml:id="slips-WBOE" target="../slips-wboe.xml"/>
          </item>
          <item>
            <label>WBOE-Collections</label>
            <ptr xml:id="collections-WBOE" target="../collections-wboe.xml"/>
          </item>
        </list>
      </sourceDesc>
    </fileDesc>
    <revisionDesc>
      <listChange>
        <change status="in progress" when="2018-08-03" who="#PhS">Datensatz erstellt</change>
        <change status="external correction" when="2018-12-07" who="#PhS">korrigiert für Online-Release</change>
        <change status="external correction" when="2019-01-11" who="#PhS">Collections hinzugefügt</change>
        <change status="external correction" when="2020-06-03" who="#PhS">Lautkommentar hinzugefügt</change>
        <change status="external correction" when="2020-07-15" who="#PhS">POS ergänzt</change>
        <change status="finished" when="2020-10-13" who="#PhS">Formalia korrigiert</change>
      </listChange>
    </revisionDesc>
  </teiHeader>
  <text>
    <body>
      <entry>
        <form type="lemma" xml:id="Fazolett">
          <orth>Fazolett</orth>
        </form>
        <form type="lemma" xml:id="Fazinett">
          <orth>Fazinett</orth>
          <ptr type="collection" subtype="lemma" target="/collections-wboe.xml#c698"/>
        </form>
        <gramGrp>
          <gram type="pos">Substantiv</gram>
          <gram type="gender">Neutrum</gram>
        </gramGrp>
        <form type="variant" subtype="diminutive" xml:id="Fazolettel">
          <orth>Fazolettel</orth>
          <gramGrp>
            <gram type="gender">Neutrum</gram>
          </gramGrp>
        </form>
        <form type="variant" subtype="diminutive" xml:id="Fazinettel">
          <orth>Fazinettel</orth>
          <gramGrp>
            <gram type="gender">Neutrum</gram>
          </gramGrp>
        </form>
        <usg type="geo">
          <placeName type="grossregion" ref="/geodata-wboe.xml#p1A.2">mSTir.</placeName>
        </usg>
        <usg type="geo">
          <placeName type="bundesland" ref="/geodata-wboe.xml#p1B">OTir.</placeName>
        </usg>
        <usg type="geo">
          <placeName type="bundesland" ref="/geodata-wboe.xml#p1C">NTir.</placeName>
        </usg>
        <usg type="geo">
          <placeName type="bundesland" ref="/geodata-wboe.xml#p3">Stmk.</placeName>
        </usg>
        <usg type="geo">
          <placeName type="bundesland" ref="/geodata-wboe.xml#p4">Sbg.</placeName>
        </usg>
        <usg type="geo">
          <placeName type="grossregion" ref="/geodata-wboe.xml#p6.3">Waldv.</placeName>
        </usg>
        <usg type="geo">
          <placeName type="bundesland" ref="/geodata-wboe.xml#p6.5">Wien</placeName>
        </usg>
        <note type="kommentar" resp="#FF">Das italienische Lehnwort zählt zu den lautvariablen Lexemen, bei denen die phonetischen Verhältnisse schwierig zu ordnen sind. Aufgrund des späten Entlehnungszeitpunkts ist in allen Gebieten die
          <c>a</c>-Verdumpfung unterblieben. Es liegen mindestens zwei verschiedene Grundtypen vor, die ihrerseits aber in vielen Gegenden nebeneinander stehen. Der den ursprünglichen Lautverhältnissen am nächsten stehende Typ bewahrt das inlautende
          <c>l</c>
          <xr>
            <ref>ƒatsǫlętl̥</ref>
          </xr>. Der vorangehende Vokal unterliegt dabei qualitativen Schwankungen, vereinzelt ist er auch geschwunden
          <xr>
            <ref>ƒatsalętl̥</ref>
            <ref>ƒatslęt</ref>
          </xr>. Häufiger belegt sind die Formen, bei denen an diese Position des Liquids ein Nasal getreten ist
          <xr>
            <ref>ƒatsįnętl̥</ref>
          </xr>. Hier liegen analogische Einmischungen ähnlicher Bildungen vor, die auch den Vokal betreffen, der meist als
          <c>i</c>-Monophthong erscheint. Weitere Verballhornungen führen vereinzelt zu Kürzungen und Veränderungen der ursprünglichen Silbenstruktur. Angelehnt an echte Diminutivbildungen, wie sie aus dem Französischen bekannt sind (etwa
          <c>
            <?comment korrekt formatieren?>
            Kabinett
          </c>zu
          <c>
            <?comment korrekt formatieren?>
            Kabine
          </c>), entstehen reduziertere Formen
          <xr>
            <ref>ƒātsn̥</ref>
          </xr>.
        </note>
        <form type="dialect">
          <pron xml:lang="bar-AT">φɒtßo̩lę́tl̥</pron>
          <usg>[Dim.]</usg>
          <usg type="geo">
            <placeName type="bundesland" ref="/geodata-wboe.xml#p6.5">Wien</placeName>
          </usg>
          <ptr type="collection" subtype="lautung" target="/collections-wboe.xml#c699"/>
        </form>
        <etym>
          <seg type="desc">entlehnt aus
            <lang>ital.</lang>
          </seg>
          <cit type="etymon">
            <form>
              <orth>fazzoletto</orth>
            </form>
            <def>Taschentuch</def>
          </cit>
          <ref type="bibl" target="#SalzburgerWb1995">
            <lbl>vgl.</lbl>Salzburger Wb. 1995
            <citedRange>60</citedRange>
          </ref>
        </etym>
        <sense>
          <sense>
            <def>Taschentuch; Schnupftuch</def>
            <usg type="geo">
              <placeName type="grossregion" ref="/geodata-wboe.xml#p1A.2">mSTir.</placeName>
            </usg>
            <usg type="geo">
              <placeName type="bundesland" ref="/geodata-wboe.xml#p1B">OTir.</placeName>
            </usg>
            <usg type="geo">
              <placeName type="bundesland" ref="/geodata-wboe.xml#p1C">NTir.</placeName>
            </usg>
            <usg type="geo">
              <placeName type="bundesland" ref="/geodata-wboe.xml#p3">Stmk.</placeName>
            </usg>
            <usg type="geo">
              <placeName type="bundesland" ref="/geodata-wboe.xml#p4">Sbg.</placeName>
            </usg>
            <usg type="geo">
              <placeName type="grossregion" ref="/geodata-wboe.xml#p6.3">Waldv.</placeName>
            </usg>
            <usg type="geo">
              <placeName type="bundesland" ref="/geodata-wboe.xml#p6.5">Wien</placeName>
            </usg>
            <cit type="example">
              <quote xml:lang="bar-AT">Vergiß nöt auf dein fazinettl</quote>
              <usg type="geo">
                <placeName type="bundesland" ref="/geodata-wboe.xml#p6.5">Wien</placeName>
              </usg>
            </cit>
            <ptr type="collection" subtype="bedeutung" target="/collections-wboe.xml#c700"/>
          </sense>
          <sense>
            <def>Halstuch</def>
            <usg type="geo">
              <placeName type="bundesland" ref="/geodata-wboe.xml#p1B">OTir.</placeName>
            </usg>
            <usg type="geo">
              <placeName type="bundesland" ref="/geodata-wboe.xml#p1C">NTir.</placeName>
            </usg>
            <ptr type="collection" subtype="bedeutung" target="/collections-wboe.xml#c701"/>
          </sense>
        </sense>
        <re>
          <form subtype="compound" type="lemma">
            <orth>Halsfazolett</orth>
          </form>
          <form subtype="compound" type="lemma">
            <orth>Halsfazinett</orth>
          </form>
          <sense>
            <sense>
              <def>Halstuch</def>
              <usg type="geo">
                <placeName type="bundesland" ref="/geodata-wboe.xml#p3">Stmk.</placeName>
              </usg>
              <ptr type="collection" subtype="bedeutung" target="/collections-wboe.xml#c702"/>
            </sense>
          </sense>
        </re>
        <re>
          <form subtype="compound" type="lemma">
            <orth>Mundfazolett</orth>
          </form>
          <sense>
            <sense>
              <def>Mundtuch; Tellertuch</def>
              <usg type="geo">
                <placeName type="bundesland" ref="/geodata-wboe.xml#p3">Stmk.</placeName>
              </usg>
              <ptr type="collection" subtype="bedeutung" target="/collections-wboe.xml#c703"/>
            </sense>
          </sense>
        </re>
        <re>
          <form subtype="compound" type="lemma">
            <orth>Schnäuzfazolett</orth>
          </form>
          <sense>
            <sense>
              <def>Schnäuztuch</def>
              <usg type="geo">
                <placeName type="bundesland" ref="/geodata-wboe.xml#p3">Stmk.</placeName>
              </usg>
              <ptr type="collection" subtype="bedeutung" target="/collections-wboe.xml#c704"/>
            </sense>
          </sense>
        </re>
        <re>
          <form subtype="compound" type="lemma">
            <orth>Tischfazolett</orth>
          </form>
          <form subtype="compound" type="lemma">
            <orth>Tischfazinett</orth>
          </form>
          <sense>
            <sense>
              <def>Tischtuch; Tellertuch</def>
              <usg type="geo">
                <placeName type="bundesland" ref="/geodata-wboe.xml#p3">Stmk.</placeName>
              </usg>
              <ptr type="collection" subtype="bedeutung" target="/collections-wboe.xml#c705"/>
            </sense>
          </sense>
        </re>
      </entry>
    </body>
  </text>
</TEI>