<?xml version="1.0" encoding="UTF-8"?>
    <?xml-model href="http://www.tei-c.org/release/xml/tei/custom/schema/relaxng/tei_all.rng" type="application/xml" schematypens="http://purl.oclc.org/dsdl/schematron"?>
    <?xml-model href="../../803_RNG-schematron/WBOE-ODD.rnc" type="application/relax-ng-compact-syntax"?>
<?redaktionstool version="0.6.6"?>
<TEI xmlns="http://www.tei-c.org/ns/1.0">
  <teiHeader>
    <fileDesc>
      <titleStmt>
        <title>Feckel</title>
        <respStmt>
          <resp>Editor</resp>
          <name ref="#AG">Andreas Gellan</name>
        </respStmt>
        <respStmt>
          <resp>Encoding Scheme</resp>
          <name>Jack Bowers</name>
          <name>Daniel Schopper</name>
          <name>Omar Siam</name>
        </respStmt>
        <respStmt>
          <resp>DBOE Team</resp>
          <name xml:id="AL">Alexandra N. Lenz</name>
          <name xml:id="PhS">Philipp Stöckle</name>
          <name xml:id="AG">Andreas Gellan</name>
          <name xml:id="PZ">Patrick Zeitlhuber</name>
          <name xml:id="SW">Sabine Wahl</name>
          <name xml:id="SS">Sonja Schwaiger</name>
          <name xml:id="AB">Angela Bergermayer</name>
          <name xml:id="EW">Eva Wahlmüller</name>
          <name xml:id="DG">David Gschösser</name>
          <name xml:id="StS">Stefanie Schöberl</name>
          <name xml:id="FF">Fabian Fleißner</name>
        </respStmt>
        <respStmt>
          <resp>Student assistants</resp>
          <name>Susanna Muhr</name>
          <name>Manuela Stütz</name>
          <name>Christina Hemetsberger</name>
        </respStmt>
      </titleStmt>
      <publicationStmt>
        <p></p>
      </publicationStmt>
      <sourceDesc>
        <list>
          <item>
            <label>Geo-data</label>
            <ptr xml:id="geo-inventory-WBOE" target="../geodata-wboe.xml"/>
          </item>
          <item>
            <label>Bibliography</label>
            <ptr xml:id="bibliography-WBOE" target="../bibl-wboe.xml"/>
          </item>
          <item>
            <label>WBOE-Slips</label>
            <ptr xml:id="slips-WBOE" target="../slips-wboe.xml"/>
          </item>
          <item>
            <label>WBOE-Collections</label>
            <ptr xml:id="collections-WBOE" target="../collections-wboe.xml"/>
          </item>
        </list>
      </sourceDesc>
    </fileDesc>
    <revisionDesc>
      <listChange>
        <change status="in progress" when="2020-08-17" who="#AG">Datensatz erstellt</change>
        <change status="external correction" when="2020-08-17" who="#AG">übertragen, Anmerkungen eingearbeitet. LK fehlt noch.</change>
        <change status="external correction" when="2020-10-05" who="#AG">Anmerkungen eingearbeitet</change>
        <change status="external correction" when="2020-10-15" who="#AG">finished</change>
        <change status="finished" when="2020-10-16" who="#AG">finished</change>
      </listChange>
    </revisionDesc>
  </teiHeader>
  <text>
    <body>
      <entry>
        <form type="lemma" xml:id="Feckel_">
          <orth>Feckel¹</orth>
          <ptr type="collection" subtype="lemma" target="/collections-wboe.xml#c9543"/>
        </form>
        <gramGrp>
          <gram type="pos">Substantiv</gram>
          <gram type="gender">Femininum</gram>
        </gramGrp>
        <form type="variant" subtype="diminutive" xml:id="Feckel">
          <orth>Feckel</orth>
          <gramGrp>
            <gram type="gender">Neutrum</gram>
          </gramGrp>
        </form>
        <form type="variant" subtype="diminutive" xml:id="Feckerl">
          <orth>Feckerl</orth>
          <gramGrp>
            <gram type="gender">Neutrum</gram>
          </gramGrp>
        </form>
        <form type="variant" subtype="diminutive" xml:id="Feckelein">
          <orth>Feckelein</orth>
          <gramGrp>
            <gram type="gender">Neutrum</gram>
          </gramGrp>
        </form>
        <usg type="geo">
          <placeName type="bundesland" ref="/geodata-wboe.xml#p1A">STir.</placeName>
        </usg>
        <usg type="geo">
          <placeName type="bundesland" ref="/geodata-wboe.xml#p1B">OTir.</placeName>
        </usg>
        <usg type="geo">
          <placeName type="bundesland" ref="/geodata-wboe.xml#p1C">NTir.</placeName>
        </usg>
        <usg type="geo">
          <placeName type="grossregion" ref="/geodata-wboe.xml#p5.4">Mühlv.</placeName>
        </usg>
        <usg type="geo">
          <placeName type="bundesland" ref="/geodata-wboe.xml#p4">Sbg.</placeName>
        </usg>
        <note type="kommentar" resp="#FF">
          <xr></xr>Regelhaft liegen im Stammvokal kurze
          <c>e</c>-Monophthonge vor, die auf eine gleichlautende historische Ablautform hindeuten
          <xr>
            <ref>ƒękl̥</ref>
          </xr>. Aufgrund der rundenden Kraft des auslautenden Liquids lassen sich vereinzelt gerundete Formen finden, etwa im westlichen Ostmittelbairischen
          <xr>
            <ref>fǫ̈kǫ̈n</ref>
          </xr>. Die Intensität des auslautenden
          <c>k</c>sowie dessen Behauchung unterliegen überall Schwankungen. Aufgrund der Konkurrenzsituation zwischen
          <c>e</c>-Synkope und
          <c>l</c>-Vokalisierung sind in Teilen des Mittelbairischen und Südmittelbairischen in der auslautenden Silbe komplementäre Varianten mit
          <c>l</c>-Erhalt
          <xr>
            <ref>fękl̥</ref>
          </xr>oder Vokalisierungen mit unterschiedlicher Qualität
          <xr>
            <ref>fękə, fękae</ref>
          </xr>belegt. Die vokalisierten Formen werden dabei im Ostmittelbairischen auch gerundet, wie Belege aus dem oberösterreichischen Mühlviertel zeigen
          <xr>
            <ref>fǫ̈kǫ̈n</ref>
          </xr>. Hier finden sich auch die selteneren nasalhaltigen Endungen, während ansonsten liquidhaltige oder vokalische Endsilben dominieren. Vereinzelt liegt auch eine Abschwächung zu -
          <c>ɒ</c>vor
          <xr>
            <ref>fękɒl̥</ref>
          </xr>. Im bairisch-alemannischen Übergangsgebiet im westlichen Nordtirol sind noch konservativere komplexe Diminutivendungen belegt
          <xr>
            <ref>ƒękələ</ref>
          </xr>.
        </note>
        <form type="dialect">
          <pron xml:lang="bar-AT">feggələ</pron>
          <usg>[Dim.]</usg>
          <usg type="geo">
            <placeName type="bundesland" ref="/geodata-wboe.xml#p1A">STir.</placeName>
          </usg>
        </form>
        <form type="dialect">
          <pron xml:lang="bar-AT">-fęκκaė</pron>
          <usg>[Dim.]</usg>
          <usg type="geo">
            <placeName type="gemeinde" ref="/geodata-wboe.xml#p4.3a01">Mühlbach am Hochkönig</placeName>
          </usg>
        </form>
        <form type="dialect">
          <pron xml:lang="bar-AT">fegerl</pron>
          <usg>[Dim.]</usg>
          <usg type="geo">
            <placeName type="gemeinde" ref="/geodata-wboe.xml#p5.3l02">Enns</placeName>
          </usg>
        </form>
        <form type="dialect">
          <pron xml:lang="bar-AT">föggön</pron>
          <usg>[flekt.]</usg>
          <usg type="geo">
            <placeName type="gemeinde" ref="/geodata-wboe.xml#p5.4b03">Julbach</placeName>
          </usg>
          <ptr type="collection" subtype="lautung" target="/collections-wboe.xml#c9544"/>
        </form>
        <etym>
          <seg type="desc">Ableitung von</seg>
          <cit type="etymon">
            <xr type="lemma">
              <ref target="feckeln.xml">feckeln</ref>
            </xr>
            <form></form>
          </cit>
          <seg type="desc">; siehe auch</seg>
          <cit type="etymon">
            <xr type="lemma">
              <ref target="Fecker.xml">Fecker</ref>
            </xr>
          </cit>
        </etym>
        <sense>
          <sense>
            <def>schlecht schneidendes Taschenmesser</def>
            <usg type="geo">
              <placeName type="grossregion" ref="/geodata-wboe.xml#p5.4">Mühlv.</placeName>
            </usg>
            <cit type="example">
              <quote xml:lang="bar-AT">Mit deiner föggön kan ma nöt spitzn!</quote>
              <usg type="geo">
                <placeName type="gemeinde" ref="/geodata-wboe.xml#p5.4b03">Julbach</placeName>
              </usg>
            </cit>
            <ptr type="collection" subtype="bedeutung" target="/collections-wboe.xml#c9549"/>
          </sense>
          <sense>
            <sense>
              <def>Faser</def>
              <usg type="geo">
                <placeName type="bundesland" ref="/geodata-wboe.xml#p1A">STir.</placeName>
              </usg>
              <usg type="geo">
                <placeName type="grossregion" ref="/geodata-wboe.xml#p1B.0">OTir.</placeName>
              </usg>
              <usg type="geo">
                <placeName type="bundesland" ref="/geodata-wboe.xml#p1C">NTir.</placeName>
              </usg>
              <ptr type="collection" subtype="bedeutung" target="/collections-wboe.xml#c9545"/>
            </sense>
            <sense>
              <def>kleines Schmutzteilchen</def>
              <usg type="geo">
                <placeName type="bundesland" ref="/geodata-wboe.xml#p1A">STir.</placeName>
              </usg>
              <usg type="geo">
                <placeName type="grossregion" ref="/geodata-wboe.xml#p1B.0">OTir.</placeName>
              </usg>
              <usg type="geo">
                <placeName type="bundesland" ref="/geodata-wboe.xml#p1C">NTir.</placeName>
              </usg>
              <ptr type="collection" subtype="bedeutung" target="/collections-wboe.xml#c9546"/>
            </sense>
          </sense>
        </sense>
        <re>
          <form subtype="compound" type="lemma">
            <orth>Bettelfeckel</orth>
          </form>
          <sense>
            <sense>
              <def>billiges Taschenmesser</def>
              <usg type="geo">
                <placeName type="bundesland" ref="/geodata-wboe.xml#p4">Sbg.</placeName>
              </usg>
              <usg type="geo">
                <placeName type="grossregion" ref="/geodata-wboe.xml#p5.4">Mühlv.</placeName>
              </usg>
              <ptr type="collection" subtype="bedeutung" target="/collections-wboe.xml#c9548"/>
            </sense>
          </sense>
        </re>
        <re type="redewendung">
          <form subtype="MWE" type="lemma">
            <orth>kein Feckelein</orth>
          </form>
          <sense>
            <def>gar nichts</def>
            <usg type="geo">
              <placeName type="grossregion" ref="/geodata-wboe.xml#p1C.1">wNTir.</placeName>
            </usg>
            <cit type="example">
              <quote xml:lang="bar-AT">kuəⁿ feggələ</quote>
              <ref type="bibl" target="#TirolerWb">Tiroler Wb.
                <citedRange>160</citedRange>
              </ref>
              <usg type="geo">
                <placeName type="kleinregion" ref="/geodata-wboe.xml#p1C.1q">öObInnt.</placeName>
              </usg>
            </cit>
            <ptr type="collection" subtype="bedeutung" target="/collections-wboe.xml#c9547"/>
          </sense>
        </re>
      </entry>
    </body>
  </text>
</TEI>