<?xml version="1.0" encoding="UTF-8"?>
    <?xml-model href="http://www.tei-c.org/release/xml/tei/custom/schema/relaxng/tei_all.rng" type="application/xml" schematypens="http://purl.oclc.org/dsdl/schematron"?>
    <?xml-model href="../../803_RNG-schematron/WBOE-ODD.rnc" type="application/relax-ng-compact-syntax"?>
<?redaktionstool version="0.6.6"?>
<TEI xmlns="http://www.tei-c.org/ns/1.0">
  <teiHeader>
    <fileDesc>
      <titleStmt>
        <title>Fee</title>
        <respStmt>
          <resp>Editor</resp>
          <name ref="#AB">Angela Bergermayer</name>
        </respStmt>
        <respStmt>
          <resp>Encoding Scheme</resp>
          <name>Jack Bowers</name>
          <name>Daniel Schopper</name>
          <name>Omar Siam</name>
        </respStmt>
        <respStmt>
          <resp>DBOE Team</resp>
          <name xml:id="AL">Alexandra N. Lenz</name>
          <name xml:id="PhS">Philipp Stöckle</name>
          <name xml:id="AG">Andreas Gellan</name>
          <name xml:id="PZ">Patrick Zeitlhuber</name>
          <name xml:id="SW">Sabine Wahl</name>
          <name xml:id="SS">Sonja Schwaiger</name>
          <name xml:id="AB">Angela Bergermayer</name>
          <name xml:id="EW">Eva Wahlmüller</name>
          <name xml:id="DG">David Gschösser</name>
          <name xml:id="StS">Stefanie Schöberl</name>
          <name xml:id="FF">Fabian Fleißner</name>
        </respStmt>
        <respStmt>
          <resp>Student assistants</resp>
          <name>Susanna Muhr</name>
          <name>Manuela Stütz</name>
          <name>Christina Hemetsberger</name>
        </respStmt>
      </titleStmt>
      <publicationStmt>
        <p></p>
      </publicationStmt>
      <sourceDesc>
        <list>
          <item>
            <label>Geo-data</label>
            <ptr xml:id="geo-inventory-WBOE" target="../geodata-wboe.xml"/>
          </item>
          <item>
            <label>Bibliography</label>
            <ptr xml:id="bibliography-WBOE" target="../bibl-wboe.xml"/>
          </item>
          <item>
            <label>WBOE-Slips</label>
            <ptr xml:id="slips-WBOE" target="../slips-wboe.xml"/>
          </item>
          <item>
            <label>WBOE-Collections</label>
            <ptr xml:id="collections-WBOE" target="../collections-wboe.xml"/>
          </item>
        </list>
      </sourceDesc>
    </fileDesc>
    <revisionDesc>
      <listChange>
        <change status="in progress" when="2020-05-25" who="#StS">Datensatz erstellt</change>
        <change status="in progress" when="2020-06-12" who="#AB">Statusanpassung</change>
        <change status="external correction" when="2020-09-22" who="#AB">diverse Eingabekorr.; Kommentar gelöscht; Versionsupdate; Collections verknüpft</change>
        <change status="finished" when="2020-10-15" who="#AB">Abschlussredaktion</change>
      </listChange>
    </revisionDesc>
  </teiHeader>
  <text>
    <body>
      <entry>
        <form type="lemma" xml:id="Fee">
          <orth>Fee</orth>
          <ptr type="collection" subtype="lemma" target="/collections-wboe.xml#c3003"/>
        </form>
        <gramGrp>
          <gram type="pos">Substantiv</gram>
          <gram type="gender">Femininum</gram>
        </gramGrp>
        <usg type="geo">
          <placeName type="bundesland" ref="/geodata-wboe.xml#p3">Stmk.</placeName>
        </usg>
        <usg type="geo">
          <placeName type="bundesland" ref="/geodata-wboe.xml#p5">OÖ</placeName>
        </usg>
        <usg type="geo">
          <placeName type="grossregion" ref="/geodata-wboe.xml#p6.1">Mostv.</placeName>
        </usg>
        <usg type="geo">
          <placeName type="grossregion" ref="/geodata-wboe.xml#p6.3">Waldv.</placeName>
        </usg>
        <usg type="geo">
          <placeName type="grossregion" ref="/geodata-wboe.xml#p6.4">Weinv.</placeName>
        </usg>
        <usg type="geo">
          <placeName type="bundesland" ref="/geodata-wboe.xml#p6.5">Wien</placeName>
        </usg>
        <note type="kommentar" resp="#FF">Durch die verhältnismäßig späte (erneute) Entlehnung des Lexems liegen im gesamten Untersuchungsgebiet lange
          <c>e</c>-Monophthonge mit schwankender Qualität vor
          <xr>
            <ref>ƒē</ref>
          </xr>.
        </note>
        <form type="dialect">
          <pron xml:lang="bar-AT">fę</pron>
          <usg type="geo">
            <placeName type="gemeinde" ref="/geodata-wboe.xml#p5.1c07">Mühlheim am Inn</placeName>
          </usg>
        </form>
        <form type="dialect">
          <pron xml:lang="bar-AT">vę̄</pron>
          <usg type="geo">
            <placeName type="gemeinde" ref="/geodata-wboe.xml#p5.2a21">Natternbach</placeName>
          </usg>
        </form>
        <form type="dialect">
          <pron xml:lang="bar-AT">φē</pron>
          <usg type="geo">
            <placeName type="gemeinde" ref="/geodata-wboe.xml#p5.2a29">Prambachkirchen</placeName>
          </usg>
        </form>
        <form type="dialect">
          <pron xml:lang="bar-AT">fę̄</pron>
          <usg type="geo">
            <placeName type="gemeinde" ref="/geodata-wboe.xml#p6.1o01">Herzogenburg</placeName>
          </usg>
        </form>
        <form type="dialect">
          <pron xml:lang="bar-AT">fẹ</pron>
          <usg type="geo">
            <placeName type="gemeinde" ref="/geodata-wboe.xml#p6.1t01">St. Pölten</placeName>
          </usg>
        </form>
        <form type="dialect">
          <pron xml:lang="bar-AT">fē</pron>
          <usg type="geo">
            <placeName type="gemeinde" ref="/geodata-wboe.xml#p6.3a15">Kautzen</placeName>
          </usg>
          <ptr type="collection" subtype="lautung" target="/collections-wboe.xml#c10096"/>
        </form>
        <etym>
          <seg type="desc">Im
            <date>18. Jh.</date>
          </seg>
          <seg type="desc">entlehnt aus</seg>
          <cit type="etymon">
            <lang>frz.</lang>
            <form>
              <orth>fée</orth>
            </form>
          </cit>
          <seg type="desc">, dieses aus</seg>
          <cit type="etymon">
            <lang>lat.</lang>
            <form>
              <orth>Fāta</orth>
            </form>
            <def>Schicksalsgöttin</def>
          </cit>
          <seg type="desc">(zu</seg>
          <cit type="etymon">
            <lang>lat.</lang>
            <form>
              <orth>fātum</orth>
            </form>
            <def>Schicksal; Schicksalsspruch</def>
          </cit>
          <seg type="desc">); schon im
            <date>12. Jh.</date>ist dieses Wort aus dem Altfranzösischen (
          </seg>
          <cit type="etymon">
            <lang>afrz.</lang>
            <form>
              <orth>fae</orth>
            </form>
          </cit>
          <seg type="desc">, allerdings wohl über eine altfranzösische landschaftliche Nebenform mit unorganischem</seg>
          <cit type="etymon">
            <form>
              <orth>-i-</orth>
            </form>
          </cit>
          <seg type="desc">) als</seg>
          <cit type="etymon">
            <form>
              <orth>feie/fei/feine</orth>
            </form>
            <def>Fee</def>
          </cit>
          <ref type="bibl" target="#Lexer1878III">
            <lbl>vgl.</lbl>Lexer 1878 III
            <citedRange>45</citedRange>
          </ref>
          <seg type="desc">in das Mittelhochdeutsche übernommen worden.</seg>
          <cit type="etymon">
            <form>
              <orth>Fei</orth>
            </form>
          </cit>
          <seg type="desc">hält sich im Deutschen bis etwa ins
            <date>16. Jh.</date>, in der Zusammensetzung
          </seg>
          <cit type="etymon">
            <form>
              <orth>Meerfei</orth>
            </form>
            <form>
              <orth>Meerfein(e)</orth>
            </form>
          </cit>
          <seg type="desc">auch noch länger. Obwohl sich im
            <date>18. Jh.</date>einige Autoren bewusst um eine Wiederbelebung von
          </seg>
          <cit type="etymon">
            <form>
              <orth>Fei</orth>
            </form>
          </cit>
          <seg type="desc">bemühen, setzt sich im Laufe des
            <date>19. Jh.s</date>die junge Entlehnung
          </seg>
          <cit type="etymon">
            <form>
              <orth>Fee</orth>
            </form>
          </cit>
          <seg type="desc">durch, die alte Form findet sich nur noch poetisch-archaisch (z. B.</seg>
          <cit type="etymon">
            <form>
              <orth>Waldfei</orth>
            </form>
          </cit>
          <seg type="desc">).</seg>
          <ref type="bibl" target="#Kluge2011">
            <lbl>vgl.</lbl>Kluge 2011
            <citedRange>283</citedRange>
          </ref>
          <ref type="bibl" target="#Pfeifer2014">
            <lbl>vgl.</lbl>Pfeifer 2014
            <citedRange>330f.</citedRange>
          </ref>
        </etym>
        <sense>
          <sense>
            <sense>
              <def>schönes und mit Zauberkräften begabtes weibliches Märchenwesen</def>
              <usg type="geo">
                <placeName type="grossregion" ref="/geodata-wboe.xml#p3.3">WStmk.</placeName>
              </usg>
              <usg type="geo">
                <placeName type="grossregion" ref="/geodata-wboe.xml#p5.1">Innv.</placeName>
              </usg>
              <usg type="geo">
                <placeName type="grossregion" ref="/geodata-wboe.xml#p6.3">Waldv.</placeName>
              </usg>
              <cit type="example">
                <quote xml:lang="bar-AT">šęⁿ wiə-r-ə fę</quote>
                <usg type="geo">
                  <placeName type="gemeinde" ref="/geodata-wboe.xml#p5.1c07">Mühlheim am Inn</placeName>
                </usg>
              </cit>
              <ptr type="collection" subtype="bedeutung" target="/collections-wboe.xml#c10098"/>
            </sense>
            <sense>
              <def>Hexe; hässliches Wesen; böse oder unangenehme Frau</def>
              <usg type="geo">
                <placeName type="grossregion" ref="/geodata-wboe.xml#p5.1">Innv.</placeName>
              </usg>
              <usg type="geo">
                <placeName type="grossregion" ref="/geodata-wboe.xml#p5.2">Hausrv.</placeName>
              </usg>
              <usg type="geo">
                <placeName type="grossregion" ref="/geodata-wboe.xml#p6.4">Weinv.</placeName>
              </usg>
              <usg type="geo">
                <placeName type="bundesland" ref="/geodata-wboe.xml#p6.5">Wien</placeName>
              </usg>
              <cit type="example">
                <quote xml:lang="bar-AT">ən ǫėdė fę</quote>
                <usg type="geo">
                  <placeName type="gemeinde" ref="/geodata-wboe.xml#p5.1c07">Mühlheim am Inn</placeName>
                </usg>
              </cit>
              <ptr type="collection" subtype="bedeutung" target="/collections-wboe.xml#c10099"/>
            </sense>
            <sense>
              <def>zänkische, scharfzüngige Ehefrau</def>
              <usg>(Schimpfwort)</usg>
              <usg type="geo">
                <placeName type="grossregion" ref="/geodata-wboe.xml#p5.2">Hausrv.</placeName>
              </usg>
              <usg type="geo">
                <placeName type="grossregion" ref="/geodata-wboe.xml#p6.1">Mostv.</placeName>
              </usg>
              <usg type="geo">
                <placeName type="grossregion" ref="/geodata-wboe.xml#p6.3">Waldv.</placeName>
              </usg>
              <cit type="example">
                <quote xml:lang="bar-AT">das is â rechte̊ Fee</quote>
                <usg type="geo">
                  <placeName type="gemeinde" ref="/geodata-wboe.xml#p5.2a17">Kirchberg-Thening</placeName>
                </usg>
              </cit>
              <cit type="example">
                <quote xml:lang="bar-AT">a ǫǖˡdi Fē</quote>
                <usg type="geo">
                  <placeName type="gemeinde" ref="/geodata-wboe.xml#p6.3a07">Gastern</placeName>
                </usg>
              </cit>
              <ptr type="collection" subtype="bedeutung" target="/collections-wboe.xml#c10100"/>
            </sense>
            <sense>
              <def>Frau, die sich übertrieben und geschmacklos zurechtmacht bzw. kleidet; auffallend herausgeputzte Frau</def>
              <usg type="geo">
                <placeName type="grossregion" ref="/geodata-wboe.xml#p5.1">Innv.</placeName>
              </usg>
              <ptr type="collection" subtype="bedeutung" target="/collections-wboe.xml#c10101"/>
            </sense>
            <sense>
              <def>vom Sexualtrieb beherrschte, liederliche bzw. unanständige weibliche Person</def>
              <usg type="geo">
                <placeName type="bundesland" ref="/geodata-wboe.xml#p3">Stmk.</placeName>
              </usg>
              <usg type="geo">
                <placeName type="grossregion" ref="/geodata-wboe.xml#p5.2">Hausrv.</placeName>
              </usg>
              <usg type="geo">
                <placeName type="grossregion" ref="/geodata-wboe.xml#p6.1">Mostv.</placeName>
              </usg>
              <ptr type="collection" subtype="bedeutung" target="/collections-wboe.xml#c10102"/>
            </sense>
          </sense>
        </sense>
        <re>
          <form subtype="compound" type="lemma">
            <orth>Kuchelfee</orth>
          </form>
          <sense>
            <sense>
              <def>Köchin</def>
              <usg type="geo">
                <placeName type="bundesland" ref="/geodata-wboe.xml#p6.5">Wien</placeName>
              </usg>
            </sense>
          </sense>
          <ptr type="collection" subtype="wortbildung" target="/collections-wboe.xml#c10103"/>
        </re>
        <re>
          <form subtype="compound" type="lemma">
            <orth>Küchenfee</orth>
          </form>
          <sense>
            <sense>
              <def>Köchin; Dienstmädchen</def>
              <usg>(oft ironisch)</usg>
              <usg type="geo">
                <placeName type="bundesland" ref="/geodata-wboe.xml#p6.5">Wien</placeName>
              </usg>
            </sense>
          </sense>
          <ptr type="collection" subtype="wortbildung" target="/collections-wboe.xml#c10104"/>
        </re>
        <re>
          <form subtype="compound" type="lemma">
            <orth>Rumpelfee</orth>
          </form>
          <sense>
            <sense>
              <def>Wäscherin; die Person, die beim Waschtrog steht</def>
              <usg>(ironisch)</usg>
              <usg type="geo">
                <placeName type="bundesland" ref="/geodata-wboe.xml#p6.5">Wien</placeName>
              </usg>
            </sense>
          </sense>
          <ptr type="collection" subtype="wortbildung" target="/collections-wboe.xml#c10105"/>
        </re>
      </entry>
    </body>
  </text>
</TEI>
