<?xml version="1.0" encoding="UTF-8"?>
    <?xml-model href="http://www.tei-c.org/release/xml/tei/custom/schema/relaxng/tei_all.rng" type="application/xml" schematypens="http://purl.oclc.org/dsdl/schematron"?>
    <?xml-model href="../../803_RNG-schematron/WBOE-ODD.rnc" type="application/relax-ng-compact-syntax"?>
<?redaktionstool version="0.7.2" ?>
<?parser type="lioe" version="0.7.0" ?>
<TEI xmlns="http://www.tei-c.org/ns/1.0">
  <teiHeader>
    <fileDesc>
      <titleStmt>
        <title>Feifalter</title>
        <respStmt>
          <resp>Editor</resp>
          <name ref="#SW">Sabine Wahl</name>
        </respStmt>
        <respStmt>
          <resp>Encoding Scheme</resp>
          <name>Jack Bowers</name>
          <name>Daniel Schopper</name>
          <name>Omar Siam</name>
        </respStmt>
        <respStmt>
          <resp>DBOE Team</resp>
          <name xml:id="AL">Alexandra N. Lenz</name>
          <name xml:id="PhS">Philipp Stöckle</name>
          <name xml:id="AG">Andreas Gellan</name>
          <name xml:id="PZ">Patrick Zeitlhuber</name>
          <name xml:id="SW">Sabine Wahl</name>
          <name xml:id="SS">Sonja Schwaiger</name>
          <name xml:id="AB">Angela Bergermayer</name>
          <name xml:id="EW">Eva Wahlmüller</name>
          <name xml:id="DG">David Gschösser</name>
          <name xml:id="StS">Stefanie Schöberl</name>
          <name xml:id="FF">Fabian Fleißner</name>
        </respStmt>
        <respStmt>
          <resp>Student assistants</resp>
          <name>Susanna Muhr</name>
          <name>Manuela Stütz</name>
          <name>Christina Hemetsberger</name>
        </respStmt>
      </titleStmt>
      <publicationStmt>
        <p></p>
      </publicationStmt>
      <sourceDesc>
        <list>
          <item>
            <label>Geo-data</label>
            <ptr xml:id="geo-inventory-WBOE" target="../geodata-wboe.xml"/>
          </item>
          <item>
            <label>Bibliography</label>
            <ptr xml:id="bibliography-WBOE" target="../bibl-wboe.xml"/>
          </item>
          <item>
            <label>WBOE-Slips</label>
            <ptr xml:id="slips-WBOE" target="../slips-wboe.xml"/>
          </item>
          <item>
            <label>WBOE-Collections</label>
            <ptr xml:id="collections-WBOE" target="../collections-wboe.xml"/>
          </item>
        </list>
      </sourceDesc>
    </fileDesc>
    <revisionDesc>
      <listChange>
        <change status="external correction" when="2020-05-19" who="#SW">Datensatz erstellt</change>
        <change status="external correction" when="2021-05-19" who="#PZ">LK eingefügt</change>
        <change status="external correction" when="2021-05-26" who="#SW">V4</change>
        <change status="finished" when="2021-06-24" who="#SW">online</change>
      </listChange>
    </revisionDesc>
  </teiHeader>
  <text>
    <body>
      <entry>
        <form type="lemma" xml:id="Feifalter">
          <orth>Feifalter</orth>
          <ptr type="collection" subtype="lemma" target="/collections-wboe.xml#c4643"/>
        </form>
        <gramGrp>
          <gram type="pos">Substantiv</gram>
          <gram type="gender">Maskulinum</gram>
        </gramGrp>
        <form type="variant" subtype="diminutive" xml:id="falterl">
          <orth>-falterl</orth>
          <gramGrp>
            <gram type="gender">Neutrum</gram>
          </gramGrp>
        </form>
        <form type="variant" subtype="diminutive" xml:id="falterlein">
          <orth>-falterlein</orth>
          <gramGrp>
            <gram type="gender">Neutrum</gram>
          </gramGrp>
        </form>
        <form type="variant" subtype="diminutive" xml:id="flanderli">
          <orth>-flanderli</orth>
          <gramGrp>
            <gram type="gender">Neutrum</gram>
          </gramGrp>
        </form>
        <form type="variant" subtype="diminutive" xml:id="mutterl">
          <orth>-mutterl</orth>
          <gramGrp>
            <gram type="gender">Neutrum</gram>
          </gramGrp>
        </form>
        <form type="variant" subtype="diminutive" xml:id="Farferl">
          <orth>Farferl</orth>
          <gramGrp>
            <gram type="gender">Neutrum</gram>
          </gramGrp>
        </form>
        <form type="variant" subtype="movierung" xml:id="Feifaltin">
          <orth>Feifaltin</orth>
          <gramGrp>
            <gram type="gender">Femininum</gram>
          </gramGrp>
        </form>
        <form type="variant" subtype="movierung" xml:id="faltin">
          <orth>-faltin</orth>
          <gramGrp>
            <gram type="gender">Femininum</gram>
          </gramGrp>
        </form>
        <form type="variant" subtype="movierung" xml:id="falstin">
          <orth>‑falstin</orth>
          <gramGrp>
            <gram type="gender">Femininum</gram>
          </gramGrp>
        </form>
        <form type="variant" subtype="movierung" xml:id="falterin">
          <orth>-falterin</orth>
          <gramGrp>
            <gram type="gender">Femininum</gram>
          </gramGrp>
        </form>
        <usg type="geo">
          <placeName type="bundesland" ref="/geodata-wboe.xml#p1A">STir.</placeName>
        </usg>
        <usg type="geo">
          <placeName type="grossregion" ref="/geodata-wboe.xml#p1B.0">OTir.</placeName>
        </usg>
        <usg type="geo">
          <placeName type="bundesland" ref="/geodata-wboe.xml#p1C">NTir.</placeName>
        </usg>
        <usg type="geo">
          <placeName type="bundesland" ref="/geodata-wboe.xml#p2">Ktn.</placeName>
        </usg>
        <usg type="geo">
          <placeName type="bundesland" ref="/geodata-wboe.xml#p3">Stmk.</placeName>
        </usg>
        <usg type="geo">
          <placeName type="bundesland" ref="/geodata-wboe.xml#p4">Sbg.</placeName>
        </usg>
        <usg type="geo">
          <placeName type="bundesland" ref="/geodata-wboe.xml#p5">OÖ</placeName>
        </usg>
        <usg type="geo">
          <placeName type="bundesland" ref="/geodata-wboe.xml#p6">NÖ</placeName>
        </usg>
        <usg type="geo">
          <placeName type="grossregion" ref="/geodata-wboe.xml#p6.5">Wien</placeName>
        </usg>
        <usg type="geo">
          <placeName type="bundesland" ref="/geodata-wboe.xml#p7">Bgl.</placeName>
        </usg>
        <note type="kommentar" resp="#PZ">Die ursprüngliche Form
          <c>Feifalter</c>ist mit Ausnahme des östlichen Südmittelbairischen und des bairisch-alemannischen Übergangsgebiets im gesamten Untersuchungsgebiet belegt. Dieses lautmalerische Lemma wurde fälschlicherweise als Kompositum mit dem Bestimmungswort
          <c>Fei</c>- und dem Grundwort -
          <c>falter</c>reanalyisiert und weist eine Vielzahl an lautlichen Varianten, abgewandelten und umgedeuteten Formen auf, die sowohl das vermeintliche Grundwort als auch das Bestimmungswort betreffen (siehe Etymologie). Die exakten lautlichen Erscheinungsformen all dieser Bestandteile werden in den entsprechenden Wörterbuchartikeln behandelt. Als Grundwort kommen über 20 verschiedene Formen vor. Im gesamten Untersuchungsgebiet sind Komposita mit -
          <c>falter</c>
          <xr>
            <ref>wãį̄fǫltər</ref>
            <ref>bãį̄foįtɒ</ref>
            <ref>faįgfǫltɒ</ref>
          </xr>sowie mit Verballhornungen davon wie -
          <c>faltern</c>, -
          <c>falterer</c>, -
          <c>falterin</c>oder -
          <c>faltin</c>vorzufinden
          <xr>
            <ref>bãį̄foįtɒn</ref>
            <ref>pfaįfoldərər</ref>
            <ref>bãį̄foįtįn</ref>
          </xr>. Stärker abgewandelt sind jene Varianten mit -
          <c>fate</c>, -
          <c>fatlein</c>, -
          <c>fetelein</c>, -
          <c>falstern</c>, -
          <c>halter</c>, -
          <c>malter</c>, -
          <c>falke</c>, -
          <c>ferste</c>, -
          <c>fererste</c>, -
          <c>fetze</c>, -
          <c>flanderer</c>und -
          <c>vater</c>
          <xr>
            <ref>pfaįfatə</ref>
            <ref>waįχmuldɒn</ref>
            <ref>faįɒfoįk</ref>
            <ref>faįfɒrɒštn</ref>
          </xr>. Zu Letzterem stellen sich die semantisch-assoziativ gebildeten Kompositia mit -
          <c>mutter</c>
          <xr>
            <ref>pfæįfmuətɒ</ref>
            <ref>flaįχmuɒtɒ</ref>
          </xr>. Davon abgeleitet findet sich auch -
          <c>futter</c>
          <xr>
            <ref>flǫgfuɒdɒ</ref>
          </xr>. All diese Grundwörter treten in Kombination mit über 25 verschiedenen Bestimmungswörtern auf. Bei manchen kann die lautliche Abwandlung ausgehend von
          <c>Fei</c>- noch gut nachvollzogen werden, wie etwa
          <c>Feig</c>-,
          <c>Feicht</c>-,
          <c>Feil</c>-,
          <c>Fal</c>-,
          <c>Pfei</c>-,
          <c>Pfeich</c>-,
          <c>Pseich</c>-,
          <c>Pfeif</c>-,
          <c>Pfeil</c>-,
          <c>Speil</c>-,
          <c>Flei</c>-,
          <c>Fleig</c>-,
          <c>Flach</c>-,
          <c>Wei</c>-,
          <c>Weib</c>-,
          <c>Weig</c>- und
          <c>Weich</c>-
          <xr>
            <ref>faįkfoįtɒ</ref>
            <ref>bãį̄fǫötįn</ref>
            <ref>pfaįfǫltər</ref>
            <ref>flaįgfoįtɒn</ref>
          </xr>. Größere lautliche Unterschiede bestehen bei
          <c>Feuer</c>-,
          <c>Drei</c>-,
          <c>Bein</c>-,
          <c>Beien</c>-,
          <c>Wein</c>-,
          <c>Schein</c>-,
          <c>Schwein</c>-,
          <c>Farf</c>- und Ähnlichem
          <xr>
            <ref>faįɒfoįk</ref>
            <ref>haįfǫltər</ref>
            <ref>šwãį̄fǫltər</ref>
          </xr>. Die lautlichen Abwandlungen sind jedoch im Dialekt meist nicht so weit entfernt, wie dies die hier angeführten Standardisierungen implizieren. Daneben finden sich eventuell unabhängig davon gebildete Komposita mit
          <c>Au</c>-,
          <c>Haar</c>- und
          <c>Span</c>-
          <xr>
            <ref>aųfoįtɒ</ref>
            <ref>hǫɒfaltr̥</ref>
          </xr>. Verballhornungen des gesamten Lemmas stellen Varianten wie
          <c>Farferl</c>,
          <c>Felferer</c>,
          <c>Gefeiferste</c>sowie
          <c>Holpian</c>dar
          <xr>
            <ref>fǫɒfɒl</ref>
            <ref>felfɒ</ref>
            <ref>gfaįfatß̌n̥</ref>
            <ref>hǫlpi̯ǫ̃n</ref>
          </xr>. Der größte Variantenreichtum ist für das Südbairische, westliche Südmittelbairische sowie Ostmittelbairische belegt. Wesentlich weniger Formen sind im östlichen Südmittelbairischen, Westmittelbairischen und im bairisch-alemannischen Übergangsgebiet vorzufinden.
        </note>
        <form type="dialect">
          <pron xml:lang="bar-AT">pfeifolder</pron>
          <usg type="geo">
            <placeName type="bundesland" ref="/geodata-wboe.xml#p1A">STir.</placeName>
          </usg>
        </form>
        <form type="dialect">
          <pron xml:lang="bar-AT">πφaiφǫltτəʳ</pron>
          <usg type="geo">
            <placeName type="gemeinde" ref="/geodata-wboe.xml#p1A.1h04">Meran</placeName>
          </usg>
        </form>
        <form type="dialect">
          <pron xml:lang="bar-AT">pfajfólder</pron>
          <usg type="geo">
            <placeName type="gemeinde" ref="/geodata-wboe.xml#p1A.3d01">Brenner</placeName>
          </usg>
        </form>
        <form type="dialect">
          <pron xml:lang="bar-AT">faifąltɛr</pron>
          <pron xml:lang="bar-AT">fifą́ltɛr</pron>
          <usg type="geo">
            <placeName type="kleinregion" ref="/geodata-wboe.xml#p1A.4i">ob.STir.Pustert.</placeName>
          </usg>
        </form>
        <form type="dialect">
          <pron xml:lang="bar-AT">faifąltɛr</pron>
          <pron xml:lang="bar-AT">fifą́ltɛr</pron>
          <usg type="geo">
            <placeName type="kleinregion" ref="/geodata-wboe.xml#p1B.0c">östl.OTir.Pustert.</placeName>
          </usg>
        </form>
        <form type="dialect">
          <pron xml:lang="bar-AT">pfāifate</pron>
          <pron xml:lang="bar-AT">pfaifɒtlɒn</pron>
          <usg type="geo">
            <placeName type="gemeinde" ref="/geodata-wboe.xml#p1B.0h01">Kals am Großglockner</placeName>
          </usg>
        </form>
        <form type="dialect">
          <pron xml:lang="bar-AT">šwãĩfaltər</pron>
          <usg type="geo">
            <placeName type="kleinregion" ref="/geodata-wboe.xml#p1C.1f">Zw.Toren</placeName>
          </usg>
        </form>
        <form type="dialect">
          <pron xml:lang="bar-AT">wãẽfǫltərə̃</pron>
          <pron xml:lang="bar-AT">weĩfåltra</pron>
          <usg type="geo">
            <placeName type="gemeinde" ref="/geodata-wboe.xml#p1C.1g01">Pettneu am Arlberg</placeName>
          </usg>
        </form>
        <form type="dialect">
          <pron xml:lang="bar-AT">weifålter</pron>
          <pron xml:lang="bar-AT">flaiχmuɒtɒr</pron>
          <usg type="geo">
            <placeName type="gemeinde" ref="/geodata-wboe.xml#p1C.1i03">Stanz bei Landeck</placeName>
          </usg>
        </form>
        <form type="dialect">
          <pron xml:lang="bar-AT">feifoldr</pron>
          <pron xml:lang="bar-AT">waiföldr</pron>
          <pron xml:lang="bar-AT">waifaldra</pron>
          <pron xml:lang="bar-AT">waivöldr</pron>
          <pron xml:lang="bar-AT">waivoddr</pron>
          <usg type="geo">
            <placeName type="gemeinde" ref="/geodata-wboe.xml#p1C.2j04">Tux</placeName>
          </usg>
        </form>
        <form type="dialect">
          <pron xml:lang="bar-AT">(p)faiχmuɒtɒ</pron>
          <usg type="geo">
            <placeName type="grossregion" ref="/geodata-wboe.xml#p1C.3">öNTir.</placeName>
          </usg>
        </form>
        <form type="dialect">
          <pron xml:lang="bar-AT">pfeipfåita</pron>
          <usg type="geo">
            <placeName type="gemeinde" ref="/geodata-wboe.xml#p1C.3b01">Brandenberg</placeName>
          </usg>
        </form>
        <form type="dialect">
          <pron xml:lang="bar-AT">fā̃ĩmuɒtɒn</pron>
          <pron xml:lang="bar-AT">faɫmuətta</pron>
          <pron xml:lang="bar-AT">faɫmuəttal</pron>
          <gramGrp>
            <usg>[Dim.]</usg>
          </gramGrp>
          <usg type="geo">
            <placeName type="gemeinde" ref="/geodata-wboe.xml#p1C.3b03">Thiersee</placeName>
          </usg>
        </form>
        <form type="dialect">
          <pron xml:lang="bar-AT">pfeifmoltaʳ</pron>
          <pron xml:lang="bar-AT">pfeifmuettaʳ</pron>
          <pron xml:lang="bar-AT">flaignmuatta</pron>
          <usg type="geo">
            <placeName type="gemeinde" ref="/geodata-wboe.xml#p1C.3i05">St. Johann in Tirol</placeName>
          </usg>
        </form>
        <form type="dialect">
          <pron xml:lang="bar-AT">pfą̈efǭltɒ</pron>
          <pron xml:lang="bar-AT">pfaefǫltɒ</pron>
          <usg type="geo">
            <placeName type="gemeinde" ref="/geodata-wboe.xml#p2.1a02">Heiligenblut am Großglockner</placeName>
          </usg>
        </form>
        <form type="dialect">
          <pron xml:lang="bar-AT">feifåltr</pron>
          <pron xml:lang="bar-AT">feifaltrlₑ</pron>
          <gramGrp>
            <usg>[Dim.]</usg>
          </gramGrp>
          <pron xml:lang="bar-AT">bėinfåltr</pron>
          <pron xml:lang="bar-AT">bėinfaltrlₑ</pron>
          <usg>[Dim.]</usg>
          <usg type="geo">
            <placeName type="kleinregion" ref="/geodata-wboe.xml#p2.2d">obstGurkt.</placeName>
          </usg>
        </form>
        <form type="dialect">
          <pron xml:lang="bar-AT">wẫĩfǫ̈̄tɒ</pron>
          <usg type="geo">
            <placeName type="gemeinde" ref="/geodata-wboe.xml#p2.2b01">Malta</placeName>
          </usg>
        </form>
        <form type="dialect">
          <pron xml:lang="bar-AT">fáefǫlta(ʀ)</pron>
          <pron xml:lang="bar-AT">pfáefǫlta(ʀ)</pron>
          <usg type="geo">
            <placeName type="gemeinde" ref="/geodata-wboe.xml#p2.2i05">Spittal an der Drau</placeName>
          </usg>
        </form>
        <form type="dialect">
          <pron xml:lang="bar-AT">fæifǫltr</pron>
          <pron xml:lang="bar-AT">špæilfǫltr</pron>
          <usg type="geo">
            <placeName type="kleinregion" ref="/geodata-wboe.xml#p2.3g">Glant.</placeName>
          </usg>
        </form>
        <form type="dialect">
          <pron xml:lang="bar-AT">farfhǫltɒ</pron>
          <pron xml:lang="bar-AT">šoufhǫltɒlŋ</pron>
          <usg type="geo">
            <placeName type="gemeinde" ref="/geodata-wboe.xml#p2.4c04">Bad St. Leonhard im Lavanttal</placeName>
          </usg>
        </form>
        <form type="dialect">
          <pron xml:lang="bar-AT">hǫɒvaltr̥</pron>
          <usg type="geo">
            <placeName type="gemeinde" ref="/geodata-wboe.xml#p2.4d01">Wolfsberg</placeName>
          </usg>
        </form>
        <form type="dialect">
          <pron xml:lang="bar-AT">fǫ̈ḷfrɒ</pron>
          <usg type="geo">
            <placeName type="gemeinde" ref="/geodata-wboe.xml#p2.4e03">St. Georgen im Lavanttal</placeName>
          </usg>
        </form>
        <form type="dialect">
          <pron xml:lang="bar-AT">wãẽfǫλtɒ</pron>
          <usg type="geo">
            <placeName type="gemeinde" ref="/geodata-wboe.xml#p3.1a05">Stadl-Predlitz</placeName>
          </usg>
        </form>
        <form type="dialect">
          <pron xml:lang="bar-AT">wainfålta</pron>
          <pron xml:lang="bar-AT">waexfo̩λtɒn</pron>
          <usg type="geo">
            <placeName type="gemeinde" ref="/geodata-wboe.xml#p3.1c09">Oberwölz</placeName>
          </usg>
        </form>
        <form type="dialect">
          <pron xml:lang="bar-AT">wãẽfo̩ɫtɒn</pron>
          <usg type="geo">
            <placeName type="gemeinde" ref="/geodata-wboe.xml#p3.2c04">Trofaiach</placeName>
          </usg>
        </form>
        <form type="dialect">
          <pron xml:lang="bar-AT">πā̃ẽfǫetɒn</pron>
          <usg type="geo">
            <placeName type="gemeinde" ref="/geodata-wboe.xml#p3.2l01">Irdning-Donnersbachtal</placeName>
          </usg>
        </form>
        <form type="dialect">
          <pron xml:lang="bar-AT">πaefǫetɒ</pron>
          <pron xml:lang="bar-AT">beiⁿfoltin</pron>
          <pron xml:lang="bar-AT">bãẽφo̩ötį̃n</pron>
          <usg type="geo">
            <placeName type="gemeinde" ref="/geodata-wboe.xml#p3.2o03">Landl</placeName>
          </usg>
        </form>
        <form type="dialect">
          <pron xml:lang="bar-AT">beiⁿfåiˡta</pron>
          <pron xml:lang="bar-AT">πãẽfọetɒn</pron>
          <usg type="geo">
            <placeName type="gemeinde" ref="/geodata-wboe.xml#p3.2p01">Admont</placeName>
          </usg>
        </form>
        <form type="dialect">
          <pron xml:lang="bar-AT">faifɒrɒštn</pron>
          <pron xml:lang="bar-AT">faifɒštn</pron>
          <pron xml:lang="bar-AT">pfaifɒšt</pron>
          <pron xml:lang="bar-AT">gfaifɒšt</pron>
          <usg type="geo">
            <placeName type="gemeinde" ref="/geodata-wboe.xml#p3.3b17">Mooskirchen</placeName>
          </usg>
        </form>
        <form type="dialect">
          <pron xml:lang="bar-AT">pfāefətsn̥</pron>
          <usg type="geo">
            <placeName type="gemeinde" ref="/geodata-wboe.xml#p3.3d01">Deutschlandsberg</placeName>
          </usg>
        </form>
        <form type="dialect">
          <pron xml:lang="bar-AT">fǭɒfɒl</pron>
          <gramGrp>
            <usg>[Dim.]</usg>
          </gramGrp>
          <usg type="geo">
            <placeName type="gemeinde" ref="/geodata-wboe.xml#p3.4d01">Graz</placeName>
          </usg>
        </form>
        <form type="dialect">
          <pron xml:lang="bar-AT">wā̃ẽfǫḷtɒn</pron>
          <usg type="geo">
            <placeName type="gemeinde" ref="/geodata-wboe.xml#p3.5c02">Rettenegg</placeName>
          </usg>
        </form>
        <form type="dialect">
          <pron xml:lang="bar-AT">wǡ̃efǫλtɒ</pron>
          <usg type="geo">
            <placeName type="gemeinde" ref="/geodata-wboe.xml#p3.5d20">Vorau</placeName>
          </usg>
        </form>
        <form type="dialect">
          <pron xml:lang="bar-AT">baiⁿfǫüˡtə</pron>
          <usg type="geo">
            <placeName type="gemeinde" ref="/geodata-wboe.xml#p3.5k27">St. Stefan im Rosental</placeName>
          </usg>
        </form>
        <form type="dialect">
          <pron xml:lang="bar-AT">wãį̃fǫįßtɒ̃ŋ</pron>
          <usg type="geo">
            <placeName type="grossregion" ref="/geodata-wboe.xml#p4.1">Lung.</placeName>
          </usg>
        </form>
        <form type="dialect">
          <pron xml:lang="bar-AT">wãẽfǫestɒn</pron>
          <usg type="geo">
            <placeName type="gemeinde" ref="/geodata-wboe.xml#p4.1a01">Zederhaus</placeName>
          </usg>
        </form>
        <form type="dialect">
          <pron xml:lang="bar-AT">wãẽfǫλstɒŋ</pron>
          <usg type="geo">
            <placeName type="gemeinde" ref="/geodata-wboe.xml#p4.1d08">Tamsweg</placeName>
          </usg>
        </form>
        <form type="dialect">
          <pron xml:lang="bar-AT">faigfǫltɒ</pron>
          <pron xml:lang="bar-AT">fą̈ekfǫetɒn</pron>
          <pron xml:lang="bar-AT">φaeκφoe̩tɒ</pron>
          <usg type="geo">
            <placeName type="gemeinde" ref="/geodata-wboe.xml#p4.2d01">Rauris</placeName>
          </usg>
        </form>
        <form type="dialect">
          <pron xml:lang="bar-AT">pfą̈efmuədɒ</pron>
          <pron xml:lang="bar-AT">pfą̈exmuədɒ</pron>
          <usg type="geo">
            <placeName type="gemeinde" ref="/geodata-wboe.xml#p4.2f01">Maishofen</placeName>
          </usg>
        </form>
        <form type="dialect">
          <pron xml:lang="bar-AT">πfą̈efǫeṯɒn</pron>
          <usg type="geo">
            <placeName type="gemeinde" ref="/geodata-wboe.xml#p4.2i01">Dienten am Hochkönig</placeName>
          </usg>
        </form>
        <form type="dialect">
          <pron xml:lang="bar-AT">φlaėgφǫėttɒn</pron>
          <usg type="geo">
            <placeName type="kleinregion" ref="/geodata-wboe.xml#p4.3d">Gr.Arlt.</placeName>
          </usg>
        </form>
        <form type="dialect">
          <pron xml:lang="bar-AT">faeκfǫetɒn</pron>
          <pron xml:lang="bar-AT">φɫąxfúadda</pron>
          <usg type="geo">
            <placeName type="gemeinde" ref="/geodata-wboe.xml#p4.3d01">Hüttschlag</placeName>
          </usg>
        </form>
        <form type="dialect">
          <pron xml:lang="bar-AT">πę̃ĩfǫetɒ</pron>
          <usg type="geo">
            <placeName type="gemeinde" ref="/geodata-wboe.xml#p4.3h01">Altenmarkt im Pongau</placeName>
          </usg>
        </form>
        <form type="dialect">
          <pron xml:lang="bar-AT">paiⁿfǫittan</pron>
          <usg type="geo">
            <placeName type="gemeinde" ref="/geodata-wboe.xml#p4.3h03">Filzmoos</placeName>
          </usg>
        </form>
        <form type="dialect">
          <pron xml:lang="bar-AT">wä̃ẽfoit</pron>
          <usg type="geo">
            <placeName type="gemeinde" ref="/geodata-wboe.xml#p4.5a03">Ebenau</placeName>
          </usg>
        </form>
        <form type="dialect">
          <pron xml:lang="bar-AT">wãẽfǫətɒ</pron>
          <usg type="geo">
            <placeName type="gemeinde" ref="/geodata-wboe.xml#p4.5b02">Berndorf bei Salzburg</placeName>
          </usg>
        </form>
        <form type="dialect">
          <pron xml:lang="bar-AT">flâįmųɒtɒ̃n</pron>
          <pron xml:lang="bar-AT">flaemuɒttɒ</pron>
          <usg type="geo">
            <placeName type="gemeinde" ref="/geodata-wboe.xml#p4.5d06">Strobl</placeName>
          </usg>
        </form>
        <form type="dialect">
          <pron xml:lang="bar-AT">wãĩfǫɒtɒn</pron>
          <pron xml:lang="bar-AT">waėⁿfǫėtən</pron>
          <usg type="geo">
            <placeName type="gemeinde" ref="/geodata-wboe.xml#p5.1c07">Mühlheim am Inn</placeName>
          </usg>
        </form>
        <form type="dialect">
          <pron xml:lang="bar-AT">wä̃́ẹ̃fo̩a̩tɒ</pron>
          <usg type="geo">
            <placeName type="gemeinde" ref="/geodata-wboe.xml#p5.1e11">Suben</placeName>
          </usg>
        </form>
        <form type="dialect">
          <pron xml:lang="bar-AT">πā̃ẽ̩φo̩e̩tɒ</pron>
          <usg type="geo">
            <placeName type="gemeinde" ref="/geodata-wboe.xml#p5.2a29">Prambachkirchen</placeName>
          </usg>
        </form>
        <form type="dialect">
          <pron xml:lang="bar-AT">wá̃ẽφǫe̩tɒ</pron>
          <usg type="geo">
            <placeName type="kleinregion" ref="/geodata-wboe.xml#p5.2d">wSkgt.</placeName>
          </usg>
        </form>
        <form type="dialect">
          <pron xml:lang="bar-AT">feímoitan</pron>
          <usg type="geo">
            <placeName type="gemeinde" ref="/geodata-wboe.xml#p5.3a03">Gosau</placeName>
          </usg>
        </form>
        <form type="dialect">
          <pron xml:lang="bar-AT">bãẽfo̩etɒ̃n</pron>
          <usg type="geo">
            <placeName type="gemeinde" ref="/geodata-wboe.xml#p5.3n09">Vorderstoder</placeName>
          </usg>
        </form>
        <form type="dialect">
          <pron xml:lang="bar-AT">πā̃ẽfǫetɒ</pron>
          <usg type="geo">
            <placeName type="gemeinde" ref="/geodata-wboe.xml#p5.3o04">Losenstein</placeName>
          </usg>
        </form>
        <form type="dialect">
          <pron xml:lang="bar-AT">wāẹκφǫẹτɒ(n)</pron>
          <usg type="geo">
            <placeName type="grossregion" ref="/geodata-wboe.xml#p5.4">Mühlv.</placeName>
          </usg>
        </form>
        <form type="dialect">
          <pron xml:lang="bar-AT">waėkfoötɒ̃n</pron>
          <usg type="geo">
            <placeName type="gemeinde" ref="/geodata-wboe.xml#p5.4b13">Ulrichsberg</placeName>
          </usg>
        </form>
        <form type="dialect">
          <pron xml:lang="bar-AT">wāĩfǫįtɒ̃n</pron>
          <usg type="geo">
            <placeName type="gemeinde" ref="/geodata-wboe.xml#p5.4e04">Gallneukirchen</placeName>
          </usg>
        </form>
        <form type="dialect">
          <pron xml:lang="bar-AT">πaeφȯėtɒ̃n</pron>
          <usg type="geo">
            <placeName type="gemeinde" ref="/geodata-wboe.xml#p5.4g05">St. Leonhard bei Freistadt</placeName>
          </usg>
        </form>
        <form type="dialect">
          <pron xml:lang="bar-AT">wą̈̃ę̃fǫötɒ̃n</pron>
          <pron xml:lang="bar-AT">bãę̃fo̩ötɒ̃n</pron>
          <usg type="geo">
            <placeName type="gemeinde" ref="/geodata-wboe.xml#p6.1f05">Purgstall an der Erlauf</placeName>
          </usg>
        </form>
        <form type="dialect">
          <pron xml:lang="bar-AT">φā̃ẽφǫetɒ</pron>
          <pron xml:lang="bar-AT">wā̃ẽφǫetɒ</pron>
          <usg type="geo">
            <placeName type="gemeinde" ref="/geodata-wboe.xml#p6.1g08">St. Anton an der Jeßnitz</placeName>
          </usg>
        </form>
        <form type="dialect">
          <pron xml:lang="bar-AT">pā̃ẽfǫittɒ</pron>
          <pron xml:lang="bar-AT">bãẽfo̩ötį̃n</pron>
          <usg type="geo">
            <placeName type="gemeinde" ref="/geodata-wboe.xml#p6.1i01">Göstling an der Ybbs</placeName>
          </usg>
        </form>
        <form type="dialect">
          <pron xml:lang="bar-AT">φǟφǫe̩tɒ</pron>
          <usg type="geo">
            <placeName type="gemeinde" ref="/geodata-wboe.xml#p6.2b17">Mödling</placeName>
          </usg>
        </form>
        <form type="dialect">
          <pron xml:lang="bar-AT">paẽfǫetɒn</pron>
          <pron xml:lang="bar-AT">pãẽfǫetɒn</pron>
          <usg type="geo">
            <placeName type="gemeinde" ref="/geodata-wboe.xml#p6.2d05">Miesenbach</placeName>
          </usg>
        </form>
        <form type="dialect">
          <pron xml:lang="bar-AT">wãẽfǫiτɒ</pron>
          <pron xml:lang="bar-AT">wā̃ẹ̃φoetɒ</pron>
          <pron xml:lang="bar-AT">wãẹ̃φǫẹtɒ</pron>
          <usg type="geo">
            <placeName type="gemeinde" ref="/geodata-wboe.xml#p6.2e03">Puchberg am Schneeberg</placeName>
          </usg>
        </form>
        <form type="dialect">
          <pron xml:lang="bar-AT">weinfålter</pron>
          <pron xml:lang="bar-AT">wei(g)foltern</pron>
          <pron xml:lang="bar-AT">beiⁿfoltan</pron>
          <pron xml:lang="bar-AT">pfiffholder</pron>
          <pron xml:lang="bar-AT">pflaumuatta</pron>
          <usg type="geo">
            <placeName type="gemeinde" ref="/geodata-wboe.xml#p6.2h28">Warth</placeName>
          </usg>
        </form>
        <form type="dialect">
          <pron xml:lang="bar-AT">πā̃ẽφoetɒ̃n</pron>
          <usg type="geo">
            <placeName type="gemeinde" ref="/geodata-wboe.xml#p6.3a16">Litschau</placeName>
          </usg>
        </form>
        <form type="dialect">
          <pron xml:lang="bar-AT">πrãẽφotɒ</pron>
          <usg type="geo">
            <placeName type="gemeinde" ref="/geodata-wboe.xml#p6.3h03">Rappottenstein</placeName>
          </usg>
        </form>
        <form type="dialect">
          <pron xml:lang="bar-AT">wei˜nfåltă</pron>
          <usg type="geo">
            <placeName type="gemeinde" ref="/geodata-wboe.xml#p6.3s01">Grafenegg</placeName>
          </usg>
        </form>
        <form type="dialect">
          <pron xml:lang="bar-AT">wãę̃pfǫętɒ</pron>
          <usg type="geo">
            <placeName type="gemeinde" ref="/geodata-wboe.xml#p6.3s06">Straß im Straßertale</placeName>
          </usg>
        </form>
        <form type="dialect">
          <pron xml:lang="bar-AT">pfeifhåldă</pron>
          <usg type="geo">
            <placeName type="kleinregion" ref="/geodata-wboe.xml#p6.4c">söUmg.Pulkaut.</placeName>
          </usg>
        </form>
        <form type="dialect">
          <pron xml:lang="bar-AT">fleifolter</pron>
          <pron xml:lang="bar-AT">fleihåldă</pron>
          <usg type="geo">
            <placeName type="gemeinde" ref="/geodata-wboe.xml#p6.4d14">Neudorf bei Staatz</placeName>
          </usg>
        </form>
        <form type="dialect">
          <pron xml:lang="bar-AT">weĩnfålta</pron>
          <usg type="geo">
            <placeName type="gemeinde" ref="/geodata-wboe.xml#p6.4e09">Röschitz</placeName>
          </usg>
        </form>
        <form type="dialect">
          <pron xml:lang="bar-AT">weinfålter</pron>
          <pron xml:lang="bar-AT">feierfǫlk</pron>
          <usg type="geo">
            <placeName type="grossregion" ref="/geodata-wboe.xml#p6.5">Wien</placeName>
          </usg>
        </form>
        <form type="dialect">
          <pron xml:lang="bar-AT">pǟeφo̩·λtɒ</pron>
          <usg type="geo">
            <placeName type="kleinregion" ref="/geodata-wboe.xml#p7.1b">nSeew.</placeName>
          </usg>
        </form>
        <form type="dialect">
          <pron xml:lang="bar-AT">bäⁱ⁽ⁿ⁾foltᵃ</pron>
          <usg type="geo">
            <placeName type="gemeinde" ref="/geodata-wboe.xml#p7.1e08">Mörbisch am See</placeName>
          </usg>
        </form>
        <form type="dialect">
          <pron xml:lang="bar-AT">pā̃ῖ́fǫitɒ</pron>
          <gramGrp></gramGrp>
          <usg type="geo">
            <placeName type="gemeinde" ref="/geodata-wboe.xml#p7.1e11">Rohrbach bei Mattersburg</placeName>
          </usg>
        </form>
        <form type="dialect">
          <pron xml:lang="bar-AT">weĩnfolta</pron>
          <usg type="geo">
            <placeName type="gemeinde" ref="/geodata-wboe.xml#p7.2b03">Lockenhaus</placeName>
          </usg>
        </form>
        <form type="dialect">
          <pron xml:lang="bar-AT">wãį̃feętn̥</pron>
          <usg type="geo">
            <placeName type="gemeinde" ref="/geodata-wboe.xml#p7.2b09">Piringsdorf</placeName>
          </usg>
        </form>
        <form type="dialect">
          <pron xml:lang="bar-AT">vå̃ẽfoldɒ̈</pron>
          <pron xml:lang="bar-AT">ß̌å̄-mʊ̈əttɒ</pron>
          <usg type="geo">
            <placeName type="kleinregion" ref="/geodata-wboe.xml#p7.3c">ob.bgl.Pinkat.</placeName>
          </usg>
        </form>
        <form type="dialect">
          <pron xml:lang="bar-AT">bäⁱnfoltᵃ</pron>
          <pron xml:lang="bar-AT">wå̄̃ę̃fo̩λdɒ</pron>
          <pron xml:lang="bar-AT">wę̃ῖfo̩λtn</pron>
          <usg type="geo">
            <placeName type="gemeinde" ref="/geodata-wboe.xml#p7.3c03">Großpetersdorf</placeName>
          </usg>
        </form>
        <form type="dialect">
          <pron xml:lang="bar-AT">vå̄̃foltɒ</pron>
          <pron xml:lang="bar-AT">ho̩λpaiå̃õ</pron>
          <pron xml:lang="bar-AT">ho̩λpɒǯå̃õ</pron>
          <pron xml:lang="bar-AT">s̆å̄-mʊ̈əttɒ</pron>
          <usg type="geo">
            <placeName type="gemeinde" ref="/geodata-wboe.xml#p7.3g09">Strem</placeName>
          </usg>
          <ptr type="collection" subtype="lautung" target="/collections-wboe.xml#c9111"/>
        </form>
        <etym>
          <seg type="desc">
            <lang>ahd.</lang>
          </seg>
          <cit type="etymon">
            <form>
              <orth>fīfalt(a)ra</orth>
            </form>
            <gramGrp>
              <gram type="gender">Femininum</gram>
            </gramGrp>
          </cit>
          <seg type="desc">(
            <date>9. Jh.</date>),
          </seg>
          <cit type="etymon">
            <form>
              <orth>fīfaltar</orth>
            </form>
            <gramGrp>
              <gram type="gender">Maskulinum</gram>
            </gramGrp>
          </cit>
          <seg type="desc">(
            <date>12. Jh.</date>)
          </seg>
          <cit type="etymon">
            <def>Schmetterling</def>
          </cit>
          <seg type="desc">,
            <lang>mhd.</lang>
          </seg>
          <cit type="etymon">
            <form>
              <orth>vīvalter</orth>
            </form>
            <gramGrp>
              <gram type="gender">Maskulinum</gram>
            </gramGrp>
          </cit>
          <seg type="desc">und weitere Formen aus historischen Sprachstufen anderer germanischer Sprachen sind wie
            <lang>lat.</lang>
          </seg>
          <cit type="etymon">
            <form>
              <orth>pāpilio</orth>
            </form>
            <def>Schmetterling</def>
          </cit>
          <seg type="desc">reduplizierende Bildungen zur idg. Wurzel</seg>
          <cit type="etymon">
            <form>
              <orth>*pel(ə)-</orth>
            </form>
            <def>gießen; fließen; füllen; schwimmen; fliegen; flattern</def>
          </cit>
          <seg type="desc">und bedeuten</seg>
          <cit type="etymon">
            <def>Flatterndes</def>
          </cit>
          <seg type="desc">; die reduplizierende Form ist vielfach dialektal und volksetymologisch umgedeutet worden, auch zu</seg>
          <cit type="etymon">
            <form>
              <orth>Feifalter</orth>
            </form>
            <form>
              <orth>Pfeiffalter</orth>
            </form>
          </cit>
          <seg type="desc">; erst gegen
            <date>Ende des 18. Jh.s</date>setzt sich die vereinfachte Form
          </seg>
          <cit type="etymon">
            <form>
              <orth>Falter</orth>
            </form>
          </cit>
          <seg type="desc">durch</seg>
          <ref type="bibl" target="#Kluge2011">
            <lbl>vgl.</lbl>Kluge 2011
            <citedRange>275</citedRange>
          </ref>
          <ref type="bibl" target="#Pfeifer2014">
            <lbl>vgl.</lbl>Pfeifer 2014
            <citedRange>322</citedRange>
          </ref>
          <seg type="desc">; im Datenmaterial des WBÖ sind ca. 100 verschiedene Nebenformen verzeichnet, bei denen größtenteils die Reduplikation</seg>
          <cit type="etymon">
            <form>
              <orth>Feifalter</orth>
            </form>
          </cit>
          <seg type="desc">als kompositionale Struktur aus Bestimmungswort und Grundwort aufgefasst wurde; zu den häufigsten Grundwörtern gehören</seg>
          <cit type="etymon">
            <form>
              <orth>‑falter(in)</orth>
            </form>
            <form>
              <orth>-můtter</orth>
            </form>
            <form>
              <orth>‑halter</orth>
            </form>
            <form>
              <orth>‑molter(n)</orth>
            </form>
          </cit>
          <seg type="desc">
            <ref type="bibl" target="#HDAVII">
              <lbl>s. auch</lbl>HDA VII
              <citedRange>1237-1254</citedRange>
            </ref>; vgl. auch
          </seg>
          <cit type="etymon">
            <form>
              <orth>Fei</orth>
            </form>
          </cit>
          <seg type="desc">,
            <lang>mhd.</lang>
          </seg>
          <cit type="etymon">
            <form>
              <orth>feie</orth>
            </form>
            <form>
              <orth>veie</orth>
            </form>
          </cit>
          <seg type="desc">im
            <date>12. Jh.</date>entlehnt aus
            <lang>frz.</lang>
          </seg>
          <cit type="etymon">
            <form>
              <orth>fae</orth>
            </form>
          </cit>
          <seg type="desc">als älteres Wort für</seg>
          <cit type="etymon">
            <form>
              <orth>Fee</orth>
            </form>
            <def>weibliches Märchenwesen mit Zauberkräften</def>
          </cit>
          <seg type="desc">(im
            <date>18. Jh.</date>entlehnt aus
            <lang>frz.</lang>
          </seg>
          <cit type="etymon">
            <form>
              <orth>fée</orth>
            </form>
          </cit>
          <seg type="desc">), und</seg>
          <cit type="etymon">
            <form>
              <orth>gefeit</orth>
            </form>
          </cit>
          <seg type="desc">als adjektivisches Partizip II zu</seg>
          <cit type="etymon">
            <form>
              <orth>feien</orth>
            </form>
            <def>durch Zauberkraft stark oder unverwundbar machen</def>
          </cit>
          <seg type="desc">, das im
            <date>19. Jh.</date>zu
          </seg>
          <cit type="etymon">
            <form>
              <orth>Fei</orth>
            </form>
          </cit>
          <seg type="desc">gebildet wird
            <ref type="bibl" target="#Kluge2011">
              <lbl>vgl.</lbl>Kluge 2011
              <citedRange>283f., 339</citedRange>
            </ref>
          </seg>
        </etym>
        <sense>
          <sense>
            <sense>
              <sense>
                <def>Schmetterling; Tagfalter</def>
                <usg type="geo">
                  <placeName type="bundesland" ref="/geodata-wboe.xml#p1A">STir.</placeName>
                </usg>
                <usg type="geo">
                  <placeName type="grossregion" ref="/geodata-wboe.xml#p1B.0">OTir.</placeName>
                </usg>
                <usg type="geo">
                  <placeName type="bundesland" ref="/geodata-wboe.xml#p1C">NTir.</placeName>
                </usg>
                <usg type="geo">
                  <placeName type="bundesland" ref="/geodata-wboe.xml#p2">Ktn.</placeName>
                </usg>
                <usg type="geo">
                  <placeName type="bundesland" ref="/geodata-wboe.xml#p3">Stmk.</placeName>
                </usg>
                <usg type="geo">
                  <placeName type="bundesland" ref="/geodata-wboe.xml#p4">Sbg.</placeName>
                </usg>
                <usg type="geo">
                  <placeName type="bundesland" ref="/geodata-wboe.xml#p5">OÖ</placeName>
                </usg>
                <usg type="geo">
                  <placeName type="bundesland" ref="/geodata-wboe.xml#p6">NÖ</placeName>
                </usg>
                <usg type="geo">
                  <placeName type="grossregion" ref="/geodata-wboe.xml#p6.5">Wien</placeName>
                </usg>
                <usg type="geo">
                  <placeName type="bundesland" ref="/geodata-wboe.xml#p7">Bgl.</placeName>
                </usg>
                <cit type="example">
                  <quote xml:lang="bar-AT">a geˡbė/schwaschzė/gschęckate Faɫmu̇ətta</quote>
                  <usg type="geo">
                    <placeName type="gemeinde" ref="/geodata-wboe.xml#p1C.3b03">Thiersee</placeName>
                  </usg>
                </cit>
                <cit type="example">
                  <quote xml:lang="bar-AT">do fliagt a Pféiferschtn</quote>
                  <usg type="geo">
                    <placeName type="gemeinde" ref="/geodata-wboe.xml#p3.3c08">Stainz</placeName>
                  </usg>
                </cit>
                <cit type="example">
                  <quote xml:lang="bar-AT">A Weiñfåltă bin i / Kear üwăråll ei˜n / Sprich üwăråll zui / Bis i Bussl hå gmui</quote>
                  <usg type="geo">
                    <placeName type="gemeinde" ref="/geodata-wboe.xml#p6.3s01">Grafenegg</placeName>
                  </usg>
                </cit>
                <cit type="example">
                  <quote xml:lang="bar-AT">fül Beiⁿfoltəʳ</quote>
                  <usg type="geo">
                    <placeName type="gemeinde" ref="/geodata-wboe.xml#p7.3g06">St. Michael im Burgenland</placeName>
                  </usg>
                </cit>
                <ptr type="collection" subtype="bedeutung" target="/collections-wboe.xml#c9138"/>
              </sense>
              <sense>
                <def>bunter Schmetterling</def>
                <usg type="geo">
                  <placeName type="grossregion" ref="/geodata-wboe.xml#p2.2">MKtn.</placeName>
                </usg>
                <usg type="geo">
                  <placeName type="grossregion" ref="/geodata-wboe.xml#p3.1">sbair.ObStmk.</placeName>
                </usg>
                <usg type="geo">
                  <placeName type="grossregion" ref="/geodata-wboe.xml#p4.1">Lung.</placeName>
                </usg>
                <ptr type="collection" subtype="bedeutung" target="/collections-wboe.xml#c9135"/>
              </sense>
              <sense>
                <def>weißer Schmetterling</def>
                <usg type="geo">
                  <placeName type="grossregion" ref="/geodata-wboe.xml#p5.2">Hausrv.</placeName>
                </usg>
                <ptr type="collection" subtype="bedeutung" target="/collections-wboe.xml#c9133"/>
              </sense>
            </sense>
            <sense>
              <sense>
                <def>(kleiner) Nachtfalter; Nachtvogel</def>
                <usg type="geo">
                  <placeName type="grossregion" ref="/geodata-wboe.xml#p1C.1">wNTir.</placeName>
                </usg>
                <usg type="geo">
                  <placeName type="grossregion" ref="/geodata-wboe.xml#p3.1">sbair.ObStmk.</placeName>
                </usg>
                <usg type="geo">
                  <placeName type="grossregion" ref="/geodata-wboe.xml#p3.4">MStmk.</placeName>
                </usg>
                <usg type="geo">
                  <placeName type="grossregion" ref="/geodata-wboe.xml#p4.1">Lung.</placeName>
                </usg>
                <ptr type="collection" subtype="bedeutung" target="/collections-wboe.xml#c9127"/>
              </sense>
              <sense>
                <def>„schwarzer Nachtfalter, der um das Licht tanzt“</def>
                <usg type="geo">
                  <placeName type="grossregion" ref="/geodata-wboe.xml#p1C.1">wNTir.</placeName>
                </usg>
                <ptr type="collection" subtype="bedeutung" target="/collections-wboe.xml#c9125"/>
              </sense>
              <sense>
                <xr type="variant">
                  <lbl>nur</lbl>
                  <ref>Feuerfalke</ref>
                </xr>
                <usg>(Nebenform)</usg>
                <def>ein rötlicher Nachtschmetterling ähnlich der Kupferglucke</def>
                <usg type="geo">
                  <placeName type="grossregion" ref="/geodata-wboe.xml#p6.5">Wien</placeName>
                </usg>
                <ptr type="collection" subtype="bedeutung" target="/collections-wboe.xml#c9124"/>
              </sense>
            </sense>
            <sense>
              <def>Zitronenfalter</def>
              <usg type="geo">
                <placeName type="grossregion" ref="/geodata-wboe.xml#p1C.1">wNTir.</placeName>
              </usg>
              <usg type="geo">
                <placeName type="grossregion" ref="/geodata-wboe.xml#p3.3">WStmk.</placeName>
              </usg>
              <usg type="geo">
                <placeName type="grossregion" ref="/geodata-wboe.xml#p6.1">Mostv.</placeName>
              </usg>
              <ptr type="collection" subtype="bedeutung" target="/collections-wboe.xml#c9123"/>
            </sense>
            <sense>
              <def>Kohlweißling</def>
              <usg type="geo">
                <placeName type="grossregion" ref="/geodata-wboe.xml#p3.2">mbair.ObStmk.</placeName>
              </usg>
              <usg type="geo">
                <placeName type="grossregion" ref="/geodata-wboe.xml#p3.3">WStmk.</placeName>
              </usg>
              <usg type="geo">
                <placeName type="grossregion" ref="/geodata-wboe.xml#p3.5">OStmk.</placeName>
              </usg>
              <usg type="geo">
                <placeName type="grossregion" ref="/geodata-wboe.xml#p4.3">Pong.</placeName>
              </usg>
              <usg type="geo">
                <placeName type="grossregion" ref="/geodata-wboe.xml#p5.1">Innv.</placeName>
              </usg>
              <usg type="geo">
                <placeName type="grossregion" ref="/geodata-wboe.xml#p5.4">Mühlv.</placeName>
              </usg>
              <usg type="geo">
                <placeName type="grossregion" ref="/geodata-wboe.xml#p6.1">Mostv.</placeName>
              </usg>
              <usg type="geo">
                <placeName type="grossregion" ref="/geodata-wboe.xml#p6.3">Waldv.</placeName>
              </usg>
              <usg type="geo">
                <placeName type="grossregion" ref="/geodata-wboe.xml#p6.4">Weinv.</placeName>
              </usg>
              <cit type="example">
                <quote xml:lang="bar-AT">waisse waiⁿfǫėtən</quote>
                <usg type="geo">
                  <placeName type="gemeinde" ref="/geodata-wboe.xml#p5.1c07">Mühlheim am Inn</placeName>
                </usg>
              </cit>
              <ptr type="collection" subtype="bedeutung" target="/collections-wboe.xml#c9122"/>
            </sense>
            <sense>
              <def>Baumweißling</def>
              <usg type="geo">
                <placeName type="grossregion" ref="/geodata-wboe.xml#p6.1">Mostv.</placeName>
              </usg>
              <ptr type="collection" subtype="bedeutung" target="/collections-wboe.xml#c9121"/>
            </sense>
            <sense>
              <def>„Art Zwiefalter, die in Weingegenden häufig vorkommen“</def>
              <usg type="geo">
                <placeName type="grossregion" ref="/geodata-wboe.xml#p6.5">Wien</placeName>
              </usg>
              <ptr type="collection" subtype="bedeutung" target="/collections-wboe.xml#c9120"/>
            </sense>
            <sense>
              <def>Bienenfalter; Beifalter; Falter, der im Bienenstock seine Eier ablegt</def>
              <usg type="geo">
                <placeName type="grossregion" ref="/geodata-wboe.xml#p6.3">Waldv.</placeName>
              </usg>
              <ptr type="collection" subtype="bedeutung" target="/collections-wboe.xml#c9119"/>
            </sense>
            <sense>
              <xr type="variant">
                <lbl>nur</lbl>
                <ref>Feilmutter</ref>
              </xr>
              <usg>(Nebenform)</usg>
              <def>Bläuling</def>
              <usg type="geo">
                <placeName type="grossregion" ref="/geodata-wboe.xml#p1C.3">öNTir.</placeName>
              </usg>
              <ptr type="collection" subtype="bedeutung" target="/collections-wboe.xml#c9117"/>
            </sense>
          </sense>
          <sense>
            <xr type="variant">
              <lbl>nur</lbl>
              <ref>Bienenfalter</ref>
            </xr>
            <usg>(Nebenform)</usg>
            <def>Zauberin</def>
            <usg type="geo">
              <placeName type="grossregion" ref="/geodata-wboe.xml#p5.3">Traunv.</placeName>
            </usg>
            <ptr type="collection" subtype="bedeutung" target="/collections-wboe.xml#c9116"/>
          </sense>
        </sense>
        <re>
          <form subtype="compound" type="lemma">
            <orth>Nachtfeilmutter</orth>
            <gramGrp>
              <usg>(Nebenform)</usg>
            </gramGrp>
          </form>
          <sense>
            <sense>
              <def>Schwärmer; Spinner</def>
              <usg type="geo">
                <placeName type="grossregion" ref="/geodata-wboe.xml#p1C.3">öNTir.</placeName>
              </usg>
              <ptr type="collection" subtype="bedeutung" target="/collections-wboe.xml#c9115"/>
            </sense>
          </sense>
        </re>
      </entry>
    </body>
  </text>
</TEI>