<?xml version="1.0" encoding="UTF-8"?>
    <?xml-model href="http://www.tei-c.org/release/xml/tei/custom/schema/relaxng/tei_all.rng" type="application/xml" schematypens="http://purl.oclc.org/dsdl/schematron"?>
    <?xml-model href="../../803_RNG-schematron/WBOE-ODD.rnc" type="application/relax-ng-compact-syntax"?>
<?redaktionstool version="0.7.1" ?>
<?parser type="lioe" version="0.7.0" ?>
<TEI xmlns="http://www.tei-c.org/ns/1.0">
  <teiHeader>
    <fileDesc>
      <titleStmt>
        <title>Felberer</title>
        <respStmt>
          <resp>Editor</resp>
          <name ref="#StS">Stefanie Schöberl</name>
        </respStmt>
        <respStmt>
          <resp>Encoding Scheme</resp>
          <name>Jack Bowers</name>
          <name>Daniel Schopper</name>
          <name>Omar Siam</name>
        </respStmt>
        <respStmt>
          <resp>DBOE Team</resp>
          <name xml:id="AL">Alexandra N. Lenz</name>
          <name xml:id="PhS">Philipp Stöckle</name>
          <name xml:id="AG">Andreas Gellan</name>
          <name xml:id="PZ">Patrick Zeitlhuber</name>
          <name xml:id="SW">Sabine Wahl</name>
          <name xml:id="SS">Sonja Schwaiger</name>
          <name xml:id="AB">Angela Bergermayer</name>
          <name xml:id="EW">Eva Wahlmüller</name>
          <name xml:id="DG">David Gschösser</name>
          <name xml:id="StS">Stefanie Schöberl</name>
          <name xml:id="FF">Fabian Fleißner</name>
        </respStmt>
        <respStmt>
          <resp>Student assistants</resp>
          <name>Susanna Muhr</name>
          <name>Manuela Stütz</name>
          <name>Christina Hemetsberger</name>
        </respStmt>
      </titleStmt>
      <publicationStmt>
        <p></p>
      </publicationStmt>
      <sourceDesc>
        <list>
          <item>
            <label>Geo-data</label>
            <ptr xml:id="geo-inventory-WBOE" target="../geodata-wboe.xml"/>
          </item>
          <item>
            <label>Bibliography</label>
            <ptr xml:id="bibliography-WBOE" target="../bibl-wboe.xml"/>
          </item>
          <item>
            <label>WBOE-Slips</label>
            <ptr xml:id="slips-WBOE" target="../slips-wboe.xml"/>
          </item>
          <item>
            <label>WBOE-Collections</label>
            <ptr xml:id="collections-WBOE" target="../collections-wboe.xml"/>
          </item>
        </list>
      </sourceDesc>
    </fileDesc>
    <revisionDesc>
      <listChange>
        <change status="in progress" when="2021-04-15" who="#StS">Datensatz erstellt</change>
        <change status="peer correction" when="2021-05-07" who="#StS">Felberer-Belege aus Felber eingefügt</change>
        <change status="internal correction" when="2021-05-17" who="#StS">Kleinere Anpassungen</change>
        <change status="external correction" when="2021-06-18" who="#StS">Felberer-Belege zu Felber verschoben</change>
        <change status="external correction" when="2021-07-02" who="#StS">LK eingefügt</change>
        <change status="finished" when="2021-07-07" who="#StS">keine Anm. von J.Ebner</change>
      </listChange>
    </revisionDesc>
  </teiHeader>
  <text>
    <body>
      <entry>
        <form type="lemma" xml:id="Felberer">
          <orth>Felberer</orth>
          <ptr type="collection" subtype="lemma" target="/collections-wboe.xml#c13396"/>
        </form>
        <gramGrp>
          <gram type="pos">Substantiv</gram>
          <gram type="gender">Maskulinum</gram>
        </gramGrp>
        <usg type="geo">
          <placeName type="bundesland" ref="/geodata-wboe.xml#p2">Ktn.</placeName>
        </usg>
        <usg type="geo">
          <placeName type="grossregion" ref="/geodata-wboe.xml#p5.1">Innv.</placeName>
        </usg>
        <usg type="geo">
          <placeName type="grossregion" ref="/geodata-wboe.xml#p5.2">Hausrv.</placeName>
        </usg>
        <usg type="geo">
          <placeName type="grossregion" ref="/geodata-wboe.xml#p5.4">Mühlv.</placeName>
        </usg>
        <usg type="geo">
          <placeName type="grossregion" ref="/geodata-wboe.xml#p6.5">Wien</placeName>
        </usg>
        <note type="kommentar" resp="#DG">Im östlichen Südbairischen liegen für mhd.
          <c>ël</c>in der Stammsilbe offene
          <c>e</c>-Monophthonge samt erhaltendem Liquid vor
          <xr>
            <ref>fęlfr̥r̥</ref>
          </xr>. Im Mittelbairischen ist der Liquid dagegen vokalisiert worden, sodass sich in den westlichen Varietäten eher Formen mit Diphthongen zeigen
          <xr>
            <ref>fęiwɒrɒ</ref>
            <ref>fęübɒrɒ</ref>
          </xr>, in den östlichen eher mit daraus entstandenen Monophthongen
          <xr>
            <ref>fȫwɒrɒ</ref>
          </xr>. Während das doppelte Suffix -
          <c>erer</c>im östlichen Südbairischen synkopiert auftritt
          <xr>
            <ref>fęlfr̥r̥</ref>
          </xr>, wurden im Mittelbairischen die Vokale reduziert und gesenkt. Der erste Liquid ist dabei intervokalisch erhalten, der zweite vokalisiert und mit dem Tiefschwa verschmolzen
          <xr>
            <ref>fęiwɒrɒ</ref>
            <ref>fȫwɒrɒ</ref>
          </xr>.
        </note>
        <form type="dialect">
          <pron xml:lang="bar-AT">felfr'r</pron>
        </form>
        <form type="dialect">
          <pron xml:lang="bar-AT">felfᵃr'r</pron>
          <usg type="geo">
            <placeName type="kleinregion" ref="/geodata-wboe.xml#p2.3b">obGurkt.</placeName>
          </usg>
        </form>
        <form type="dialect">
          <pron xml:lang="bar-AT">febera</pron>
          <usg type="geo">
            <placeName type="gemeinde" ref="/geodata-wboe.xml#p5.1a09">Hochburg-Ach</placeName>
          </usg>
        </form>
        <form type="dialect">
          <pron xml:lang="bar-AT">fę̄iwɒrɒ</pron>
          <usg type="geo">
            <placeName type="gemeinde" ref="/geodata-wboe.xml#p5.1c07">Mühlheim am Inn</placeName>
          </usg>
        </form>
        <form type="dialect">
          <pron xml:lang="bar-AT">fäö'bârâ</pron>
          <usg type="geo">
            <placeName type="gemeinde" ref="/geodata-wboe.xml#p5.2a17">Kirchberg-Thening</placeName>
          </usg>
        </form>
        <form type="dialect">
          <pron xml:lang="bar-AT">-föwerer</pron>
        </form>
        <form type="dialect">
          <pron xml:lang="bar-AT">-fȫlberer</pron>
        </form>
        <form type="dialect">
          <pron xml:lang="bar-AT">-felb'r'r</pron>
          <usg type="geo">
            <placeName type="grossregion" ref="/geodata-wboe.xml#p6.5">Wien</placeName>
          </usg>
          <ptr type="collection" subtype="lautung" target="/collections-wboe.xml#c16683"/>
        </form>
        <etym>
          <seg type="desc">Ableitung von</seg>
          <cit type="etymon">
            <xr type="lemma">
              <ref target="Felber.xml#Felber">Felber</ref>
            </xr>
          </cit>
        </etym>
        <sense>
          <sense>
            <sense>
              <sense>
                <def>Bastler; jemand, der emsige Kleinarbeit macht</def>
                <usg type="geo">
                  <placeName type="grossregion" ref="/geodata-wboe.xml#p2.2">MKtn.</placeName>
                </usg>
                <ptr type="collection" subtype="bedeutung" target="/collections-wboe.xml#c16684"/>
              </sense>
              <sense>
                <def>Pfuscher; langsamer Mensch</def>
                <usg type="geo">
                  <placeName type="grossregion" ref="/geodata-wboe.xml#p5.2">Hausrv.</placeName>
                </usg>
                <cit type="example">
                  <quote xml:lang="bar-AT">De Fäö'bârâ wird a ne̊t fe̊rte̊</quote>
                  <usg type="geo">
                    <placeName type="gemeinde" ref="/geodata-wboe.xml#p5.2a17">Kirchberg-Thening</placeName>
                  </usg>
                </cit>
                <ptr type="collection" subtype="bedeutung" target="/collections-wboe.xml#c16685"/>
              </sense>
            </sense>
            <sense>
              <def>Schreiber; Beamter; Lehrer</def>
              <usg type="geo">
                <placeName type="bundesland" ref="/geodata-wboe.xml#p2">Ktn.</placeName>
              </usg>
              <usg type="geo">
                <placeName type="grossregion" ref="/geodata-wboe.xml#p6.5">Wien</placeName>
              </usg>
              <ptr type="collection" subtype="bedeutung" target="/collections-wboe.xml#c16686"/>
            </sense>
          </sense>
        </sense>
        <re>
          <form subtype="compound" type="lemma">
            <orth>Kassiberlfelberer</orth>
          </form>
          <sense>
            <sense>
              <def>Bettelbrief-, Gesuchsschreiber; jemand, der gefälschte Gesuche schreibt, um damit Geld zu erbetteln oder erpressen</def>
              <usg>(gaunersprachlich)</usg>
              <usg type="geo">
                <placeName type="grossregion" ref="/geodata-wboe.xml#p6.5">Wien</placeName>
              </usg>
              <ptr type="collection" subtype="bedeutung" target="/collections-wboe.xml#c16688"/>
            </sense>
          </sense>
        </re>
      </entry>
    </body>
  </text>
</TEI>