<?xml version="1.0" encoding="UTF-8"?>
    <?xml-model href="http://www.tei-c.org/release/xml/tei/custom/schema/relaxng/tei_all.rng" type="application/xml" schematypens="http://purl.oclc.org/dsdl/schematron"?>
    <?xml-model href="../../803_RNG-schematron/WBOE-ODD.rnc" type="application/relax-ng-compact-syntax"?>
<?redaktionstool version="0.6.6"?>
<TEI xmlns="http://www.tei-c.org/ns/1.0">
  <teiHeader>
    <fileDesc>
      <titleStmt>
        <title>Feldung</title>
        <respStmt>
          <resp>Editor</resp>
          <name ref="#AB">Angela Bergermayer</name>
        </respStmt>
        <respStmt>
          <resp>Encoding Scheme</resp>
          <name>Jack Bowers</name>
          <name>Daniel Schopper</name>
          <name>Omar Siam</name>
        </respStmt>
        <respStmt>
          <resp>DBOE Team</resp>
          <name xml:id="AL">Alexandra N. Lenz</name>
          <name xml:id="PhS">Philipp Stöckle</name>
          <name xml:id="AG">Andreas Gellan</name>
          <name xml:id="PZ">Patrick Zeitlhuber</name>
          <name xml:id="SW">Sabine Wahl</name>
          <name xml:id="SS">Sonja Schwaiger</name>
          <name xml:id="AB">Angela Bergermayer</name>
          <name xml:id="EW">Eva Wahlmüller</name>
          <name xml:id="DG">David Gschösser</name>
          <name xml:id="StS">Stefanie Schöberl</name>
          <name xml:id="FF">Fabian Fleißner</name>
        </respStmt>
        <respStmt>
          <resp>Student assistants</resp>
          <name>Susanna Muhr</name>
          <name>Manuela Stütz</name>
          <name>Christina Hemetsberger</name>
        </respStmt>
      </titleStmt>
      <publicationStmt>
        <p></p>
      </publicationStmt>
      <sourceDesc>
        <list>
          <item>
            <label>Geo-data</label>
            <ptr xml:id="geo-inventory-WBOE" target="../geodata-wboe.xml"/>
          </item>
          <item>
            <label>Bibliography</label>
            <ptr xml:id="bibliography-WBOE" target="../bibl-wboe.xml"/>
          </item>
          <item>
            <label>WBOE-Slips</label>
            <ptr xml:id="slips-WBOE" target="../slips-wboe.xml"/>
          </item>
          <item>
            <label>WBOE-Collections</label>
            <ptr xml:id="collections-WBOE" target="../collections-wboe.xml"/>
          </item>
        </list>
      </sourceDesc>
    </fileDesc>
    <revisionDesc>
      <listChange>
        <change status="internal correction" when="2020-11-12" who="#AB">Datensatz erstellt</change>
        <change status="internal correction" when="2020-11-26" who="#DG">LK unformatiert eingefügt</change>
        <change status="external correction" when="2020-12-07" who="#AB">LK getaggt, formatiert, ... ausgeschrieben; freigegeben f. ext. Korr.</change>
                <change status="external correction" when="2020-12-18" who="#AB">Kleinigkeiten aus ext. Korr. ergänzt</change>
                        <change status="finished" when="2020-12-23" who="#AB">Abschlussredaktion</change>
      </listChange>
    </revisionDesc>
  </teiHeader>
  <text>
    <body>
      <entry>
        <form type="lemma" xml:id="Feldung">
          <orth>Feldung</orth>
          <ptr type="collection" subtype="lemma" target="/collections-wboe.xml#c11877"/>
        </form>
        <gramGrp>
          <gram type="pos">Substantiv</gram>
          <gram type="gender">Femininum</gram>
        </gramGrp>
        <usg type="geo">
          <placeName type="bundesland" ref="/geodata-wboe.xml#p1A">STir.</placeName>
        </usg>
        <usg type="geo">
          <placeName type="bundesland" ref="/geodata-wboe.xml#p1B">OTir.</placeName>
        </usg>
        <usg type="geo">
          <placeName type="bundesland" ref="/geodata-wboe.xml#p1C">NTir.</placeName>
        </usg>
        <usg type="geo">
          <placeName type="grossregion" ref="/geodata-wboe.xml#p2.1">ObKtn.</placeName>
        </usg>
        <usg type="geo">
          <placeName type="grossregion" ref="/geodata-wboe.xml#p2.2">MKtn.</placeName>
        </usg>
        <usg type="geo">
          <placeName type="grossregion" ref="/geodata-wboe.xml#p3">Stmk.</placeName>
        </usg>
        <usg type="geo">
          <placeName type="grossregion" ref="/geodata-wboe.xml#p4.2">Pinzg.</placeName>
        </usg>
        <usg type="geo">
          <placeName type="grossregion" ref="/geodata-wboe.xml#p4.3">Pong.</placeName>
        </usg>
        <usg type="geo">
          <placeName type="grossregion" ref="/geodata-wboe.xml#p4.5">Flachg.</placeName>
        </usg>
        <usg type="geo">
          <placeName type="grossregion" ref="/geodata-wboe.xml#p5.4">Mühlv.</placeName>
        </usg>
        <usg type="geo">
          <placeName type="grossregion" ref="/geodata-wboe.xml#p6.2">Industriev.</placeName>
        </usg>
        <usg type="geo">
          <placeName type="grossregion" ref="/geodata-wboe.xml#p6.3">Waldv.</placeName>
        </usg>
                <usg type="geo">
          <placeName type="grossregion" ref="/geodata-wboe.xml#p6.4">Weinv.</placeName>
        </usg>
        <usg type="geo">
          <placeName type="grossregion" ref="/geodata-wboe.xml#p6.5">Wien</placeName>
        </usg>
        <note type="kommentar" resp="#DG">Im Südbairischen kommen für mhd.
          <c>ël</c>in der Stammsilbe regelhaft Formen mit
          <c>l</c>-Erhalt vor, zudem teilweise im Mittel- und Südmittelbairischen, meistens mit kurzen, offenen
          <c>e</c>-Monophthongen
          <xr>
            <ref>fęldųŋ</ref>
          </xr>, im bairisch-alemannischen Übergangsgebiet im westlichen Nordtirol vor Liquid mitunter gesenkt
          <xr>
            <ref>faldįŋ</ref>
          </xr>, im Industrieviertel gerundet
          <xr>
            <ref>fǫ̈ldųŋ</ref>
          </xr>, in Oberkärnten diphthongiert
          <xr>
            <ref>feildųŋkχ</ref>
          </xr>. In Teilen des Mittelbairischen und westlichen Südmittelbairischen sind dagegen regelhaft Formen mit
          <c>l</c>-Vokalisierung belegt, im östlichen Südmittelbairischen des östlichen Nordtirols und des Pongaus ungerundete, steigende Diphthonge
          <xr>
            <ref>feidųŋ</ref>
            <ref>faidįŋ</ref>
          </xr>, im Waldviertel gerundete, steigende Diphthonge
          <xr>
            <ref>fǫ̈idįŋ</ref>
          </xr>sowie im östlichen Nordtirol und in Wien lange, gerundete Monophthonge
          <xr>
            <ref>fǫ̈̄dųŋ</ref>
          </xr>. Inlautendes
          <c>d</c>nach
          <c>l</c>ist im östlichen Nordtirol teilweise geschwunden
          <xr>
            <ref>feiųŋ</ref>
          </xr>. Für das auslautende Suffix -
          <c>ung</c>liegen im gesamten Verbreitungsgebiet Schwankungen hinsichtlich der Qualität vor
          <xr>
            <ref>fęldųŋ</ref>
            <ref>fęldįŋ</ref>
          </xr>. Im bairisch-alemannischen Übergangsgebiet im westlichen und im mittleren Nordtirol treten mitunter Formen ohne nasales Element auf
          <xr>
            <ref>faldįk</ref>
            <ref>fęldįkə</ref>
          </xr>, in Oberkärnten Formen mit übermarkierter Affrikate
          <xr>
            <ref>feildųŋkχ</ref>
          </xr>und im mittleren Nordtirol mit vokalischer Endung
          <xr>
            <ref>fęldįŋə</ref>
            <ref>fęldįkə</ref>
          </xr>, die auf den Erhalt der alten Dreisilbigkeit verweist.
        </note>
        <form type="dialect">
          <pron xml:lang="bar-AT">fęlduṉg̱</pron>
          <usg type="geo">
            <placeName type="gemeinde" ref="/geodata-wboe.xml#p1A.3b01">Sarntal</placeName>
          </usg>
        </form>
        <form type="dialect">
          <pron xml:lang="bar-AT">falduŋ</pron>
          <usg type="geo">
            <placeName type="gemeinde" ref="/geodata-wboe.xml#p1C.1n01">Imst</placeName>
          </usg>
        </form>
        <form type="dialect">
          <pron xml:lang="bar-AT">fęlduŋ</pron>
          <pron xml:lang="bar-AT">fęldigə</pron>
          <usg type="geo">
            <placeName type="gemeinde" ref="/geodata-wboe.xml#p1C.2h02">Matrei am Brenner</placeName>
          </usg>
        </form>
        <form type="dialect">
          <pron xml:lang="bar-AT">feˡdung</pron>
          <usg type="geo">
            <placeName type="gemeinde" ref="/geodata-wboe.xml#p1C.3b03">Thiersee</placeName>
          </usg>
        </form>
        <form type="dialect">
          <pron xml:lang="bar-AT">fǟdung</pron>
          <usg type="geo">
            <placeName type="gemeinde" ref="/geodata-wboe.xml#p1C.3e06">Kufstein</placeName>
          </usg>
        </form>
        <form type="dialect">
          <pron xml:lang="bar-AT">föiung</pron>
          <usg type="geo">
            <placeName type="gemeinde" ref="/geodata-wboe.xml#p1C.3e12">Schwoich</placeName>
          </usg>
        </form>
        <form type="dialect">
          <pron xml:lang="bar-AT">feïldunkch</pron>
          <usg type="geo">
            <placeName type="gemeinde" ref="/geodata-wboe.xml#p2.1d03">Greifenburg</placeName>
          </usg>
        </form>
        <form type="dialect">
          <pron xml:lang="bar-AT">fęldiŋ</pron>
          <usg type="geo">
            <placeName type="gemeinde" ref="/geodata-wboe.xml#p2.3f01">Feldkirchen in Kärnten</placeName>
          </usg>
        </form>
        <form type="dialect">
          <pron xml:lang="bar-AT">faödöng</pron>
          <usg type="geo">
            <placeName type="gemeinde" ref="/geodata-wboe.xml#p4.3b06">St. Veit im Pongau</placeName>
          </usg>
        </form>
        <form type="dialect">
          <pron xml:lang="bar-AT">fǟldĭng</pron>
          <usg type="geo">
            <placeName type="gemeinde" ref="/geodata-wboe.xml#p6.2e04">Rohr im Gebirge</placeName>
          </usg>
        </form>
        <form type="dialect">
          <pron xml:lang="bar-AT">fö͜iˡdinᵍ</pron>
          <usg type="geo">
            <placeName type="gemeinde" ref="/geodata-wboe.xml#p6.3a22">Waidhofen an der Thaya</placeName>
          </usg>
        </form>
        <form type="dialect">
          <pron xml:lang="bar-AT">fäˡdung</pron>
          <usg type="geo">
            <placeName type="gemeinde" ref="/geodata-wboe.xml#p6.5i02">Lichtental</placeName>
          </usg>
          <ptr type="collection" subtype="lautung" target="/collections-wboe.xml#c11905"/>
        </form>
        <etym>
          <cit type="etymon">
            <lang>mhd.</lang>
            <form>
              <orth>vëldunge</orth>
            </form>
            <def>Feldbezirk; abgeteilte Fläche auf Wänden, Säulen, Wappen</def>
          </cit>
          <ref type="bibl" target="#Lexer1878III">
            <lbl>vgl.</lbl>Lexer 1878 III
            <citedRange>53</citedRange>
          </ref>
          <seg type="desc">; Ableitung von</seg>
          <cit type="etymon">
            <xr type="lemma">
              <ref target="Feld.xml">Feld</ref>
            </xr>
          </cit>
        </etym>
        <sense>
          <sense>
            <sense>
              <sense>
                <def>zusammenhängender Feldkomplex; alle beisammenliegenden, arrondierten Äcker</def>
                <usg type="geo">
                  <placeName type="bundesland" ref="/geodata-wboe.xml#p1A">STir.</placeName>
                </usg>
                <usg type="geo">
                  <placeName type="bundesland" ref="/geodata-wboe.xml#p1B">OTir.</placeName>
                </usg>
                <usg type="geo">
                  <placeName type="bundesland" ref="/geodata-wboe.xml#p1C">NTir.</placeName>
                </usg>
                <usg type="geo">
                  <placeName type="grossregion" ref="/geodata-wboe.xml#p2.1">ObKtn.</placeName>
                </usg>
                <usg type="geo">
                  <placeName type="grossregion" ref="/geodata-wboe.xml#p2.2">MKtn.</placeName>
                </usg>
                <usg type="geo">
                  <placeName type="bundesland" ref="/geodata-wboe.xml#p3">Stmk.</placeName>
                </usg>
                <usg type="geo">
                  <placeName type="grossregion" ref="/geodata-wboe.xml#p6.3">Waldv.</placeName>
                </usg>
                <cit type="example">
                  <quote xml:lang="bar-AT">der hǫt a šeane fęldiŋ</quote>
                  <usg type="geo">
                    <placeName type="gemeinde" ref="/geodata-wboe.xml#p2.3f01">Feldkirchen in Kärnten</placeName>
                  </usg>
                </cit>
                <ptr type="collection" subtype="bedeutung" target="/collections-wboe.xml#c12029"/>
              </sense>
              <sense>
                <def>mehrere Felder zusammen, die beim Hof gelegen sind</def>
                <usg type="geo">
                  <placeName type="grossregion" ref="/geodata-wboe.xml#p1A.1">wSTir.</placeName>
                </usg>
                <ptr type="collection" subtype="bedeutung" target="/collections-wboe.xml#c12017"/>
              </sense>
              <sense>
                <def>gesamter Feldbestand; alle zu einem Bauerngut gehörigen Felder; Gesamtbesitz an Feldern</def>
                <usg type="geo">
                  <placeName type="bundesland" ref="/geodata-wboe.xml#p1A">STir.</placeName>
                </usg>
                <usg type="geo">
                  <placeName type="bundesland" ref="/geodata-wboe.xml#p1B">OTir.</placeName>
                </usg>
                <usg type="geo">
                  <placeName type="bundesland" ref="/geodata-wboe.xml#p1C">NTir.</placeName>
                </usg>
                <usg type="geo">
                  <placeName type="grossregion" ref="/geodata-wboe.xml#p2.2">MKtn.</placeName>
                </usg>
                <usg type="geo">
                  <placeName type="grossregion" ref="/geodata-wboe.xml#p4.2">Pinzg.</placeName>
                </usg>
                <usg type="geo">
                  <placeName type="grossregion" ref="/geodata-wboe.xml#p4.5">Flachg.</placeName>
                </usg>
                <usg type="geo">
                  <placeName type="grossregion" ref="/geodata-wboe.xml#p6.2">Industriev.</placeName>
                </usg>
                                <usg type="geo">
          <placeName type="grossregion" ref="/geodata-wboe.xml#p6.4">Weinv.</placeName>
        </usg>
                <usg type="geo">
                  <placeName type="grossregion" ref="/geodata-wboe.xml#p6.5">Wien</placeName>
                </usg>
                <cit type="example">
                  <quote xml:lang="bar-AT">a schiənə fęlduŋ</quote>
                  <usg type="geo">
                    <placeName type="gemeinde" ref="/geodata-wboe.xml#p1C.2h02">Matrei am Brenner</placeName>
                  </usg>
                </cit>
                <cit type="example">
                  <quote xml:lang="bar-AT">Wås da Wåˡd net eiⁿbringt, muass d' Fäˡdung tråᵍn</quote>
                  <usg type="geo">
                    <placeName type="gemeinde" ref="/geodata-wboe.xml#p6.5i02">Lichtental</placeName>
                  </usg>
                </cit>
                <ptr type="collection" subtype="bedeutung" target="/collections-wboe.xml#c12040"/>
              </sense>
              <sense>
                <def>Feld</def>
                <usg type="geo">
                  <placeName type="grossregion" ref="/geodata-wboe.xml#p1C.1">wNTir.</placeName>
                </usg>
                <usg type="geo">
                  <placeName type="grossregion" ref="/geodata-wboe.xml#p1C.2">mNTir.</placeName>
                </usg>
                <ptr type="collection" subtype="bedeutung" target="/collections-wboe.xml#c12016"/>
              </sense>
            </sense>
            <sense>
              <def>Gesamtheit der Felder und Wiesen eines Bauern</def>
              <usg type="geo">
                <placeName type="grossregion" ref="/geodata-wboe.xml#p1A.1">wSTir.</placeName>
              </usg>
              <usg type="geo">
                <placeName type="grossregion" ref="/geodata-wboe.xml#p1C.3">öNTir.</placeName>
              </usg>
              <usg type="geo">
                <placeName type="grossregion" ref="/geodata-wboe.xml#p4.3">Pong.</placeName>
              </usg>
              <ptr type="collection" subtype="bedeutung" target="/collections-wboe.xml#c12024"/>
            </sense>
            <sense>
              <def>Gesamtbesitz eines Bauern an Wiesen</def>
              <usg type="geo">
                <placeName type="grossregion" ref="/geodata-wboe.xml#p1A.2">mSTir.</placeName>
              </usg>
              <ptr type="collection" subtype="bedeutung" target="/collections-wboe.xml#c12010"/>
            </sense>
          </sense>
        </sense>
      </entry>
    </body>
  </text>
</TEI>
