<?xml version="1.0" encoding="UTF-8"?>
    <?xml-model href="http://www.tei-c.org/release/xml/tei/custom/schema/relaxng/tei_all.rng" type="application/xml" schematypens="http://purl.oclc.org/dsdl/schematron"?>
    <?xml-model href="../../803_RNG-schematron/WBOE-ODD.rnc" type="application/relax-ng-compact-syntax"?>
<?redaktionstool version="0.7.2" ?>
<?parser type="lioe" version="0.7.0" ?>
<TEI xmlns="http://www.tei-c.org/ns/1.0">
  <teiHeader>
    <fileDesc>
      <titleStmt>
        <title>Felge</title>
        <respStmt>
          <resp>Editor</resp>
          <name ref="#AB">Angela Bergermayer</name>
        </respStmt>
        <respStmt>
          <resp>Encoding Scheme</resp>
          <name>Jack Bowers</name>
          <name>Daniel Schopper</name>
          <name>Omar Siam</name>
        </respStmt>
        <respStmt>
          <resp>DBOE Team</resp>
          <name xml:id="AL">Alexandra N. Lenz</name>
          <name xml:id="PhS">Philipp Stöckle</name>
          <name xml:id="AG">Andreas Gellan</name>
          <name xml:id="PZ">Patrick Zeitlhuber</name>
          <name xml:id="SW">Sabine Wahl</name>
          <name xml:id="SS">Sonja Schwaiger</name>
          <name xml:id="AB">Angela Bergermayer</name>
          <name xml:id="EW">Eva Wahlmüller</name>
          <name xml:id="DG">David Gschösser</name>
          <name xml:id="StS">Stefanie Schöberl</name>
          <name xml:id="FF">Fabian Fleißner</name>
        </respStmt>
        <respStmt>
          <resp>Student assistants</resp>
          <name>Susanna Muhr</name>
          <name>Manuela Stütz</name>
          <name>Christina Hemetsberger</name>
        </respStmt>
      </titleStmt>
      <publicationStmt>
        <p></p>
      </publicationStmt>
      <sourceDesc>
        <list>
          <item>
            <label>Geo-data</label>
            <ptr xml:id="geo-inventory-WBOE" target="../geodata-wboe.xml"/>
          </item>
          <item>
            <label>Bibliography</label>
            <ptr xml:id="bibliography-WBOE" target="../bibl-wboe.xml"/>
          </item>
          <item>
            <label>WBOE-Slips</label>
            <ptr xml:id="slips-WBOE" target="../slips-wboe.xml"/>
          </item>
          <item>
            <label>WBOE-Collections</label>
            <ptr xml:id="collections-WBOE" target="../collections-wboe.xml"/>
          </item>
        </list>
      </sourceDesc>
    </fileDesc>
    <revisionDesc>
      <listChange>
        <change status="in progress" when="2021-07-13" who="#AB">Datensatz angelegt</change>
        <change status="internal correction" when="2021-08-06" who="#AB">freigegeben f. int. Korr.</change>
        <change status="internal correction" when="2021-08-26" who="#PZ">LK eingefügt</change>
        <change status="internal correction" when="2021-09-02" who="#AB">LK korr.</change>
        <change status="external correction" when="2021-09-08" who="#AB">freigegeben f. ext. Korr.</change>
        <change status="finished" when="2021-09-21" who="#AB">Abschlussredaktion</change>
      </listChange>
    </revisionDesc>
  </teiHeader>
  <text>
    <body>
      <entry>
        <form type="lemma" xml:id="Felge">
          <orth>Felge</orth>
          <ptr type="collection" subtype="lemma" target="/collections-wboe.xml#c13405"/>
        </form>
        <gramGrp>
          <gram type="pos">Substantiv</gram>
          <gram type="gender">Femininum</gram>
          <gram type="gender">Maskulinum</gram>
        </gramGrp>
        <form type="variant" subtype="diminutive" xml:id="Felgelein">
          <orth>Felgelein</orth>
          <gramGrp>
            <gram type="gender">Neutrum</gram>
          </gramGrp>
        </form>
        <usg type="geo">
          <placeName type="bundesland" ref="/geodata-wboe.xml#p1A">STir.</placeName>
        </usg>
        <usg type="geo">
          <placeName type="bundesland" ref="/geodata-wboe.xml#p1B">OTir.</placeName>
        </usg>
        <usg type="geo">
          <placeName type="bundesland" ref="/geodata-wboe.xml#p1C">NTir.</placeName>
        </usg>
        <usg type="geo">
          <placeName type="grossregion" ref="/geodata-wboe.xml#p2.1">ObKtn.</placeName>
        </usg>
        <usg type="geo">
          <placeName type="grossregion" ref="/geodata-wboe.xml#p2.2">MKtn.</placeName>
        </usg>
        <usg type="geo">
          <placeName type="bundesland" ref="/geodata-wboe.xml#p3">Stmk.</placeName>
        </usg>
        <usg type="geo">
          <placeName type="bundesland" ref="/geodata-wboe.xml#p4">Sbg.</placeName>
        </usg>
        <usg type="geo">
          <placeName type="bundesland" ref="/geodata-wboe.xml#p5">OÖ</placeName>
        </usg>
        <usg type="geo">
          <placeName type="bundesland" ref="/geodata-wboe.xml#p6">NÖ</placeName>
        </usg>
        <usg type="geo">
          <placeName type="grossregion" ref="/geodata-wboe.xml#p6.5">Wien</placeName>
        </usg>
        <usg type="geo">
          <placeName type="bundesland" ref="/geodata-wboe.xml#p7">Bgl.</placeName>
        </usg>
        <note type="kommentar" resp="#PZ">Für den auf mhd.
          <c>ë</c>zurückgehenden Stammvokal finden sich im Süd- und westlichen Südmittelbairischen, im östlichen Südmittel- und im Mittelbairischen offene
          <c>e</c>-Monophthonge
          <xr>
            <ref>fęlgə</ref>
            <ref>fęlgn</ref>
            <ref>fęlŋ</ref>
          </xr>. Ansonsten finden sich überall überwiegend aufgrund des folgenden Liquids gerundete offene
          <c>ö</c>-Monophthonge
          <xr>
            <ref>fǫ̈lgŋ</ref>
            <ref>fǫ̈lįgɒ</ref>
          </xr>. Darüber hinaus kommen im bairisch-alemannischen Übergangsgebiet
          <c>a</c>-Monophthonge vor
          <xr>
            <ref>falgə</ref>
          </xr>. Während der postvokalische Liquid im Südbairischen und häufig im Südmittelbairischen erhalten blieb
          <xr>
            <ref>fęlgn</ref>
            <ref>fęlŋ</ref>
            <ref>fǫ̈lgŋ</ref>
          </xr>, wurde dieser im Mittelbairischen und gelegentlich im Südmittelbairischen vokalisiert
          <xr>
            <ref>fęįŋ</ref>
            <ref>fęǫ̈gŋ</ref>
            <ref>fęų̈ŋ</ref>
            <ref>fǫ̈įŋ</ref>
            <ref>fǫ̈ų̈ŋ</ref>
          </xr>, wobei er im Mittelbairischen meistens mit dem Stammvokal gänzlich zu einem Langvokal verschmolz
          <xr>
            <ref>fę̄ŋ</ref>
            <ref>fǫ̈̄ŋ</ref>
          </xr>. Parallel finden sich überall Varianten mit Sprossvokalen zwischen Liquid und Plosiv, bei denen sogar in den Vokalisierungsgebieten der Liquid erhalten blieb
          <xr>
            <ref>fǫ̈lįgɒ</ref>
            <ref>fǫ̈lẹŋ</ref>
            <ref>fęlẹn</ref>
          </xr>. Im westlichen Südbairischen treten im Auslaut meistens Vokale auf
          <xr>
            <ref>fęlgə</ref>
            <ref>fǫ̈lįgɒ</ref>
          </xr>. In den restlichen Regionen wurden jedoch die nasalhaltigen obliquen Kasusendungen übernommen, wobei der Nasal an den velaren Plosiv assimiliert wurde, was häufig bis zum Schwund des Plosivs führte
          <xr>
            <ref>fęlŋ</ref>
            <ref>fęų̈ŋ</ref>
            <ref>fǫ̈lgŋ</ref>
            <ref>fǫ̈̄ŋ</ref>
            <ref>fęlįŋ</ref>
          </xr>. Selten wurde im westlichen Südmittelbairischen der velare Plosiv zum Frikativ gewandelt
          <xr>
            <ref>fęxŋ</ref>
          </xr>. Außerdem wurde der Plosiv im östlichen Südbairischen an den alveolaren Nasal assimiliert
          <xr>
            <ref>fęldn</ref>
            <ref>fǫ̈ln</ref>
            <ref>fęlẹn</ref>
          </xr>. Daneben finden sich im östlichen Südbairischen, Südmittelbairischen sowie im Westmittelbairischen bilabiale Nasale im Auslaut
          <xr>
            <ref>fęlm</ref>
            <ref>fǫ̈̄m</ref>
            <ref>fęlẹm</ref>
          </xr>.
        </note>
        <form type="dialect">
          <pron xml:lang="bar-AT">felgn</pron>
          <pron xml:lang="bar-AT">felgɛ</pron>
          <usg type="geo">
            <placeName type="bundesland" ref="/geodata-wboe.xml#p1A">STir.</placeName>
          </usg>
        </form>
        <form type="dialect">
          <pron xml:lang="bar-AT">feld</pron>
          <usg type="geo">
            <placeName type="gemeinde" ref="/geodata-wboe.xml#p1A.2b07">Salurn</placeName>
          </usg>
        </form>
        <form type="dialect">
          <pron xml:lang="bar-AT">felgn</pron>
          <pron xml:lang="bar-AT">felgɛ</pron>
          <usg type="geo">
            <placeName type="bundesland" ref="/geodata-wboe.xml#p1B">OTir.</placeName>
          </usg>
        </form>
        <form type="dialect">
          <pron xml:lang="bar-AT">fölga</pron>
          <pron xml:lang="bar-AT">föliga</pron>
          <usg type="geo">
            <placeName type="kleinregion" ref="/geodata-wboe.xml#p1B.0a">westl.OTir.Pustert.</placeName>
          </usg>
        </form>
        <form type="dialect">
          <pron xml:lang="bar-AT">falgɛ</pron>
          <usg type="geo">
            <placeName type="kleinregion" ref="/geodata-wboe.xml#p1C.1m">obstObInnt.</placeName>
          </usg>
        </form>
        <form type="dialect">
          <pron xml:lang="bar-AT">fäˡŋ</pron>
          <usg type="geo">
            <placeName type="kleinregion" ref="/geodata-wboe.xml#p1C.3c">wUInnt.</placeName>
          </usg>
        </form>
        <form type="dialect">
          <pron xml:lang="bar-AT">fäg</pron>
          <usg type="geo">
            <placeName type="gemeinde" ref="/geodata-wboe.xml#p1C.3e06">Kufstein</placeName>
          </usg>
        </form>
        <form type="dialect">
          <pron xml:lang="bar-AT">fë̩lgḙ</pron>
          <usg type="geo">
            <placeName type="gemeinde" ref="/geodata-wboe.xml#p2.1f01">Lesachtal</placeName>
          </usg>
        </form>
        <form type="dialect">
          <pron xml:lang="bar-AT">fɔ̩̈̄ᵈn</pron>
          <usg type="geo">
            <placeName type="gemeinde" ref="/geodata-wboe.xml#p2.2b01">Malta</placeName>
          </usg>
        </form>
        <form type="dialect">
          <pron xml:lang="bar-AT">fölgn</pron>
          <usg type="geo">
            <placeName type="gemeinde" ref="/geodata-wboe.xml#p2.3g01">Frauenstein</placeName>
          </usg>
        </form>
        <form type="dialect">
          <pron xml:lang="bar-AT">φä̭n</pron>
          <pron xml:lang="bar-AT">fe᪸n</pron>
          <usg type="geo">
            <placeName type="gemeinde" ref="/geodata-wboe.xml#p3.2j08">Ramsau am Dachstein</placeName>
          </usg>
        </form>
        <form type="dialect">
          <pron xml:lang="bar-AT">fę̄liŋ</pron>
          <pron xml:lang="bar-AT">fęögŋ</pron>
          <usg type="geo">
            <placeName type="gemeinde" ref="/geodata-wboe.xml#p3.4d01">Graz</placeName>
          </usg>
        </form>
        <form type="dialect">
          <pron xml:lang="bar-AT">fȫŋ</pron>
          <usg type="geo">
            <placeName type="gemeinde" ref="/geodata-wboe.xml#p3.5i03">Markt Hartmannsdorf</placeName>
          </usg>
        </form>
        <form type="dialect">
          <pron xml:lang="bar-AT">fɛ̈xŋ</pron>
          <usg type="geo">
            <placeName type="gemeinde" ref="/geodata-wboe.xml#p4.2i01">Dienten am Hochkönig</placeName>
          </usg>
        </form>
        <form type="dialect">
          <pron xml:lang="bar-AT">fö̩lĩŋ</pron>
          <usg type="geo">
            <placeName type="gemeinde" ref="/geodata-wboe.xml#p4.4a07">St. Koloman</placeName>
          </usg>
        </form>
        <form type="dialect">
          <pron xml:lang="bar-AT">fę̄ŋ</pron>
          <usg type="geo">
            <placeName type="gemeinde" ref="/geodata-wboe.xml#p4.4d03">Rußbach am Paß</placeName>
          </usg>
        </form>
        <form type="dialect">
          <pron xml:lang="bar-AT">pfǫ̈̄m</pron>
          <usg type="geo">
            <placeName type="gemeinde" ref="/geodata-wboe.xml#p4.5d06">Strobl</placeName>
          </usg>
        </form>
        <form type="dialect">
          <pron xml:lang="bar-AT">vǫ̈lẹŋ</pron>
          <usg type="geo">
            <placeName type="gemeinde" ref="/geodata-wboe.xml#p5.1e03">Freinberg</placeName>
          </usg>
        </form>
        <form type="dialect">
          <pron xml:lang="bar-AT">φęįm</pron>
          <usg type="geo">
            <placeName type="gemeinde" ref="/geodata-wboe.xml#p5.2d06">Mondsee</placeName>
          </usg>
        </form>
        <form type="dialect">
          <pron xml:lang="bar-AT">fägŋ</pron>
          <usg type="geo">
            <placeName type="gemeinde" ref="/geodata-wboe.xml#p5.4h02">Dimbach</placeName>
          </usg>
        </form>
        <form type="dialect">
          <pron xml:lang="bar-AT">fȫ̩n</pron>
          <usg type="geo">
            <placeName type="gemeinde" ref="/geodata-wboe.xml#p6.1d01">Allhartsberg</placeName>
          </usg>
        </form>
        <form type="dialect">
          <pron xml:lang="bar-AT">fö͜ün</pron>
          <pron xml:lang="bar-AT">fö͜ülliŋ</pron>
          <usg type="geo">
            <placeName type="gemeinde" ref="/geodata-wboe.xml#p6.1n02">Dunkelsteinerwald</placeName>
          </usg>
        </form>
        <form type="dialect">
          <pron xml:lang="bar-AT">fö̩gŋ</pron>
          <usg type="geo">
            <placeName type="gemeinde" ref="/geodata-wboe.xml#p6.3q01">Gföhl</placeName>
          </usg>
        </form>
        <form type="dialect">
          <pron xml:lang="bar-AT">feling</pron>
          <usg type="geo">
            <placeName type="grossregion" ref="/geodata-wboe.xml#p6.5">Wien</placeName>
          </usg>
        </form>
        <form type="dialect">
          <pron xml:lang="bar-AT">fȫliŋa</pron>
          <usg type="geo">
            <placeName type="gemeinde" ref="/geodata-wboe.xml#p6.5s08">Obersievering</placeName>
          </usg>
        </form>
        <form type="dialect">
          <pron xml:lang="bar-AT">φö̩lĩ᪸ŋ</pron>
          <usg type="geo">
            <placeName type="gemeinde" ref="/geodata-wboe.xml#p6.5u06">Leopoldau</placeName>
          </usg>
        </form>
        <form type="dialect">
          <pron xml:lang="bar-AT">φȫligŋ</pron>
          <usg type="geo">
            <placeName type="gemeinde" ref="/geodata-wboe.xml#p7.1a10">Zurndorf</placeName>
          </usg>
        </form>
        <form type="dialect">
          <pron xml:lang="bar-AT">fǫ̈̄n</pron>
          <usg type="geo">
            <placeName type="gemeinde" ref="/geodata-wboe.xml#p7.3a02">Grafenschachen</placeName>
          </usg>
        </form>
        <form type="dialect">
          <pron xml:lang="bar-AT">ƒö̩λn</pron>
          <usg type="geo">
            <placeName type="gemeinde" ref="/geodata-wboe.xml#p7.3l03">St. Martin an der Raab</placeName>
          </usg>
          <ptr type="collection" subtype="lautung" target="/collections-wboe.xml#c20679"/>
        </form>
        <etym>
          <cit type="etymon">
            <lang>ahd.</lang>
            <form>
              <orth>felga</orth>
            </form>
            <def>Felge; Krummhölzer; die Krümmung eines Rades; Radkranz; das (gesamte) Rad; die Spur der Wagenräder; der äußerste von den sich um einen Mittelpunkt drehenden Kreisen</def>
          </cit>
          <ref type="bibl" target="#AWB1985III">
            <lbl>vgl.</lbl>AWB 1985 III
            <citedRange>718f.</citedRange>
          </ref>
          <seg type="desc">,
            <lang>mhd.</lang>
          </seg>
          <cit type="etymon">
            <form>
              <orth>vëlge</orth>
            </form>
            <def>Radfelge</def>
          </cit>
          <ref type="bibl" target="#Lexer1878III">
            <lbl>vgl.</lbl>Lexer 1878 III
            <citedRange>53</citedRange>
          </ref>
          <seg type="desc">, ursprünglich</seg>
          <cit type="etymon">
            <def>Biegung; ein gebogenes Ding</def>
          </cit>
          <ref type="bibl" target="#BMZ1861III">
            <lbl>vgl.</lbl>BMZ 1861 III
            <citedRange>215b</citedRange>
          </ref>
        </etym>
        <sense>
          <sense>
            <sense>
              <def>äußerer Rand bzw. Ring eines Rades, der die Bereifung aufnimmt und hält oder auf dem es abrollt (etwa auch beim Spinnrad)</def>
              <usg type="geo">
                <placeName type="bundesland" ref="/geodata-wboe.xml#p1A">STir.</placeName>
              </usg>
              <usg type="geo">
                <placeName type="bundesland" ref="/geodata-wboe.xml#p1B">OTir.</placeName>
              </usg>
              <usg type="geo">
                <placeName type="bundesland" ref="/geodata-wboe.xml#p1C">NTir.</placeName>
              </usg>
              <usg type="geo">
                <placeName type="grossregion" ref="/geodata-wboe.xml#p2.1">ObKtn.</placeName>
              </usg>
              <usg type="geo">
                <placeName type="grossregion" ref="/geodata-wboe.xml#p2.2">MKtn.</placeName>
              </usg>
              <usg type="geo">
                <placeName type="bundesland" ref="/geodata-wboe.xml#p3">Stmk.</placeName>
              </usg>
              <usg type="geo">
                <placeName type="bundesland" ref="/geodata-wboe.xml#p4">Sbg.</placeName>
              </usg>
              <usg type="geo">
                <placeName type="bundesland" ref="/geodata-wboe.xml#p5">OÖ</placeName>
              </usg>
              <usg type="geo">
                <placeName type="bundesland" ref="/geodata-wboe.xml#p6">NÖ</placeName>
              </usg>
              <usg type="geo">
                <placeName type="grossregion" ref="/geodata-wboe.xml#p6.5">Wien</placeName>
              </usg>
              <usg type="geo">
                <placeName type="bundesland" ref="/geodata-wboe.xml#p7">Bgl.</placeName>
              </usg>
              <cit type="example">
                <quote xml:lang="bar-AT">Spoachn und Föⁱˡᵍn</quote>
                <usg type="geo">
                  <placeName type="gemeinde" ref="/geodata-wboe.xml#p4.2c01">Fusch an der Großglocknerstraße</placeName>
                </usg>
              </cit>
              <cit type="example">
                <quote xml:lang="bar-AT">tzwou, drai fölingn</quote>
                <usg type="geo">
                  <placeName type="gemeinde" ref="/geodata-wboe.xml#p6.3a15">Kautzen</placeName>
                </usg>
              </cit>
              <ptr type="collection" subtype="bedeutung" target="/collections-wboe.xml#c21033"/>
            </sense>
            <sense>
              <def>schiartiges, vorne aufgebogenes Brett, das zum Zweck des besseren Gleitens unter die Ferggel (eine Vorrichtung zum Ziehen von Heulasten) gelegt wird</def>
              <usg type="geo">
                <placeName type="grossregion" ref="/geodata-wboe.xml#p1B.0">OTir.</placeName>
              </usg>
              <ptr type="collection" subtype="bedeutung" target="/collections-wboe.xml#c20999"/>
            </sense>
          </sense>
          <sense>
            <def>Kennzeichen an den Ohren von Ziegen und Schafen (meist ein Einschnitt bzw. dreieckiger oder rechteckiger Ausschnitt oder ein Loch im Ohr)</def>
            <usg type="geo">
              <placeName type="grossregion" ref="/geodata-wboe.xml#p2.1">ObKtn.</placeName>
            </usg>
            <usg type="geo">
              <placeName type="grossregion" ref="/geodata-wboe.xml#p2.2">MKtn.</placeName>
            </usg>
            <cit type="example">
              <quote xml:lang="bar-AT">fɔ̩̈̄ᵈn mid šnîtßl</quote>
              <usg type="geo">
                <placeName type="gemeinde" ref="/geodata-wboe.xml#p2.2b01">Malta</placeName>
              </usg>
            </cit>
            <ptr type="collection" subtype="bedeutung" target="/collections-wboe.xml#c20998"/>
          </sense>
        </sense>
        <re>
          <form subtype="compound" type="lemma">
            <orth>Arlfelge</orth>
          </form>
          <sense>
            <sense>
              <def>Felge eines Pflugrades</def>
              <usg type="geo">
                <placeName type="bundesland" ref="/geodata-wboe.xml#p3">Stmk.</placeName>
              </usg>
              <ptr type="collection" subtype="bedeutung" target="/collections-wboe.xml#c14900"/>
            </sense>
          </sense>
        </re>
        <re>
          <form subtype="compound" type="lemma">
            <orth>Hinterfelge</orth>
          </form>
          <sense>
            <sense>
              <def>Felge des hinteren Rades</def>
            </sense>
          </sense>
          <usg type="geo">
            <placeName type="grossregion" ref="/geodata-wboe.xml#p3.5">OStmk.</placeName>
          </usg>
          <usg type="geo">
            <placeName type="grossregion" ref="/geodata-wboe.xml#p7.3">SBgl.</placeName>
          </usg>
          <ptr type="collection" subtype="wortbildung" target="/collections-wboe.xml#c14901"/>
        </re>
        <re>
          <form subtype="compound" type="lemma">
            <orth>Mühlradfelge</orth>
          </form>
          <sense>
            <sense>
              <def>Felge eines Mühlrades</def>
            </sense>
          </sense>
          <usg type="geo">
            <placeName type="grossregion" ref="/geodata-wboe.xml#p3.3">WStmk.</placeName>
          </usg>
          <usg type="geo">
            <placeName type="grossregion" ref="/geodata-wboe.xml#p6.3">Waldv.</placeName>
          </usg>
          <ptr type="collection" subtype="wortbildung" target="/collections-wboe.xml#c14902"/>
        </re>
        <re>
          <form subtype="compound" type="lemma">
            <orth>Radfelge</orth>
          </form>
          <sense>
            <sense>
              <sense>
                <sense>
                  <def>äußerer Rand bzw. Ring eines Rades, der die Bereifung aufnimmt und hält oder auf dem es abrollt</def>
                  <usg type="geo">
                    <placeName type="grossregion" ref="/geodata-wboe.xml#p1C.3">öNTir.</placeName>
                  </usg>
                  <usg type="geo">
                    <placeName type="grossregion" ref="/geodata-wboe.xml#p2.2">MKtn.</placeName>
                  </usg>
                  <usg type="geo">
                    <placeName type="grossregion" ref="/geodata-wboe.xml#p3.2">mbair.ObStmk.</placeName>
                  </usg>
                  <ptr type="collection" subtype="bedeutung" target="/collections-wboe.xml#c14903"/>
                </sense>
                <sense>
                  <def>Felge eines Mühlrades</def>
                  <usg type="geo">
                    <placeName type="grossregion" ref="/geodata-wboe.xml#p1C.1">wNTir.</placeName>
                  </usg>
                  <ptr type="collection" subtype="bedeutung" target="/collections-wboe.xml#c20680"/>
                </sense>
              </sense>
            </sense>
          </sense>
        </re>
        <re type="redewendung">
          <form subtype="MWE" type="lemma">
            <orth>Felgen herausgeschnitten haben</orth>
          </form>
          <sense>
            <def>schlecht geschnittenes Haar haben</def>
            <usg type="geo">
              <placeName type="grossregion" ref="/geodata-wboe.xml#p1A.1">wSTir.</placeName>
            </usg>
            <cit type="example">
              <quote xml:lang="bar-AT">der håt felggn ausrgschnittn</quote>
              <usg type="geo">
                <placeName type="gemeinde" ref="/geodata-wboe.xml#p1A.1d03">Schlanders</placeName>
              </usg>
            </cit>
          </sense>
          <ptr type="collection" subtype="MWE" target="/collections-wboe.xml#c20681"/>
        </re>
      </entry>
    </body>
  </text>
</TEI>