<?xml version="1.0" encoding="UTF-8"?>
    <?xml-model href="http://www.tei-c.org/release/xml/tei/custom/schema/relaxng/tei_all.rng" type="application/xml" schematypens="http://purl.oclc.org/dsdl/schematron"?>
    <?xml-model href="../../803_RNG-schematron/WBOE-ODD.rnc" type="application/relax-ng-compact-syntax"?>
<?redaktionstool version="0.7.4" ?>
<?parser type="lioe" version="0.7.3" ?>
<TEI xmlns="http://www.tei-c.org/ns/1.0">
  <teiHeader>
    <fileDesc>
      <titleStmt>
        <title>Ferggel</title>
        <respStmt>
          <resp>Editor</resp>
          <name ref="#AG">Andreas Gellan</name>
        </respStmt>
        <respStmt>
          <resp>Encoding Scheme</resp>
          <name>Jack Bowers</name>
          <name>Daniel Schopper</name>
          <name>Omar Siam</name>
        </respStmt>
        <respStmt>
          <resp>DBOE Team</resp>
          <name xml:id="AL">Alexandra N. Lenz</name>
          <name xml:id="PhS">Philipp Stöckle</name>
          <name xml:id="AG">Andreas Gellan</name>
          <name xml:id="PZ">Patrick Zeitlhuber</name>
          <name xml:id="SW">Sabine Wahl</name>
          <name xml:id="SS">Sonja Schwaiger</name>
          <name xml:id="AB">Angela Bergermayer</name>
          <name xml:id="EW">Eva Wahlmüller</name>
          <name xml:id="DG">David Gschösser</name>
          <name xml:id="StS">Stefanie Schöberl</name>
          <name xml:id="FF">Fabian Fleißner</name>
        </respStmt>
        <respStmt>
          <resp>Student assistants</resp>
          <name>Susanna Muhr</name>
          <name>Manuela Stütz</name>
          <name>Christina Hemetsberger</name>
        </respStmt>
      </titleStmt>
      <publicationStmt>
        <p></p>
      </publicationStmt>
      <sourceDesc>
        <list>
          <item>
            <label>Geo-data</label>
            <ptr xml:id="geo-inventory-WBOE" target="../geodata-wboe.xml"/>
          </item>
          <item>
            <label>Bibliography</label>
            <ptr xml:id="bibliography-WBOE" target="../bibl-wboe.xml"/>
          </item>
          <item>
            <label>WBOE-Slips</label>
            <ptr xml:id="slips-WBOE" target="../slips-wboe.xml"/>
          </item>
          <item>
            <label>WBOE-Collections</label>
            <ptr xml:id="collections-WBOE" target="../collections-wboe.xml"/>
          </item>
        </list>
      </sourceDesc>
    </fileDesc>
    <revisionDesc>
      <listChange>
        <change status="internal correction" when="2020-06-26" who="#AG">Datensatz erstellt</change>
        <change status="external correction" when="2020-06-30" who="#AG">Artikel und Collections erstellt. LK noch ausständig</change>
        <change status="external correction" when="2020-10-05" who="#AG">Anmerkungen eingearbeitet</change>
        <change status="external correction" when="2020-11-20" who="#DG">LK unformatiert eingefügt</change>
        <change status="finished" when="2020-11-23" who="#AG">LK formatiert, an JE weitergeleitet</change>
        <change status="finished" when="2022-01-07" who="#AG">Final Version</change>
      </listChange>
    </revisionDesc>
  </teiHeader>
  <text>
    <body>
      <entry>
        <form type="lemma" xml:id="Ferggel">
          <orth>Ferggel</orth>
          <ptr type="collection" subtype="lemma" target="/collections-wboe.xml#c3534"/>
        </form>
        <gramGrp>
          <gram type="pos">Substantiv</gram>
          <gram type="gender">Femininum</gram>
          <gram type="gender">Maskulinum</gram>
        </gramGrp>
        <form type="variant" subtype="diminutive" xml:id="Ferggelein">
          <orth>Ferggelein</orth>
          <gramGrp>
            <gram type="gender">Neutrum</gram>
          </gramGrp>
        </form>
        <usg type="geo">
          <placeName type="bundesland" ref="/geodata-wboe.xml#p1A">STir.</placeName>
        </usg>
        <usg type="geo">
          <placeName type="grossregion" ref="/geodata-wboe.xml#p1B.0">OTir.</placeName>
        </usg>
        <usg type="geo">
          <placeName type="bundesland" ref="/geodata-wboe.xml#p1C">NTir.</placeName>
        </usg>
        <usg type="geo">
          <placeName type="bundesland" ref="/geodata-wboe.xml#p2">Ktn.</placeName>
        </usg>
        <usg type="geo">
          <placeName type="bundesland" ref="/geodata-wboe.xml#p4">Sbg.</placeName>
        </usg>
        <note type="kommentar" resp="#DG">
          <xr></xr>Bei dem nur im Westen und Süden belegten Lehnwort dominiert im Stammvokal ein kurzer, offener
          <c>e</c>-Monophthong
          <xr>
            <ref>fęrkl̥</ref>
          </xr>, der vor Liquid im östlichen Südtirol und im bairisch-alemannischen Übergangsgebiet im westlichen Nordtirol mitunter gesenkt
          <xr>
            <ref>farkl̥</ref>
          </xr>, in Osttirol und dem Pongau leicht gerundet
          <xr>
            <ref>fërkl̥</ref>
          </xr>vorkommt. Im Pinzgau tritt infolge von
          <c>r</c>-Vokalisierung auch ein fallender Diphthong auf
          <xr>
            <ref>fęɒkl̥</ref>
          </xr>. Anlautendes
          <c>f</c>findet sich vereinzelt im Südbairischen als übermarkierte Affrikate
          <xr>
            <ref>pfęrkl̥</ref>
            <ref>pfarkl̥</ref>
          </xr>. Im östlichen Südtirol und im Pinzgau sind Sprossvokale belegt
          <xr>
            <ref>fęrįkl̥</ref>
            <ref>fęrəkə</ref>
          </xr>. Inlautendes
          <c>k</c>erscheint als Reflex eines romanischen
          <c>k</c>nirgends als Affrikate
          <xr>
            <ref>fęrkl̥</ref>
          </xr>, außer vereinzelt im Pongau
          <xr>
            <ref>fęrkxl̥</ref>
          </xr>. Ein auslautender Vokal ist noch teilweise im bairisch-alemannischen Übergangsgebiet im westlichen Nordtirol erhalten
          <xr>
            <ref>farklɒ</ref>
          </xr>, sonst ist der Auslaut zu einem silbischen
          <c>l</c>reduziert
          <xr>
            <ref>fęrkl̥</ref>
          </xr>und mitunter im Pinzgau auch nach velarem Plosiv vokalisiert
          <xr>
            <ref>fęrəkə</ref>
          </xr>.
        </note>
        <form type="dialect">
          <pron xml:lang="bar-AT">pferggl</pron>
          <usg type="geo">
            <placeName type="kleinregion" ref="/geodata-wboe.xml#p1A.1i">Pass.</placeName>
          </usg>
        </form>
        <form type="dialect">
          <pron xml:lang="bar-AT">ferggl</pron>
          <pron xml:lang="bar-AT">pferggl</pron>
          <pron xml:lang="bar-AT">ferggələ</pron>
          <gramGrp></gramGrp>
          <usg>[Dim.]</usg>
          <usg type="geo">
            <placeName type="kleinregion" ref="/geodata-wboe.xml#p1A.1k">öEtschgeb.</placeName>
          </usg>
        </form>
        <form type="dialect">
          <pron xml:lang="bar-AT">farggələ</pron>
          <usg>
            <?comment noch im öEtschgeb. einarbeiten ?>
            [Dim.]
          </usg>
          <usg type="geo">
            <placeName type="kleinregion" ref="/geodata-wboe.xml#p1A.1k">öEtschgeb.</placeName>
          </usg>
        </form>
        <form type="dialect">
          <pron xml:lang="bar-AT">fęrkl̥</pron>
          <usg type="geo">
            <placeName type="gemeinde" ref="/geodata-wboe.xml#p1A.2c01">Aldein</placeName>
          </usg>
        </form>
        <form type="dialect">
          <pron xml:lang="bar-AT">ferggl</pron>
          <pron xml:lang="bar-AT">ferggili</pron>
          <usg>[Dim.]</usg>
          <usg type="geo">
            <placeName type="gemeinde" ref="/geodata-wboe.xml#p1A.3b01">Sarntal</placeName>
          </usg>
        </form>
        <form type="dialect">
          <pron xml:lang="bar-AT">pferkl</pron>
          <usg type="geo">
            <placeName type="gemeinde" ref="/geodata-wboe.xml#p1A.3d02">Sterzing</placeName>
          </usg>
        </form>
        <form type="dialect">
          <pron xml:lang="bar-AT">ferggl</pron>
          <pron xml:lang="bar-AT">fęrkkl̥</pron>
          <pron xml:lang="bar-AT">fęrⁱk(k)l̥</pron>
          <usg type="geo">
            <placeName type="gemeinde" ref="/geodata-wboe.xml#p1A.4a01">Ahrntal</placeName>
          </usg>
        </form>
        <form type="dialect">
          <pron xml:lang="bar-AT">fęrkile</pron>
          <usg>[Dim.]</usg>
          <usg type="geo">
            <placeName type="gemeinde" ref="/geodata-wboe.xml#p1A.4d02">Kiens</placeName>
          </usg>
        </form>
        <form type="dialect">
          <pron xml:lang="bar-AT">farkl̥</pron>
          <pron xml:lang="bar-AT">pfarkl̥</pron>
          <pron xml:lang="bar-AT">fęrkl̥</pron>
          <usg type="geo">
            <placeName type="gemeinde" ref="/geodata-wboe.xml#p1A.4g01">Gsies</placeName>
          </usg>
        </form>
        <form type="dialect">
          <pron xml:lang="bar-AT">farkl̥</pron>
          <pron xml:lang="bar-AT">pfarkl̥</pron>
          <pron xml:lang="bar-AT">fęrkl̥</pron>
          <usg type="geo">
            <placeName type="gemeinde" ref="/geodata-wboe.xml#p1B.0j01">Obertilliach</placeName>
          </usg>
        </form>
        <form type="dialect">
          <pron xml:lang="bar-AT">fə̈rkl</pron>
          <pron xml:lang="bar-AT">vęrkl</pron>
          <usg type="geo">
            <placeName type="gemeinde" ref="/geodata-wboe.xml#p1B.0e02">Virgen</placeName>
          </usg>
        </form>
        <form type="dialect">
          <pron xml:lang="bar-AT">farkələ</pron>
          <usg>[Dim.]</usg>
          <usg type="geo">
            <placeName type="gemeinde" ref="/geodata-wboe.xml#p1C.1n01">Imst</placeName>
          </usg>
        </form>
        <form type="dialect">
          <pron xml:lang="bar-AT">farκla</pron>
          <pron xml:lang="bar-AT">farggla</pron>
          <pron xml:lang="bar-AT">farggile</pron>
          <usg>[Dim.]</usg>
          <usg type="geo">
            <placeName type="gemeinde" ref="/geodata-wboe.xml#p1C.1r01">Sölden</placeName>
          </usg>
        </form>
        <form type="dialect">
          <pron xml:lang="bar-AT">ferrgl</pron>
          <usg type="geo">
            <placeName type="gemeinde" ref="/geodata-wboe.xml#p1C.2k09">Zell am Ziller</placeName>
          </usg>
        </form>
        <form type="dialect">
          <pron xml:lang="bar-AT">‑fęʀkkḙlə</pron>
          <usg>[Dim.]</usg>
          <usg type="geo">
            <placeName type="gemeinde" ref="/geodata-wboe.xml#p1C.2m01">Innsbruck</placeName>
          </usg>
        </form>
        <form type="dialect">
          <pron xml:lang="bar-AT">fęrkl</pron>
          <usg type="geo">
            <placeName type="gemeinde" ref="/geodata-wboe.xml#p2.1a02">Heiligenblut am Großglockner</placeName>
          </usg>
        </form>
        <form type="dialect">
          <pron xml:lang="bar-AT">ferggl</pron>
          <usg type="geo">
            <placeName type="gemeinde" ref="/geodata-wboe.xml#p2.1a03">Mörtschach</placeName>
          </usg>
        </form>
        <form type="dialect">
          <pron xml:lang="bar-AT">vęrkl</pron>
          <pron xml:lang="bar-AT">fərkle</pron>
          <usg>[Dim.]</usg>
          <usg type="geo">
            <placeName type="gemeinde" ref="/geodata-wboe.xml#p2.1f01">Lesachtal</placeName>
          </usg>
        </form>
        <form type="dialect">
          <pron xml:lang="bar-AT">φęrkl</pron>
          <usg type="geo">
            <placeName type="gemeinde" ref="/geodata-wboe.xml#p4.2a01">Bramberg am Wildkogel</placeName>
          </usg>
        </form>
        <form type="dialect">
          <pron xml:lang="bar-AT">fɛ̨ɒkl</pron>
          <usg type="geo">
            <placeName type="gemeinde" ref="/geodata-wboe.xml#p4.2a08">Stuhlfelden</placeName>
          </usg>
        </form>
        <form type="dialect">
          <pron xml:lang="bar-AT">fɛ̩rᵊkɛ</pron>
          <usg type="geo">
            <placeName type="gemeinde" ref="/geodata-wboe.xml#p4.2i01">Dienten am Hochkönig</placeName>
          </usg>
        </form>
        <form type="dialect">
          <pron xml:lang="bar-AT">fęrkxḷ</pron>
          <usg type="geo">
            <placeName type="kleinregion" ref="/geodata-wboe.xml#p4.3d">Gr.Arlt.</placeName>
          </usg>
        </form>
        <form type="dialect">
          <pron xml:lang="bar-AT">ferggl</pron>
          <usg type="geo">
            <placeName type="gemeinde" ref="/geodata-wboe.xml#p4.3b05">St. Johann im Pongau</placeName>
          </usg>
        </form>
        <form type="dialect">
          <pron xml:lang="bar-AT">fęrkl</pron>
          <usg type="geo">
            <placeName type="gemeinde" ref="/geodata-wboe.xml#p4.3b07">Werfen</placeName>
          </usg>
        </form>
        <form type="dialect">
          <pron xml:lang="bar-AT">φërκɫ</pron>
          <pron xml:lang="bar-AT">fęrkl</pron>
          <usg type="geo">
            <placeName type="gemeinde" ref="/geodata-wboe.xml#p4.3d01">Hüttschlag</placeName>
          </usg>
          <ptr type="collection" subtype="lautung" target="/collections-wboe.xml#c7875"/>
        </form>
        <etym>
          <seg type="desc">Entlehnt aus
            <lang>lat.</lang>
          </seg>
          <cit type="etymon">
            <form>
              <orth>ferculum</orth>
            </form>
            <def>Traggestell; Tragbahre; Trage</def>
          </cit>
          <ref type="bibl" target="#Moser2020">
            <lbl>vgl.</lbl>Moser 2020
            <citedRange>113</citedRange>
          </ref>
        </etym>
        <sense>
          <sense>
            <sense>
              <def>Vorrichtung zum Tragen von Lasten auf dem Rücken (v. a. für Heu)</def>
              <usg type="geo">
                <placeName type="bundesland" ref="/geodata-wboe.xml#p1A">STir.</placeName>
              </usg>
              <usg type="geo">
                <placeName type="grossregion" ref="/geodata-wboe.xml#p1B.0">OTir.</placeName>
              </usg>
              <usg type="geo">
                <placeName type="bundesland" ref="/geodata-wboe.xml#p1C">NTir.</placeName>
              </usg>
              <usg type="geo">
                <placeName type="bundesland" ref="/geodata-wboe.xml#p2">Ktn.</placeName>
              </usg>
              <usg type="geo">
                <placeName type="bundesland" ref="/geodata-wboe.xml#p4">Sbg.</placeName>
              </usg>
              <ptr type="collection" subtype="bedeutung" target="/collections-wboe.xml#c7900"/>
              <sense></sense>
            </sense>
            <sense>
              <def>Vorrichtung zum Ziehen von Heulasten (im Winter)</def>
              <usg type="geo">
                <placeName type="bundesland" ref="/geodata-wboe.xml#p1A">STir.</placeName>
              </usg>
              <usg type="geo">
                <placeName type="grossregion" ref="/geodata-wboe.xml#p1B.0">OTir.</placeName>
              </usg>
              <usg type="geo">
                <placeName type="bundesland" ref="/geodata-wboe.xml#p1C">NTir.</placeName>
              </usg>
              <usg type="geo">
                <placeName type="bundesland" ref="/geodata-wboe.xml#p2">Ktn.</placeName>
              </usg>
              <usg type="geo">
                <placeName type="grossregion" ref="/geodata-wboe.xml#p4.2">Pinzg.</placeName>
              </usg>
              <usg type="geo">
                <placeName type="grossregion" ref="/geodata-wboe.xml#p4.3">Pong.</placeName>
              </usg>
              <ptr type="collection" subtype="bedeutung" target="/collections-wboe.xml#c7902"/>
            </sense>
            <sense>
              <def>Heugabel</def>
              <usg type="geo">
                <placeName type="bundesland" ref="/geodata-wboe.xml#p1A">STir.</placeName>
              </usg>
              <ptr type="collection" subtype="bedeutung" target="/collections-wboe.xml#c7927"/>
            </sense>
          </sense>
          <sense>
            <sense>
              <def>Vorrichtung zum Tragen von Heiligenbildern und Heiligenfiguren bei Prozessionen</def>
              <usg type="geo">
                <placeName type="bundesland" ref="/geodata-wboe.xml#p1A">STir.</placeName>
              </usg>
              <usg type="geo">
                <placeName type="grossregion" ref="/geodata-wboe.xml#p1B.0">OTir.</placeName>
              </usg>
              <usg type="geo">
                <placeName type="bundesland" ref="/geodata-wboe.xml#p1C">NTir.</placeName>
              </usg>
              <ptr type="collection" subtype="bedeutung" target="/collections-wboe.xml#c7931"/>
            </sense>
            <sense>
              <sense>
                <def>Heiligenstatue bzw. Figur bei Prozessionen</def>
                <usg type="geo">
                  <placeName type="bundesland" ref="/geodata-wboe.xml#p1A">STir.</placeName>
                </usg>
                <usg type="geo">
                  <placeName type="grossregion" ref="/geodata-wboe.xml#p1B.0">OTir.</placeName>
                </usg>
                <usg type="geo">
                  <placeName type="bundesland" ref="/geodata-wboe.xml#p1C">NTir.</placeName>
                </usg>
                <ptr type="collection" subtype="bedeutung" target="/collections-wboe.xml#c7933"/>
              </sense>
            </sense>
            <sense>
              <def>Traghimmel (Baldachin)</def>
              <usg type="geo">
                <placeName type="grossregion" ref="/geodata-wboe.xml#p1C.1">wNTir.</placeName>
              </usg>
              <ptr type="collection" subtype="bedeutung" target="/collections-wboe.xml#c7966"/>
            </sense>
          </sense>
          <sense>
            <def type="umschreibung">Spottname für eine Frau</def>
            <usg type="geo">
              <placeName type="grossregion" ref="/geodata-wboe.xml#p4.3">Pong.</placeName>
            </usg>
            <ptr type="collection" subtype="bedeutung" target="/collections-wboe.xml#c7967"/>
          </sense>
        </sense>
        <re>
          <form subtype="compound" type="lemma">
            <orth>Heuferggel</orth>
          </form>
          <sense>
            <sense>
              <def>Tragegestell, um Heu auf dem Rücken zu transportieren</def>
              <usg type="geo">
                <placeName type="grossregion" ref="/geodata-wboe.xml#p4.2">Pinzg.</placeName>
              </usg>
            </sense>
          </sense>
          <ptr type="collection" subtype="wortbildung" target="/collections-wboe.xml#c7969"/>
        </re>
        <re>
          <form subtype="compound" type="lemma">
            <orth>Jungfrauenferggel</orth>
          </form>
          <sense>
            <sense>
              <def>Gestell für Heiligenstatuen, das von jungen Mädchen getragen wird</def>
              <usg type="geo">
                <placeName type="grossregion" ref="/geodata-wboe.xml#p1C.2">mNTir.</placeName>
              </usg>
            </sense>
          </sense>
          <ptr type="collection" subtype="wortbildung" target="/collections-wboe.xml#c7971"/>
        </re>
        <re>
          <form subtype="compound" type="lemma">
            <orth>Tragferggel</orth>
          </form>
          <sense>
            <sense>
              <def>Tragegestell für Heu</def>
              <usg type="geo">
                <placeName type="grossregion" ref="/geodata-wboe.xml#p4.2">Pinzg.</placeName>
              </usg>
            </sense>
          </sense>
          <ptr type="collection" subtype="wortbildung" target="/collections-wboe.xml#c7972"/>
        </re>
      </entry>
    </body>
  </text>
</TEI>