<?xml version="1.0" encoding="UTF-8"?>
    <?xml-model href="http://www.tei-c.org/release/xml/tei/custom/schema/relaxng/tei_all.rng" type="application/xml" schematypens="http://purl.oclc.org/dsdl/schematron"?>
    <?xml-model href="../../803_RNG-schematron/WBOE-ODD.rnc" type="application/relax-ng-compact-syntax"?>
<?redaktionstool version="0.7.4" ?>
<?parser type="lioe" version="0.7.3" ?>
<TEI xmlns="http://www.tei-c.org/ns/1.0">
  <teiHeader>
    <fileDesc>
      <titleStmt>
        <title>Ferkel</title>
        <respStmt>
          <resp>Editor</resp>
          <name ref="#AG">Andreas Gellan</name>
        </respStmt>
        <respStmt>
          <resp>Encoding Scheme</resp>
          <name>Jack Bowers</name>
          <name>Daniel Schopper</name>
          <name>Omar Siam</name>
        </respStmt>
        <respStmt>
          <resp>DBOE Team</resp>
          <name xml:id="AL">Alexandra N. Lenz</name>
          <name xml:id="PhS">Philipp Stöckle</name>
          <name xml:id="AG">Andreas Gellan</name>
          <name xml:id="PZ">Patrick Zeitlhuber</name>
          <name xml:id="SW">Sabine Wahl</name>
          <name xml:id="SS">Sonja Schwaiger</name>
          <name xml:id="AB">Angela Bergermayer</name>
          <name xml:id="EW">Eva Wahlmüller</name>
          <name xml:id="DG">David Gschösser</name>
          <name xml:id="StS">Stefanie Schöberl</name>
          <name xml:id="FF">Fabian Fleißner</name>
        </respStmt>
        <respStmt>
          <resp>Student assistants</resp>
          <name>Susanna Muhr</name>
          <name>Manuela Stütz</name>
          <name>Christina Hemetsberger</name>
        </respStmt>
      </titleStmt>
      <publicationStmt>
        <p></p>
      </publicationStmt>
      <sourceDesc>
        <list>
          <item>
            <label>Geo-data</label>
            <ptr xml:id="geo-inventory-WBOE" target="../geodata-wboe.xml"/>
          </item>
          <item>
            <label>Bibliography</label>
            <ptr xml:id="bibliography-WBOE" target="../bibl-wboe.xml"/>
          </item>
          <item>
            <label>WBOE-Slips</label>
            <ptr xml:id="slips-WBOE" target="../slips-wboe.xml"/>
          </item>
          <item>
            <label>WBOE-Collections</label>
            <ptr xml:id="collections-WBOE" target="../collections-wboe.xml"/>
          </item>
        </list>
      </sourceDesc>
    </fileDesc>
    <revisionDesc>
      <listChange>
        <change status="in progress" when="2020-12-02" who="#AG">Datensatz erstellt</change>
        <change status="internal correction" when="2020-12-03" who="#AG">/</change>
        <change status="internal correction" when="2021-02-10" who="#PZ">LK formatiert eingefügt</change>
        <change status="external correction" when="2021-03-02" who="#AG">weiter an JE</change>
        <change status="external correction" when="2021-03-30" who="#PZ">Anm. von JE in LK eingearbeitet</change>
        <change status="finished" when="2021-03-31" who="#AG">finished</change>
        <change status="finished" when="2022-01-11" who="#AG">Final Version</change>
      </listChange>
    </revisionDesc>
  </teiHeader>
  <text>
    <body>
      <entry>
        <form type="lemma" xml:id="Ferkel">
          <orth>Ferkel</orth>
          <ptr type="collection" subtype="lemma" target="/collections-wboe.xml#c13049"/>
        </form>
        <gramGrp>
          <gram type="pos">Substantiv</gram>
          <gram type="gender">Neutrum</gram>
        </gramGrp>
        <form type="variant" subtype="diminutive" xml:id="Ferkerl">
          <orth>Ferkerl</orth>
          <gramGrp>
            <gram type="gender">Neutrum</gram>
          </gramGrp>
        </form>
        <form type="variant" subtype="diminutive" xml:id="Ferkelein">
          <orth>Ferkelein</orth>
          <gramGrp>
            <gram type="gender">Neutrum</gram>
          </gramGrp>
        </form>
        <usg type="geo">
          <placeName type="grossregion" ref="/geodata-wboe.xml#p1C.1">wNTir.</placeName>
        </usg>
        <usg type="geo">
          <placeName type="grossregion" ref="/geodata-wboe.xml#p1C.2">mNTir.</placeName>
        </usg>
        <usg type="geo">
          <placeName type="bundesland" ref="/geodata-wboe.xml#p2">Ktn.</placeName>
        </usg>
        <usg type="geo">
          <placeName type="grossregion" ref="/geodata-wboe.xml#p3.3">WStmk.</placeName>
        </usg>
        <usg type="geo">
          <placeName type="grossregion" ref="/geodata-wboe.xml#p4.2">Pinzg.</placeName>
        </usg>
        <usg type="geo">
          <placeName type="grossregion" ref="/geodata-wboe.xml#p4.5">Flachg.</placeName>
        </usg>
        <usg type="geo">
          <placeName type="grossregion" ref="/geodata-wboe.xml#p5.1">Innv.</placeName>
        </usg>
        <usg type="geo">
          <placeName type="grossregion" ref="/geodata-wboe.xml#p5.2">Hausrv.</placeName>
        </usg>
        <usg type="geo">
          <placeName type="grossregion" ref="/geodata-wboe.xml#p5.3">Traunv.</placeName>
        </usg>
        <usg type="geo">
          <placeName type="bundesland" ref="/geodata-wboe.xml#p6">NÖ</placeName>
        </usg>
        <usg type="geo">
          <placeName type="grossregion" ref="/geodata-wboe.xml#p6.5">Wien</placeName>
        </usg>
        <usg type="geo">
          <placeName type="grossregion" ref="/geodata-wboe.xml#p7.3">SBgl.</placeName>
        </usg>
        <note type="kommentar" resp="#PZ">Der auf einen Primärumlaut zurückgehende Stammvokal tritt überall als offener kurzer
          <c>e</c>-Monophthong auf
          <xr>
            <ref>fęrkl̥</ref>
          </xr>, teils mit einem durch das folgende
          <c>r</c>bedingten Gleitlaut
          <xr>
            <ref>fęɒrkl̥</ref>
          </xr>, wobei in manchen Regionen ein schriftsprachlicher Einfluss nicht auszuschließen ist. Während im Südbairischen das postvokalische
          <c>r</c>erhalten blieb
          <xr>
            <ref>fęrkl̥</ref>
            <ref>fęɒrkl̥</ref>
          </xr>, wurde es im restlichen Verbreitungsgebiet vokalisiert
          <xr>
            <ref>fęɒkl̥</ref>
          </xr>. Der inlautende Plosiv tritt im Südbairischen Nordtirols teils affriziert auf
          <xr>
            <ref>fęɒrkχl̥</ref>
          </xr>, ansonsten dominieren velare Plosive
          <xr>
            <ref>fęrkl̥</ref>
            <ref>fęɒkl̥</ref>
          </xr>, die im Mittelbairischen auch lenisiert und geminiert vorkommen
          <xr>
            <ref>fęɒggl̥</ref>
          </xr>. Durch
          <c>e</c>-Synkope wurde der Liquid der zweiten Silbe im gesamten Verbreitungsgebiet silbisch
          <xr>
            <ref>fęrkl̥</ref>
          </xr>, lediglich im Hausruckviertel sind Varianten mit auslautendem Vokal belegt
          <xr>
            <ref>fęɒkö</ref>
          </xr>.
        </note>
        <form type="dialect">
          <pron xml:lang="bar-AT">fęɒrkχlɒ</pron>
          <usg>[Pl.]</usg>
          <usg type="geo">
            <placeName type="gemeinde" ref="/geodata-wboe.xml#p1C.1f02">Biberwier</placeName>
          </usg>
        </form>
        <form type="dialect">
          <pron xml:lang="bar-AT">ferggele</pron>
          <usg>[Dim.]</usg>
          <usg type="geo">
            <placeName type="gemeinde" ref="/geodata-wboe.xml#p1C.1m07">Pfunds</placeName>
          </usg>
        </form>
        <form type="dialect">
          <pron xml:lang="bar-AT">feɒkərl</pron>
          <usg type="geo">
            <placeName type="grossregion" ref="/geodata-wboe.xml#p3.3">WStmk.</placeName>
          </usg>
        </form>
        <form type="dialect">
          <pron xml:lang="bar-AT">-ferkö</pron>
          <usg type="geo">
            <placeName type="gemeinde" ref="/geodata-wboe.xml#p5.2b39">Schlatt</placeName>
          </usg>
        </form>
        <form type="dialect">
          <pron xml:lang="bar-AT">-feaggl</pron>
          <usg type="geo">
            <placeName type="gemeinde" ref="/geodata-wboe.xml#p6.3f01">Allentsteig</placeName>
          </usg>
        </form>
        <form type="dialect">
          <pron xml:lang="bar-AT">feəʳkl̥</pron>
          <usg type="geo">
            <placeName type="gemeinde" ref="/geodata-wboe.xml#p6.5r01">Gersthof</placeName>
          </usg>
        </form>
        <form type="dialect">
          <pron xml:lang="bar-AT">-feaʳkl</pron>
          <usg type="geo">
            <placeName type="gemeinde" ref="/geodata-wboe.xml#p7.3g06">St. Michael im Burgenland</placeName>
          </usg>
          <ptr type="collection" subtype="lautung" target="/collections-wboe.xml#c13050"/>
        </form>
        <etym>
          <seg type="desc">
            <lang>ahd.</lang>
          </seg>
          <cit type="etymon">
            <form>
              <orth>farhilī</orth>
            </form>
            <form>
              <orth>farhilīn</orth>
            </form>
          </cit>
          <cit type="etymon">
            <lang>mhd.</lang>
            <form>
              <orth>verhelīn</orth>
            </form>
            <form>
              <orth>verlīn</orth>
            </form>
            <form>
              <orth>verhel</orth>
            </form>
          </cit>
          <seg type="desc">bzw.</seg>
          <cit type="etymon">
            <form>
              <orth>verkelīn</orth>
            </form>
            <form>
              <orth>verkel</orth>
            </form>
            <def>Schweinchen; Ferkel</def>
          </cit>
          <cit type="etymon"></cit>
          <seg type="desc">das Lemma ist eine Diminutivform zu
            <lang>ahd.</lang>
          </seg>
          <cit type="etymon">
            <form>
              <orth>farah</orth>
            </form>
            <form>
              <orth>farh</orth>
            </form>
          </cit>
          <seg type="desc">bzw.</seg>
          <cit type="etymon">
            <form>
              <orth>varch</orth>
            </form>
            <form>
              <orth>varhe</orth>
            </form>
            <form>
              <orth>varke</orth>
            </form>
            <def>Schwein; Ferkel</def>
          </cit>
          <seg type="desc">. Der Wechsel von auslautendem</seg>
          <cit type="etymon">
            <form>
              <orth>ch</orth>
            </form>
          </cit>
          <seg type="desc">zu</seg>
          <cit type="etymon">
            <form>
              <orth>k</orth>
            </form>
          </cit>
          <seg type="desc">ist auf eine unregelmäßige Entwicklung im Silbenanlaut zurückzuführen, wobei unklar ist, ob das</seg>
          <cit type="etymon">
            <form>
              <orth>k</orth>
            </form>
          </cit>
          <seg type="desc">Bestandteil des Wortstammes oder ein Diminutivsuffix (*-</seg>
          <cit type="etymon">
            <form>
              <orth>kīn</orth>
            </form>
          </cit>
          <seg type="desc">bzw. *-</seg>
          <cit type="etymon">
            <form>
              <orth>nkilīn</orth>
            </form>
          </cit>
          <seg type="desc">) ist. Möglich ist auch, dass das regionale Diminutiv-Suffix -</seg>
          <cit type="etymon">
            <form>
              <orth>el</orth>
            </form>
          </cit>
          <seg type="desc">ursprünglich Bestandteil des Wortstammes war</seg>
          <ref type="bibl" target="#Kluge2011">
            <lbl>vgl.</lbl>Kluge 2011
            <citedRange>287f.</citedRange>
          </ref>
          <ref type="bibl" target="#Lexer1878III">Lexer 1878 III
            <citedRange>20, 127</citedRange>
          </ref>
          <ref type="bibl" target="#Pfeifer2014">Pfeifer 2014
            <citedRange>336</citedRange>
          </ref>
          <ref type="bibl" target="#Schützeichel2012">Schützeichel 2012
            <citedRange>97</citedRange>
          </ref>
          <seg type="desc">. siehe auch</seg>
          <cit type="etymon">
            <xr type="lemma">
              <ref target="Fack.xml">Fack, Facke</ref>
            </xr>
          </cit>
          <seg type="desc">und</seg>
          <cit type="etymon">
            <xr type="lemma">
              <ref target="Farch.xml">Farch, Fark</ref>
            </xr>
          </cit>
        </etym>
        <sense>
          <sense>
            <def>junges Schwein</def>
            <usg type="geo">
              <placeName type="grossregion" ref="/geodata-wboe.xml#p1C.1">wNTir.</placeName>
            </usg>
            <usg type="geo">
              <placeName type="grossregion" ref="/geodata-wboe.xml#p1C.2">mNTir.</placeName>
            </usg>
            <usg type="geo">
              <placeName type="bundesland" ref="/geodata-wboe.xml#p2">Ktn.</placeName>
            </usg>
            <usg type="geo">
              <placeName type="grossregion" ref="/geodata-wboe.xml#p3.3">WStmk.</placeName>
            </usg>
            <usg type="geo">
              <placeName type="grossregion" ref="/geodata-wboe.xml#p5.1">Innv.</placeName>
            </usg>
            <usg type="geo">
              <placeName type="grossregion" ref="/geodata-wboe.xml#p5.3">Traunv.</placeName>
            </usg>
            <usg type="geo">
              <placeName type="grossregion" ref="/geodata-wboe.xml#p6.1">Mostv.</placeName>
            </usg>
            <usg type="geo">
              <placeName type="grossregion" ref="/geodata-wboe.xml#p6.3">Waldv.</placeName>
            </usg>
            <usg type="geo">
              <placeName type="grossregion" ref="/geodata-wboe.xml#p6.4">Weinv.</placeName>
            </usg>
            <usg type="geo">
              <placeName type="grossregion" ref="/geodata-wboe.xml#p6.5">Wien</placeName>
            </usg>
            <ptr type="collection" subtype="bedeutung" target="/collections-wboe.xml#c13055"/>
          </sense>
          <sense>
            <def>unreinliche Person</def>
            <usg type="geo">
              <placeName type="grossregion" ref="/geodata-wboe.xml#p6.3">Waldv.</placeName>
            </usg>
            <usg type="geo">
              <placeName type="grossregion" ref="/geodata-wboe.xml#p6.5">Wien</placeName>
            </usg>
            <ptr type="collection" subtype="bedeutung" target="/collections-wboe.xml#c13056"/>
          </sense>
        </sense>
        <re>
          <form subtype="compound" type="lemma">
            <orth>Auswurfferkel</orth>
          </form>
          <sense>
            <sense>
              <def>kleines, schwaches Schwein</def>
              <usg type="geo">
                <placeName type="grossregion" ref="/geodata-wboe.xml#p2.1">ObKtn.</placeName>
              </usg>
              <ptr type="collection" subtype="bedeutung" target="/collections-wboe.xml#c13061"/>
            </sense>
          </sense>
        </re>
        <re>
          <form subtype="compound" type="lemma">
            <orth>Fleischferkel</orth>
          </form>
          <sense>
            <sense>
              <def>kleines Schwein, das für die Fleischproduktion gezüchtet wird</def>
              <usg type="geo">
                <placeName type="grossregion" ref="/geodata-wboe.xml#p1C.2">mNTir.</placeName>
              </usg>
              <usg type="geo">
                <placeName type="grossregion" ref="/geodata-wboe.xml#p2.1">ObKtn.</placeName>
              </usg>
              <usg type="geo">
                <placeName type="grossregion" ref="/geodata-wboe.xml#p2.2">MKtn.</placeName>
              </usg>
              <usg type="geo">
                <placeName type="grossregion" ref="/geodata-wboe.xml#p6.2">Industriev.</placeName>
              </usg>
              <usg type="geo">
                <placeName type="grossregion" ref="/geodata-wboe.xml#p7.3">SBgl.</placeName>
              </usg>
              <ptr type="collection" subtype="bedeutung" target="/collections-wboe.xml#c13063"/>
            </sense>
          </sense>
        </re>
        <re>
          <form subtype="compound" type="lemma">
            <orth>Saugferkel</orth>
          </form>
          <sense>
            <sense>
              <def>kleines, schwaches Schwein</def>
              <usg type="geo">
                <placeName type="grossregion" ref="/geodata-wboe.xml#p1C.1">wNTir.</placeName>
              </usg>
              <ptr type="collection" subtype="bedeutung" target="/collections-wboe.xml#c13065"/>
            </sense>
          </sense>
        </re>
        <re>
          <form subtype="compound" type="lemma">
            <orth>Spanferkel</orth>
          </form>
          <sense>
            <sense>
              <sense>
                <def>junges Schwein</def>
                <usg type="geo">
                  <placeName type="grossregion" ref="/geodata-wboe.xml#p5.2">Hausrv.</placeName>
                </usg>
                <ptr type="collection" subtype="bedeutung" target="/collections-wboe.xml#c13068"/>
              </sense>
              <sense>
                <def>gebratenes bzw. zum Braten geeignetes Ferkel</def>
                <usg type="geo">
                  <placeName type="grossregion" ref="/geodata-wboe.xml#p6.3">Waldv.</placeName>
                </usg>
                <ptr type="collection" subtype="bedeutung" target="/collections-wboe.xml#c13070"/>
              </sense>
            </sense>
          </sense>
        </re>
        <re>
          <form subtype="compound" type="lemma">
            <orth>Stubenferkel</orth>
          </form>
          <sense>
            <sense>
              <def>kleines, schwaches Schwein</def>
              <usg type="geo">
                <placeName type="grossregion" ref="/geodata-wboe.xml#p4.5">Flachg.</placeName>
              </usg>
              <ptr type="collection" subtype="bedeutung" target="/collections-wboe.xml#c11515"/>
            </sense>
          </sense>
        </re>
      </entry>
    </body>
  </text>
</TEI>