<?xml version="1.0" encoding="UTF-8"?>
    <?xml-model href="http://www.tei-c.org/release/xml/tei/custom/schema/relaxng/tei_all.rng" type="application/xml" schematypens="http://purl.oclc.org/dsdl/schematron"?>
    <?xml-model href="../../803_RNG-schematron/WBOE-ODD.rnc" type="application/relax-ng-compact-syntax"?>
<?redaktionstool version="0.6.6"?>
<TEI xmlns="http://www.tei-c.org/ns/1.0">
  <teiHeader>
    <fileDesc>
      <titleStmt>
        <title>Ferne</title>
        <respStmt>
          <resp>Editor</resp>
          <name ref="#DG">David Gschösser</name>
        </respStmt>
        <respStmt>
          <resp>Encoding Scheme</resp>
          <name>Jack Bowers</name>
          <name>Daniel Schopper</name>
          <name>Omar Siam</name>
        </respStmt>
        <respStmt>
          <resp>DBOE Team</resp>
          <name xml:id="AL">Alexandra N. Lenz</name>
          <name xml:id="PhS">Philipp Stöckle</name>
          <name xml:id="AG">Andreas Gellan</name>
          <name xml:id="PZ">Patrick Zeitlhuber</name>
          <name xml:id="SW">Sabine Wahl</name>
          <name xml:id="SS">Sonja Schwaiger</name>
          <name xml:id="AB">Angela Bergermayer</name>
          <name xml:id="EW">Eva Wahlmüller</name>
          <name xml:id="DG">David Gschösser</name>
          <name xml:id="StS">Stefanie Schöberl</name>
          <name xml:id="FF">Fabian Fleißner</name>
        </respStmt>
        <respStmt>
          <resp>Student assistants</resp>
          <name>Susanna Muhr</name>
          <name>Manuela Stütz</name>
          <name>Christina Hemetsberger</name>
        </respStmt>
      </titleStmt>
      <publicationStmt>
        <p></p>
      </publicationStmt>
      <sourceDesc>
        <list>
          <item>
            <label>Geo-data</label>
            <ptr xml:id="geo-inventory-WBOE" target="../geodata-wboe.xml"/>
          </item>
          <item>
            <label>Bibliography</label>
            <ptr xml:id="bibliography-WBOE" target="../bibl-wboe.xml"/>
          </item>
          <item>
            <label>WBOE-Slips</label>
            <ptr xml:id="slips-WBOE" target="../slips-wboe.xml"/>
          </item>
          <item>
            <label>WBOE-Collections</label>
            <ptr xml:id="collections-WBOE" target="../collections-wboe.xml"/>
          </item>
        </list>
      </sourceDesc>
    </fileDesc>
    <revisionDesc>
      <listChange>
        <change status="finished" when="2020-02-27" who="#DG">Datensatz erstellt</change>
        <change status="finished" when="2020-05-19" who="#DG">Artikel fertig</change>
      </listChange>
    </revisionDesc>
  </teiHeader>
  <text>
    <body>
      <entry>
        <form type="lemma" xml:id="Ferne">
          <orth>Ferne</orth>
          <ptr type="collection" subtype="lemma" target="/collections-wboe.xml#c2484"/>
        </form>
        <gramGrp>
          <gram type="pos">Substantiv</gram>
          <gram type="gender">Femininum</gram>
        </gramGrp>
        <form type="variant" subtype="diminutive" xml:id="Ferel">
          <orth>Ferel</orth>
          <gramGrp>
            <gram type="gender">Neutrum</gram>
          </gramGrp>
        </form>
        <usg type="geo">
          <placeName type="bundesland" ref="/geodata-wboe.xml#p1A">STir.</placeName>
        </usg>
        <usg type="geo">
          <placeName type="grossregion" ref="/geodata-wboe.xml#p1C.1">wNTir.</placeName>
        </usg>
        <note type="kommentar" resp="#FF">Es liegen fallende Diphthonge vor, die im Sbair. auf die Diphthongierung des Stammvokals
          <c>e</c>und nicht auf die Vokalisierung von
          <c>r</c>zurückgehen
          <xr>
            <ref>fęɒʀ</ref>
          </xr>. Zusätzlich lassen sich konservativere
          <c>e</c>-Monophthonge unterschiedlicher Länge und Qualität finden
          <xr>
            <ref>fęʀ</ref>
          </xr>. Da im Auslaut keine Nasallaute (mehr) aufzufinden sind und die Rolle der diminutiven Nebenform unklar bleibt, ist die Einordnung des vokalischen Auslauts, wie er im bair.-alem. Übergangsgebiet des WNTir. und in STir. vorkommt, schwierig
          <xr>
            <ref>fęɒʀɒ</ref>
            <ref>fęɒʀə</ref>
          </xr>.
        </note>
        <form type="dialect">
          <pron xml:lang="bar-AT">fear</pron>
          <usg type="geo">
            <placeName type="grossregion" ref="/geodata-wboe.xml#p1A.1">wSTir.</placeName>
          </usg>
          <usg type="geo">
            <placeName type="grossregion" ref="/geodata-wboe.xml#p1A.2">mSTir.</placeName>
          </usg>
        </form>
        <form type="dialect">
          <pron xml:lang="bar-AT">ferr</pron>
          <usg type="geo">
            <placeName type="gemeinde" ref="/geodata-wboe.xml#p1A.3b01">Sarntal</placeName>
          </usg>
        </form>
        <form type="dialect">
          <pron xml:lang="bar-AT">ferrl</pron>
          <usg>[Dim.]</usg>
          <usg type="geo">
            <placeName type="gemeinde" ref="/geodata-wboe.xml#p1A.3b01">Sarntal</placeName>
          </usg>
        </form>
        <form type="dialect">
          <pron xml:lang="bar-AT">ve͡ar</pron>
          <usg type="geo">
            <placeName type="kleinregion" ref="/geodata-wboe.xml#p1A.3f">obEisackt.</placeName>
          </usg>
          <usg type="geo">
            <placeName type="kleinregion" ref="/geodata-wboe.xml#p1A.3g">mEisackt.</placeName>
          </usg>
          <usg type="geo">
            <placeName type="kleinregion" ref="/geodata-wboe.xml#p1A.3i">uEisackt.</placeName>
          </usg>
        </form>
        <form type="dialect">
          <pron xml:lang="bar-AT">feara</pron>
          <usg type="geo">
            <placeName type="gemeinde" ref="/geodata-wboe.xml#p1A.3i02">Kastelruth</placeName>
          </usg>
        </form>
        <form type="dialect">
          <pron xml:lang="bar-AT">feare</pron>
          <usg type="geo">
            <placeName type="gemeinde" ref="/geodata-wboe.xml#p1A.4c01">Lüsen</placeName>
          </usg>
        </form>
        <form type="dialect">
          <pron xml:lang="bar-AT">-fęərẹ</pron>
          <usg type="geo">
            <placeName type="gemeinde" ref="/geodata-wboe.xml#p1A.4c01">Lüsen</placeName>
          </usg>
        </form>
        <form type="dialect">
          <pron xml:lang="bar-AT">fearɛ</pron>
          <usg type="geo">
            <placeName type="kleinregion" ref="/geodata-wboe.xml#p1C.1m">obstObInnt.</placeName>
          </usg>
          <usg type="geo">
            <placeName type="kleinregion" ref="/geodata-wboe.xml#p1C.1n">wObInnt.</placeName>
          </usg>
          <usg type="geo">
            <placeName type="kleinregion" ref="/geodata-wboe.xml#p1C.1q">öObInnt.</placeName>
          </usg>
          <ptr type="collection" subtype="lautung" target="/collections-wboe.xml#c3905"/>
        </form>
        <etym>
          <seg type="desc">Ableitung von Vorformen von</seg>
          <cit type="etymon">
            <xr type="lemma">
              <ref target="fern.xml">fern</ref>
            </xr>
          </cit>
          <cit type="etymon">
            <lang>ahd.</lang>
            <form>
              <orth>ferri</orth>
            </form>
            <def>Entfernung; Ferne</def>
          </cit>
          <cit type="etymon">
            <lang>mhd.</lang>
            <form>
              <orth>virre</orth>
            </form>
            <form>
              <orth>vërre</orth>
            </form>
            <def>Ferne; Weite</def>
          </cit>
          <ref type="bibl" target="#Pfeifer2014">
            <lbl>vgl.</lbl>Pfeifer 2014
            <citedRange>336f</citedRange>
          </ref>
          <ref type="bibl" target="#AWB1985III">
            <lbl>vgl.</lbl>AWB 1985 III
            <citedRange>749</citedRange>
          </ref>
          <ref type="bibl" target="#Lexer1878III">
            <lbl>vgl.</lbl>Lexer 1878 III
            <citedRange>367</citedRange>
          </ref>
        </etym>
        <sense>
          <sense>
            <def>Entfernung</def>
            <usg type="geo">
              <placeName type="bundesland" ref="/geodata-wboe.xml#p1A">STir.</placeName>
            </usg>
            <usg type="geo">
              <placeName type="grossregion" ref="/geodata-wboe.xml#p1C.1">wNTir.</placeName>
            </usg>
            <ptr type="collection" subtype="bedeutung" target="/collections-wboe.xml#c3906"/>
          </sense>
          <sense>
            <def>Fläche</def>
            <usg type="geo">
              <placeName type="grossregion" ref="/geodata-wboe.xml#p1A.4">öSTir.</placeName>
            </usg>
            <cit type="example">
              <quote xml:lang="bar-AT">a gonza feara</quote>
              <ref type="bibl" target="#">
                <?comment Quelle noch nicht angelegt?>
                Santifaller 1958
              
                <citedRange>235</citedRange>
              </ref>
              <usg type="geo">
                <placeName type="gemeinde" ref="/geodata-wboe.xml#p1A.3i02">Kastelruth</placeName>
              </usg>
            </cit>
            <ptr type="collection" subtype="bedeutung" target="/collections-wboe.xml#c3907"/>
          </sense>
        </sense>
        <re>
          <form subtype="compound" type="lemma">
            <orth>Endsferne</orth>
          </form>
          <sense>
            <sense>
              <def>große Entfernung</def>
              <usg type="geo">
                <placeName type="grossregion" ref="/geodata-wboe.xml#p1A.4">öSTir.</placeName>
              </usg>
              <ptr type="collection" subtype="bedeutung" target="/collections-wboe.xml#c3908"/>
            </sense>
          </sense>
        </re>
        <re>
          <form subtype="compound" type="lemma">
            <orth>Eselsferne</orth>
          </form>
          <sense>
            <sense>
              <def>große Entfernung</def>
              <usg type="geo">
                <placeName type="grossregion" ref="/geodata-wboe.xml#p1A.4">öSTir.</placeName>
              </usg>
              <ptr type="collection" subtype="bedeutung" target="/collections-wboe.xml#c3909"/>
            </sense>
          </sense>
        </re>
        <re>
          <form subtype="compound" type="lemma">
            <orth>Unferne</orth>
          </form>
          <sense>
            <sense>
              <def>große Entfernung</def>
              <usg type="geo">
                <placeName type="grossregion" ref="/geodata-wboe.xml#p1A.4">öSTir.</placeName>
              </usg>
              <ptr type="collection" subtype="bedeutung" target="/collections-wboe.xml#c3910"/>
            </sense>
          </sense>
        </re>
      </entry>
    </body>
  </text>
</TEI>