<?xml version="1.0" encoding="UTF-8"?>
    <?xml-model href="http://www.tei-c.org/release/xml/tei/custom/schema/relaxng/tei_all.rng" type="application/xml" schematypens="http://purl.oclc.org/dsdl/schematron"?>
    <?xml-model href="../../803_RNG-schematron/WBOE-ODD.rnc" type="application/relax-ng-compact-syntax"?>
<?redaktionstool version="0.8.2" ?>
<?parser type="lioe" version="0.8.2" ?>
<TEI xmlns="http://www.tei-c.org/ns/1.0">
  <teiHeader>
    <fileDesc>
      <titleStmt>
        <title>Ferse</title>
        <respStmt>
          <resp>Editor</resp>
          <name ref="#PhS">Philipp Stöckle</name>
        </respStmt>
        <respStmt>
          <resp>Encoding Scheme</resp>
          <name>Jack Bowers</name>
          <name>Daniel Schopper</name>
          <name>Omar Siam</name>
        </respStmt>
        <respStmt>
          <resp>DBOE Team</resp>
          <name xml:id="AL">Alexandra N. Lenz</name>
          <name xml:id="PhS">Philipp Stöckle</name>
          <name xml:id="AG">Andreas Gellan</name>
          <name xml:id="PZ">Patrick Zeitlhuber</name>
          <name xml:id="SW">Sabine Wahl</name>
          <name xml:id="SS">Sonja Schwaiger</name>
          <name xml:id="JD">Jan Braun</name>
          <name xml:id="AB">Angela Bergermayer</name>
          <name xml:id="EW">Eva Wahlmüller</name>
          <name xml:id="DG">David Gschösser</name>
          <name xml:id="StS">Stefanie Schöberl</name>
          <name xml:id="FF">Fabian Fleißner</name>
          <name xml:id="MK">Markus Kunzmann</name>
          <name xml:id="AK">Agnes Kim</name>
          <name xml:id="IG">Ingeborg Geyer</name>
          <name xml:id="MG">Manfred Glauninger</name>
        </respStmt>
        <respStmt>
          <resp>Student assistants</resp>
          <name>Eva Wahlmüller</name>
          <name>Susanna Muhr</name>
          <name>Alexandra Grohe</name>
          <name>Klemens Wagner</name>
          <name>Manuela Stütz</name>
          <name>Christina Hemetsberger</name>
        </respStmt>
      </titleStmt>
      <publicationStmt>
        <p></p>
      </publicationStmt>
      <sourceDesc>
        <list>
          <item>
            <label>Geo-data</label>
            <ptr xml:id="geo-inventory-WBOE" target="../geodata-wboe.xml"/>
          </item>
          <item>
            <label>Bibliography</label>
            <ptr xml:id="bibliography-WBOE" target="../bibl-wboe.xml"/>
          </item>
          <item>
            <label>WBOE-Slips</label>
            <ptr xml:id="slips-WBOE" target="../slips-wboe.xml"/>
          </item>
          <item>
            <label>WBOE-Collections</label>
            <ptr xml:id="collections-WBOE" target="../collections-wboe.xml"/>
          </item>
        </list>
      </sourceDesc>
    </fileDesc>
    <revisionDesc>
      <listChange>
        <change status="in progress" when="2019-06-26" who="#PhS">Datensatz erstellt</change>
        <change status="peer correction" when="2019-06-26" who="#PhS">Artikel fertig eingetragen</change>
        <change status="peer correction" when="2020-04-30" who="#PhS">Update Version 0.5.21</change>
        <change status="external correction" when="2020-06-03" who="#PhS">Lautkommentar und Collections hinzugefügt</change>
        <change status="finished" when="2020-10-07" who="#PhS">Lautungen korrigiert</change>
      </listChange>
    </revisionDesc>
  </teiHeader>
  <text>
    <body>
      <entry>
        <form type="lemma" xml:id="Ferse">
          <orth>Ferse</orth>
          <ptr type="collection" subtype="lemma" target="/collections-wboe.xml#c6249"/>
        </form>
        <gramGrp>
          <gram type="pos">Substantiv</gram>
          <gram type="gender">Femininum</gram>
          <gram type="gender">Maskulinum</gram>
        </gramGrp>
        <form type="variant" subtype="diminutive" xml:id="Fersel">
          <orth>Fersel</orth>
          <gramGrp>
            <gram type="gender">Neutrum</gram>
          </gramGrp>
        </form>
        <form type="variant" subtype="diminutive" xml:id="Ferserl">
          <orth>Ferserl</orth>
          <gramGrp>
            <gram type="gender">Neutrum</gram>
          </gramGrp>
        </form>
        <form type="variant" subtype="diminutive" xml:id="Ferselein">
          <orth>Ferselein</orth>
          <gramGrp>
            <gram type="gender">Neutrum</gram>
          </gramGrp>
        </form>
        <usg type="geo">
          <placeName type="bundesland" ref="/geodata-wboe.xml#p1A">STir.</placeName>
        </usg>
        <usg type="geo">
          <placeName type="bundesland" ref="/geodata-wboe.xml#p1B">OTir.</placeName>
        </usg>
        <usg type="geo">
          <placeName type="bundesland" ref="/geodata-wboe.xml#p1C">NTir.</placeName>
        </usg>
        <usg type="geo">
          <placeName type="bundesland" ref="/geodata-wboe.xml#p2">Ktn.</placeName>
        </usg>
        <usg type="geo">
          <placeName type="bundesland" ref="/geodata-wboe.xml#p3">Stmk.</placeName>
        </usg>
        <usg type="geo">
          <placeName type="bundesland" ref="/geodata-wboe.xml#p4">Sbg.</placeName>
        </usg>
        <usg type="geo">
          <placeName type="bundesland" ref="/geodata-wboe.xml#p5">OÖ</placeName>
        </usg>
        <usg type="geo">
          <placeName type="bundesland" ref="/geodata-wboe.xml#p6">NÖ</placeName>
        </usg>
        <usg type="geo">
          <placeName type="bundesland" ref="/geodata-wboe.xml#p6.5">Wien</placeName>
        </usg>
        <usg type="geo">
          <placeName type="bundesland" ref="/geodata-wboe.xml#p7">Bgl.</placeName>
        </usg>
        <note type="kommentar" resp="#FF">Im gesamten Untersuchungsgebiet liegt einerseits hohe Variation im Stammvokalismus vor, andererseits gibt es auch zahlreiche gleichlautende Formen, denen unterschiedliche lauthistorische Entwicklungen vorausgehen. Das betrifft vor allem die überall anzutreffenden fallenden
          <c>eɒ</c>-Diphthonge. Jeder Variante liegt eine historische Lautverbindung -
          <c>er</c>- zugrunde. In Teilen des Südbairischen ist sie in gedehnter Form mit
          <c>r</c>-Erhalt noch belegt, etwa in Südtirol
          <xr>
            <ref>ƒę̄rš</ref>
          </xr>. Im Mittelbairischen und Südmittelbairischen lassen sich in konservativen Rückzugsgebieten, etwa der Obersteiermark oder der sog. oberösterreichischen Beharrsamkeitsbrücke, Reste des alten Monophthongs bei gleichzeitigem
          <c>r</c>-Schwund finden
          <xr>
            <ref>ƒēxtn̥</ref>
            <ref>fēšn̥</ref>
          </xr>. Durch den teilweisen Zusammenfall mit altsprachlichen langen
          <c>e</c>-Monophthongen liegen für weite Teile des Südbairischen diphthongierte Formen vor. Häufiger Erhalt des Liquids zeigt, dass es sich dabei nicht um Vokalisierungsprodukte handelt, auch wenn die Unterscheidung zwischen Schwund und Vokalisierung in manchen Regionen schwer zu treffen ist
          <xr>
            <ref>ƒęɒršn̥</ref>
          </xr>. Diese Formen sind nicht zu verwechseln mit ähnlichen Diphthongen, die in der mittelbairischen Verkehrssprache nach
          <c>r</c>-Vokalisierung entstanden sind und sich bis ins Südmittelbairische ausbreiten
          <xr>
            <ref>fęɒšn̥</ref>
          </xr>. Die offene Artikulation des Stammvokals führte in manchen Teilen Unterkärntens zu einer „falschen“ Umlautbeseitigung
          <xr>
            <ref>ƒāršn̥</ref>
          </xr>. Daneben tauchen hier auch vereinzelt Rundungsformen auf, die durch das stark velarisierte
          <c>r</c>begünstigt werden
          <xr>
            <ref>ƒǫ̈ršn̥</ref>
          </xr>. Im Südbairischen der Obersteiermark tritt vereinzelt die Lautfolge -
          <c>or</c>- anstelle des ursprünglichen -
          <c>er</c>- auf
          <xr>
            <ref>ƒǫršn̥</ref>
          </xr>. Sprossvokale scheinen ebenfalls für das östliche Südbairische typisch zu sein
          <xr>
            <ref>ƒarəšn̥</ref>
            <ref>ƒǫrəšn̥</ref>
          </xr>. Fast überall ist die Palatalisierung von
          <c>s</c>nach
          <c>r</c>anzutreffen. Im Mittelbairischen der Obersteiermark und im benachbarten westlichen Südmittelbairischen des Salzburger Tennengau sind frikativische Assimilationsprodukte und Dentaleinschübe belegt
          <xr>
            <ref>fęɒxdn̥</ref>
            <ref>ƒęɒxtn̥</ref>
          </xr>, die nachträglich teilweise geschwunden sind
          <xr>
            <ref>fęɒn</ref>
          </xr>. Gelegentlich treten im Anlaut übermarkierte Affrikaten auf, etwa im Südbairischen Südtirols oder im westlichen Ostmittelbairischen in Oberösterreich
          <xr>
            <ref>pfęɒršn̥, bfēšn̥</ref>
          </xr>. Es liegen unterschiedliche Endungstypen vor: Konservative einfache feminine Endungen mit
          <c>e</c>-Erhalt lassen sich vereinzelt im Südbairischen Südtirols und im bairisch-alemannischen Übergangsgebiet im westlichen Nordtirol finden, teilweise auch in Kärnten
          <xr>
            <ref>ƒę̄ršə</ref>
          </xr>. Daneben stehen im westlichen Südbairischen apokopierte Endungen
          <xr>
            <ref>ƒę̄rš</ref>
          </xr>. Ansonsten überwiegen silbische Endungen mit Nasal
          <xr>
            <ref>ƒęɒšn̥</ref>
          </xr>.
        </note>
        <form type="dialect">
          <pron xml:lang="bar-AT">fęᵊrš</pron>
          <usg type="geo">
            <placeName type="gemeinde" ref="/geodata-wboe.xml#p1A.1b01">Taufers im Münstertal</placeName>
          </usg>
        </form>
        <form type="dialect">
          <pron xml:lang="bar-AT">vę̄rß̌</pron>
          <usg type="geo">
            <placeName type="grossregion" ref="/geodata-wboe.xml#p1A.1">wSTir.</placeName>
          </usg>
        </form>
        <form type="dialect">
          <pron xml:lang="bar-AT">fęᵄrš</pron>
          <usg type="geo">
            <placeName type="gemeinde" ref="/geodata-wboe.xml#p1A.2c01">Aldein</placeName>
          </usg>
        </form>
        <form type="dialect">
          <pron xml:lang="bar-AT">feɒže</pron>
          <pron xml:lang="bar-AT">fe̩ɒže</pron>
          <pron xml:lang="bar-AT">fęɒže</pron>
          <usg type="geo">
            <placeName type="gemeinde" ref="/geodata-wboe.xml#p1A.4a01">Ahrntal</placeName>
          </usg>
        </form>
        <form type="dialect">
          <pron xml:lang="bar-AT">fęəršẹ</pron>
          <pron xml:lang="bar-AT">fęəršn</pron>
          <usg type="geo">
            <placeName type="gemeinde" ref="/geodata-wboe.xml#p1A.4c01">Lüsen</placeName>
          </usg>
        </form>
        <form type="dialect">
          <pron xml:lang="bar-AT">fę̄ašn</pron>
          <usg type="geo">
            <placeName type="gemeinde" ref="/geodata-wboe.xml#p1A.4i01">Innichen</placeName>
          </usg>
        </form>
        <form type="dialect">
          <pron xml:lang="bar-AT">fearšə</pron>
          <pron xml:lang="bar-AT">fē̩ɒše</pron>
          <usg type="geo">
            <placeName type="gemeinde" ref="/geodata-wboe.xml#p1B.0a05">Sillian</placeName>
          </usg>
        </form>
        <form type="dialect">
          <pron xml:lang="bar-AT">fęəršə̨</pron>
          <usg type="geo">
            <placeName type="gemeinde" ref="/geodata-wboe.xml#p1C.1f02">Biberwier</placeName>
          </usg>
        </form>
        <form type="dialect">
          <pron xml:lang="bar-AT">fęaršnə</pron>
          <usg type="geo">
            <placeName type="gemeinde" ref="/geodata-wboe.xml#p1C.1n01">Imst</placeName>
          </usg>
        </form>
        <form type="dialect">
          <pron xml:lang="bar-AT">fēəršnə</pron>
          <usg type="geo">
            <placeName type="gemeinde" ref="/geodata-wboe.xml#p1C.1o01">St. Leonhard im Pitztal</placeName>
          </usg>
        </form>
        <form type="dialect">
          <pron xml:lang="bar-AT">fęəršn</pron>
          <pron xml:lang="bar-AT">fę̄ɒršn̥</pron>
          <usg type="geo">
            <placeName type="gemeinde" ref="/geodata-wboe.xml#p1C.2a29">Weer</placeName>
          </usg>
        </form>
        <form type="dialect">
          <pron xml:lang="bar-AT">fęʀßn̥</pron>
          <pron xml:lang="bar-AT">fęʀß̌n̥</pron>
          <usg type="geo">
            <placeName type="gemeinde" ref="/geodata-wboe.xml#p1C.2m01">Innsbruck</placeName>
          </usg>
        </form>
        <form type="dialect">
          <pron xml:lang="bar-AT">φęɒσ̌τ</pron>
          <pron xml:lang="bar-AT">φęɒσ̌τn</pron>
          <pron xml:lang="bar-AT">φęɒσ</pron>
          <usg type="geo">
            <placeName type="kleinregion" ref="/geodata-wboe.xml#p1C.3a">Achens.Beck.</placeName>
          </usg>
        </form>
        <form type="dialect">
          <pron xml:lang="bar-AT">fē̩əṡn</pron>
          <usg type="geo">
            <placeName type="gemeinde" ref="/geodata-wboe.xml#p2.1a01">Großkirchheim</placeName>
          </usg>
        </form>
        <form type="dialect">
          <pron xml:lang="bar-AT">fę̄ɒrše</pron>
          <usg type="geo">
            <placeName type="gemeinde" ref="/geodata-wboe.xml#p2.1f01">Lesachtal</placeName>
          </usg>
        </form>
        <form type="dialect">
          <pron xml:lang="bar-AT">fę̄šn</pron>
          <usg type="geo">
            <placeName type="gemeinde" ref="/geodata-wboe.xml#p2.2a01">Rennweg am Katschberg</placeName>
          </usg>
        </form>
        <form type="dialect">
          <pron xml:lang="bar-AT">fęɒršn</pron>
          <usg type="geo">
            <placeName type="gemeinde" ref="/geodata-wboe.xml#p2.3f01">Feldkirchen in Kärnten</placeName>
          </usg>
        </form>
        <form type="dialect">
          <pron xml:lang="bar-AT">ferša</pron>
          <usg type="geo">
            <placeName type="kleinregion" ref="/geodata-wboe.xml#p2.3g">Glant.</placeName>
          </usg>
        </form>
        <form type="dialect">
          <pron xml:lang="bar-AT">fǫ̈ṛšn</pron>
          <usg type="geo">
            <placeName type="gemeinde" ref="/geodata-wboe.xml#p2.4a01">Hüttenberg</placeName>
          </usg>
        </form>
        <form type="dialect">
          <pron xml:lang="bar-AT">faṛšn</pron>
          <usg type="geo">
            <placeName type="gemeinde" ref="/geodata-wboe.xml#p2.4d01">Wolfsberg</placeName>
          </usg>
        </form>
        <form type="dialect">
          <pron xml:lang="bar-AT">faṛᵊšn</pron>
          <usg type="geo">
            <placeName type="gemeinde" ref="/geodata-wboe.xml#p2.4e02">St. Andrä</placeName>
          </usg>
        </form>
        <form type="dialect">
          <pron xml:lang="bar-AT">fǟšn̥</pron>
          <usg type="geo">
            <placeName type="gemeinde" ref="/geodata-wboe.xml#p3.1a05">Stadl-Predlitz</placeName>
          </usg>
        </form>
        <form type="dialect">
          <pron xml:lang="bar-AT">fǫrᵊšn̥</pron>
          <usg type="geo">
            <placeName type="gemeinde" ref="/geodata-wboe.xml#p3.1c08">Schöder</placeName>
          </usg>
        </form>
        <form type="dialect">
          <pron xml:lang="bar-AT">fę̄šn̥</pron>
          <usg type="geo">
            <placeName type="gemeinde" ref="/geodata-wboe.xml#p3.1f02">Pölstal</placeName>
          </usg>
        </form>
        <form type="dialect">
          <pron xml:lang="bar-AT">fē̩šn̥</pron>
          <usg type="geo">
            <placeName type="gemeinde" ref="/geodata-wboe.xml#p3.2c04">Trofaiach</placeName>
          </usg>
        </form>
        <form type="dialect">
          <pron xml:lang="bar-AT">fē᪸σ̌τn̥</pron>
          <pron xml:lang="bar-AT">fē᪸χτn̥</pron>
          <usg type="geo">
            <placeName type="kleinregion" ref="/geodata-wboe.xml#p3.2i">Auss.Ld.</placeName>
          </usg>
        </form>
        <form type="dialect">
          <pron xml:lang="bar-AT">fęɒšn</pron>
          <pron xml:lang="bar-AT">fe̩ɒhn</pron>
          <pron xml:lang="bar-AT">fęɒxτn</pron>
          <usg type="geo">
            <placeName type="gemeinde" ref="/geodata-wboe.xml#p3.2p01">Admont</placeName>
          </usg>
        </form>
        <form type="dialect">
          <pron xml:lang="bar-AT">fɛ̨ιžn̥</pron>
          <usg type="geo">
            <placeName type="gemeinde" ref="/geodata-wboe.xml#p3.3a04">Hirschegg-Pack</placeName>
          </usg>
        </form>
        <form type="dialect">
          <pron xml:lang="bar-AT">fē̩ɒšn</pron>
          <usg type="geo">
            <placeName type="gemeinde" ref="/geodata-wboe.xml#p3.3d01">Deutschlandsberg</placeName>
          </usg>
        </form>
        <form type="dialect">
          <pron xml:lang="bar-AT">fɒḷžn</pron>
          <usg type="geo">
            <placeName type="gemeinde" ref="/geodata-wboe.xml#p3.3f06">Großklein</placeName>
          </usg>
        </form>
        <form type="dialect">
          <pron xml:lang="bar-AT">fę̄ιšn</pron>
          <usg type="geo">
            <placeName type="gemeinde" ref="/geodata-wboe.xml#p3.4a16">Stiwoll</placeName>
          </usg>
        </form>
        <form type="dialect">
          <pron xml:lang="bar-AT">fę̄šn̥</pron>
          <usg type="geo">
            <placeName type="gemeinde" ref="/geodata-wboe.xml#p3.4b16">Kalsdorf bei Graz</placeName>
          </usg>
        </form>
        <form type="dialect">
          <pron xml:lang="bar-AT">fē̩ɒžn</pron>
          <usg type="geo">
            <placeName type="gemeinde" ref="/geodata-wboe.xml#p3.4c07">Gamlitz</placeName>
          </usg>
        </form>
        <form type="dialect">
          <pron xml:lang="bar-AT">fe̩ɒšn</pron>
          <usg type="geo">
            <placeName type="gemeinde" ref="/geodata-wboe.xml#p3.5b12">St. Kathrein am Hauenstein</placeName>
          </usg>
        </form>
        <form type="dialect">
          <pron xml:lang="bar-AT">fē̩əšdn</pron>
          <usg type="geo">
            <placeName type="kleinregion" ref="/geodata-wboe.xml#p3.5j">unt.steir.Raabt.</placeName>
          </usg>
        </form>
        <form type="dialect">
          <pron xml:lang="bar-AT">φę̄ɒσ̌τn</pron>
          <usg type="geo">
            <placeName type="gemeinde" ref="/geodata-wboe.xml#p3.5k30">Tieschen</placeName>
          </usg>
        </form>
        <form type="dialect">
          <pron xml:lang="bar-AT">fǟžn̥</pron>
          <pron xml:lang="bar-AT">fę̄ɒžn̥</pron>
          <usg type="geo">
            <placeName type="gemeinde" ref="/geodata-wboe.xml#p4.1d08">Tamsweg</placeName>
          </usg>
        </form>
        <form type="dialect">
          <pron xml:lang="bar-AT">fęəršn</pron>
          <usg type="geo">
            <placeName type="gemeinde" ref="/geodata-wboe.xml#p4.1d10">Tweng</placeName>
          </usg>
        </form>
        <form type="dialect">
          <pron xml:lang="bar-AT">φęɒštn</pron>
          <usg type="geo">
            <placeName type="gemeinde" ref="/geodata-wboe.xml#p4.2a01">Bramberg am Wildkogel</placeName>
          </usg>
        </form>
        <form type="dialect">
          <pron xml:lang="bar-AT">fęɒštn</pron>
          <pron xml:lang="bar-AT">fęɒ'žn</pron>
          <usg type="geo">
            <placeName type="gemeinde" ref="/geodata-wboe.xml#p4.2a07">Piesendorf</placeName>
          </usg>
        </form>
        <form type="dialect">
          <pron xml:lang="bar-AT">fęɒšd</pron>
          <usg type="geo">
            <placeName type="gemeinde" ref="/geodata-wboe.xml#p4.2h04">Weißbach bei Lofer</placeName>
          </usg>
        </form>
        <form type="dialect">
          <pron xml:lang="bar-AT">fęɒštn</pron>
          <usg type="geo">
            <placeName type="gemeinde" ref="/geodata-wboe.xml#p4.3b03">Pfarrwerfen</placeName>
          </usg>
        </form>
        <form type="dialect">
          <pron xml:lang="bar-AT">fę̄ɒžn</pron>
          <usg type="geo">
            <placeName type="gemeinde" ref="/geodata-wboe.xml#p4.3c01">Dorfgastein</placeName>
          </usg>
        </form>
        <form type="dialect">
          <pron xml:lang="bar-AT">fęɒn</pron>
          <usg type="geo">
            <placeName type="gemeinde" ref="/geodata-wboe.xml#p4.3f01">Hüttau</placeName>
          </usg>
        </form>
        <form type="dialect">
          <pron xml:lang="bar-AT">fęɒxtn</pron>
          <pron xml:lang="bar-AT">fęɒštn</pron>
          <pron xml:lang="bar-AT">fęɒzn</pron>
          <usg type="geo">
            <placeName type="gemeinde" ref="/geodata-wboe.xml#p4.4d01">Abtenau</placeName>
          </usg>
        </form>
        <form type="dialect">
          <pron xml:lang="bar-AT">fęɒštn</pron>
          <usg type="geo">
            <placeName type="gemeinde" ref="/geodata-wboe.xml#p4.5b08">Nußdorf am Haunsberg</placeName>
          </usg>
        </form>
        <form type="dialect">
          <pron xml:lang="bar-AT">φę̄ɒß̌tn</pron>
          <usg type="geo">
            <placeName type="gemeinde" ref="/geodata-wboe.xml#p4.5b10">Obertrum am See</placeName>
          </usg>
        </form>
        <form type="dialect">
          <pron xml:lang="bar-AT">φē̩ɒσ̌n</pron>
          <usg type="geo">
            <placeName type="gemeinde" ref="/geodata-wboe.xml#p4.5d07">Thalgau</placeName>
          </usg>
        </form>
        <form type="dialect">
          <pron xml:lang="bar-AT">feršn</pron>
          <usg type="geo">
            <placeName type="gemeinde" ref="/geodata-wboe.xml#p5.1b05">Helpfau-Uttendorf</placeName>
          </usg>
        </form>
        <form type="dialect">
          <pron xml:lang="bar-AT">fę̄əšn</pron>
          <usg type="geo">
            <placeName type="gemeinde" ref="/geodata-wboe.xml#p5.1c07">Mühlheim am Inn</placeName>
          </usg>
        </form>
        <form type="dialect">
          <pron xml:lang="bar-AT">vę̄ɒšṇ</pron>
          <usg type="geo">
            <placeName type="gemeinde" ref="/geodata-wboe.xml#p5.1e08">Schärding</placeName>
          </usg>
        </form>
        <form type="dialect">
          <pron xml:lang="bar-AT">vę̄sṇ</pron>
          <usg type="geo">
            <placeName type="gemeinde" ref="/geodata-wboe.xml#p5.2a21">Natternbach</placeName>
          </usg>
        </form>
        <form type="dialect">
          <pron xml:lang="bar-AT">φe̩žn</pron>
          <usg type="geo">
            <placeName type="gemeinde" ref="/geodata-wboe.xml#p5.2a29">Prambachkirchen</placeName>
          </usg>
        </form>
        <form type="dialect">
          <pron xml:lang="bar-AT">φęɒšn</pron>
          <usg type="geo">
            <placeName type="gemeinde" ref="/geodata-wboe.xml#p5.2e01">Linz</placeName>
          </usg>
        </form>
        <form type="dialect">
          <pron xml:lang="bar-AT">φeσ̌n̥</pron>
          <usg type="geo">
            <placeName type="gemeinde" ref="/geodata-wboe.xml#p5.3a01">Ebensee</placeName>
          </usg>
        </form>
        <form type="dialect">
          <pron xml:lang="bar-AT">fē̩ɒšn</pron>
          <usg type="geo">
            <placeName type="gemeinde" ref="/geodata-wboe.xml#p5.3o04">Losenstein</placeName>
          </usg>
        </form>
        <form type="dialect">
          <pron xml:lang="bar-AT">fē̩ɒšn</pron>
          <usg type="geo">
            <placeName type="gemeinde" ref="/geodata-wboe.xml#p5.3o07">Weyer Markt</placeName>
          </usg>
        </form>
        <form type="dialect">
          <pron xml:lang="bar-AT">fĕ̩ß̌n</pron>
          <usg type="geo">
            <placeName type="gemeinde" ref="/geodata-wboe.xml#p5.4b13">Ulrichsberg</placeName>
          </usg>
        </form>
        <form type="dialect">
          <pron xml:lang="bar-AT">fę̄ɒß̌tn</pron>
          <usg type="geo">
            <placeName type="gemeinde" ref="/geodata-wboe.xml#p5.4f18">St. Oswald bei Freistadt</placeName>
          </usg>
        </form>
        <form type="dialect">
          <pron xml:lang="bar-AT">φē̩zn</pron>
          <usg type="geo">
            <placeName type="gemeinde" ref="/geodata-wboe.xml#p5.4g05">St. Leonhard bei Freistadt</placeName>
          </usg>
        </form>
        <form type="dialect">
          <pron xml:lang="bar-AT">fē̩ɒšn</pron>
          <pron xml:lang="bar-AT">fē̩ɒšɒɫ</pron>
          <gramGrp>
            <usg>[Dim.]</usg>
          </gramGrp>
          <usg type="geo">
            <placeName type="gemeinde" ref="/geodata-wboe.xml#p6.1d01">Allhartsberg</placeName>
          </usg>
        </form>
        <form type="dialect">
          <pron xml:lang="bar-AT">fē̩ɒšn</pron>
          <usg type="geo">
            <placeName type="gemeinde" ref="/geodata-wboe.xml#p6.1o01">Herzogenburg</placeName>
          </usg>
        </form>
        <form type="dialect">
          <pron xml:lang="bar-AT">φęɒσ̌n</pron>
          <usg type="geo">
            <placeName type="gemeinde" ref="/geodata-wboe.xml#p6.1k03">Haunoldstein</placeName>
          </usg>
        </form>
        <form type="dialect">
          <pron xml:lang="bar-AT">φeɒžn</pron>
          <usg type="geo">
            <placeName type="gemeinde" ref="/geodata-wboe.xml#p6.2b23">Wolfsgraben</placeName>
          </usg>
        </form>
        <form type="dialect">
          <pron xml:lang="bar-AT">fęɒžn</pron>
          <usg type="geo">
            <placeName type="gemeinde" ref="/geodata-wboe.xml#p6.2e03">Puchberg am Schneeberg</placeName>
          </usg>
        </form>
        <form type="dialect">
          <pron xml:lang="bar-AT">fe͡ašn</pron>
          <pron xml:lang="bar-AT">fe͡ašăn</pron>
          <gramGrp>
            <usg>[Pl.]</usg>
          </gramGrp>
          <usg type="geo">
            <placeName type="gemeinde" ref="/geodata-wboe.xml#p6.2j13">Natschbach-Loipersbach</placeName>
          </usg>
        </form>
        <form type="dialect">
          <pron xml:lang="bar-AT">fę̄ɒšn̥</pron>
          <pron xml:lang="bar-AT">fę̄ɒšnɒ̃</pron>
          <gramGrp>
            <usg>[Pl.]</usg>
          </gramGrp>
          <usg type="geo">
            <placeName type="gemeinde" ref="/geodata-wboe.xml#p6.3b09">Raabs an der Thaya</placeName>
          </usg>
        </form>
        <form type="dialect">
          <pron xml:lang="bar-AT">φę́̄ɒšn̥</pron>
          <usg type="geo">
            <placeName type="gemeinde" ref="/geodata-wboe.xml#p6.3c03">Bad Großpertholz</placeName>
          </usg>
        </form>
        <form type="dialect">
          <pron xml:lang="bar-AT">fē̩ɒšn</pron>
          <usg type="geo">
            <placeName type="gemeinde" ref="/geodata-wboe.xml#p6.3o02">Münichreith-Laimbach</placeName>
          </usg>
        </form>
        <form type="dialect">
          <pron xml:lang="bar-AT">φę̄ɒšn</pron>
          <usg type="geo">
            <placeName type="gemeinde" ref="/geodata-wboe.xml#p6.4d03">Drasenhofen</placeName>
          </usg>
        </form>
        <form type="dialect">
          <pron xml:lang="bar-AT">feašn</pron>
          <usg type="geo">
            <placeName type="gemeinde" ref="/geodata-wboe.xml#p6.4f18">Spannberg</placeName>
          </usg>
        </form>
        <form type="dialect">
          <pron xml:lang="bar-AT">φe̩ɒšn̥</pron>
          <usg type="geo">
            <placeName type="gemeinde" ref="/geodata-wboe.xml#p6.4f06">Ernstbrunn</placeName>
          </usg>
        </form>
        <form type="dialect">
          <pron xml:lang="bar-AT">ƒęɒšn</pron>
          <pron xml:lang="bar-AT">φęɒšn̥</pron>
          <usg type="geo">
            <placeName type="grossregion" ref="/geodata-wboe.xml#p6.5">Wien</placeName>
          </usg>
        </form>
        <form type="dialect">
          <pron xml:lang="bar-AT">fęɒšɒ</pron>
          <usg type="geo">
            <placeName type="gemeinde" ref="/geodata-wboe.xml#p7.1a04">Kittsee</placeName>
          </usg>
        </form>
        <form type="dialect">
          <pron xml:lang="bar-AT">fę̄ɒšn̥</pron>
          <usg type="geo">
            <placeName type="gemeinde" ref="/geodata-wboe.xml#p7.1d14">Oggau am Neusiedler See</placeName>
          </usg>
        </form>
        <form type="dialect">
          <pron xml:lang="bar-AT">fęɒß̌n̥</pron>
          <pron xml:lang="bar-AT">fēš</pron>
          <usg type="geo">
            <placeName type="gemeinde" ref="/geodata-wboe.xml#p7.2a08">Neckenmarkt</placeName>
          </usg>
        </form>
        <form type="dialect">
          <pron xml:lang="bar-AT">fęɒšn</pron>
          <usg type="geo">
            <placeName type="gemeinde" ref="/geodata-wboe.xml#p7.2b08">Pilgersdorf</placeName>
          </usg>
        </form>
        <form type="dialect">
          <pron xml:lang="bar-AT">fęɒšn̥</pron>
          <usg type="geo">
            <placeName type="gemeinde" ref="/geodata-wboe.xml#p7.3c02">Deutsch Schützen-Eisenberg</placeName>
          </usg>
        </form>
        <form type="dialect">
          <pron xml:lang="bar-AT">fē̩ɒžn</pron>
          <usg type="geo">
            <placeName type="gemeinde" ref="/geodata-wboe.xml#p7.3i02">Bildein</placeName>
          </usg>
          <ptr type="collection" subtype="lautung" target="/collections-wboe.xml#c6253"/>
        </form>
        <etym>
          <cit type="etymon">
            <lang>ahd.</lang>
            <form>
              <orth>fersna, fersana</orth>
            </form>
          </cit>
          <seg type="desc">(um 800),</seg>
          <cit type="etymon">
            <lang>mhd.</lang>
            <form>
              <orth>versen(e), verse</orth>
            </form>
            <def>Hacke; hinterer Teil des Fußes, Strumpfes oder Schuhs</def>
          </cit>
          <ref type="bibl" target="Pfeifer 2014">
            <lbl>vgl.</lbl>Pfeifer 2014
            <citedRange>337</citedRange>
          </ref>
        </etym>
        <sense>
          <sense>
            <sense>
              <def>hinterer, gewölbter Teil des Fußes</def>
              <usg type="geo">
                <placeName type="bundesland" ref="/geodata-wboe.xml#p1A">STir.</placeName>
              </usg>
              <usg type="geo">
                <placeName type="bundesland" ref="/geodata-wboe.xml#p1B">OTir.</placeName>
              </usg>
              <usg type="geo">
                <placeName type="bundesland" ref="/geodata-wboe.xml#p1C">NTir.</placeName>
              </usg>
              <usg type="geo">
                <placeName type="bundesland" ref="/geodata-wboe.xml#p2">Ktn.</placeName>
              </usg>
              <usg type="geo">
                <placeName type="bundesland" ref="/geodata-wboe.xml#p3">Stmk.</placeName>
              </usg>
              <usg type="geo">
                <placeName type="bundesland" ref="/geodata-wboe.xml#p4">Sbg.</placeName>
              </usg>
              <usg type="geo">
                <placeName type="bundesland" ref="/geodata-wboe.xml#p5">OÖ</placeName>
              </usg>
              <usg type="geo">
                <placeName type="bundesland" ref="/geodata-wboe.xml#p6">NÖ</placeName>
              </usg>
              <usg type="geo">
                <placeName type="bundesland" ref="/geodata-wboe.xml#p6.5">Wien</placeName>
              </usg>
              <usg type="geo">
                <placeName type="bundesland" ref="/geodata-wboe.xml#p7">Bgl.</placeName>
              </usg>
              <cit type="example">
                <quote xml:lang="bar-AT">bis on dö Fe͜ₐrsn saubr sein</quote>
                <usg type="geo">
                  <placeName type="grossregion" ref="/geodata-wboe.xml#p2.2">MKtn.</placeName>
                </usg>
              </cit>
              <cit type="example">
                <quote xml:lang="bar-AT">Meiñ rechte Fersch'n tuat ma weh!</quote>
                <usg type="geo">
                  <placeName type="grossregion" ref="/geodata-wboe.xml#p6.5">Wien</placeName>
                </usg>
              </cit>
              <ptr type="collection" subtype="bedeutung" target="/collections-wboe.xml#c6321"/>
            </sense>
            <sense>
              <sense>
                <def>hinterer Teil des Strumpfes</def>
                <usg type="geo">
                  <placeName type="grossregion" ref="/geodata-wboe.xml#p1A.1">wSTir.</placeName>
                </usg>
                <usg type="geo">
                  <placeName type="grossregion" ref="/geodata-wboe.xml#p1A.4">öSTir.</placeName>
                </usg>
                <usg type="geo">
                  <placeName type="bundesland" ref="/geodata-wboe.xml#p1B">OTir.</placeName>
                </usg>
                <usg type="geo">
                  <placeName type="bundesland" ref="/geodata-wboe.xml#p1C">NTir.</placeName>
                </usg>
                <usg type="geo">
                  <placeName type="grossregion" ref="/geodata-wboe.xml#p3.1">sbair.ObStmk.</placeName>
                </usg>
                <usg type="geo">
                  <placeName type="grossregion" ref="/geodata-wboe.xml#p4.2">Pinzg.</placeName>
                </usg>
                <usg type="geo">
                  <placeName type="grossregion" ref="/geodata-wboe.xml#p4.3">Pong.</placeName>
                </usg>
                <usg type="geo">
                  <placeName type="grossregion" ref="/geodata-wboe.xml#p5.2">Hausrv.</placeName>
                </usg>
                <usg type="geo">
                  <placeName type="grossregion" ref="/geodata-wboe.xml#p5.4">Mühlv.</placeName>
                </usg>
                <usg type="geo">
                  <placeName type="bundesland" ref="/geodata-wboe.xml#p6">NÖ</placeName>
                </usg>
                <ptr type="collection" subtype="bedeutung" target="/collections-wboe.xml#c6322"/>
              </sense>
              <sense>
                <def>hinterer Teil des Schuhs</def>
                <usg type="geo">
                  <placeName type="grossregion" ref="/geodata-wboe.xml#p1A.4">öSTir.</placeName>
                </usg>
                <ptr type="collection" subtype="bedeutung" target="/collections-wboe.xml#c6323"/>
              </sense>
            </sense>
            <sense>
              <def>Sohle</def>
              <usg type="geo">
                <placeName type="grossregion" ref="/geodata-wboe.xml#p2.2">MKtn.</placeName>
              </usg>
              <ptr type="collection" subtype="bedeutung" target="/collections-wboe.xml#c6324"/>
            </sense>
          </sense>
          <sense>
            <def>hinterer, eckiger Teil der Sense</def>
            <usg type="geo">
              <placeName type="grossregion" ref="/geodata-wboe.xml#p2.1">ObKtn.</placeName>
            </usg>
            <ptr type="collection" subtype="bedeutung" target="/collections-wboe.xml#c6325"/>
          </sense>
          <sense>
            <lbl>nur</lbl>
            <xr type="variant" subtype="diminutive">
              <ref>Ferserl</ref>
            </xr>
            <usg>(Diminutiv)</usg>
            <def>Anschnitt oder Endstück eines Brotes</def>
            <usg type="geo">
              <placeName type="grossregion" ref="/geodata-wboe.xml#p6.1">Mostv.</placeName>
            </usg>
            <ptr type="collection" subtype="bedeutung" target="/collections-wboe.xml#c6326"/>
          </sense>
        </sense>
        <re>
          <form subtype="compound" type="lemma">
            <orth>Alsterferse</orth>
          </form>
          <sense>
            <sense>
              <def type="umschreibung">verächtliches Schimpfwort</def>
              <usg type="geo">
                <placeName type="bundesland" ref="/geodata-wboe.xml#p2">Ktn.</placeName>
              </usg>
              <ptr type="collection" subtype="bedeutung" target="/collections-wboe.xml#c6327"/>
            </sense>
          </sense>
        </re>
        <re>
          <form subtype="compound" type="lemma">
            <orth>Strumpfferse</orth>
          </form>
          <sense>
            <sense>
              <def>hinterer Teil des Strumpfes</def>
              <usg type="geo">
                <placeName type="grossregion" ref="/geodata-wboe.xml#p2.1">ObKtn.</placeName>
              </usg>
              <usg type="geo">
                <placeName type="grossregion" ref="/geodata-wboe.xml#p6.4">Weinv.</placeName>
              </usg>
              <ptr type="collection" subtype="bedeutung" target="/collections-wboe.xml#c6440"/>
            </sense>
          </sense>
        </re>
        <re type="redewendung">
          <form subtype="MWE" type="lemma">
            <orth>ein mürrisches Fersel</orth>
          </form>
          <sense>
            <sense>
              <def>eine lästige Person, die einem überall nachgeht</def>
              <usg type="geo">
                <placeName type="grossregion" ref="/geodata-wboe.xml#p1A.4">öSTir.</placeName>
              </usg>
              <cit type="example">
                <quote xml:lang="bar-AT">a murris fęəršilẹ</quote>
                <usg type="geo">
                  <placeName type="gemeinde" ref="/geodata-wboe.xml#p1A.4c01">Lüsen</placeName>
                </usg>
              </cit>
              <ptr type="collection" subtype="bedeutung" target="/collections-wboe.xml#c6329"/>
            </sense>
          </sense>
        </re>
        <re type="redewendung">
          <form subtype="MWE" type="lemma">
            <orth>einem auf den Fersen sein</orth>
          </form>
          <sense>
            <sense>
              <def>jemanden verfolgen; jemanden beständig im Auge haben</def>
              <usg type="geo">
                <placeName type="grossregion" ref="/geodata-wboe.xml#p1C.2">mNTir.</placeName>
              </usg>
              <usg type="geo">
                <placeName type="grossregion" ref="/geodata-wboe.xml#p2.2">MKtn.</placeName>
              </usg>
              <usg type="geo">
                <placeName type="grossregion" ref="/geodata-wboe.xml#p4.2">Pinzg.</placeName>
              </usg>
              <usg type="geo">
                <placeName type="grossregion" ref="/geodata-wboe.xml#p4.3">Pong.</placeName>
              </usg>
              <usg type="geo">
                <placeName type="grossregion" ref="/geodata-wboe.xml#p6.4">Weinv.</placeName>
              </usg>
              <cit type="example">
                <quote xml:lang="bar-AT">ǫã ǫlm auf di feəršn saĩ</quote>
                <usg type="geo">
                  <placeName type="gemeinde" ref="/geodata-wboe.xml#p1C.2a29">Weer</placeName>
                </usg>
              </cit>
              <cit type="example">
                <quote xml:lang="bar-AT">dea is oan ålwei af di Feaschtn</quote>
                <usg type="geo">
                  <placeName type="gemeinde" ref="/geodata-wboe.xml#p4.2c01">Fusch an der Großglocknerstraße</placeName>
                </usg>
              </cit>
              <cit type="example">
                <quote xml:lang="bar-AT">I bin eam a ollaweul auf da Feaschn</quote>
                <usg type="geo">
                  <placeName type="gemeinde" ref="/geodata-wboe.xml#p6.4d18">Poysdorf</placeName>
                </usg>
              </cit>
            </sense>
          </sense>
          <ptr type="collection" subtype="MWE" target="/collections-wboe.xml#c6442"/>
        </re>
        <re type="redewendung">
          <form subtype="MWE" type="lemma">
            <orth>einem auf die Ferse(n) treten</orth>
          </form>
          <sense>
            <sense>
              <def>dicht hinter jemandem hergehen</def>
              <usg type="geo">
                <placeName type="bundesland" ref="/geodata-wboe.xml#p1C">NTir.</placeName>
              </usg>
              <usg type="geo">
                <placeName type="grossregion" ref="/geodata-wboe.xml#p6.1">Mostv.</placeName>
              </usg>
              <usg type="geo">
                <placeName type="grossregion" ref="/geodata-wboe.xml#p6.3">Waldv.</placeName>
              </usg>
              <usg type="geo">
                <placeName type="grossregion" ref="/geodata-wboe.xml#p6.4">Weinv.</placeName>
              </usg>
              <cit type="example">
                <quote xml:lang="bar-AT">ǫan auf d Fe̩aschtn trętn</quote>
                <usg type="geo">
                  <placeName type="kleinregion" ref="/geodata-wboe.xml#p1C.3c">wUInnt.</placeName>
                </usg>
              </cit>
              <cit type="example">
                <quote xml:lang="bar-AT">oãn auf d'Fe͜aschn drė̄n</quote>
                <usg type="geo">
                  <placeName type="gemeinde" ref="/geodata-wboe.xml#p6.1n02">Dunkelsteinerwald</placeName>
                </usg>
              </cit>
              <ptr type="collection" subtype="bedeutung" target="/collections-wboe.xml#c6443"/>
            </sense>
          </sense>
        </re>
        <re type="redewendung">
          <form subtype="MWE" type="lemma">
            <orth>einem mit der Ferse winken</orth>
          </form>
          <sense>
            <sense>
              <def>einen unliebsamen Betrüger oder Bettler abweisen</def>
              <usg type="geo">
                <placeName type="bundesland" ref="/geodata-wboe.xml#p6.5">Wien</placeName>
              </usg>
              <cit type="example">
                <quote xml:lang="bar-AT">ɒ̄ⁿ mid dă Fę̄ᵃʳschⁿ wiŋgŋ</quote>
                <usg type="geo">
                  <placeName type="gemeinde" ref="/geodata-wboe.xml#p6.5w06">Mauer</placeName>
                </usg>
              </cit>
              <ptr type="collection" subtype="bedeutung" target="/collections-wboe.xml#c6444"/>
            </sense>
          </sense>
        </re>
        <re type="redewendung">
          <form subtype="MWE" type="lemma">
            <orth>einem nie von den Fersen gehen</orth>
          </form>
          <sense>
            <sense>
              <def>immerfort um einen herum sein</def>
              <usg type="geo">
                <placeName type="grossregion" ref="/geodata-wboe.xml#p1A.4">öSTir.</placeName>
              </usg>
              <cit type="example">
                <quote xml:lang="bar-AT">ǫan niə fa di fęəršn giən</quote>
                <usg type="geo">
                  <placeName type="gemeinde" ref="/geodata-wboe.xml#p1A.4c01">Lüsen</placeName>
                </usg>
              </cit>
              <ptr type="collection" subtype="bedeutung" target="/collections-wboe.xml#c6445"/>
            </sense>
          </sense>
        </re>
        <re type="redewendung">
          <form subtype="MWE" type="lemma">
            <orth>einen lieber bei den Fersen als bei den Zehen sehen</orth>
          </form>
          <sense>
            <sense>
              <def>jemanden lieber gehen als kommen sehen</def>
              <usg type="geo">
                <placeName type="bundesland" ref="/geodata-wboe.xml#p1A">STir.</placeName>
              </usg>
              <usg type="geo">
                <placeName type="bundesland" ref="/geodata-wboe.xml#p1B">OTir.</placeName>
              </usg>
              <usg type="geo">
                <placeName type="bundesland" ref="/geodata-wboe.xml#p1C">NTir.</placeName>
              </usg>
              <usg type="geo">
                <placeName type="grossregion" ref="/geodata-wboe.xml#p2.2">MKtn.</placeName>
              </usg>
              <usg type="geo">
                <placeName type="grossregion" ref="/geodata-wboe.xml#p5.4">Mühlv.</placeName>
              </usg>
              <usg type="geo">
                <placeName type="grossregion" ref="/geodata-wboe.xml#p6.2">Industriev.</placeName>
              </usg>
              <cit type="example">
                <quote xml:lang="bar-AT">oanen liaber bei der Fersch'n as bei der Zehen sehen</quote>
                <usg type="geo">
                  <placeName type="bundesland" ref="/geodata-wboe.xml#p1A">STir.</placeName>
                </usg>
              </cit>
              <cit type="example">
                <quote xml:lang="bar-AT">ǫã liəbər pa di feəršn as pa di tseəχn sȫχn</quote>
                <usg type="geo">
                  <placeName type="gemeinde" ref="/geodata-wboe.xml#p1C.2a29">Weer</placeName>
                </usg>
              </cit>
              <cit type="example">
                <quote xml:lang="bar-AT">də̄n si͡ah i li͡awăʳ mīd dăʳ Fe͡aʳschn å͡iˡs wi͡aʳ mīd dăʳ Zēhn</quote>
                <usg type="geo">
                  <placeName type="gemeinde" ref="/geodata-wboe.xml#p6.2j15">Pottendorf</placeName>
                </usg>
              </cit>
              <ptr type="collection" subtype="bedeutung" target="/collections-wboe.xml#c6446"/>
            </sense>
          </sense>
        </re>
        <re type="redewendung">
          <form subtype="MWE" type="lemma">
            <orth>zu kurze Fersen haben</orth>
          </form>
          <sense>
            <sense>
              <def>leicht zu haben sein</def>
              <usg type="geo">
                <placeName type="grossregion" ref="/geodata-wboe.xml#p5.2">Hausrv.</placeName>
              </usg>
              <cit type="example">
                <quote xml:lang="bar-AT">dė ho̩d τσκuɒtßė φe̩sn</quote>
                <usg type="geo">
                  <placeName type="gemeinde" ref="/geodata-wboe.xml#p5.2b46">Weibern</placeName>
                </usg>
              </cit>
              <ptr type="collection" subtype="bedeutung" target="/collections-wboe.xml#c6447"/>
            </sense>
          </sense>
        </re>
      </entry>
    </body>
  </text>
</TEI>