<?xml version="1.0" encoding="UTF-8"?>
    <?xml-model href="http://www.tei-c.org/release/xml/tei/custom/schema/relaxng/tei_all.rng" type="application/xml" schematypens="http://purl.oclc.org/dsdl/schematron"?>
    <?xml-model href="../../803_RNG-schematron/WBOE-ODD.rnc" type="application/relax-ng-compact-syntax"?>
<?redaktionstool version="0.6.5"?>
<TEI xmlns="http://www.tei-c.org/ns/1.0">
  <teiHeader>
    <fileDesc>
      <titleStmt>
        <title>Fertigung</title>
        <respStmt>
          <resp>Editor</resp>
          <name ref="#PhS">Philipp Stöckle</name>
        </respStmt>
        <respStmt>
          <resp>Encoding Scheme</resp>
          <name>Jack Bowers</name>
          <name>Daniel Schopper</name>
          <name>Omar Siam</name>
        </respStmt>
        <respStmt>
          <resp>DBOE Team</resp>
          <name xml:id="AL">Alexandra N. Lenz</name>
          <name xml:id="PhS">Philipp Stöckle</name>
          <name xml:id="AG">Andreas Gellan</name>
          <name xml:id="PZ">Patrick Zeitlhuber</name>
          <name xml:id="SW">Sabine Wahl</name>
          <name xml:id="SS">Sonja Schwaiger</name>
          <name xml:id="JD">Jan Braun</name>
          <name xml:id="AB">Angela Bergermayer</name>
          <name xml:id="EW">Eva Wahlmüller</name>
          <name xml:id="DG">David Gschösser</name>
          <name xml:id="StS">Stefanie Schöberl</name>
          <name xml:id="FF">Fabian Fleißner</name>
        </respStmt>
        <respStmt>
          <resp>Student assistants</resp>
          <name>Eva Wahlmüller</name>
          <name>Susanna Muhr</name>
          <name>Alexandra Grohe</name>
          <name>Klemens Wagner</name>
          <name>Manuela Stütz</name>
          <name>Christina Hemetsberger</name>
        </respStmt>
      </titleStmt>
      <publicationStmt>
        <p></p>
      </publicationStmt>
      <sourceDesc>
        <list>
          <item>
            <label>Geo-data</label>
            <ptr xml:id="geo-inventory-WBOE" target="../geodata-wboe.xml"/>
          </item>
          <item>
            <label>Bibliography</label>
            <ptr xml:id="bibliography-WBOE" target="../bibl-wboe.xml"/>
          </item>
          <item>
            <label>WBOE-Slips</label>
            <ptr xml:id="slips-WBOE" target="../slips-wboe.xml"/>
          </item>
          <item>
            <label>WBOE-Collections</label>
            <ptr xml:id="collections-WBOE" target="../collections-wboe.xml"/>
          </item>
        </list>
      </sourceDesc>
    </fileDesc>
    <revisionDesc>
      <listChange>
        <change status="in progress" when="2018-11-04" who="#EW">Datensatz erstellt</change>
        <change status="peer correction" when="2018-12-19" who="#PhS">WB Abfertigung Bed. 2 korrigiert</change>
        <change status="external correction" when="2018-12-21" who="#PhS">Collections hinzugefügt</change>
        <change status="external correction" when="2020-04-30" who="#PhS">Lautungskommentar hinzugefügt</change>
        <change status="finished" when="2020-10-07" who="#PhS">Lautungen korrigiert</change>
      </listChange>
    </revisionDesc>
  </teiHeader>
  <text>
    <body>
      <entry>
        <form type="lemma" xml:id="Fertigung">
          <orth>Fertigung</orth>
          <ptr type="collection" subtype="lemma" target="/collections-wboe.xml#c506"/>
        </form>
        <gramGrp>
          <gram type="pos">Substantiv</gram>
          <gram type="gender">Femininum</gram>
        </gramGrp>
        <usg type="geo">
          <placeName type="bundesland" ref="/geodata-wboe.xml#p1A">STir.</placeName>
        </usg>
        <usg type="geo">
          <placeName type="bundesland" ref="/geodata-wboe.xml#p1B">OTir.</placeName>
        </usg>
        <usg type="geo">
          <placeName type="bundesland" ref="/geodata-wboe.xml#p1C">NTir.</placeName>
        </usg>
        <usg type="geo">
          <placeName type="grossregion" ref="/geodata-wboe.xml#p2.2">MKtn.</placeName>
        </usg>
        <usg type="geo">
          <placeName type="bundesland" ref="/geodata-wboe.xml#p3">Stmk.</placeName>
        </usg>
        <usg type="geo">
          <placeName type="bundesland" ref="/geodata-wboe.xml#p4">Sbg.</placeName>
        </usg>
        <usg type="geo">
          <placeName type="bundesland" ref="/geodata-wboe.xml#p5">OÖ</placeName>
        </usg>
        <usg type="geo">
          <placeName type="grossregion" ref="/geodata-wboe.xml#p6.2">Industriev.</placeName>
        </usg>
        <usg type="geo">
          <placeName type="grossregion" ref="/geodata-wboe.xml#p6.3">Waldv.</placeName>
        </usg>
        <note type="kommentar" resp="#FF">Im gesamten Untersuchungsraum liegen fallende Diphthonge vor, die entweder wie im Südbairischen auf die Diphthongierung des Stammvokals
          <c>e</c>zurückgehen oder wie im Mittelbairische auf Vokalisierung von
          <c>r</c>, mitunter erfolgte später eine Hebung des Onsets
          <xr>
            <ref>ƒęɒrtįguŋ</ref>
            <ref>fęɒtįguŋ</ref>
            <ref>fįɒtįguŋ</ref>
          </xr>. Im Südbairischen, Südmittelbairischen und in der sog. oberösterreichischen Beharrsamkeitsbrücke lassen sich zudem konservativere
          <c>e</c>-Monophthonge unterschiedlicher Länge und Qualität finden
          <xr>
            <ref>ƒęß̌tįguŋ</ref>
          </xr>. Gerundete Formen sind nach Ausbreitung der moderneren Diphthonge nur mehr im Südbairischen zu finden, die den
          <c>e</c>-Monophthong fortsetzen und ihrerseits mitunter gehoben wurden
          <xr>
            <ref>ƒörß̌tįguŋ</ref>
          </xr>. Den vereinzelt belegten mittelbairischen
          <c>ü</c>-Formen geht dagegen ein
          <c>iɒ</c>-Diphthong voraus
          <xr>
            <ref>fų̈rtįguŋ</ref>
          </xr>. Unabhängig von den Formen mit
          <c>r</c>-Erhalt sind auch frikativische Konsonanteneinschübe vor Dentalen belegt, deren Qualität mitunter vom Artikulationsort des Liquids abhängig ist. Das betrifft sowohl
          <c>š</c>- als auch
          <c>x</c>-Laute
          <xr>
            <ref>ƒęß̌tįgųŋ</ref>
            <ref>fįɒxdįgųŋ</ref>
          </xr>. Aufgrund der Kombinierbarkeit mit allen vorliegenden Vokalvarianten lässt sich dabei keine klare areale Verteilung ausmachen. Lenisiertes
          <c>t</c>ist für das Mittelbairische belegt
          <xr>
            <ref>fęɒdįgųŋ</ref>
          </xr>, es überwiegen aber überall die Fortisvarianten
          <xr>
            <ref>ƒęɒtįgųŋ</ref>
          </xr>. Der Vokal des Suffixes
          -
          <c>ig</c>unterliegt qualitativen Schwankungen, oft erfolgt eine Abschwächung bzw. Senkung zu
          <c>ə</c>
          <xr>
            <ref>ƒęɒtəgųŋ</ref>
          </xr>. Für das Suffix
          -
          <c>ung</c>liegen ebenfalls Schwankungen hinsichtlich der Vokalqualität vor, die allerdings regional nicht geordnet werden können, so steht im Südbairischen
          <xr>
            <ref>ƒįɒtəgųŋ</ref>
          </xr>neben
          <xr>
            <ref>ƒįɒtįŋ</ref>
          </xr>. Dabei kann es sich auch um einen analogischen Einfluss durch das verwandte Suffix
          -
          <c>ing</c>handeln.
        </note>
        <form type="dialect">
          <pron xml:lang="bar-AT">‑förštiguŋ</pron>
          <usg type="geo">
            <placeName type="gemeinde" ref="/geodata-wboe.xml#p1A.4d02">Kiens</placeName>
          </usg>
        </form>
        <form type="dialect">
          <pron xml:lang="bar-AT">foͤrtign</pron>
          <usg type="geo">
            <placeName type="gemeinde" ref="/geodata-wboe.xml#p1B.0b01">Außervillgraten</placeName>
          </usg>
        </form>
        <form type="dialect">
          <pron xml:lang="bar-AT">‑firting</pron>
          <usg type="geo">
            <placeName type="gemeinde" ref="/geodata-wboe.xml#p2.3b04">Gurk</placeName>
          </usg>
        </form>
        <form type="dialect">
          <pron xml:lang="bar-AT">feštigũŋ̃</pron>
          <usg type="geo">
            <placeName type="gemeinde" ref="/geodata-wboe.xml#p4.2c01">Fusch an der Großglocknerstraße</placeName>
          </usg>
        </form>
        <form type="dialect">
          <pron xml:lang="bar-AT">fešτigǫ̂ŋ</pron>
          <usg type="geo">
            <placeName type="gemeinde" ref="/geodata-wboe.xml#p4.2f01">Maishofen</placeName>
          </usg>
        </form>
        <form type="dialect">
          <pron xml:lang="bar-AT">feσ̌τigûŋ</pron>
          <usg type="geo">
            <placeName type="gemeinde" ref="/geodata-wboe.xml#p4.2h04">Weißbach bei Lofer</placeName>
          </usg>
        </form>
        <form type="dialect">
          <pron xml:lang="bar-AT">‑fėštėguŋ</pron>
          <usg type="geo">
            <placeName type="gemeinde" ref="/geodata-wboe.xml#p4.3d02">Großarl</placeName>
          </usg>
        </form>
        <form type="dialect">
          <pron xml:lang="bar-AT">-φi̇ɒχtėκũŋ</pron>
          <usg type="geo">
            <placeName type="gemeinde" ref="/geodata-wboe.xml#p4.5e01">Salzburg</placeName>
          </usg>
        </form>
        <form type="dialect">
          <pron xml:lang="bar-AT">‑φɪɒtėκũŋ</pron>
          <usg type="geo">
            <placeName type="bundesland" ref="/geodata-wboe.xml#p4">Sbg.</placeName>
          </usg>
        </form>
        <form type="dialect">
          <pron xml:lang="bar-AT">fiə́rtėguŋ</pron>
          <usg type="geo">
            <placeName type="gemeinde" ref="/geodata-wboe.xml#p5.1c07">Mühlheim am Inn</placeName>
          </usg>
        </form>
        <form type="dialect">
          <pron xml:lang="bar-AT">ƒėτə̇kũŋ</pron>
          <usg type="geo">
            <placeName type="gemeinde" ref="/geodata-wboe.xml#p5.1d15">Ried im Innkreis</placeName>
          </usg>
        </form>
        <form type="dialect">
          <pron xml:lang="bar-AT">‑fiɒtėguŋ</pron>
          <usg type="geo">
            <placeName type="grossregion" ref="/geodata-wboe.xml#p5.1">Innv.</placeName>
          </usg>
        </form>
        <form type="dialect">
          <pron xml:lang="bar-AT">fürtigung</pron>
          <usg type="geo">
            <placeName type="gemeinde" ref="/geodata-wboe.xml#p5.4d13">St. Veit im Mühlkreis</placeName>
          </usg>
        </form>
        <form type="dialect">
          <pron xml:lang="bar-AT">fērdĭgŭnᵍ</pron>
          <usg type="geo">
            <placeName type="gemeinde" ref="/geodata-wboe.xml#p6.2e04">Rohr im Gebirge</placeName>
          </usg>
          <ptr type="collection" subtype="lautung" target="/collections-wboe.xml#c507"/>
        </form>
        <etym>
          <cit type="etymon">
            <lang>mhd.</lang>
            <form>
              <orth>vertigunge</orth>
            </form>
            <def>Ausstattung; Ausfertigung; Auftrag; Fracht</def>
          </cit>
          <ref type="bibl" target="Pfeifer 2014">
            <lbl>vgl.</lbl>Pfeifer 2014
            <citedRange>337</citedRange>
          </ref>
          <seg type="desc">; siehe auch</seg>
          <cit type="etymon">
            <xr type="lemma">
              <ref target="fertigen.xml#fertigen">fertigen</ref>
            </xr>
          </cit>
        </etym>
        <sense>
          <sense>
            <sense>
              <def>Brautausstattung; Aussteuer; Mitgift</def>
              <usg type="geo">
                <placeName type="bundesland" ref="/geodata-wboe.xml#p1A">STir.</placeName>
              </usg>
              <usg type="geo">
                <placeName type="bundesland" ref="/geodata-wboe.xml#p1B">OTir.</placeName>
              </usg>
              <usg type="geo">
                <placeName type="bundesland" ref="/geodata-wboe.xml#p1C">NTir.</placeName>
              </usg>
              <usg type="geo">
                <placeName type="bundesland" ref="/geodata-wboe.xml#p3">Stmk.</placeName>
              </usg>
              <usg type="geo">
                <placeName type="grossregion" ref="/geodata-wboe.xml#p4.2">Pinzg.</placeName>
              </usg>
              <usg type="geo">
                <placeName type="grossregion" ref="/geodata-wboe.xml#p4.5">Flachg.</placeName>
              </usg>
              <usg type="geo">
                <placeName type="bundesland" ref="/geodata-wboe.xml#p5">OÖ</placeName>
              </usg>
              <cit type="example">
                <quote xml:lang="bar-AT">sė dǫən fęəchtėguŋ fǫəʳn</quote>
                <usg type="geo">
                  <placeName type="gemeinde" ref="/geodata-wboe.xml#p5.1a02">Eggelsberg</placeName>
                </usg>
              </cit>
              <ptr type="collection" subtype="bedeutung" target="/collections-wboe.xml#c508"/>
            </sense>
            <sense>
              <def>Ausstattung beider Brautleute</def>
              <usg type="geo">
                <placeName type="grossregion" ref="/geodata-wboe.xml#p5.2">Hausrv.</placeName>
              </usg>
              <ptr type="collection" subtype="bedeutung" target="/collections-wboe.xml#c509"/>
            </sense>
          </sense>
          <sense>
            <def>das letzte Geschenk (in Form von Kleidung) der Taufpaten an das Patenkind vor dem Austritt aus der Schule</def>
            <usg type="geo">
              <placeName type="grossregion" ref="/geodata-wboe.xml#p5.1">Innv.</placeName>
            </usg>
            <ptr type="collection" subtype="bedeutung" target="/collections-wboe.xml#c510"/>
          </sense>
        </sense>
        <re>
          <form subtype="compound" type="lemma">
            <orth>Abfertigung</orth>
          </form>
          <sense>
            <sense>
              <def>Brautausstattung; Aussteuer; Mitgift</def>
              <usg type="geo">
                <placeName type="grossregion" ref="/geodata-wboe.xml#p4.3">Pong.</placeName>
              </usg>
              <usg type="geo">
                <placeName type="grossregion" ref="/geodata-wboe.xml#p6.3">Waldv.</placeName>
              </usg>
              <ptr type="collection" subtype="bedeutung" target="/collections-wboe.xml#c511"/>
            </sense>
            <sense>
              <def>Geschenk (in Form von Geld oder Kleidung) der Paten an das Patenkind nach Erreichen eines gewissen Alters</def>
              <usg type="geo">
                <placeName type="bundesland" ref="/geodata-wboe.xml#p3">Stmk.</placeName>
              </usg>
              <usg type="geo">
                <placeName type="grossregion" ref="/geodata-wboe.xml#p5.2">Hausrv.</placeName>
              </usg>
              <ptr type="collection" subtype="bedeutung" target="/collections-wboe.xml#c512"/>
            </sense>
          </sense>
        </re>
        <re>
          <form subtype="compound" type="lemma">
            <orth>Ausfertigung</orth>
          </form>
          <sense>
            <sense>
              <sense>
                <def>Brautausstattung; Aussteuer; Mitgift</def>
                <usg type="geo">
                  <placeName type="bundesland" ref="/geodata-wboe.xml#p5">OÖ</placeName>
                </usg>
                <ptr type="collection" subtype="bedeutung" target="/collections-wboe.xml#c513"/>
              </sense>
              <sense>
                <def>Ausstattung beider Brautleute</def>
                <usg type="geo">
                  <placeName type="grossregion" ref="/geodata-wboe.xml#p5.2">Hausrv.</placeName>
                </usg>
                <ptr type="collection" subtype="bedeutung" target="/collections-wboe.xml#c514"/>
              </sense>
            </sense>
            <sense>
              <sense>
                <def>Hochzeitsgericht; Speise bei der Hochzeit</def>
                <usg type="geo">
                  <placeName type="grossregion" ref="/geodata-wboe.xml#p5.2">Hausrv.</placeName>
                </usg>
                <cit type="example">
                  <quote xml:lang="bar-AT">d'Ausfertigung zahln d'Braud u. Breikər</quote>
                  <usg type="geo">
                    <placeName type="gemeinde" ref="/geodata-wboe.xml#p5.2b18">Lambach</placeName>
                  </usg>
                </cit>
                <ptr type="collection" subtype="bedeutung" target="/collections-wboe.xml#c515"/>
              </sense>
            </sense>
          </sense>
        </re>
        <re>
          <form subtype="compound" type="lemma">
            <orth>Aushinfertigung</orth>
          </form>
          <sense>
            <sense>
              <sense>
                <def>Brautausstattung; Aussteuer; Mitgift</def>
                <usg type="geo">
                  <placeName type="grossregion" ref="/geodata-wboe.xml#p1A.4">öSTir.</placeName>
                </usg>
                <usg type="geo">
                  <placeName type="grossregion" ref="/geodata-wboe.xml#p1C.3">öNTir.</placeName>
                </usg>
                <usg type="geo">
                  <placeName type="bundesland" ref="/geodata-wboe.xml#p4">Sbg.</placeName>
                </usg>
                <usg type="geo">
                  <placeName type="bundesland" ref="/geodata-wboe.xml#p5">OÖ</placeName>
                </usg>
                <ptr type="collection" subtype="bedeutung" target="/collections-wboe.xml#c516"/>
              </sense>
              <sense>
                <def>das letzte Patengeschenk (in Form von Kleidung)</def>
                <usg type="geo">
                  <placeName type="grossregion" ref="/geodata-wboe.xml#p5.1">Innv.</placeName>
                </usg>
                <ptr type="collection" subtype="bedeutung" target="/collections-wboe.xml#c517"/>
              </sense>
            </sense>
            <sense>
              <sense>
                <def>Totenmahl</def>
                <usg type="geo">
                  <placeName type="grossregion" ref="/geodata-wboe.xml#p1A.4">öSTir.</placeName>
                </usg>
                <ptr type="collection" subtype="bedeutung" target="/collections-wboe.xml#c518"/>
              </sense>
            </sense>
          </sense>
        </re>
        <re>
          <form subtype="compound" type="lemma">
            <orth>Verfertigung</orth>
          </form>
          <sense>
            <sense>
              <def>Ausfertigung; Unterschreiben (eines Schriftstücks)</def>
              <usg type="geo">
                <placeName type="bundesland" ref="/geodata-wboe.xml#p3">Stmk.</placeName>
              </usg>
              <ptr type="collection" subtype="bedeutung" target="/collections-wboe.xml#c519ja"/>
            </sense>
          </sense>
        </re>
      </entry>
    </body>
  </text>
</TEI>