<?xml version="1.0" encoding="UTF-8"?>
    <?xml-model href="http://www.tei-c.org/release/xml/tei/custom/schema/relaxng/tei_all.rng" type="application/xml" schematypens="http://purl.oclc.org/dsdl/schematron"?>
    <?xml-model href="../../803_RNG-schematron/WBOE-ODD.rnc" type="application/relax-ng-compact-syntax"?>
<?redaktionstool version="0.8.2" ?>
<?parser type="lioe" version="0.8.2" ?>
<TEI xmlns="http://www.tei-c.org/ns/1.0">
  <teiHeader>
    <fileDesc>
      <titleStmt>
        <title>Fese</title>
        <respStmt>
          <resp>Editor</resp>
          <name ref="#AG">Andreas Gellan</name>
        </respStmt>
        <respStmt>
          <resp>Encoding Scheme</resp>
          <name>Jack Bowers</name>
          <name>Daniel Schopper</name>
          <name>Omar Siam</name>
        </respStmt>
        <respStmt>
          <resp>DBOE Team</resp>
          <name xml:id="AL">Alexandra N. Lenz</name>
          <name xml:id="PhS">Philipp Stöckle</name>
          <name xml:id="AG">Andreas Gellan</name>
          <name xml:id="PZ">Patrick Zeitlhuber</name>
          <name xml:id="SW">Sabine Wahl</name>
          <name xml:id="SS">Sonja Schwaiger</name>
          <name xml:id="AB">Angela Bergermayer</name>
          <name xml:id="EW">Eva Wahlmüller</name>
          <name xml:id="DG">David Gschösser</name>
          <name xml:id="StS">Stefanie Schöberl</name>
          <name xml:id="FF">Fabian Fleißner</name>
          <name xml:id="MK">Markus Kunzmann</name>
          <name xml:id="AK">Agnes Kim</name>
          <name xml:id="IG">Ingeborg Geyer</name>
          <name xml:id="MG">Manfred Glauninger</name>
        </respStmt>
        <respStmt>
          <resp>Student assistants</resp>
          <name>Susanna Muhr</name>
          <name>Manuela Stütz</name>
          <name>Christina Hemetsberger</name>
        </respStmt>
      </titleStmt>
      <publicationStmt>
        <p></p>
      </publicationStmt>
      <sourceDesc>
        <list>
          <item>
            <label>Geo-data</label>
            <ptr xml:id="geo-inventory-WBOE" target="../geodata-wboe.xml"/>
          </item>
          <item>
            <label>Bibliography</label>
            <ptr xml:id="bibliography-WBOE" target="../bibl-wboe.xml"/>
          </item>
          <item>
            <label>WBOE-Slips</label>
            <ptr xml:id="slips-WBOE" target="../slips-wboe.xml"/>
          </item>
          <item>
            <label>WBOE-Collections</label>
            <ptr xml:id="collections-WBOE" target="../collections-wboe.xml"/>
          </item>
        </list>
      </sourceDesc>
    </fileDesc>
    <revisionDesc status="">
      <listChange>
        <change status="in progress" when="2020-02-20" who="#AG">Datensatz erstellt</change>
        <change status="internal correction" when="2020-02-20" who="#AG">Änderungen angepasst</change>
        <change status="external correction" when="2020-08-20" who="#AG">LK fehlt noch, Anm. von Manzi eingearbeitet</change>
        <change status="external correction" when="2020-08-21" who="#AG">für JE/IG freigegeben</change>
        <change status="finished" when="2020-10-05" who="#AG">Anmerkungen eingearbeitet</change>
      </listChange>
    </revisionDesc>
  </teiHeader>
  <text>
    <body>
      <entry>
        <form type="lemma" xml:id="Fese">
          <orth>Fese</orth>
          <ptr type="collection" subtype="lemma" target="/collections-wboe.xml#c2918"/>
        </form>
        <gramGrp>
          <gram type="pos">Substantiv</gram>
          <gram type="gender">Femininum</gram>
          <gram type="gender">Neutrum</gram>
          <gram type="gender">Maskulinum</gram>
        </gramGrp>
        <form type="variant" subtype="diminutive" xml:id="Fesel">
          <orth>Fesel</orth>
          <gramGrp>
            <gram type="gender">Neutrum</gram>
          </gramGrp>
        </form>
        <form type="variant" subtype="diminutive" xml:id="Feserl">
          <orth>Feserl</orth>
          <gramGrp>
            <gram type="gender">Neutrum</gram>
          </gramGrp>
        </form>
        <form type="variant" subtype="diminutive" xml:id="Feselein">
          <orth>Feselein</orth>
          <gramGrp>
            <gram type="gender">Neutrum</gram>
          </gramGrp>
        </form>
        <usg type="geo">
          <placeName type="bundesland" ref="/geodata-wboe.xml#p1A">STir.</placeName>
        </usg>
        <usg type="geo">
          <placeName type="grossregion" ref="/geodata-wboe.xml#p1B.0">OTir.</placeName>
        </usg>
        <usg type="geo">
          <placeName type="bundesland" ref="/geodata-wboe.xml#p1C">NTir.</placeName>
        </usg>
        <usg type="geo">
          <placeName type="bundesland" ref="/geodata-wboe.xml#p2">Ktn.</placeName>
        </usg>
        <usg type="geo">
          <placeName type="grossregion" ref="/geodata-wboe.xml#p3.1">sbair.ObStmk.</placeName>
        </usg>
        <usg type="geo">
          <placeName type="grossregion" ref="/geodata-wboe.xml#p3.4">MStmk.</placeName>
        </usg>
        <usg type="geo">
          <placeName type="grossregion" ref="/geodata-wboe.xml#p3.5">OStmk.</placeName>
        </usg>
        <usg type="geo">
          <placeName type="bundesland" ref="/geodata-wboe.xml#p4">Sbg.</placeName>
        </usg>
        <usg type="geo">
          <placeName type="grossregion" ref="/geodata-wboe.xml#p5.1">Innv.</placeName>
        </usg>
        <usg type="geo">
          <placeName type="grossregion" ref="/geodata-wboe.xml#p5.2">Hausrv.</placeName>
        </usg>
        <usg type="geo">
          <placeName type="grossregion" ref="/geodata-wboe.xml#p5.4">Mühlv.</placeName>
        </usg>
        <usg type="geo">
          <placeName type="bundesland" ref="/geodata-wboe.xml#p6">NÖ</placeName>
        </usg>
        <note type="kommentar" resp="#FF">
          <xr></xr>Im Stammvokalismus überwiegen in allen Gegenden gedehnte
          <c>e</c>-Monophthonge unterschiedlicher Qualität
          <xr>
            <ref>ƒę̄sn̥</ref>
          </xr>. Dieser Typ bildet die Vorstufe der im Südbairischen belegten steigenden
          <c>ei</c>-Diphthonge
          <xr>
            <ref>ƒęisə</ref>
          </xr>. Ob vereinzelte ungewöhnliche
          <c>ae</c>-Diphthonge, wie sie etwa im südbairischen Brixental vorkommen, auf diese zurückgehen, lässt sich nicht mit Sicherheit sagen
          <xr>
            <ref>ƒaes</ref>
          </xr>. Im Südbairischen Osttirols sind gerundete Formen belegt, die aber nicht nur als regional zu verstehen sind
          <xr>
            <ref>pfȫsən</ref>
          </xr>. Es liegen unterschiedliche Endungstypen vor: Konservative einfache feminine Endungen mit
          <c>e</c>-Erhalt lassen sich vereinzelt im Südbairischen finden
          <xr>
            <ref>ƒę̄sə</ref>
          </xr>, daneben auch apokopierte Endungen
          <xr>
            <ref>ƒę̄s</ref>
          </xr>oder, wie im überwiegenden Teil des Untersuchungsgebietes, silbische Endungen mit Nasal
          <xr>
            <ref>ƒę̄sn̥</ref>
          </xr>. Einfache silbische -
          <c>el</c>-Diminutive mit Apokope tauchen vor allem im Mittelbairischen auf
          <xr>
            <ref>fēsl̥</ref>
          </xr>. Weitere Verbreitung finden zu -
          <c>ɒl</c>geschwundene Formen
          <xr>
            <ref>fēsɒl</ref>
          </xr>. Diesem Typ entspricht wohl auch die möglicherweise vokalisierte Endung, die vereinzelt für das westliche Südmittelbairisch vorliegt
          <xr>
            <ref>ƒę̄sae</ref>
          </xr>. Komplexere Diminutivsuffixe wie -
          <c>e(r)lein</c>hinterlassen ihre Spuren vor allem im Südbairischen Kärntens und Tirols bis hin zum Alemannischen
          <xr>
            <ref>ƒę̄sr̥lə</ref>
          </xr>.
        </note>
        <form type="dialect">
          <pron xml:lang="bar-AT">fēs'n</pron>
          <usg type="geo">
            <placeName type="gemeinde" ref="/geodata-wboe.xml#p1A.4d06">St. Lorenzen</placeName>
          </usg>
        </form>
        <form type="dialect">
          <pron xml:lang="bar-AT">fęsn̥</pron>
          <usg type="geo">
            <placeName type="gemeinde" ref="/geodata-wboe.xml#p1B.0a05">Sillian</placeName>
          </usg>
        </form>
        <form type="dialect">
          <pron xml:lang="bar-AT">fėi̯sṇ</pron>
          <usg type="geo">
            <placeName type="gemeinde" ref="/geodata-wboe.xml#p1B.0d02">St. Jakob in Defereggen</placeName>
          </usg>
        </form>
        <form type="dialect">
          <pron xml:lang="bar-AT">pfösen</pron>
          <usg type="geo">
            <placeName type="gemeinde" ref="/geodata-wboe.xml#p1B.0e02">Virgen</placeName>
          </usg>
        </form>
        <form type="dialect">
          <pron xml:lang="bar-AT">fesə</pron>
          <gramGrp></gramGrp>
          <usg type="geo">
            <placeName type="gemeinde" ref="/geodata-wboe.xml#p1C.1n01">Imst</placeName>
          </usg>
        </form>
        <form type="dialect">
          <pron xml:lang="bar-AT">fesn</pron>
          <usg type="geo">
            <placeName type="gemeinde" ref="/geodata-wboe.xml#p1C.2a19">Schwaz</placeName>
          </usg>
        </form>
        <form type="dialect">
          <pron xml:lang="bar-AT">feəsələ</pron>
          <cit type="translation">
            <quote xml:lang="de">Dim.</quote>
          </cit>
          <usg type="geo">
            <placeName type="gemeinde" ref="/geodata-wboe.xml#p1C.2h02">Matrei am Brenner</placeName>
          </usg>
        </form>
        <form type="dialect">
          <pron xml:lang="bar-AT">fēsę̄</pron>
          <usg type="geo">
            <placeName type="gemeinde" ref="/geodata-wboe.xml#p1C.3e06">Kufstein</placeName>
          </usg>
        </form>
        <form type="dialect">
          <pron xml:lang="bar-AT">feß</pron>
          <usg type="geo">
            <placeName type="gemeinde" ref="/geodata-wboe.xml#p1C.3e12">Schwoich</placeName>
          </usg>
        </form>
        <form type="dialect">
          <pron xml:lang="bar-AT">faes</pron>
          <usg type="geo">
            <placeName type="gemeinde" ref="/geodata-wboe.xml#p1C.3f02">Hopfgarten im Brixental</placeName>
          </usg>
        </form>
        <form type="dialect">
          <pron xml:lang="bar-AT">fę̄sɒr̭lę</pron>
          <usg>[Dim.]</usg>
          <usg type="geo">
            <placeName type="gemeinde" ref="/geodata-wboe.xml#p2.3f01">Feldkirchen in Kärnten</placeName>
          </usg>
        </form>
        <form type="dialect">
          <pron xml:lang="bar-AT">fę̄sr̥le</pron>
          <usg>[Dim.]</usg>
          <usg type="geo">
            <placeName type="gemeinde" ref="/geodata-wboe.xml#p2.3n01">Klagenfurt</placeName>
          </usg>
        </form>
        <form type="dialect">
          <pron xml:lang="bar-AT">fesal</pron>
          <usg>[Dim.]</usg>
          <usg type="geo">
            <placeName type="gemeinde" ref="/geodata-wboe.xml#p3.1a05">Stadl-Predlitz</placeName>
          </usg>
        </form>
        <form type="dialect">
          <pron xml:lang="bar-AT">fęsn</pron>
          <gramGrp></gramGrp>
          <usg type="geo">
            <placeName type="gemeinde" ref="/geodata-wboe.xml#p3.4a06">Gratkorn</placeName>
          </usg>
        </form>
        <form type="dialect">
          <pron xml:lang="bar-AT">-fė̄sn</pron>
          <usg type="geo">
            <placeName type="gemeinde" ref="/geodata-wboe.xml#p3.5g05">Fürstenfeld</placeName>
          </usg>
        </form>
        <form type="dialect">
          <pron xml:lang="bar-AT">fę̄sn̥</pron>
          <usg type="geo">
            <placeName type="kleinregion" ref="/geodata-wboe.xml#p4.3d">Gr.Arlt.</placeName>
          </usg>
        </form>
        <form type="dialect">
          <pron xml:lang="bar-AT">fesei</pron>
          <usg>[Dim.]</usg>
          <usg type="geo">
            <placeName type="gemeinde" ref="/geodata-wboe.xml#p4.5d07">Thalgau</placeName>
          </usg>
        </form>
        <form type="dialect">
          <pron xml:lang="bar-AT">fęsɒl</pron>
          <usg>[Dim.]</usg>
          <usg type="geo">
            <placeName type="gemeinde" ref="/geodata-wboe.xml#p4.5b08">Nußdorf am Haunsberg</placeName>
          </usg>
        </form>
        <form type="dialect">
          <pron xml:lang="bar-AT">fęsɒl</pron>
          <usg>[Dim.]</usg>
          <usg type="geo">
            <placeName type="gemeinde" ref="/geodata-wboe.xml#p5.1c07">Mühlheim am Inn</placeName>
          </usg>
        </form>
        <form type="dialect">
          <pron xml:lang="bar-AT">fę̄sl</pron>
          <usg>[Dim.]</usg>
          <usg type="geo">
            <placeName type="gemeinde" ref="/geodata-wboe.xml#p5.1c07">Mühlheim am Inn</placeName>
          </usg>
        </form>
        <form type="dialect">
          <pron xml:lang="bar-AT">fę̄səl</pron>
          <usg>[Dim.]</usg>
          <usg type="geo">
            <placeName type="gemeinde" ref="/geodata-wboe.xml#p5.1c07">Mühlheim am Inn</placeName>
          </usg>
        </form>
        <form type="dialect">
          <pron xml:lang="bar-AT">φę̄sɒl</pron>
          <usg>[Dim.]</usg>
          <usg type="geo">
            <placeName type="gemeinde" ref="/geodata-wboe.xml#p5.2d06">Mondsee</placeName>
          </usg>
        </form>
        <form type="dialect">
          <pron xml:lang="bar-AT">fe̩sl</pron>
          <usg>[Dim.]</usg>
          <usg type="geo">
            <placeName type="gemeinde" ref="/geodata-wboe.xml#p5.4b13">Ulrichsberg</placeName>
          </usg>
        </form>
        <form type="dialect">
          <pron xml:lang="bar-AT">-fēsăʳl</pron>
          <usg>[Dim.]</usg>
          <usg type="geo">
            <placeName type="gemeinde" ref="/geodata-wboe.xml#p6.2e04">Rohr im Gebirge</placeName>
          </usg>
          <ptr type="collection" subtype="lautung" target="/collections-wboe.xml#c2582"/>
        </form>
        <etym>
          <seg type="desc">aus</seg>
          <seg type="desc">
            <lang>mhd.</lang>
          </seg>
          <seg type="desc"></seg>
          <cit type="etymon">
            <form>
              <orth>vëse</orth>
            </form>
          </cit>
          <cit type="etymon">
            <def>Hülse des Getreidekorns; Spreu</def>
          </cit>
          <ref type="bibl" target="#Lexer1878III">
            <lbl>vgl.</lbl>Lexer 1878 III
            <citedRange>324</citedRange>
          </ref>
        </etym>
        <sense>
          <sense>
            <sense>
              <def>Hülse des Getreidekorns</def>
              <usg type="geo">
                <placeName type="grossregion" ref="/geodata-wboe.xml#p1A.4">öSTir.</placeName>
              </usg>
              <usg type="geo">
                <placeName type="bundesland" ref="/geodata-wboe.xml#p1C">NTir.</placeName>
              </usg>
              <usg type="geo">
                <placeName type="bundesland" ref="/geodata-wboe.xml#p2">Ktn.</placeName>
              </usg>
              <usg type="geo">
                <placeName type="grossregion" ref="/geodata-wboe.xml#p4.3">Pong.</placeName>
              </usg>
              <usg type="geo">
                <placeName type="bundesland" ref="/geodata-wboe.xml#p6">NÖ</placeName>
              </usg>
              <ptr type="collection" subtype="bedeutung" target="/collections-wboe.xml#c2913"/>
            </sense>
            <sense>
              <ref type="form"></ref>
              <def>Dinkel</def>
              <usg type="geo">
                <placeName type="bundesland" ref="/geodata-wboe.xml#p1A">STir.</placeName>
              </usg>
              <usg type="geo">
                <placeName type="grossregion" ref="/geodata-wboe.xml#p1B.0">OTir.</placeName>
              </usg>
              <usg type="geo">
                <placeName type="bundesland" ref="/geodata-wboe.xml#p1C">NTir.</placeName>
              </usg>
              <ptr type="collection" subtype="bedeutung" target="/collections-wboe.xml#c2939"/>
            </sense>
          </sense>
          <sense>
            <xr type="variant" subtype="diminutive">
              <lbl>nur</lbl>
              <ref>Fesel, Feserl, Feselein</ref>
            </xr>
            <usg>(Diminutiv)</usg>
            <def>kleines Stück, kleiner Partikel, kleine Menge von etwas (außer von Flüssigkeiten)</def>
            <usg type="geo">
              <placeName type="grossregion" ref="/geodata-wboe.xml#p1B.0">OTir.</placeName>
            </usg>
            <usg type="geo">
              <placeName type="grossregion" ref="/geodata-wboe.xml#p1C.2">mNTir.</placeName>
            </usg>
            <usg type="geo">
              <placeName type="grossregion" ref="/geodata-wboe.xml#p1C.3">öNTir.</placeName>
            </usg>
            <usg type="geo">
              <placeName type="grossregion" ref="/geodata-wboe.xml#p2.2">MKtn.</placeName>
            </usg>
            <usg type="geo">
              <placeName type="bundesland" ref="/geodata-wboe.xml#p4">Sbg.</placeName>
            </usg>
            <usg type="geo">
              <placeName type="grossregion" ref="/geodata-wboe.xml#p5.1">Innv.</placeName>
            </usg>
            <usg type="geo">
              <placeName type="grossregion" ref="/geodata-wboe.xml#p5.2">Hausrv.</placeName>
            </usg>
            <usg type="geo">
              <placeName type="grossregion" ref="/geodata-wboe.xml#p5.4">Mühlv.</placeName>
            </usg>
            <cit type="example">
              <quote xml:lang="bar-AT">a Fēsę̄ Mä</quote>
              <cit type="translation">
                <quote xml:lang="de">Mehl</quote>
              </cit>
              <usg type="geo">
                <placeName type="gemeinde" ref="/geodata-wboe.xml#p1C.3e06">Kufstein</placeName>
              </usg>
            </cit>
            <cit type="example">
              <quote xml:lang="bar-AT">a Fesele Schmålz</quote>
              <usg type="geo">
                <placeName type="gemeinde" ref="/geodata-wboe.xml#p2.2c03">Trebesing</placeName>
              </usg>
            </cit>
            <cit type="example">
              <quote xml:lang="bar-AT">a Fesᵃʳlₑ Haut</quote>
              <usg type="geo">
                <placeName type="kleinregion" ref="/geodata-wboe.xml#p2.3b">obGurkt.</placeName>
              </usg>
            </cit>
            <cit type="example">
              <quote xml:lang="bar-AT">Da Arma hamt oft koan Fesei Broat nima dahaam</quote>
              <usg type="geo">
                <placeName type="gemeinde" ref="/geodata-wboe.xml#p4.5d07">Thalgau</placeName>
              </usg>
            </cit>
            <cit type="example">
              <quote xml:lang="bar-AT">khå̃ɒ̃ fe̩sɒl  šτaob</quote>
              <usg type="geo">
                <placeName type="gemeinde" ref="/geodata-wboe.xml#p5.2b46">Weibern</placeName>
              </usg>
            </cit>
            <ptr type="collection" subtype="bedeutung" target="/collections-wboe.xml#c2915"/>
          </sense>
          <sense>
            <sense>
              <def>Haarschuppe</def>
              <usg type="geo">
                <placeName type="grossregion" ref="/geodata-wboe.xml#p1B.0">OTir.</placeName>
              </usg>
              <cit type="example">
                <quote xml:lang="bar-AT">n Kχopf follə Fėi̯sṇ</quote>
                <usg type="geo">
                  <placeName type="gemeinde" ref="/geodata-wboe.xml#p1B.0d02">St. Jakob in Defereggen</placeName>
                </usg>
              </cit>
              <ptr type="collection" subtype="bedeutung" target="/collections-wboe.xml#c2956"/>
            </sense>
            <sense>
              <def>Pocken- oder Masernausschlag</def>
              <usg type="geo">
                <placeName type="grossregion" ref="/geodata-wboe.xml#p1C.3">öNTir.</placeName>
              </usg>
              <ptr type="collection" subtype="bedeutung" target="/collections-wboe.xml#c2957"/>
            </sense>
          </sense>
          <sense>
            <xr type="lemma">
              <lbl>nur</lbl>
              <ref>Fesen</ref>
            </xr>
            <usg>(Plural)</usg>
            <def>Fasern, die bei der Verarbeitung von Flachs oder Hanf abfallen; Werg</def>
            <usg type="geo">
              <placeName type="grossregion" ref="/geodata-wboe.xml#p1B.0">OTir.</placeName>
            </usg>
            <ptr type="collection" subtype="bedeutung" target="/collections-wboe.xml#c2959"/>
          </sense>
        </sense>
        <re>
          <form subtype="compound" type="lemma">
            <orth>Eiterfeserl</orth>
            <gramGrp>
              <usg>(Diminutiv)</usg>
            </gramGrp>
          </form>
          <sense>
            <sense>
              <sense>
                <xr type="lemma">
                  <ref></ref>
                </xr>
                <def>kleiner Eiterfaden</def>
                <usg type="geo">
                  <placeName type="grossregion" ref="/geodata-wboe.xml#p3.4">MStmk.</placeName>
                </usg>
                <usg type="geo">
                  <placeName type="grossregion" ref="/geodata-wboe.xml#p5.1">Innv.</placeName>
                </usg>
                <ptr type="collection" subtype="bedeutung" target="/collections-wboe.xml#c2585"/>
              </sense>
              <sense>
                <def>kleiner Eiterklumpen</def>
                <usg type="geo">
                  <placeName type="grossregion" ref="/geodata-wboe.xml#p2.2">MKtn.</placeName>
                </usg>
                <ptr type="collection" subtype="bedeutung" target="/collections-wboe.xml#c2586"/>
              </sense>
            </sense>
            <sense>
              <def>Wundverbandsmaterial aus zerzupfter Leinwand; Scharpie</def>
              <usg type="geo">
                <placeName type="grossregion" ref="/geodata-wboe.xml#p6.2">Industriev.</placeName>
              </usg>
              <ptr type="collection" subtype="bedeutung" target="/collections-wboe.xml#c2587"/>
            </sense>
          </sense>
        </re>
        <re>
          <form subtype="compound" type="lemma">
            <orth>Hautfeselein</orth>
            <gramGrp></gramGrp>
          </form>
          <sense>
            <sense>
              <usg>(Diminutiv)</usg>
              <def>kleines, schuppenartiges Hautteilchen</def>
              <usg type="geo">
                <placeName type="grossregion" ref="/geodata-wboe.xml#p2.2">MKtn.</placeName>
              </usg>
              <ptr type="collection" subtype="bedeutung" target="/collections-wboe.xml#c2920"/>
            </sense>
          </sense>
        </re>
        <re>
          <form subtype="compound" type="lemma">
            <orth>Materiefesel, Materiefeserl</orth>
            <gramGrp>
              <usg>(Diminutiv)</usg>
            </gramGrp>
          </form>
          <sense>
            <sense>
              <def>eine kleine Menge, die sich wie ein Faden durch etwas durchzieht</def>
              <usg type="geo">
                <placeName type="grossregion" ref="/geodata-wboe.xml#p1C.3">öNTir.</placeName>
              </usg>
              <ptr type="collection" subtype="bedeutung" target="/collections-wboe.xml#c2924"/>
            </sense>
            <sense>
              <sense>
                <def>kleiner Eiterfaden</def>
                <usg type="geo">
                  <placeName type="grossregion" ref="/geodata-wboe.xml#p2.1">ObKtn.</placeName>
                </usg>
                <usg type="geo">
                  <placeName type="grossregion" ref="/geodata-wboe.xml#p5.1">Innv.</placeName>
                </usg>
                <ptr type="collection" subtype="bedeutung" target="/collections-wboe.xml#c2925"/>
              </sense>
              <sense>
                <def>kleiner Eiterklumpen</def>
                <usg type="geo">
                  <placeName type="grossregion" ref="/geodata-wboe.xml#p2.2">MKtn.</placeName>
                </usg>
                <ptr type="collection" subtype="bedeutung" target="/collections-wboe.xml#c2929"/>
              </sense>
            </sense>
            <sense>
              <def>Wundverbandsmaterial aus zerzupfter Leinwand; Scharpie</def>
              <usg type="geo">
                <placeName type="grossregion" ref="/geodata-wboe.xml#p6.2">Industriev.</placeName>
              </usg>
              <ptr type="collection" subtype="bedeutung" target="/collections-wboe.xml#c2932"/>
            </sense>
          </sense>
        </re>
        <re>
          <form subtype="compound" type="lemma">
            <orth>Weizenfese</orth>
          </form>
          <sense>
            <sense>
              <def>Hüllblatt des Maises</def>
              <usg type="geo">
                <placeName type="grossregion" ref="/geodata-wboe.xml#p3.5">OStmk.</placeName>
              </usg>
              <ptr type="collection" subtype="bedeutung" target="/collections-wboe.xml#c2934"/>
            </sense>
          </sense>
        </re>
        <re type="redewendung">
          <form subtype="MWE" type="lemma">
            <orth>kein Fesel, Feserl, Feselein</orth>
          </form>
          <sense>
            <sense>
              <def>überhaupt nicht; kein bisschen; rein gar nichts</def>
              <usg type="geo">
                <placeName type="bundesland" ref="/geodata-wboe.xml#p1A">STir.</placeName>
              </usg>
              <usg type="geo">
                <placeName type="grossregion" ref="/geodata-wboe.xml#p1B.0">OTir.</placeName>
              </usg>
              <usg type="geo">
                <placeName type="bundesland" ref="/geodata-wboe.xml#p1C">NTir.</placeName>
              </usg>
              <usg type="geo">
                <placeName type="grossregion" ref="/geodata-wboe.xml#p3.1">sbair.ObStmk.</placeName>
              </usg>
              <usg type="geo">
                <placeName type="grossregion" ref="/geodata-wboe.xml#p4.5">Flachg.</placeName>
              </usg>
              <usg type="geo">
                <placeName type="grossregion" ref="/geodata-wboe.xml#p5.1">Innv.</placeName>
              </usg>
              <cit type="example">
                <quote xml:lang="bar-AT">i fürcht mi  koᷠa Fesę̄!</quote>
                <usg type="geo">
                  <placeName type="gemeinde" ref="/geodata-wboe.xml#p1C.3e06">Kufstein</placeName>
                </usg>
              </cit>
              <cit type="example">
                <quote xml:lang="bar-AT">ăös hăms aufgessn, khoaⁿ Fesae is ēwablibm</quote>
                <usg type="geo">
                  <placeName type="gemeinde" ref="/geodata-wboe.xml#p1C.3f02">Hopfgarten im Brixental</placeName>
                </usg>
              </cit>
              <cit type="example">
                <quote xml:lang="bar-AT">i gib dɒ khǫɒ fęsɒl</quote>
                <usg type="geo">
                  <placeName type="gemeinde" ref="/geodata-wboe.xml#p5.1c07">Mühlheim am Inn</placeName>
                </usg>
              </cit>
              <ptr type="collection" subtype="bedeutung" target="/collections-wboe.xml#c2917"/>
            </sense>
          </sense>
        </re>
      </entry>
    </body>
  </text>
</TEI>