<?xml version="1.0" encoding="UTF-8"?>
    <?xml-model href="http://www.tei-c.org/release/xml/tei/custom/schema/relaxng/tei_all.rng" type="application/xml" schematypens="http://purl.oclc.org/dsdl/schematron"?>
    <?xml-model href="../../803_RNG-schematron/WBOE-ODD.rnc" type="application/relax-ng-compact-syntax"?>
<?redaktionstool version="0.6.6"?>
<TEI xmlns="http://www.tei-c.org/ns/1.0">
  <teiHeader>
    <fileDesc>
      <titleStmt>
        <title>Feser</title>
        <respStmt>
          <resp>Editor</resp>
          <name ref="#AG">Andreas Gellan</name>
        </respStmt>
        <respStmt>
          <resp>Encoding Scheme</resp>
          <name>Jack Bowers</name>
          <name>Daniel Schopper</name>
          <name>Omar Siam</name>
        </respStmt>
        <respStmt>
          <resp>DBOE Team</resp>
          <name xml:id="AL">Alexandra N. Lenz</name>
          <name xml:id="PhS">Philipp Stöckle</name>
          <name xml:id="AG">Andreas Gellan</name>
          <name xml:id="PZ">Patrick Zeitlhuber</name>
          <name xml:id="SW">Sabine Wahl</name>
          <name xml:id="SS">Sonja Schwaiger</name>
          <name xml:id="AB">Angela Bergermayer</name>
          <name xml:id="EW">Eva Wahlmüller</name>
          <name xml:id="DG">David Gschösser</name>
          <name xml:id="StS">Stefanie Schöberl</name>
          <name xml:id="FF">Fabian Fleißner</name>
        </respStmt>
        <respStmt>
          <resp>Student assistants</resp>
          <name>Susanna Muhr</name>
          <name>Manuela Stütz</name>
          <name>Christina Hemetsberger</name>
        </respStmt>
      </titleStmt>
      <publicationStmt>
        <p></p>
      </publicationStmt>
      <sourceDesc>
        <list>
          <item>
            <label>Geo-data</label>
            <ptr xml:id="geo-inventory-WBOE" target="../geodata-wboe.xml"/>
          </item>
          <item>
            <label>Bibliography</label>
            <ptr xml:id="bibliography-WBOE" target="../bibl-wboe.xml"/>
          </item>
          <item>
            <label>WBOE-Slips</label>
            <ptr xml:id="slips-WBOE" target="../slips-wboe.xml"/>
          </item>
          <item>
            <label>WBOE-Collections</label>
            <ptr xml:id="collections-WBOE" target="../collections-wboe.xml"/>
          </item>
        </list>
      </sourceDesc>
    </fileDesc>
    <revisionDesc status="">
      <listChange>
        <change status="external correction" when="2020-02-20" who="#AG">Datensatz erstellt</change>
        <change status="external correction" when="2020-08-21" who="#AG">Anmerkungen von MG eingearbeitet, LK eingefügt.</change>
        <change status="finished" when="2020-10-06" who="#AG">Anmerkungen eingearbeitet</change>
      </listChange>
    </revisionDesc>
  </teiHeader>
  <text>
    <body>
      <entry>
        <form type="lemma" xml:id="Feser">
          <orth>Feser</orth>
          <ptr type="collection" subtype="lemma" target="/collections-wboe.xml#c2434"/>
        </form>
        <gramGrp>
          <gram type="pos">Substantiv</gram>
          <gram type="gender">Femininum</gram>
        </gramGrp>
        <usg type="geo">
          <placeName type="grossregion" ref="/geodata-wboe.xml#p1A.1">wSTir.</placeName>
        </usg>
        <usg type="geo">
          <placeName type="bundesland" ref="/geodata-wboe.xml#p3">Stmk.</placeName>
        </usg>
        <usg type="geo">
          <placeName type="grossregion" ref="/geodata-wboe.xml#p4.2">Pinzg.</placeName>
        </usg>
        <usg type="geo">
          <placeName type="grossregion" ref="/geodata-wboe.xml#p6.1">Mostv.</placeName>
        </usg>
        <usg type="geo">
          <placeName type="grossregion" ref="/geodata-wboe.xml#p6.3">Waldv.</placeName>
        </usg>
        <usg type="geo">
          <placeName type="grossregion" ref="/geodata-wboe.xml#p6.4">Weinv.</placeName>
        </usg>
        <note type="kommentar" resp="#FF">
          <xr></xr>Der Stammvokalismus zeigt wenig Variation, es überwiegen in allen Gegenden gedehnte
          <c>e</c>-Monophthonge unterschiedlicher Qualität
          <xr>
            <ref>ƒę̄sɒ</ref>
          </xr>. Im Ostmittelbairischen sind darüber hinaus gerundete Formen belegt, die aber nicht nur als regional zu verstehen sind
          <xr>
            <ref>fȫsɒ</ref>
          </xr>. Diese zwei monophthongischen Typen bilden die Vorstufe der ebenfalls im Ostmittelbairischen belegten steigenden Diphthonge
          <xr>
            <ref>fęisɒ, fǫ̈üsɒ</ref>
          </xr>. Die im Auslaut stehende Verbindung -
          <c>er</c>ist in den meisten Gegenden zu -
          <c>ɒ</c>abgeschwächt worden. Im Südbairischen sowie im bairisch-alemannischen Übergangsgebiet im westlichen Nordtirol ist das
          <c>r</c>teilweise noch erhalten
          <xr>
            <ref>ƒę̄sər</ref>
          </xr>.
        </note>
        <form type="dialect">
          <pron xml:lang="bar-AT">pfesern</pron>
          <usg>[Pl.]</usg>
          <usg type="geo">
            <placeName type="gemeinde" ref="/geodata-wboe.xml#p1A.1h05">Schenna</placeName>
          </usg>
        </form>
        <form type="dialect">
          <pron xml:lang="bar-AT">-fę̄sɒn</pron>
          <usg>[Pl.]</usg>
          <usg type="geo">
            <placeName type="gemeinde" ref="/geodata-wboe.xml#p3.4d01">Graz</placeName>
          </usg>
        </form>
        <form type="dialect">
          <pron xml:lang="bar-AT">fēsạ</pron>
          <usg type="geo">
            <placeName type="gemeinde" ref="/geodata-wboe.xml#p4.2c01">Fusch an der Großglocknerstraße</placeName>
          </usg>
        </form>
        <form type="dialect">
          <pron xml:lang="bar-AT">föser u. feⁱser</pron>
          <usg type="geo">
            <placeName type="gemeinde" ref="/geodata-wboe.xml#p6.1l02">Hofstetten-Grünau</placeName>
          </usg>
        </form>
        <form type="dialect">
          <pron xml:lang="bar-AT">dföüsan</pron>
          <usg>[mit best. Art., Pl.]</usg>
          <usg type="geo">
            <placeName type="gemeinde" ref="/geodata-wboe.xml#p6.3a15">Kautzen</placeName>
          </usg>
        </form>
        <form type="dialect">
          <pron xml:lang="bar-AT">fé̄sə</pron>
          <usg type="geo">
            <placeName type="gemeinde" ref="/geodata-wboe.xml#p6.3a09">Groß-Siegharts</placeName>
          </usg>
        </form>
        <form type="dialect">
          <pron xml:lang="bar-AT">vësa</pron>
          <usg type="geo">
            <placeName type="gemeinde" ref="/geodata-wboe.xml#p6.4e09">Röschitz</placeName>
          </usg>
          <ptr type="collection" subtype="lautung" target="/collections-wboe.xml#c2571"/>
        </form>
        <etym>
          <seg type="desc">Ableitung von</seg>
          <cit type="etymon">
            <xr type="lemma">
              <ref target="Fese.xml">Fese</ref>
            </xr>
          </cit>
        </etym>
        <sense>
          <sense>
            <sense>
              <def>dünne, harte, trockene Hülse des Getreidekorns</def>
              <usg type="geo">
                <placeName type="grossregion" ref="/geodata-wboe.xml#p1A.1">wSTir.</placeName>
              </usg>
              <usg type="geo">
                <placeName type="grossregion" ref="/geodata-wboe.xml#p4.2">Pinzg.</placeName>
              </usg>
              <usg type="geo">
                <placeName type="grossregion" ref="/geodata-wboe.xml#p6.3">Waldv.</placeName>
              </usg>
              <usg type="geo">
                <placeName type="grossregion" ref="/geodata-wboe.xml#p6.4">Weinv.</placeName>
              </usg>
              <ptr type="collection" subtype="bedeutung" target="/collections-wboe.xml#c2573"/>
            </sense>
            <sense>
              <def>Hülse des Kleekorns</def>
              <usg type="geo">
                <placeName type="grossregion" ref="/geodata-wboe.xml#p6.3">Waldv.</placeName>
              </usg>
              <ptr type="collection" subtype="bedeutung" target="/collections-wboe.xml#c2899"/>
            </sense>
          </sense>
          <sense>
            <def>Holzfaser</def>
            <usg type="geo">
              <placeName type="grossregion" ref="/geodata-wboe.xml#p6.1">Mostv.</placeName>
            </usg>
            <ptr type="collection" subtype="bedeutung" target="/collections-wboe.xml#c2574"/>
          </sense>
        </sense>
        <re>
          <form subtype="compound" type="lemma">
            <orth>Weizenfesern</orth>
          </form>
          <sense>
            <sense>
              <usg>(Plural)</usg>
              <def>Hüllblätter des Maises (zur Füllung von Bettunterlagen und Strohsäcken)</def>
              <usg type="geo">
                <placeName type="bundesland" ref="/geodata-wboe.xml#p3">Stmk.</placeName>
              </usg>
              <ptr type="collection" subtype="bedeutung" target="/collections-wboe.xml#c2572"/>
            </sense>
          </sense>
        </re>
      </entry>
    </body>
  </text>
</TEI>