<?xml version="1.0" encoding="UTF-8"?>
    <?xml-model href="http://www.tei-c.org/release/xml/tei/custom/schema/relaxng/tei_all.rng" type="application/xml" schematypens="http://purl.oclc.org/dsdl/schematron"?>
    <?xml-model href="../../803_RNG-schematron/WBOE-ODD.rnc" type="application/relax-ng-compact-syntax"?>
<?redaktionstool version="0.6.6"?>
<TEI xmlns="http://www.tei-c.org/ns/1.0">
  <teiHeader>
    <fileDesc>
      <titleStmt>
        <title>Fibel</title>
        <respStmt>
          <resp>Editor</resp>
          <name ref="#AB">Angela Bergermayer</name>
        </respStmt>
        <respStmt>
          <resp>Encoding Scheme</resp>
          <name>Jack Bowers</name>
          <name>Daniel Schopper</name>
          <name>Omar Siam</name>
        </respStmt>
        <respStmt>
          <resp>DBOE Team</resp>
          <name xml:id="AL">Alexandra N. Lenz</name>
          <name xml:id="PhS">Philipp Stöckle</name>
          <name xml:id="AG">Andreas Gellan</name>
          <name xml:id="PZ">Patrick Zeitlhuber</name>
          <name xml:id="SW">Sabine Wahl</name>
          <name xml:id="SS">Sonja Schwaiger</name>
          <name xml:id="JD">Jan Braun</name>
          <name xml:id="AB">Angela Bergermayer</name>
          <name xml:id="EW">Eva Wahlmüller</name>
          <name xml:id="DG">David Gschösser</name>
          <name xml:id="StS">Stefanie Schöberl</name>
          <name xml:id="FF">Fabian Fleißner</name>
        </respStmt>
        <respStmt>
          <resp>Student assistants</resp>
          <name>Eva Wahlmüller</name>
          <name>Susanna Muhr</name>
          <name>Alexandra Grohe</name>
          <name>Klemens Wagner</name>
          <name>Manuela Stütz</name>
          <name>Christina Hemetsberger</name>
        </respStmt>
      </titleStmt>
      <publicationStmt>
        <p></p>
      </publicationStmt>
      <sourceDesc>
        <list>
          <item>
            <label>Geo-data</label>
            <ptr xml:id="geo-inventory-WBOE" target="../geodata-wboe.xml"/>
          </item>
          <item>
            <label>Bibliography</label>
            <ptr xml:id="bibliography-WBOE" target="../bibl-wboe.xml"/>
          </item>
          <item>
            <label>WBOE-Slips</label>
            <ptr xml:id="slips-WBOE" target="../slips-wboe.xml"/>
          </item>
          <item>
            <label>WBOE-Collections</label>
            <ptr xml:id="collections-WBOE" target="../collections-wboe.xml"/>
          </item>
        </list>
      </sourceDesc>
    </fileDesc>
    <revisionDesc>
      <listChange>
        <change status="external correction" when="2019-03-09" who="#AB">Datensatz erstellt</change>
        <change status="external correction" when="2020-05-22" who="#AB">Update auf Version 0.6.0</change>
        <change status="external correction" when="2020-06-08" who="#StS">Lautungskommentar eingefügt</change>
        <change status="external correction" when="2020-06-12" who="#AB">Statusanpassung</change>
        <change status="external correction" when="2020-07-02" who="#AB">Collections verknüpft, eine Lautung ergänzt</change>
        <change status="external correction" when="2020-09-25" who="#AB">Versionsupdate; Klammer; kl. Umformulierung</change>
        <change status="finished" when="2020-10-15" who="#AB">Abschlussredaktion</change>
      </listChange>
    </revisionDesc>
  </teiHeader>
  <text>
    <body>
      <entry>
        <form type="lemma" xml:id="Fibel">
          <orth>Fibel</orth>
          <ptr type="collection" subtype="lemma" target="/collections-wboe.xml#c7848"/>
        </form>
        <gramGrp>
          <gram type="pos">Substantiv</gram>
          <gram type="gender">Femininum</gram>
        </gramGrp>
        <usg type="geo">
          <placeName type="grossregion" ref="/geodata-wboe.xml#p1C.3">öNTir.</placeName>
        </usg>
        <usg type="geo">
          <placeName type="grossregion" ref="/geodata-wboe.xml#p2.1">ObKtn.</placeName>
        </usg>
        <usg type="geo">
          <placeName type="grossregion" ref="/geodata-wboe.xml#p2.2">MKtn.</placeName>
        </usg>
        <usg type="geo">
          <placeName type="grossregion" ref="/geodata-wboe.xml#p3.1">sbair.ObStmk.</placeName>
        </usg>
        <usg type="geo">
          <placeName type="grossregion" ref="/geodata-wboe.xml#p3.3">WStmk.</placeName>
        </usg>
        <usg type="geo">
          <placeName type="grossregion" ref="/geodata-wboe.xml#p3.4">MStmk.</placeName>
        </usg>
        <usg type="geo">
          <placeName type="grossregion" ref="/geodata-wboe.xml#p4.2">Pinzg.</placeName>
        </usg>
        <usg type="geo">
          <placeName type="grossregion" ref="/geodata-wboe.xml#p4.3">Pong.</placeName>
        </usg>
        <usg type="geo">
          <placeName type="grossregion" ref="/geodata-wboe.xml#p4.5">Flachg.</placeName>
        </usg>
        <usg type="geo">
          <placeName type="bundesland" ref="/geodata-wboe.xml#p5">OÖ</placeName>
        </usg>
        <usg type="geo">
          <placeName type="grossregion" ref="/geodata-wboe.xml#p6.1">Mostv.</placeName>
        </usg>
        <usg type="geo">
          <placeName type="grossregion" ref="/geodata-wboe.xml#p6.3">Waldv.</placeName>
        </usg>
        <usg type="geo">
          <placeName type="grossregion" ref="/geodata-wboe.xml#p6.4">Weinv.</placeName>
        </usg>
        <usg type="geo">
          <placeName type="grossregion" ref="/geodata-wboe.xml#p6.5">Wien</placeName>
        </usg>
        <note type="kommentar" resp="#FF">Im gesamten Untersuchungsgebiet liegen im Stammvokalismus lange
          <c>i</c>-Monophthonge vor
          <xr>
            <ref>ƒībl̥</ref>
          </xr>. In Teilen des Mittelbairischen und Südmittelbairischen tritt Frikativierung von
          <c>b</c>auf
          <xr>
            <ref>ƒīwl̥</ref>
          </xr>. In diesen Regionen sind aufgrund der Konkurrenzsituation zwischen
          <c>e</c>-Synkope und
          <c>l</c>-Vokalisierung in der auslautenden Silbe komplementäre Varianten mit
          <c>l</c>-Erhalt
          <xr>
            <ref>ƒīwl̥</ref>
          </xr>oder Vokalisierungsprodukte mit unterschiedlicher Qualität belegt
          <xr>
            <ref>ƒīwə</ref>
          </xr>. Die vokalisierten Formen werden dabei im Ostmittelbairischen sowie im westlichen Südmittelbairischen oft gerundet
          <xr>
            <ref>fīwų̈</ref>
            <ref>ƒīwǫ̈</ref>
          </xr>. Der Vokalisierungsprozess wirkt mitunter im Ostmittelbairischen in die erste Silbe ein, wodurch es zu Rundungsprozessen kommen kann
          <xr>
            <ref>fų̈wə</ref>
          </xr>.
        </note>
        <form type="dialect">
          <pron xml:lang="bar-AT">fibl</pron>
          <usg type="geo">
            <placeName type="gemeinde" ref="/geodata-wboe.xml#p1C.3b03">Thiersee</placeName>
          </usg>
        </form>
        <form type="dialect">
          <pron xml:lang="bar-AT">fīwöⁿ</pron>
          <usg>[Pl.]</usg>
          <usg type="geo">
            <placeName type="gemeinde" ref="/geodata-wboe.xml#p1C.3e06">Kufstein</placeName>
          </usg>
        </form>
        <form type="dialect">
          <pron xml:lang="bar-AT">fiəl</pron>
          <usg type="geo">
            <placeName type="gemeinde" ref="/geodata-wboe.xml#p2.1b04">Rangersdorf</placeName>
          </usg>
        </form>
        <form type="dialect">
          <pron xml:lang="bar-AT">fibl</pron>
          <usg type="geo">
            <placeName type="gemeinde" ref="/geodata-wboe.xml#p3.1a05">Stadl-Predlitz</placeName>
          </usg>
        </form>
        <form type="dialect">
          <pron xml:lang="bar-AT">fibl</pron>
          <usg type="geo">
            <placeName type="gemeinde" ref="/geodata-wboe.xml#p3.3c08">Stainz</placeName>
          </usg>
        </form>
        <form type="dialect">
          <pron xml:lang="bar-AT">fibl</pron>
          <usg type="geo">
            <placeName type="gemeinde" ref="/geodata-wboe.xml#p3.4d01">Graz</placeName>
          </usg>
        </form>
        <form type="dialect">
          <pron xml:lang="bar-AT">fīwl</pron>
          <usg type="geo">
            <placeName type="gemeinde" ref="/geodata-wboe.xml#p4.2c01">Fusch an der Großglocknerstraße</placeName>
          </usg>
        </form>
        <form type="dialect">
          <pron xml:lang="bar-AT">fiwė</pron>
          <usg type="geo">
            <placeName type="kleinregion" ref="/geodata-wboe.xml#p4.3d">Gr.Arlt.</placeName>
          </usg>
        </form>
        <form type="dialect">
          <pron xml:lang="bar-AT">fįwė</pron>
          <usg type="geo">
            <placeName type="gemeinde" ref="/geodata-wboe.xml#p4.5b08">Nußdorf am Haunsberg</placeName>
          </usg>
        </form>
        <form type="dialect">
          <pron xml:lang="bar-AT">fiwė</pron>
          <usg type="geo">
            <placeName type="gemeinde" ref="/geodata-wboe.xml#p5.1c07">Mühlheim am Inn</placeName>
          </usg>
        </form>
        <form type="dialect">
          <pron xml:lang="bar-AT">fīwöl</pron>
          <usg type="geo">
            <placeName type="gemeinde" ref="/geodata-wboe.xml#p5.2e01">Linz</placeName>
          </usg>
        </form>
        <form type="dialect">
          <pron xml:lang="bar-AT">fīwö̱ˡ</pron>
          <usg type="geo">
            <placeName type="gemeinde" ref="/geodata-wboe.xml#p5.3b02">Gmunden</placeName>
          </usg>
        </form>
        <form type="dialect">
          <pron xml:lang="bar-AT">fiwö</pron>
          <usg type="geo">
            <placeName type="gemeinde" ref="/geodata-wboe.xml#p5.4b13">Ulrichsberg</placeName>
          </usg>
        </form>
        <form type="dialect">
          <pron xml:lang="bar-AT">fibö</pron>
          <usg type="geo">
            <placeName type="gemeinde" ref="/geodata-wboe.xml#p5.4h06">Pabneukirchen</placeName>
          </usg>
        </form>
        <form type="dialect">
          <pron xml:lang="bar-AT">fīwų̈</pron>
          <usg type="geo">
            <placeName type="gemeinde" ref="/geodata-wboe.xml#p6.1d01">Allhartsberg</placeName>
          </usg>
        </form>
        <form type="dialect">
          <pron xml:lang="bar-AT">füwė</pron>
          <usg type="geo">
            <placeName type="gemeinde" ref="/geodata-wboe.xml#p6.1n02">Dunkelsteinerwald</placeName>
          </usg>
        </form>
        <form type="dialect">
          <pron xml:lang="bar-AT">fiwüˡ</pron>
          <usg type="geo">
            <placeName type="gemeinde" ref="/geodata-wboe.xml#p6.1s06">Sitzenberg-Reidling</placeName>
          </usg>
        </form>
        <form type="dialect">
          <pron xml:lang="bar-AT">fiwü</pron>
          <usg type="geo">
            <placeName type="gemeinde" ref="/geodata-wboe.xml#p6.3a15">Kautzen</placeName>
          </usg>
        </form>
        <form type="dialect">
          <pron xml:lang="bar-AT">fiwl</pron>
          <pron xml:lang="bar-AT">fíwü</pron>
          <usg type="geo">
            <placeName type="gemeinde" ref="/geodata-wboe.xml#p6.4d18">Poysdorf</placeName>
          </usg>
        </form>
        <form type="dialect">
          <pron xml:lang="bar-AT">fiwl</pron>
          <usg type="geo">
            <placeName type="grossregion" ref="/geodata-wboe.xml#p6.5">Wien</placeName>
          </usg>
          <ptr type="collection" subtype="lautung" target="/collections-wboe.xml#c7849"/>
        </form>
        <etym>
          <seg type="desc">seit Anfang des
            <date>15. Jh.s</date>bezeugt und aus dem Wort
          </seg>
          <cit type="etymon">
            <form>
              <orth>Bibel</orth>
            </form>
          </cit>
          <seg type="desc">entstanden, letzteres aus
            <lang>mhd.</lang>
          </seg>
          <cit type="etymon">
            <form>
              <orth>biblie, bibel</orth>
            </form>
          </cit>
          <seg type="desc">, einer Entlehnung aus
            <lang>kirchenlat.</lang>
          </seg>
          <cit type="etymon">
            <form>
              <orth>biblia</orth>
            </form>
            <def>die Heiligen Bücher</def>
          </cit>
          <ref type="bibl">
            <lbl>vgl.</lbl>Kluge 2011
            <citedRange>119</citedRange>
          </ref>
          <seg type="desc">, wobei die unregelmäßige phonologische Ersetzung von /b/ durch /f/ nicht sicher geklärt ist;</seg>
          <cit type="etymon">
            <form>
              <orth>Fibel</orth>
            </form>
          </cit>
          <seg type="desc">bedeutete also ursprünglich</seg>
          <seg type="desc"></seg>
          <cit type="etymon">
            <def>biblische Geschichte</def>
          </cit>
          <seg type="desc">(das Lehrbuch enthielt ehemals Lesestücke aus der Bibel) und erfuhr dann eine Bedeutungserweiterung; verbreitet durch Luther</seg>
          <ref type="bibl">
            <lbl>vgl.</lbl>Pfeifer 2014
            <citedRange>340</citedRange>
          </ref>
          <ref type="bibl">
            <lbl>vgl.</lbl>Kluge 2011
            <citedRange>292</citedRange>
          </ref>
        </etym>
        <sense>
          <sense>
            <def>ABC-Buch für Schulkinder, um lesen zu lernen; erstes Lesebuch in der Schule; erstes Grundlehrbuch</def>
            <usg type="geo">
              <placeName type="grossregion" ref="/geodata-wboe.xml#p1C.3">öNTir.</placeName>
            </usg>
            <usg type="geo">
              <placeName type="grossregion" ref="/geodata-wboe.xml#p2.1">ObKtn.</placeName>
            </usg>
            <usg type="geo">
              <placeName type="grossregion" ref="/geodata-wboe.xml#p2.2">MKtn.</placeName>
            </usg>
            <usg type="geo">
              <placeName type="grossregion" ref="/geodata-wboe.xml#p3.1">sbair.ObStmk.</placeName>
            </usg>
            <usg type="geo">
              <placeName type="grossregion" ref="/geodata-wboe.xml#p3.3">WStmk.</placeName>
            </usg>
            <usg type="geo">
              <placeName type="grossregion" ref="/geodata-wboe.xml#p3.4">MStmk.</placeName>
            </usg>
            <usg type="geo">
              <placeName type="grossregion" ref="/geodata-wboe.xml#p4.2">Pinzg.</placeName>
            </usg>
            <usg type="geo">
              <placeName type="grossregion" ref="/geodata-wboe.xml#p4.3">Pong.</placeName>
            </usg>
            <usg type="geo">
              <placeName type="grossregion" ref="/geodata-wboe.xml#p4.5">Flachg.</placeName>
            </usg>
            <usg type="geo">
              <placeName type="bundesland" ref="/geodata-wboe.xml#p5">OÖ</placeName>
            </usg>
            <usg type="geo">
              <placeName type="grossregion" ref="/geodata-wboe.xml#p6.1">Mostv.</placeName>
            </usg>
            <usg type="geo">
              <placeName type="grossregion" ref="/geodata-wboe.xml#p6.3">Waldv.</placeName>
            </usg>
            <usg type="geo">
              <placeName type="grossregion" ref="/geodata-wboe.xml#p6.4">Weinv.</placeName>
            </usg>
            <usg type="geo">
              <placeName type="grossregion" ref="/geodata-wboe.xml#p6.5">Wien</placeName>
            </usg>
            <ptr type="collection" subtype="bedeutung" target="/collections-wboe.xml#c7850"/>
          </sense>
        </sense>
      </entry>
    </body>
  </text>
</TEI>
