<?xml version="1.0" encoding="UTF-8"?>
    <?xml-model href="http://www.tei-c.org/release/xml/tei/custom/schema/relaxng/tei_all.rng" type="application/xml" schematypens="http://purl.oclc.org/dsdl/schematron"?>
    <?xml-model href="../../803_RNG-schematron/WBOE-ODD.rnc" type="application/relax-ng-compact-syntax"?>
<?redaktionstool version="0.7.2" ?>
<?parser type="lioe" version="0.7.0" ?>
<TEI xmlns="http://www.tei-c.org/ns/1.0">
  <teiHeader>
    <fileDesc>
      <titleStmt>
        <title>(Ge-)Fickert, Gefickach</title>
        <respStmt>
          <resp>Editor</resp>
          <name ref="#DG">David Gschösser</name>
        </respStmt>
        <respStmt>
          <resp>Encoding Scheme</resp>
          <name>Jack Bowers</name>
          <name>Daniel Schopper</name>
          <name>Omar Siam</name>
        </respStmt>
        <respStmt>
          <resp>DBOE Team</resp>
          <name xml:id="AL">Alexandra N. Lenz</name>
          <name xml:id="PhS">Philipp Stöckle</name>
          <name xml:id="AG">Andreas Gellan</name>
          <name xml:id="PZ">Patrick Zeitlhuber</name>
          <name xml:id="SW">Sabine Wahl</name>
          <name xml:id="SS">Sonja Schwaiger</name>
          <name xml:id="AB">Angela Bergermayer</name>
          <name xml:id="EW">Eva Wahlmüller</name>
          <name xml:id="DG">David Gschösser</name>
          <name xml:id="StS">Stefanie Schöberl</name>
          <name xml:id="FF">Fabian Fleißner</name>
        </respStmt>
        <respStmt>
          <resp>Student assistants</resp>
          <name>Susanna Muhr</name>
          <name>Manuela Stütz</name>
          <name>Christina Hemetsberger</name>
        </respStmt>
      </titleStmt>
      <publicationStmt>
        <p></p>
      </publicationStmt>
      <sourceDesc>
        <list>
          <item>
            <label>Geo-data</label>
            <ptr xml:id="geo-inventory-WBOE" target="../geodata-wboe.xml"/>
          </item>
          <item>
            <label>Bibliography</label>
            <ptr xml:id="bibliography-WBOE" target="../bibl-wboe.xml"/>
          </item>
          <item>
            <label>WBOE-Slips</label>
            <ptr xml:id="slips-WBOE" target="../slips-wboe.xml"/>
          </item>
          <item>
            <label>WBOE-Collections</label>
            <ptr xml:id="collections-WBOE" target="../collections-wboe.xml"/>
          </item>
        </list>
      </sourceDesc>
    </fileDesc>
    <revisionDesc status="">
      <listChange>
        <change status="peer correction" when="2020-02-20" who="#DG">Datensatz erstellt</change>
        <change status="internal correction" when="2020-06-04" who="#DG">Vorschläge von PS eingearbeitet</change>
        <change status="external correction" when="2020-06-12" who="#DG">Vorschläge von MG eingearbeitet</change>
        <change status="external correction" when="2020-08-31" who="#DG">Etymologie nach Vorschlägen von JE geändert</change>
        <change status="external correction" when="2021-01-26" who="#DG">LK eingearbeitet</change>
        <change status="external correction" when="2021-04-08" who="#DG">LK bearbeitet</change>
        <change status="finished" when="2021-04-22" who="#DG">Artikel fertig</change>
      </listChange>
    </revisionDesc>
  </teiHeader>
  <text>
    <body>
      <entry>
        <form type="lemma" xml:id="Ge__Fickert">
          <orth>(Ge-)Fickert</orth>
        </form>
        <form type="lemma" xml:id="Gefickach">
          <orth>Gefickach</orth>
          <ptr type="collection" subtype="lemma" target="/collections-wboe.xml#c2650"/>
        </form>
        <gramGrp>
          <gram type="pos">Substantiv</gram>
          <gram type="gender">Neutrum</gram>
        </gramGrp>
        <usg type="geo">
          <placeName type="grossregion" ref="/geodata-wboe.xml#p1C.1">wNTir.</placeName>
        </usg>
        <usg type="geo">
          <placeName type="grossregion" ref="/geodata-wboe.xml#p1C.3">öNTir.</placeName>
        </usg>
        <usg type="geo">
          <placeName type="grossregion" ref="/geodata-wboe.xml#p2.1">ObKtn.</placeName>
        </usg>
        <usg type="geo">
          <placeName type="grossregion" ref="/geodata-wboe.xml#p2.2">MKtn.</placeName>
        </usg>
        <usg type="geo">
          <placeName type="grossregion" ref="/geodata-wboe.xml#p3.1">sbair.ObStmk.</placeName>
        </usg>
        <usg type="geo">
          <placeName type="grossregion" ref="/geodata-wboe.xml#p3.2">mbair.ObStmk.</placeName>
        </usg>
        <usg type="geo">
          <placeName type="grossregion" ref="/geodata-wboe.xml#p3.3">WStmk.</placeName>
        </usg>
        <usg type="geo">
          <placeName type="bundesland" ref="/geodata-wboe.xml#p4">Sbg.</placeName>
        </usg>
        <usg type="geo">
          <placeName type="bundesland" ref="/geodata-wboe.xml#p5">OÖ</placeName>
        </usg>
        <usg type="geo">
          <placeName type="grossregion" ref="/geodata-wboe.xml#p6.1">Mostv.</placeName>
        </usg>
        <usg type="geo">
          <placeName type="grossregion" ref="/geodata-wboe.xml#p6.2">Industriev.</placeName>
        </usg>
        <note type="kommentar" resp="#FF">Regelhaft liegen im Stammvokal aus mhd.
          <c>i</c>entstandene
          <c>i</c>-Monophthonge mit unterschiedlicher Qualität vor
          <xr>
            <ref>kfįkɒt</ref>
            <ref>gfikɒd</ref>
          </xr>. Die Intensität des inlautenden velaren Plosivs schwankt regional, wobei für das Südbairische auch Affrikaten belegt sind
          <xr>
            <ref>kfįkχɒt</ref>
          </xr>. Für das auslautende Suffix müssen bereits altsprachlich mehrere Varianten berücksichtigt werden, die nicht immer leicht zu ordnen sind. In den meisten Regionen erscheint ein -
          <c>ɒt</c>
          <xr>
            <ref>kfįkɒt</ref>
          </xr>.
          <c>e</c>-haltige Formen finden sich vor allem im Westmittelbairischen
          <xr>
            <ref>gfįkəd</ref>
          </xr>, vereinzelt auch im östlichen Südbairischen
          <xr>
            <ref>kfįkət</ref>
          </xr>. Formen mit Frikativ sind ebenfalls für diese Region belegt
          <xr>
            <ref>kfįkəx</ref>
          </xr>, darüber hinaus auch im bairisch-alemannischen Übergangsgebiet im westlichen Nordtirol
          <xr>
            <ref>kfįkχrɒχ</ref>
          </xr>. Komplexere Endungsformen mit eingeschobenem -
          <c>er</c>- entziehen sich einer genauen regionalen Zuordnung und sind im gesamten Verbreitungsgebiet vereinzelt anzutreffen, mitunter auch synkopiert
          <xr>
            <ref>gfįkɒrɒd</ref>
            <ref>kfįkχrɒχ</ref>
          </xr>.
        </note>
        <form type="dialect">
          <pron xml:lang="bar-AT">kfikhʀɒx</pron>
          <usg type="geo">
            <placeName type="grossregion" ref="/geodata-wboe.xml#p1C.1">wNTir.</placeName>
          </usg>
        </form>
        <form type="dialect">
          <pron xml:lang="bar-AT">gfiggat</pron>
          <usg type="geo">
            <placeName type="gemeinde" ref="/geodata-wboe.xml#p1C.3b03">Thiersee</placeName>
          </usg>
        </form>
        <form type="dialect">
          <pron xml:lang="bar-AT">k'fickət</pron>
          <usg type="geo">
            <placeName type="grossregion" ref="/geodata-wboe.xml#p2.1">ObKtn.</placeName>
          </usg>
        </form>
        <form type="dialect">
          <pron xml:lang="bar-AT">gfikᵃch</pron>
          <usg type="geo">
            <placeName type="grossregion" ref="/geodata-wboe.xml#p2.2">MKtn.</placeName>
          </usg>
        </form>
        <form type="dialect">
          <pron xml:lang="bar-AT">gfikəch</pron>
          <usg type="geo">
            <placeName type="grossregion" ref="/geodata-wboe.xml#p3.1">sbair.ObStmk.</placeName>
          </usg>
        </form>
        <form type="dialect">
          <pron xml:lang="bar-AT">gfickərt</pron>
          <usg type="geo">
            <placeName type="gemeinde" ref="/geodata-wboe.xml#p3.2b05">Wald am Schoberpaß</placeName>
          </usg>
        </form>
        <form type="dialect">
          <pron xml:lang="bar-AT">κφikχtɒd</pron>
          <usg type="geo">
            <placeName type="gemeinde" ref="/geodata-wboe.xml#p3.2o03">Landl</placeName>
          </usg>
        </form>
        <form type="dialect">
          <pron xml:lang="bar-AT">kfikɒt</pron>
          <usg type="geo">
            <placeName type="grossregion" ref="/geodata-wboe.xml#p3.3">WStmk.</placeName>
          </usg>
        </form>
        <form type="dialect">
          <pron xml:lang="bar-AT">gfükat</pron>
          <usg type="geo">
            <placeName type="grossregion" ref="/geodata-wboe.xml#p4.1">Lung.</placeName>
          </usg>
        </form>
        <form type="dialect">
          <pron xml:lang="bar-AT">κφikxɒd</pron>
          <usg type="geo">
            <placeName type="gemeinde" ref="/geodata-wboe.xml#p4.5a10">Koppl</placeName>
          </usg>
        </form>
        <form type="dialect">
          <pron xml:lang="bar-AT">κφikɒd</pron>
          <usg type="geo">
            <placeName type="gemeinde" ref="/geodata-wboe.xml#p4.5b06">Lamprechtshausen</placeName>
          </usg>
        </form>
        <form type="dialect">
          <pron xml:lang="bar-AT">kφik̑ɒd</pron>
          <usg type="geo">
            <placeName type="gemeinde" ref="/geodata-wboe.xml#p4.5d06">Strobl</placeName>
          </usg>
        </form>
        <form type="dialect">
          <pron xml:lang="bar-AT">gfiggȇd</pron>
          <usg type="geo">
            <placeName type="gemeinde" ref="/geodata-wboe.xml#p5.1b04">Mauerkirchen</placeName>
          </usg>
        </form>
        <form type="dialect">
          <pron xml:lang="bar-AT">gfikəd</pron>
          <usg type="geo">
            <placeName type="gemeinde" ref="/geodata-wboe.xml#p5.1c07">Mühlheim am Inn</placeName>
          </usg>
        </form>
        <form type="dialect">
          <pron xml:lang="bar-AT">κφíkɒd</pron>
          <usg type="geo">
            <placeName type="gemeinde" ref="/geodata-wboe.xml#p5.1e11">Suben</placeName>
          </usg>
        </form>
        <form type="dialect">
          <pron xml:lang="bar-AT">gfikɒτ</pron>
          <usg type="geo">
            <placeName type="gemeinde" ref="/geodata-wboe.xml#p5.3a01">Ebensee</placeName>
          </usg>
        </form>
        <form type="dialect">
          <pron xml:lang="bar-AT">gvikɒd</pron>
          <usg type="geo">
            <placeName type="gemeinde" ref="/geodata-wboe.xml#p5.3n04">Molln</placeName>
          </usg>
        </form>
        <form type="dialect">
          <pron xml:lang="bar-AT">gfiggad</pron>
          <usg type="geo">
            <placeName type="gemeinde" ref="/geodata-wboe.xml#p5.3o01">Gaflenz</placeName>
          </usg>
        </form>
        <form type="dialect">
          <pron xml:lang="bar-AT">gfikɒd</pron>
          <usg type="geo">
            <placeName type="gemeinde" ref="/geodata-wboe.xml#p5.4b13">Ulrichsberg</placeName>
          </usg>
        </form>
        <form type="dialect">
          <pron xml:lang="bar-AT">-gfigarat</pron>
          <usg type="geo">
            <placeName type="gemeinde" ref="/geodata-wboe.xml#p5.4c04">Gramastetten</placeName>
          </usg>
        </form>
        <form type="dialect">
          <pron xml:lang="bar-AT">gvikat</pron>
          <usg type="geo">
            <placeName type="gemeinde" ref="/geodata-wboe.xml#p5.4d13">St. Veit im Mühlkreis</placeName>
          </usg>
        </form>
        <form type="dialect">
          <pron xml:lang="bar-AT">κφįkɒd</pron>
          <usg type="geo">
            <placeName type="gemeinde" ref="/geodata-wboe.xml#p6.1f05">Purgstall an der Erlauf</placeName>
          </usg>
        </form>
        <form type="dialect">
          <pron xml:lang="bar-AT">κφιkkɒd</pron>
          <usg type="geo">
            <placeName type="gemeinde" ref="/geodata-wboe.xml#p6.1g01">Gresten</placeName>
          </usg>
        </form>
        <form type="dialect">
          <pron xml:lang="bar-AT">gfikkɒd</pron>
          <usg type="geo">
            <placeName type="gemeinde" ref="/geodata-wboe.xml#p6.1o01">Herzogenburg</placeName>
          </usg>
        </form>
        <form type="dialect">
          <pron xml:lang="bar-AT">g'fickat</pron>
          <usg type="geo">
            <placeName type="gemeinde" ref="/geodata-wboe.xml#p6.2h28">Warth</placeName>
          </usg>
          <ptr type="collection" subtype="lautung" target="/collections-wboe.xml#c2919"/>
        </form>
        <etym>
          <seg type="desc">Ableitung von</seg>
          <cit type="etymon">
            <xr type="lemma">
              <ref>ficken</ref>
            </xr>
          </cit>
          <seg type="desc">im Sinne von</seg>
          <cit type="etymon">
            <def>kurze, schnelle Bewegungen machen</def>
          </cit>
          <seg type="desc">; zuerst für</seg>
          <cit type="etymon">
            <def>(als lästig empfundene) kleine Lebewesen, Kinder</def>
          </cit>
          <seg type="desc">, dann auch für</seg>
          <cit type="etymon">
            <def>als minderwertig empfundene Person, Dinge</def>
          </cit>
          <seg type="desc">; siehe auch</seg>
          <cit type="etymon">
            <xr type="lemma">
              <ref target="Gefick.xml">Gefick</ref>
            </xr>
          </cit>
        </etym>
        <sense>
          <sense>
            <sense>
              <def>Getier</def>
              <usg type="geo">
                <placeName type="grossregion" ref="/geodata-wboe.xml#p1C.1">wNTir.</placeName>
              </usg>
              <usg type="geo">
                <placeName type="grossregion" ref="/geodata-wboe.xml#p5.1">Innv.</placeName>
              </usg>
              <usg type="geo">
                <placeName type="grossregion" ref="/geodata-wboe.xml#p5.3">Traunv.</placeName>
              </usg>
              <cit type="example">
                <quote xml:lang="bar-AT">s wiid gfiggȇd</quote>
                <usg type="geo">
                  <placeName type="kleinregion" ref="/geodata-wboe.xml#p5.1b">nördl.obInnv.</placeName>
                </usg>
              </cit>
              <ptr type="collection" subtype="bedeutung" target="/collections-wboe.xml#c2936"/>
            </sense>
            <sense>
              <def>Vieh</def>
              <usg>(auch abwertend)</usg>
              <usg type="geo">
                <placeName type="grossregion" ref="/geodata-wboe.xml#p2.2">MKtn.</placeName>
              </usg>
              <usg type="geo">
                <placeName type="grossregion" ref="/geodata-wboe.xml#p4.1">Lung.</placeName>
              </usg>
              <usg type="geo">
                <placeName type="grossregion" ref="/geodata-wboe.xml#p5.1">Innv.</placeName>
              </usg>
              <usg type="geo">
                <placeName type="grossregion" ref="/geodata-wboe.xml#p5.2">Hausrv.</placeName>
              </usg>
              <usg type="geo">
                <placeName type="grossregion" ref="/geodata-wboe.xml#p5.4">Mühlv.</placeName>
              </usg>
              <usg type="geo">
                <placeName type="grossregion" ref="/geodata-wboe.xml#p6.2">Industriev.</placeName>
              </usg>
              <cit type="example">
                <quote xml:lang="bar-AT">bein Gviegát ön Stall</quote>
                <ref type="bibl" target="#">Wagnleithner 1921
                  <citedRange>9</citedRange>
                </ref>
                <usg type="geo">
                  <placeName type="grossregion" ref="/geodata-wboe.xml#p5.1">Innv.</placeName>
                </usg>
              </cit>
              <ptr type="collection" subtype="bedeutung" target="/collections-wboe.xml#c2937"/>
            </sense>
            <sense>
              <def>Jungvieh</def>
              <usg type="geo">
                <placeName type="grossregion" ref="/geodata-wboe.xml#p4.1">Lung.</placeName>
              </usg>
              <usg type="geo">
                <placeName type="grossregion" ref="/geodata-wboe.xml#p5.2">Hausrv.</placeName>
              </usg>
              <ptr type="collection" subtype="bedeutung" target="/collections-wboe.xml#c2940"/>
            </sense>
            <sense>
              <def>Kleinvieh</def>
              <usg type="geo">
                <placeName type="grossregion" ref="/geodata-wboe.xml#p3.2">mbair.ObStmk.</placeName>
              </usg>
              <usg type="geo">
                <placeName type="grossregion" ref="/geodata-wboe.xml#p3.3">WStmk.</placeName>
              </usg>
              <usg type="geo">
                <placeName type="bundesland" ref="/geodata-wboe.xml#p4">Sbg.</placeName>
              </usg>
              <usg type="geo">
                <placeName type="bundesland" ref="/geodata-wboe.xml#p5">OÖ</placeName>
              </usg>
              <usg type="geo">
                <placeName type="grossregion" ref="/geodata-wboe.xml#p6.1">Mostv.</placeName>
              </usg>
              <ptr type="collection" subtype="bedeutung" target="/collections-wboe.xml#c2941"/>
            </sense>
            <sense>
              <def>Rindvieh</def>
              <usg type="geo">
                <placeName type="grossregion" ref="/geodata-wboe.xml#p5.1">Innv.</placeName>
              </usg>
              <ptr type="collection" subtype="bedeutung" target="/collections-wboe.xml#c2942"/>
            </sense>
            <sense>
              <def>Bestand von Schafen und Ziegen</def>
              <usg type="geo">
                <placeName type="grossregion" ref="/geodata-wboe.xml#p4.5">Flachg.</placeName>
              </usg>
              <ptr type="collection" subtype="bedeutung" target="/collections-wboe.xml#c2943"/>
            </sense>
            <sense>
              <def>Geflügel; Federvieh</def>
              <usg>(auch abwertend)</usg>
              <usg type="geo">
                <placeName type="grossregion" ref="/geodata-wboe.xml#p3.1">sbair.ObStmk.</placeName>
              </usg>
              <usg type="geo">
                <placeName type="grossregion" ref="/geodata-wboe.xml#p3.2">mbair.ObStmk.</placeName>
              </usg>
              <usg type="geo">
                <placeName type="bundesland" ref="/geodata-wboe.xml#p4">Sbg.</placeName>
              </usg>
              <usg type="geo">
                <placeName type="bundesland" ref="/geodata-wboe.xml#p5">OÖ</placeName>
              </usg>
              <usg type="geo">
                <placeName type="grossregion" ref="/geodata-wboe.xml#p6.1">Mostv.</placeName>
              </usg>
              <usg type="geo">
                <placeName type="grossregion" ref="/geodata-wboe.xml#p6.2">Industriev.</placeName>
              </usg>
              <cit type="example">
                <quote xml:lang="bar-AT">rēnd schåⁿ wida s' Gfikad in Goatn uma!</quote>
                <usg type="geo">
                  <placeName type="gemeinde" ref="/geodata-wboe.xml#p5.2e01">Linz</placeName>
                </usg>
              </cit>
              <ptr type="collection" subtype="bedeutung" target="/collections-wboe.xml#c2955"/>
            </sense>
          </sense>
          <sense>
            <sense>
              <sense>
                <def>(umherstreifendes, aufdringliches) Gesindel</def>
                <usg type="geo">
                  <placeName type="grossregion" ref="/geodata-wboe.xml#p5.1">Innv.</placeName>
                </usg>
                <usg type="geo">
                  <placeName type="grossregion" ref="/geodata-wboe.xml#p6.1">Mostv.</placeName>
                </usg>
                <ptr type="collection" subtype="bedeutung" target="/collections-wboe.xml#c2958"/>
              </sense>
              <sense>
                <def>liederliche Familie, Verwandtschaft</def>
                <usg>(abwertend)</usg>
                <usg type="geo">
                  <placeName type="grossregion" ref="/geodata-wboe.xml#p3.3">WStmk.</placeName>
                </usg>
                <usg type="geo">
                  <placeName type="grossregion" ref="/geodata-wboe.xml#p5.2">Hausrv.</placeName>
                </usg>
                <ptr type="collection" subtype="bedeutung" target="/collections-wboe.xml#c2960"/>
              </sense>
              <sense>
                <def>Knechte</def>
                <usg type="geo">
                  <placeName type="grossregion" ref="/geodata-wboe.xml#p5.3">Traunv.</placeName>
                </usg>
                <ptr type="collection" subtype="bedeutung" target="/collections-wboe.xml#c2961"/>
              </sense>
              <sense>
                <def>übermütige Menschenmenge</def>
                <usg type="geo">
                  <placeName type="grossregion" ref="/geodata-wboe.xml#p4.1">Lung.</placeName>
                </usg>
                <ptr type="collection" subtype="bedeutung" target="/collections-wboe.xml#c2962"/>
              </sense>
            </sense>
            <sense>
              <sense>
                <def>Kinderschar</def>
                <usg>(auch abwertend)</usg>
                <usg type="geo">
                  <placeName type="grossregion" ref="/geodata-wboe.xml#p1C.1">wNTir.</placeName>
                </usg>
                <usg type="geo">
                  <placeName type="grossregion" ref="/geodata-wboe.xml#p2.1">ObKtn.</placeName>
                </usg>
                <usg type="geo">
                  <placeName type="bundesland" ref="/geodata-wboe.xml#p4">Sbg.</placeName>
                </usg>
                <usg type="geo">
                  <placeName type="grossregion" ref="/geodata-wboe.xml#p5.2">Hausrv.</placeName>
                </usg>
                <usg type="geo">
                  <placeName type="grossregion" ref="/geodata-wboe.xml#p5.4">Mühlv.</placeName>
                </usg>
                <usg type="geo">
                  <placeName type="grossregion" ref="/geodata-wboe.xml#p6.1">Mostv.</placeName>
                </usg>
                <cit type="example">
                  <quote xml:lang="bar-AT">σ κφiκɒd ao̩ɒτrae̩m</quote>
                  <usg type="geo">
                    <placeName type="gemeinde" ref="/geodata-wboe.xml#p5.2b44">Ungenach</placeName>
                  </usg>
                </cit>
                <ptr type="collection" subtype="bedeutung" target="/collections-wboe.xml#c2963"/>
              </sense>
              <sense>
                <def>Mädchen</def>
                <usg>(abwertend)</usg>
                <usg type="geo">
                  <placeName type="grossregion" ref="/geodata-wboe.xml#p6.1">Mostv.</placeName>
                </usg>
                <ptr type="collection" subtype="bedeutung" target="/collections-wboe.xml#c2966"/>
              </sense>
              <sense>
                <def>Kind, dessen Eltern nicht verheiratet sind</def>
                <usg type="geo">
                  <placeName type="grossregion" ref="/geodata-wboe.xml#p1C.3">öNTir.</placeName>
                </usg>
                <ptr type="collection" subtype="bedeutung" target="/collections-wboe.xml#c2982"/>
              </sense>
            </sense>
          </sense>
          <sense>
            <def>kleines, wertloses Zeug</def>
            <usg type="geo">
              <placeName type="grossregion" ref="/geodata-wboe.xml#p1C.3">öNTir.</placeName>
            </usg>
            <usg type="geo">
              <placeName type="grossregion" ref="/geodata-wboe.xml#p5.2">Hausrv.</placeName>
            </usg>
            <ptr type="collection" subtype="bedeutung" target="/collections-wboe.xml#c2964"/>
          </sense>
        </sense>
        <re>
          <form subtype="compound" type="lemma">
            <orth>Hennengefickach</orth>
          </form>
          <form subtype="compound" type="lemma">
            <orth>Hendlgefickach</orth>
          </form>
          <sense>
            <sense>
              <def>Geflügel; Federvieh</def>
              <usg>(auch abwertend)</usg>
              <usg type="geo">
                <placeName type="bundesland" ref="/geodata-wboe.xml#p4">Sbg.</placeName>
              </usg>
              <usg type="geo">
                <placeName type="grossregion" ref="/geodata-wboe.xml#p5.1">Innv.</placeName>
              </usg>
              <usg type="geo">
                <placeName type="grossregion" ref="/geodata-wboe.xml#p5.2">Hausrv.</placeName>
              </usg>
              <usg type="geo">
                <placeName type="grossregion" ref="/geodata-wboe.xml#p5.3">Traunv.</placeName>
              </usg>
              <ptr type="collection" subtype="bedeutung" target="/collections-wboe.xml#c2970"/>
            </sense>
          </sense>
        </re>
        <re>
          <form subtype="compound" type="lemma">
            <orth>Hühnergefickach</orth>
          </form>
          <sense>
            <sense>
              <def>Geflügel; Federvieh</def>
              <usg type="geo">
                <placeName type="grossregion" ref="/geodata-wboe.xml#p5.4">Mühlv.</placeName>
              </usg>
              <usg type="geo">
                <placeName type="grossregion" ref="/geodata-wboe.xml#p6.1">Mostv.</placeName>
              </usg>
              <ptr type="collection" subtype="bedeutung" target="/collections-wboe.xml#c2971"/>
            </sense>
          </sense>
        </re>
        <re>
          <form subtype="compound" type="lemma">
            <orth>Katzengefickert</orth>
          </form>
          <sense>
            <sense>
              <def>Katzenrudel</def>
              <usg type="geo">
                <placeName type="grossregion" ref="/geodata-wboe.xml#p5.4">Mühlv.</placeName>
              </usg>
              <ptr type="collection" subtype="bedeutung" target="/collections-wboe.xml#c2972"/>
            </sense>
          </sense>
        </re>
        <re>
          <form subtype="compound" type="lemma">
            <orth>Kindergefickach</orth>
          </form>
          <sense>
            <sense>
              <def>Kinderschar</def>
              <usg type="geo">
                <placeName type="bundesland" ref="/geodata-wboe.xml#p4">Sbg.</placeName>
              </usg>
              <usg type="geo">
                <placeName type="grossregion" ref="/geodata-wboe.xml#p5.2">Hausrv.</placeName>
              </usg>
              <ptr type="collection" subtype="bedeutung" target="/collections-wboe.xml#c2974"/>
            </sense>
          </sense>
        </re>
        <re>
          <form subtype="compound" type="lemma">
            <orth>Kuhgefickach</orth>
          </form>
          <sense>
            <sense>
              <def>Kühe</def>
              <usg type="geo">
                <placeName type="grossregion" ref="/geodata-wboe.xml#p5.1">Innv.</placeName>
              </usg>
              <cit type="example">
                <quote xml:lang="bar-AT">s kié̑gfiggȇd ȋs a gšaid</quote>
                <usg type="geo">
                  <placeName type="kleinregion" ref="/geodata-wboe.xml#p5.1b">nördl.obInnv.</placeName>
                </usg>
              </cit>
              <ptr type="collection" subtype="bedeutung" target="/collections-wboe.xml#c2975"/>
            </sense>
          </sense>
        </re>
        <re>
          <form subtype="compound" type="lemma">
            <orth>Mistgefickach</orth>
          </form>
          <sense>
            <sense>
              <def type="umschreibung">Schimpfwort für Hühner</def>
              <usg type="geo">
                <placeName type="grossregion" ref="/geodata-wboe.xml#p6.1">Mostv.</placeName>
              </usg>
              <ptr type="collection" subtype="bedeutung" target="/collections-wboe.xml#c2976"/>
            </sense>
          </sense>
        </re>
        <re>
          <form subtype="compound" type="lemma">
            <orth>Weiberleutgefickach</orth>
          </form>
          <sense>
            <sense>
              <def type="umschreibung">Schimpfwort für Frauen</def>
              <usg>(abwertend)</usg>
              <usg type="geo">
                <placeName type="grossregion" ref="/geodata-wboe.xml#p5.1">Innv.</placeName>
              </usg>
              <cit type="example">
                <quote xml:lang="bar-AT">é̑ so ȇ weiwéȓlaidgfigǵət!</quote>
                <usg type="geo">
                  <placeName type="kleinregion" ref="/geodata-wboe.xml#p5.1b">nördl.obInnv.</placeName>
                </usg>
              </cit>
              <ptr type="collection" subtype="bedeutung" target="/collections-wboe.xml#c2980"/>
            </sense>
          </sense>
        </re>
        <re type="redewendung">
          <form subtype="MWE" type="lemma">
            <orth>Manderleut aussteigen, das Gefickach kann sitzen bleiben! / Weibergefickach sitzen bleiben!</orth>
          </form>
          <sense>
            <sense>
              <def type="umschreibung">Ausruf eines Postkutschers an die Fahrgäste vor einer Steigung</def>
              <usg type="geo">
                <placeName type="grossregion" ref="/geodata-wboe.xml#p4.2">Pinzg.</placeName>
              </usg>
              <usg type="geo">
                <placeName type="grossregion" ref="/geodata-wboe.xml#p5.4">Mühlv.</placeName>
              </usg>
              <cit type="example">
                <quote xml:lang="bar-AT">Månaleid auschdeign, Weiwagfikad sizn bleiᵇm!</quote>
                <usg type="geo">
                  <placeName type="gemeinde" ref="/geodata-wboe.xml#p4.2h01">Lofer</placeName>
                </usg>
              </cit>
              <cit type="example">
                <quote xml:lang="bar-AT">Månaleid auschdeign, s' Gfikad kåⁿ sizn bleim!</quote>
                <usg type="geo">
                  <placeName type="gemeinde" ref="/geodata-wboe.xml#p5.4d06">Bad Leonfelden</placeName>
                </usg>
              </cit>
              <ptr type="collection" subtype="bedeutung" target="/collections-wboe.xml#c2967"/>
            </sense>
          </sense>
        </re>
      </entry>
    </body>
  </text>
</TEI>