<?xml version="1.0" encoding="UTF-8"?>
    <?xml-model href="http://www.tei-c.org/release/xml/tei/custom/schema/relaxng/tei_all.rng" type="application/xml" schematypens="http://purl.oclc.org/dsdl/schematron"?>
    <?xml-model href="../../803_RNG-schematron/WBOE-ODD.rnc" type="application/relax-ng-compact-syntax"?>
<?redaktionstool version="0.6.6"?>
<TEI xmlns="http://www.tei-c.org/ns/1.0">
  <teiHeader>
    <fileDesc>
      <titleStmt>
        <title>Fiduz</title>
        <respStmt>
          <resp>Editor</resp>
          <name ref="#SW">Sabine Wahl</name>
        </respStmt>
        <respStmt>
          <resp>Encoding Scheme</resp>
          <name>Jack Bowers</name>
          <name>Daniel Schopper</name>
          <name>Omar Siam</name>
        </respStmt>
        <respStmt>
          <resp>DBOE Team</resp>
          <name xml:id="AL">Alexandra N. Lenz</name>
          <name xml:id="PhS">Philipp Stöckle</name>
          <name xml:id="AG">Andreas Gellan</name>
          <name xml:id="PZ">Patrick Zeitlhuber</name>
          <name xml:id="SW">Sabine Wahl</name>
          <name xml:id="SS">Sonja Schwaiger</name>
          <name xml:id="AB">Angela Bergermayer</name>
          <name xml:id="EW">Eva Wahlmüller</name>
          <name xml:id="DG">David Gschösser</name>
          <name xml:id="StS">Stefanie Schöberl</name>
          <name xml:id="FF">Fabian Fleißner</name>
        </respStmt>
        <respStmt>
          <resp>Student assistants</resp>
          <name>Susanna Muhr</name>
          <name>Manuela Stütz</name>
          <name>Christina Hemetsberger</name>
        </respStmt>
      </titleStmt>
      <publicationStmt>
        <p></p>
      </publicationStmt>
      <sourceDesc>
        <list>
          <item>
            <label>Geo-data</label>
            <ptr xml:id="geo-inventory-WBOE" target="../geodata-wboe.xml"/>
          </item>
          <item>
            <label>Bibliography</label>
            <ptr xml:id="bibliography-WBOE" target="../bibl-wboe.xml"/>
          </item>
          <item>
            <label>WBOE-Slips</label>
            <ptr xml:id="slips-WBOE" target="../slips-wboe.xml"/>
          </item>
          <item>
            <label>WBOE-Collections</label>
            <ptr xml:id="collections-WBOE" target="../collections-wboe.xml"/>
          </item>
        </list>
      </sourceDesc>
    </fileDesc>
    <revisionDesc>
      <listChange>
        <change status="external correction" when="2020-03-19" who="#SW">Datensatz erstellt</change>
        <change status="finished" when="2020-10-15" who="#SW">Artikeloptimierung durchgeführt</change>
      </listChange>
    </revisionDesc>
  </teiHeader>
  <text>
    <body>
      <entry>
        <form type="lemma" xml:id="Fiduz">
          <orth>Fiduz</orth>
          <ptr type="collection" subtype="lemma" target="/collections-wboe.xml#c3588"/>
        </form>
        <gramGrp>
          <gram type="pos">Substantiv</gram>
          <gram type="gender">Maskulinum</gram>
          <gram type="gender">Femininum</gram>
        </gramGrp>
        <usg type="geo">
          <placeName type="bundesland" ref="/geodata-wboe.xml#p3">Stmk.</placeName>
        </usg>
        <usg type="geo">
          <placeName type="grossregion" ref="/geodata-wboe.xml#p6.1">Mostv.</placeName>
        </usg>
        <usg type="geo">
          <placeName type="grossregion" ref="/geodata-wboe.xml#p6.5">Wien</placeName>
        </usg>
        <note type="kommentar" resp="#FF">Die Lautverhältnisse des lateinischen Lehnwortes, das sich nur im Ostmittelbairischen finden lässt, wurden weitgehend beibehalten, nur die Endung wurde gekürzt. Es liegen in der ersten Silbe unbetonte
          <c>i</c>-haltige Monophthonge vor, in der zweiten Silbe betonte
          <c>u</c>-Monophthonge unterschiedlicher Quantität
          <xr>
            <ref>fįdųds</ref>
            <ref>fįdūds</ref>
          </xr>.
        </note>
        <form type="dialect">
          <pron xml:lang="bar-AT">fi'dūz</pron>
          <usg type="geo">
            <placeName type="grossregion" ref="/geodata-wboe.xml#p3.3">WStmk.</placeName>
          </usg>
        </form>
        <form type="dialect">
          <pron xml:lang="bar-AT">fidú̄ts</pron>
          <usg type="geo">
            <placeName type="gemeinde" ref="/geodata-wboe.xml#p6.1o01">Herzogenburg</placeName>
          </usg>
        </form>
        <form type="dialect">
          <pron xml:lang="bar-AT">fidūz</pron>
          <usg type="geo">
            <placeName type="gemeinde" ref="/geodata-wboe.xml#p6.1p12">Türnitz</placeName>
          </usg>
        </form>
        <form type="dialect">
          <pron xml:lang="bar-AT">fidú̱̇z</pron>
          <pron xml:lang="bar-AT">vidu̱z</pron>
          <pron xml:lang="bar-AT">fitúts</pron>
          <usg type="geo">
            <placeName type="grossregion" ref="/geodata-wboe.xml#p6.5">Wien</placeName>
          </usg>
          <ptr type="collection" subtype="lautung" target="/collections-wboe.xml#c4365"/>
        </form>
        <etym>
          <seg type="desc">
            <lang>lat.</lang>
          </seg>
          <cit type="etymon">
            <form>
              <orth>fīdūcia</orth>
            </form>
            <def>Vertrauen; Zuversicht; Selbstvertrauen; Mut; Zuverlässigkeit; Verpfändung; Pfand; Unterpfand; Sicherheit; Bürgschaft</def>
          </cit>
          <ref type="bibl" subtype="online">Pons online
            <xr type="lemma">
              <ref>fīdūcia</ref>
              <date type="accessed">20.03.2020</date>
            </xr>
          </ref>
        </etym>
        <sense>
          <sense>
            <def>Vertrauen; Zutrauen</def>
            <usg type="geo">
              <placeName type="bundesland" ref="/geodata-wboe.xml#p3">Stmk.</placeName>
            </usg>
            <usg type="geo">
              <placeName type="grossregion" ref="/geodata-wboe.xml#p6.5">Wien</placeName>
            </usg>
            <cit type="example">
              <quote xml:lang="bar-AT">kõɒn rechtn fi'dūz hō(b)m</quote>
              <usg type="geo">
                <placeName type="grossregion" ref="/geodata-wboe.xml#p3.3">WStmk.</placeName>
              </usg>
            </cit>
            <cit type="example">
              <quote xml:lang="bar-AT">er hot ka Fiduz af mi</quote>
              <usg type="geo">
                <placeName type="gemeinde" ref="/geodata-wboe.xml#p3.5j12">Kirchberg an der Raab</placeName>
              </usg>
            </cit>
            <cit type="example">
              <quote xml:lang="bar-AT">Auf di' hab i a großi Fiduz</quote>
              <usg type="geo">
                <placeName type="grossregion" ref="/geodata-wboe.xml#p6.5">Wien</placeName>
              </usg>
            </cit>
            <cit type="example">
              <quote xml:lang="bar-AT">Hast kan Fiduz ?</quote>
              <usg type="geo">
                <placeName type="grossregion" ref="/geodata-wboe.xml#p6.5">Wien</placeName>
              </usg>
            </cit>
            <ptr type="collection" subtype="bedeutung" target="/collections-wboe.xml#c4366"/>
          </sense>
          <sense>
            <def>Lust; Verlangen; Absicht</def>
            <usg type="geo">
              <placeName type="grossregion" ref="/geodata-wboe.xml#p6.1">Mostv.</placeName>
            </usg>
            <usg type="geo">
              <placeName type="grossregion" ref="/geodata-wboe.xml#p6.5">Wien</placeName>
            </usg>
            <cit type="example">
              <quote xml:lang="bar-AT">a͡uf dé̇̄s hęd-i fidú̄ts</quote>
              <usg type="geo">
                <placeName type="gemeinde" ref="/geodata-wboe.xml#p6.1o01">Herzogenburg</placeName>
              </usg>
            </cit>
            <cit type="example">
              <quote xml:lang="bar-AT">Kã ręchtė fidú̄ts hãũm</quote>
              <usg type="geo">
                <placeName type="gemeinde" ref="/geodata-wboe.xml#p6.1o01">Herzogenburg</placeName>
              </usg>
            </cit>
            <cit type="example">
              <quote xml:lang="bar-AT">koan Fiduz</quote>
              <usg type="geo">
                <placeName type="gemeinde" ref="/geodata-wboe.xml#p6.1s06">Sitzenberg-Reidling</placeName>
              </usg>
            </cit>
            <cit type="example">
              <quote xml:lang="bar-AT">Heint håb' i' wieda går kañ Fidūz zu d'r ɒ̊rweit!</quote>
              <usg type="geo">
                <placeName type="grossregion" ref="/geodata-wboe.xml#p6.5">Wien</placeName>
              </usg>
            </cit>
            <cit type="example">
              <quote xml:lang="bar-AT">Er hat an Fiduz auf [etwas]</quote>
              <usg type="geo">
                <placeName type="grossregion" ref="/geodata-wboe.xml#p6.5">Wien</placeName>
              </usg>
            </cit>
            <cit type="example">
              <quote xml:lang="bar-AT">Hast kan Fiduz ?</quote>
              <usg type="geo">
                <placeName type="grossregion" ref="/geodata-wboe.xml#p6.5">Wien</placeName>
              </usg>
            </cit>
            <ptr type="collection" subtype="bedeutung" target="/collections-wboe.xml#c4367"/>
          </sense>
        </sense>
      </entry>
    </body>
  </text>
</TEI>