<?xml version="1.0" encoding="UTF-8"?>
    <?xml-model href="http://www.tei-c.org/release/xml/tei/custom/schema/relaxng/tei_all.rng" type="application/xml" schematypens="http://purl.oclc.org/dsdl/schematron"?>
    <?xml-model href="../../803_RNG-schematron/WBOE-ODD.rnc" type="application/relax-ng-compact-syntax"?>
<?redaktionstool version="0.6.4"?>
<TEI xmlns="http://www.tei-c.org/ns/1.0">
  <teiHeader>
    <fileDesc>
      <titleStmt>
        <title>Filiaune</title>
        <respStmt>
          <resp>Editor</resp>
          <name ref="#EW">Eva Wahlmüller</name>
        </respStmt>
        <respStmt>
          <resp>Encoding Scheme</resp>
          <name>Jack Bowers</name>
          <name>Daniel Schopper</name>
          <name>Omar Siam</name>
        </respStmt>
        <respStmt>
          <resp>DBOE Team</resp>
          <name xml:id="AL">Alexandra N. Lenz</name>
          <name xml:id="PhS">Philipp Stöckle</name>
          <name xml:id="AG">Andreas Gellan</name>
          <name xml:id="PZ">Patrick Zeitlhuber</name>
          <name xml:id="SW">Sabine Wahl</name>
          <name xml:id="SS">Sonja Schwaiger</name>
          <name xml:id="AB">Angela Bergermayer</name>
          <name xml:id="EW">Eva Wahlmüller</name>
          <name xml:id="DG">David Gschösser</name>
          <name xml:id="StS">Stefanie Schöberl</name>
          <name xml:id="FF">Fabian Fleißner</name>
        </respStmt>
        <respStmt>
          <resp>Student assistants</resp>
          <name>Susanna Muhr</name>
          <name>Manuela Stütz</name>
          <name>Christina Hemetsberger</name>
        </respStmt>
      </titleStmt>
      <publicationStmt>
        <p></p>
      </publicationStmt>
      <sourceDesc>
        <list>
          <item>
            <label>Geo-data</label>
            <ptr xml:id="geo-inventory-WBOE" target="../geodata-wboe.xml"/>
          </item>
          <item>
            <label>Bibliography</label>
            <ptr xml:id="bibliography-WBOE" target="../bibl-wboe.xml"/>
          </item>
          <item>
            <label>WBOE-Slips</label>
            <ptr xml:id="slips-WBOE" target="../slips-wboe.xml"/>
          </item>
          <item>
            <label>WBOE-Collections</label>
            <ptr xml:id="collections-WBOE" target="../collections-wboe.xml"/>
          </item>
        </list>
      </sourceDesc>
    </fileDesc>
    <revisionDesc>
      <listChange>
        <change status="in progress" when="2020-01-30" who="#EW">Datensatz erstellt</change>
        <change status="peer correction" when="2020-02-18" who="#EW">interne Korrektur</change>
        <change status="external correction" when="2020-03-18" who="#EW">von Manzi korrigiert</change>
        <change status="finished" when="2020-04-07" who="#EW">Collections verknüpft</change>
        <change status="finished" when="2020-05-04" who="#EW">Lautkommentar eingegeben</change>
        <change status="finished" when="2020-05-08" who="#EW">Lautkommentar von JE abgesegnet; Kommentar wegen einfachen Anführungszeichen!</change>
        <change status="finished" when="2020-09-30" who="#EW">Artikeloptimierung Checkliste durchgegangen</change>
      </listChange>
    </revisionDesc>
  </teiHeader>
  <text>
    <body>
      <entry>
        <form type="lemma" xml:id="Filiaune">
          <orth>Filiaune</orth>
          <ptr type="collection" subtype="lemma" target="/collections-wboe.xml#c1639"/>
        </form>
        <gramGrp>
          <gram type="pos">Substantiv</gram>
          <gram type="gender">Femininum</gram>
        </gramGrp>
        <usg type="geo">
          <placeName type="bundesland" ref="/geodata-wboe.xml#p1A">STir.</placeName>
        </usg>
        <usg type="geo">
          <placeName type="grossregion" ref="/geodata-wboe.xml#p1B.0">OTir.</placeName>
        </usg>
        <usg type="geo">
          <placeName type="bundesland" ref="/geodata-wboe.xml#p1C">NTir.</placeName>
        </usg>
        <note type="kommentar" resp="#FF">Das nur im westlichen Südbairischen belegte Lehnwort weist überall Sprossvokale im Anlaut auf
          <xr>
            <ref>ƒįlįaunɒ</ref>
          </xr>. Im Anlaut sind mitunter übermarkierte Affrikaten belegt
          <xr>
            <ref>pfįlįaunɒ</ref>
          </xr>. Der Endungsvokal ist häufig zu
          <c>ə</c>abgeschwächt
          <xr>
            <ref>ƒįlįaunə</ref>
          </xr>, oft auch im Anschluss apokopiert worden
          <xr>
            <ref>fįlįaun</ref>
          </xr>.
        </note>
        <form type="dialect">
          <pron xml:lang="bar-AT">fliáun</pron>
          <usg type="geo">
            <placeName type="kleinregion" ref="/geodata-wboe.xml#p1A.1a">nördl.obVinschg.</placeName>
          </usg>
        </form>
        <form type="dialect">
          <pron xml:lang="bar-AT">pfeliaun</pron>
          <usg type="geo">
            <placeName type="gemeinde" ref="/geodata-wboe.xml#p1A.1a01">Graun im Vinschgau</placeName>
          </usg>
        </form>
        <form type="dialect">
          <pron xml:lang="bar-AT">feljáunə</pron>
          <usg type="geo">
            <placeName type="gemeinde" ref="/geodata-wboe.xml#p1C.1m06">Nauders</placeName>
          </usg>
        </form>
        <form type="dialect">
          <pron xml:lang="bar-AT">filiauna</pron>
          <usg type="geo">
            <placeName type="gemeinde" ref="/geodata-wboe.xml#p1C.1m11">Spiss</placeName>
          </usg>
          <ptr type="collection" subtype="lautung" target="/collections-wboe.xml#c4784"/>
        </form>
        <etym>
          <seg type="desc">entlehnt aus</seg>
          <cit type="etymon">
            <lang>rätorom.</lang>
            <form>
              <orth>fliana</orth>
            </form>
            <form>
              <orth>fliua</orth>
            </form>
            <def>Pflug</def>
          </cit>
          <ref type="bibl" target="#">
            <lbl>vgl.</lbl>DRG VI
            <citedRange>398f.</citedRange>
          </ref>
        </etym>
        <sense>
          <sense>
            <def type="umschreibung">Bezeichnung für eine Pflugart</def>
            <usg type="geo">
              <placeName type="bundesland" ref="/geodata-wboe.xml#p1A">STir.</placeName>
            </usg>
            <usg type="geo">
              <placeName type="grossregion" ref="/geodata-wboe.xml#p1B.0">OTir.</placeName>
            </usg>
            <usg type="geo">
              <placeName type="bundesland" ref="/geodata-wboe.xml#p1C">NTir.</placeName>
            </usg>
            <ptr type="collection" subtype="bedeutung" target="/collections-wboe.xml#c4785"/>
          </sense>
        </sense>
      </entry>
    </body>
  </text>
</TEI>