<?xml version="1.0" encoding="UTF-8"?>
    <?xml-model href="http://www.tei-c.org/release/xml/tei/custom/schema/relaxng/tei_all.rng" type="application/xml" schematypens="http://purl.oclc.org/dsdl/schematron"?>
    <?xml-model href="../../803_RNG-schematron/WBOE-ODD.rnc" type="application/relax-ng-compact-syntax"?>
<?redaktionstool version="0.6.6"?>
<TEI xmlns="http://www.tei-c.org/ns/1.0">
  <teiHeader>
    <fileDesc>
      <titleStmt>
        <title>Film</title>
        <respStmt>
          <resp>Editor</resp>
          <name ref="#SW">Sabine Wahl</name>
        </respStmt>
        <respStmt>
          <resp>Encoding Scheme</resp>
          <name>Jack Bowers</name>
          <name>Daniel Schopper</name>
          <name>Omar Siam</name>
        </respStmt>
        <respStmt>
          <resp>DBOE Team</resp>
          <name xml:id="AL">Alexandra N. Lenz</name>
          <name xml:id="PhS">Philipp Stöckle</name>
          <name xml:id="AG">Andreas Gellan</name>
          <name xml:id="PZ">Patrick Zeitlhuber</name>
          <name xml:id="SW">Sabine Wahl</name>
          <name xml:id="SS">Sonja Schwaiger</name>
          <name xml:id="JD">Jan Braun</name>
          <name xml:id="AB">Angela Bergermayer</name>
          <name xml:id="EW">Eva Wahlmüller</name>
          <name xml:id="DG">David Gschösser</name>
          <name xml:id="StS">Stefanie Schöberl</name>
          <name xml:id="FF">Fabian Fleißner</name>
        </respStmt>
        <respStmt>
          <resp>Student assistants</resp>
          <name>Eva Wahlmüller</name>
          <name>Susanna Muhr</name>
          <name>Alexandra Grohe</name>
          <name>Klemens Wagner</name>
          <name>Manuela Stütz</name>
          <name>Christina Hemetsberger</name>
        </respStmt>
      </titleStmt>
      <publicationStmt>
        <p></p>
      </publicationStmt>
      <sourceDesc>
        <list>
          <item>
            <label>Geo-data</label>
            <ptr xml:id="geo-inventory-WBOE" target="../geodata-wboe.xml"/>
          </item>
          <item>
            <label>Bibliography</label>
            <ptr xml:id="bibliography-WBOE" target="../bibl-wboe.xml"/>
          </item>
          <item>
            <label>WBOE-Slips</label>
            <ptr xml:id="slips-WBOE" target="../slips-wboe.xml"/>
          </item>
          <item>
            <label>WBOE-Collections</label>
            <ptr xml:id="collections-WBOE" target="../collections-wboe.xml"/>
          </item>
        </list>
      </sourceDesc>
    </fileDesc>
    <revisionDesc>
      <listChange>
        <change status="external correction" when="2018-10-15" who="#SW">Datensatz erstellt</change>
        <change status="finished" when="2020-10-15" who="#SW">Artikeloptimierung durchgeführt</change>
      </listChange>
    </revisionDesc>
  </teiHeader>
  <text>
    <body>
      <entry>
        <form type="lemma" xml:id="Film">
          <orth>Film</orth>
          <ptr type="collection" subtype="lemma" target="/collections-wboe.xml#c601"/>
        </form>
        <gramGrp>
          <gram type="pos">Substantiv</gram>
          <gram type="gender">Maskulinum</gram>
        </gramGrp>
        <usg type="geo">
          <placeName type="grossregion" ref="/geodata-wboe.xml#p1C.1">wNTir.</placeName>
        </usg>
        <usg type="geo">
          <placeName type="grossregion" ref="/geodata-wboe.xml#p1C.3">öNTir.</placeName>
        </usg>
        <usg type="geo">
          <placeName type="grossregion" ref="/geodata-wboe.xml#p6.1">Mostv.</placeName>
        </usg>
        <usg type="geo">
          <placeName type="grossregion" ref="/geodata-wboe.xml#p6.3">Waldv.</placeName>
        </usg>
        <usg type="geo">
          <placeName type="grossregion" ref="/geodata-wboe.xml#p6.4">Weinv.</placeName>
        </usg>
        <usg type="geo">
          <placeName type="grossregion" ref="/geodata-wboe.xml#p6.5">Wien</placeName>
        </usg>
        <note type="kommentar" resp="#FF">Trotz des späten Entlehnungszeitpunkts zeigt das Lexem einen bisweilen hohen Integrationsgrad in den Dialekten, was besonders die Entwicklungen im Mittelbairischen und Südmittelbairischen zeigen. Das ist einerseits auf seine häufige Verwendung, andererseits auf seine günstige lautliche Struktur zurückzuführen. Das Südbairische repräsentiert mit
          <c>i</c>-Monophthongen im Stammvokal den ursprünglichsten Lautstand
          <xr>
            <ref>ƒįlm</ref>
          </xr>. In weiten Teilen des Südmittelbairischen ist Rundung vor Liquid belegt
          <xr>
            <ref>ƒų̈lm</ref>
          </xr>, im Mittelbairischen zusätzlich auch
          <c>l</c>-Vokalisierung
          <xr>
            <ref>fǖm</ref>
          </xr>.
        </note>
        <form type="dialect">
          <pron xml:lang="bar-AT">vilm</pron>
          <usg type="geo">
            <placeName type="gemeinde" ref="/geodata-wboe.xml#p1C.1r01">Sölden</placeName>
          </usg>
        </form>
        <form type="dialect">
          <pron xml:lang="bar-AT">fǖm</pron>
          <usg type="geo">
            <placeName type="gemeinde" ref="/geodata-wboe.xml#p6.1o01">Herzogenburg</placeName>
          </usg>
        </form>
        <form type="dialect">
          <pron xml:lang="bar-AT">fǖm</pron>
          <usg type="geo">
            <placeName type="gemeinde" ref="/geodata-wboe.xml#p6.3a15">Kautzen</placeName>
          </usg>
          <ptr type="collection" subtype="lautung" target="/collections-wboe.xml#c602"/>
        </form>
        <etym>
          <date>Ende des 19. Jh.s</date>
          <cit type="etymon">
            <lang>aus engl.</lang>
            <form>
              <orth>film</orth>
            </form>
            <def>dünnes Häutchen; Überzug; Film</def>
          </cit>
          <seg type="desc">entlehnt;</seg>
          <seg type="desc">
            <lang>aengl.</lang>
          </seg>
          <cit type="etymon">
            <form>
              <orth>filmen</orth>
            </form>
            <form>
              <orth>fylmen</orth>
            </form>
            <def>Membrane; Eihaut; Vorhaut</def>
          </cit>
          <seg type="desc">; die frühen fotografischen Filme waren eine auf Glas getrocknete Masse, die dann abgezogen wurde; später auch Entlehnung der Ausgangs­bedeutung</seg>
          <cit type="etymon">
            <def>dünne Schicht</def>
          </cit>
          <seg type="desc">(z. B. in
            <xr type="lemma" subtype="compound">
              <ref>Ölfilm</ref>
            </xr>)
          </seg>
          <seg type="desc">; heute in fast allen Sprachen Bezeichnung des Streifens für die Fotografie, ab dem 20. Jh. auch für das in Kino und Fernsehen gezeigte Werk aus Bild und Ton</seg>
          <ref type="bibl" target="#Pfeifer2014">
            <lbl>vgl.</lbl>Pfeifer 2014
            <citedRange>342</citedRange>
          </ref>
          <ref type="bibl">
            <lbl>vgl.</lbl>Kluge: 2011
            <citedRange>294</citedRange>
          </ref>
        </etym>
        <sense>
          <sense>
            <def>dünner, flexibler, (auf eine Rolle gewickelter) Zelluloidstreifen mit einer lichtempfindlichen Schicht zur Aufnahme von Fotografien oder Filmen mit einer Kamera</def>
            <usg type="geo">
              <placeName type="grossregion" ref="/geodata-wboe.xml#p1C.3">öNTir.</placeName>
            </usg>
            <usg type="geo">
              <placeName type="grossregion" ref="/geodata-wboe.xml#p6.3">Waldv.</placeName>
            </usg>
            <ptr type="collection" subtype="bedeutung" target="/collections-wboe.xml#c603"/>
          </sense>
          <sense>
            <def>Werk, das in der Regel aus einer Abfolge von mit einer Kamera aufgenommenen (bewegten) Bildern und Ton (künstlerisch) gestaltet und im Kino oder Fernsehen gezeigt wird</def>
            <usg type="geo">
              <placeName type="grossregion" ref="/geodata-wboe.xml#p6.1">Mostv.</placeName>
            </usg>
            <ptr type="collection" subtype="bedeutung" target="/collections-wboe.xml#c604"/>
          </sense>
        </sense>
        <re>
          <form subtype="compound" type="lemma">
            <orth>Schmalzfilm</orth>
          </form>
          <sense>
            <sense>
              <def>sentimentaler, kitschiger Film</def>
              <usg>(abwertend; schülersprachlich)</usg>
              <usg type="geo">
                <placeName type="grossregion" ref="/geodata-wboe.xml#p6.5">Wien</placeName>
              </usg>
              <ptr type="collection" subtype="bedeutung" target="/collections-wboe.xml#c605"/>
            </sense>
          </sense>
        </re>
      </entry>
    </body>
  </text>
</TEI>