<?xml version="1.0" encoding="UTF-8"?>
    <?xml-model href="http://www.tei-c.org/release/xml/tei/custom/schema/relaxng/tei_all.rng" type="application/xml" schematypens="http://purl.oclc.org/dsdl/schematron"?>
    <?xml-model href="../../803_RNG-schematron/WBOE-ODD.rnc" type="application/relax-ng-compact-syntax"?>
<?redaktionstool version="0.6.5"?>
<TEI xmlns="http://www.tei-c.org/ns/1.0">
  <teiHeader>
    <fileDesc>
      <titleStmt>
        <title>Filzer</title>
        <respStmt>
          <resp>Editor</resp>
          <name ref="#PZ">Patrick Zeitlhuber</name>
        </respStmt>
        <respStmt>
          <resp>Encoding Scheme</resp>
          <name>Jack Bowers</name>
          <name>Daniel Schopper</name>
          <name>Omar Siam</name>
        </respStmt>
        <respStmt>
          <resp>DBOE Team</resp>
          <name xml:id="AL">Alexandra N. Lenz</name>
          <name xml:id="PhS">Philipp Stöckle</name>
          <name xml:id="AG">Andreas Gellan</name>
          <name xml:id="PZ">Patrick Zeitlhuber</name>
          <name xml:id="SW">Sabine Wahl</name>
          <name xml:id="SS">Sonja Schwaiger</name>
          <name xml:id="AB">Angela Bergermayer</name>
          <name xml:id="EW">Eva Wahlmüller</name>
          <name xml:id="DG">David Gschösser</name>
          <name xml:id="StS">Stefanie Schöberl</name>
          <name xml:id="FF">Fabian Fleißner</name>
        </respStmt>
        <respStmt>
          <resp>Student assistants</resp>
          <name>Susanna Muhr</name>
          <name>Manuela Stütz</name>
          <name>Christina Hemetsberger</name>
        </respStmt>
      </titleStmt>
      <publicationStmt>
        <p></p>
      </publicationStmt>
      <sourceDesc>
        <list>
          <item>
            <label>Geo-data</label>
            <ptr xml:id="geo-inventory-WBOE" target="../geodata-wboe.xml"/>
          </item>
          <item>
            <label>Bibliography</label>
            <ptr xml:id="bibliography-WBOE" target="../bibl-wboe.xml"/>
          </item>
          <item>
            <label>WBOE-Slips</label>
            <ptr xml:id="slips-WBOE" target="../slips-wboe.xml"/>
          </item>
          <item>
            <label>WBOE-Collections</label>
            <ptr xml:id="collections-WBOE" target="../collections-wboe.xml"/>
          </item>
        </list>
      </sourceDesc>
    </fileDesc>
    <revisionDesc>
      <listChange>
        <change status="finished" when="2020-05-04" who="#EW">Artikel+Lautkommentar eingegeben, Collections erstellt und verknüpft</change>
        <change status="finished" when="2020-06-02" who="#EW">Lautkommentar von JE abgesegnet</change>
        <change status="finished" when="2020-10-08" who="#PZ">fertig für Release</change>
      </listChange>
    </revisionDesc>
  </teiHeader>
  <text>
    <body>
      <entry>
        <form type="lemma" xml:id="Filzer">
          <orth>Filzer</orth>
          <ptr type="collection" subtype="lemma" target="/collections-wboe.xml#c5443"/>
        </form>
        <gramGrp>
          <gram type="pos">Substantiv</gram>
          <gram type="gender">Maskulinum</gram>
        </gramGrp>
        <usg type="geo">
          <placeName type="bundesland" ref="/geodata-wboe.xml#p1A">STir.</placeName>
        </usg>
        <usg type="geo">
          <placeName type="grossregion" ref="/geodata-wboe.xml#p1B.0">OTir.</placeName>
        </usg>
        <usg type="geo">
          <placeName type="bundesland" ref="/geodata-wboe.xml#p1C">NTir.</placeName>
        </usg>
        <usg type="geo">
          <placeName type="bundesland" ref="/geodata-wboe.xml#p2">Ktn.</placeName>
        </usg>
        <usg type="geo">
          <placeName type="bundesland" ref="/geodata-wboe.xml#p3">Stmk.</placeName>
        </usg>
        <usg type="geo">
          <placeName type="grossregion" ref="/geodata-wboe.xml#p4.2">Pinzg.</placeName>
        </usg>
        <usg type="geo">
          <placeName type="grossregion" ref="/geodata-wboe.xml#p4.5">Flachg.</placeName>
        </usg>
        <usg type="geo">
          <placeName type="bundesland" ref="/geodata-wboe.xml#p5">OÖ</placeName>
        </usg>
        <usg type="geo">
          <placeName type="grossregion" ref="/geodata-wboe.xml#p6.1">Mostv.</placeName>
        </usg>
        <usg type="geo">
          <placeName type="grossregion" ref="/geodata-wboe.xml#p6.2">Industriev.</placeName>
        </usg>
        <usg type="geo">
          <placeName type="grossregion" ref="/geodata-wboe.xml#p6.5">Wien</placeName>
        </usg>
        <note type="kommentar" resp="#FF">Während im Südbairischen für den Stammvokal konservative
          <c>i</c>-Monophthonge mit Liquiderhalt vorliegen
          <xr>
            <ref>ƒįltsər</ref>
          </xr>, kommt es im restlichen Teil des Untersuchungsgebiets zu verschiedenen Assimilationsprozessen. Im östlichen Teil des Südmittelbairischen ist die einfache Rundung vor Liquid belegt
          <xr>
            <ref>ƒų̈ltsɒ</ref>
          </xr>. Diese Form liegt auch den ostmittelbairischen Lautungen zugrunde, die zusätzlich auch
          <c>l</c>-Vokalisierung aufweisen
          <xr>
            <ref>fǖdsɒ</ref>
          </xr>. Im Westmittelbairischen erscheinen nach
          <c>l</c>-Vokalisierung regional typische
          <c>ue</c>-Diphthonge
          <xr>
            <ref>fuedsɒ</ref>
          </xr>. Das auslautende Suffix
          -
          <c>er</c>ist in den meisten Gegenden zu
          -
          <c>ɒ</c>abgeschwächt worden
          <xr>
            <ref>ƒų̈ltsɒ</ref>
          </xr>. Konservativere Lautungen mit
          <c>r</c>-Erhalt lassen sich vor allem im Südbairischen finden
          <xr>
            <ref>ƒįltsər, fįltsʀ̥</ref>
          </xr>.
        </note>
        <form type="dialect">
          <pron xml:lang="bar-AT">‑filtsr̥</pron>
          <usg type="geo">
            <placeName type="gemeinde" ref="/geodata-wboe.xml#p1A.3g07">Villanders</placeName>
          </usg>
        </form>
        <form type="dialect">
          <pron xml:lang="bar-AT">‑filtsər</pron>
          <usg type="geo">
            <placeName type="gemeinde" ref="/geodata-wboe.xml#p1B.0d02">St. Jakob in Defereggen</placeName>
          </usg>
        </form>
        <form type="dialect">
          <pron xml:lang="bar-AT">fúėtsə</pron>
          <usg type="geo">
            <placeName type="gemeinde" ref="/geodata-wboe.xml#p5.1c07">Mühlheim am Inn</placeName>
          </usg>
        </form>
        <form type="dialect">
          <pron xml:lang="bar-AT">‑fuitsə</pron>
          <usg type="geo">
            <placeName type="gemeinde" ref="/geodata-wboe.xml#p5.1c07">Mühlheim am Inn</placeName>
          </usg>
        </form>
        <form type="dialect">
          <pron xml:lang="bar-AT">fütßɒ</pron>
          <usg type="geo">
            <placeName type="gemeinde" ref="/geodata-wboe.xml#p5.4b13">Ulrichsberg</placeName>
          </usg>
        </form>
        <form type="dialect">
          <pron xml:lang="bar-AT">fütßɒ</pron>
          <usg type="geo">
            <placeName type="gemeinde" ref="/geodata-wboe.xml#p6.1d01">Allhartsberg</placeName>
          </usg>
        </form>
        <form type="dialect">
          <pron xml:lang="bar-AT">füꭞdsă</pron>
          <usg type="geo">
            <placeName type="gemeinde" ref="/geodata-wboe.xml#p6.5w06">Mauer</placeName>
          </usg>
        </form>
        <form type="dialect">
          <pron xml:lang="bar-AT">füˡdsă</pron>
          <usg type="geo">
            <placeName type="gemeinde" ref="/geodata-wboe.xml#p6.5w06">Mauer</placeName>
          </usg>
          <ptr type="collection" subtype="lautung" target="/collections-wboe.xml#c5444"/>
        </form>
        <etym>
          <seg type="desc">Ableitung von</seg>
          <cit type="etymon">
            <xr type="lemma">
              <ref target="Filz.xml">Filz</ref>
            </xr>
          </cit>
        </etym>
        <sense>
          <sense>
            <sense>
              <def>Person, die Filz macht</def>
              <usg type="geo">
                <placeName type="bundesland" ref="/geodata-wboe.xml#p2">Ktn.</placeName>
              </usg>
              <ptr type="collection" subtype="bedeutung" target="/collections-wboe.xml#c5445"/>
            </sense>
            <sense>
              <def>Fetthändler; Händler mit Schweinespeck</def>
              <usg type="geo">
                <placeName type="bundesland" ref="/geodata-wboe.xml#p3">Stmk.</placeName>
              </usg>
              <ptr type="collection" subtype="bedeutung" target="/collections-wboe.xml#c5446"/>
            </sense>
            <sense>
              <def>Mann, der an erektiler Dysfunktion leidet</def>
              <usg>(abwertend)</usg>
              <usg type="geo">
                <placeName type="grossregion" ref="/geodata-wboe.xml#p6.5">Wien</placeName>
              </usg>
              <cit type="example">
                <quote xml:lang="bar-AT">ɒ̆ å̄ˡdă Füˡdsă dėn wås ă nimă in də Hę̄ gę̄d</quote>
                <usg type="geo">
                  <placeName type="gemeinde" ref="/geodata-wboe.xml#p6.5w06">Mauer</placeName>
                </usg>
              </cit>
              <ptr type="collection" subtype="bedeutung" target="/collections-wboe.xml#c5447"/>
            </sense>
          </sense>
          <sense>
            <def>weitzahniger Kamm zum Entwirren von verfilzten Haaren</def>
            <usg type="geo">
              <placeName type="bundesland" ref="/geodata-wboe.xml#p1A">STir.</placeName>
            </usg>
            <usg type="geo">
              <placeName type="grossregion" ref="/geodata-wboe.xml#p1B.0">OTir.</placeName>
            </usg>
            <usg type="geo">
              <placeName type="bundesland" ref="/geodata-wboe.xml#p1C">NTir.</placeName>
            </usg>
            <usg type="geo">
              <placeName type="grossregion" ref="/geodata-wboe.xml#p5.3">Traunv.</placeName>
            </usg>
            <usg type="geo">
              <placeName type="grossregion" ref="/geodata-wboe.xml#p6.1">Mostv.</placeName>
            </usg>
            <ptr type="collection" subtype="bedeutung" target="/collections-wboe.xml#c5448"/>
          </sense>
          <sense>
            <def>Verweis; Schelte</def>
            <usg type="geo">
              <placeName type="bundesland" ref="/geodata-wboe.xml#p3">Stmk.</placeName>
            </usg>
            <ptr type="collection" subtype="bedeutung" target="/collections-wboe.xml#c5449"/>
          </sense>
        </sense>
        <re>
          <form subtype="compound" type="lemma">
            <orth>Auffilzer</orth>
          </form>
          <sense>
            <sense>
              <def>weitzahniger Kamm zum Entwirren von verfilzten Haaren</def>
              <usg type="geo">
                <placeName type="grossregion" ref="/geodata-wboe.xml#p1A.2">mSTir.</placeName>
              </usg>
              <usg type="geo">
                <placeName type="grossregion" ref="/geodata-wboe.xml#p1B.0">OTir.</placeName>
              </usg>
              <ptr type="collection" subtype="bedeutung" target="/collections-wboe.xml#c5450"/>
            </sense>
          </sense>
        </re>
        <re>
          <form subtype="compound" type="lemma">
            <orth>Ausfilzer</orth>
          </form>
          <sense>
            <sense>
              <def>weitzahniger Kamm zum Entwirren von verfilzten Haaren</def>
              <usg type="geo">
                <placeName type="grossregion" ref="/geodata-wboe.xml#p4.5">Flachg.</placeName>
              </usg>
              <usg type="geo">
                <placeName type="bundesland" ref="/geodata-wboe.xml#p5">OÖ</placeName>
              </usg>
              <usg type="geo">
                <placeName type="grossregion" ref="/geodata-wboe.xml#p6.1">Mostv.</placeName>
              </usg>
              <usg type="geo">
                <placeName type="grossregion" ref="/geodata-wboe.xml#p6.2">Industriev.</placeName>
              </usg>
              <ptr type="collection" subtype="bedeutung" target="/collections-wboe.xml#c5451"/>
            </sense>
          </sense>
        </re>
      </entry>
    </body>
  </text>
</TEI>