<?xml version="1.0" encoding="UTF-8"?>
    <?xml-model href="http://www.tei-c.org/release/xml/tei/custom/schema/relaxng/tei_all.rng" type="application/xml" schematypens="http://purl.oclc.org/dsdl/schematron"?>
    <?xml-model href="../../803_RNG-schematron/WBOE-ODD.rnc" type="application/relax-ng-compact-syntax"?>
<?redaktionstool version="0.6.6"?>
<TEI xmlns="http://www.tei-c.org/ns/1.0">
  <teiHeader>
    <fileDesc>
      <titleStmt>
        <title>Firma</title>
        <respStmt>
          <resp>Editor</resp>
          <name ref="#AB">Angela Bergermayer</name>
        </respStmt>
        <respStmt>
          <resp>Encoding Scheme</resp>
          <name>Jack Bowers</name>
          <name>Daniel Schopper</name>
          <name>Omar Siam</name>
        </respStmt>
        <respStmt>
          <resp>DBOE Team</resp>
          <name xml:id="AL">Alexandra N. Lenz</name>
          <name xml:id="PhS">Philipp Stöckle</name>
          <name xml:id="AG">Andreas Gellan</name>
          <name xml:id="PZ">Patrick Zeitlhuber</name>
          <name xml:id="SW">Sabine Wahl</name>
          <name xml:id="SS">Sonja Schwaiger</name>
          <name xml:id="JD">Jan Braun</name>
          <name xml:id="AB">Angela Bergermayer</name>
          <name xml:id="EW">Eva Wahlmüller</name>
          <name xml:id="DG">David Gschösser</name>
          <name xml:id="StS">Stefanie Schöberl</name>
          <name xml:id="FF">Fabian Fleißner</name>
        </respStmt>
        <respStmt>
          <resp>Student assistants</resp>
          <name>Eva Wahlmüller</name>
          <name>Susanna Muhr</name>
          <name>Alexandra Grohe</name>
          <name>Klemens Wagner</name>
          <name>Manuela Stütz</name>
          <name>Christina Hemetsberger</name>
        </respStmt>
      </titleStmt>
      <publicationStmt>
        <p></p>
      </publicationStmt>
      <sourceDesc>
        <list>
          <item>
            <label>Geo-data</label>
            <ptr xml:id="geo-inventory-WBOE" target="../geodata-wboe.xml"/>
          </item>
          <item>
            <label>Bibliography</label>
            <ptr xml:id="bibliography-WBOE" target="../bibl-wboe.xml"/>
          </item>
          <item>
            <label>WBOE-Slips</label>
            <ptr xml:id="slips-WBOE" target="../slips-wboe.xml"/>
          </item>
          <item>
            <label>WBOE-Collections</label>
            <ptr xml:id="collections-WBOE" target="../collections-wboe.xml"/>
          </item>
        </list>
      </sourceDesc>
    </fileDesc>
    <revisionDesc>
      <listChange>
        <change status="external correction" when="2019-02-20" who="#AB">Datensatz erstellt</change>
        <change status="external correction" when="2020-05-22" who="#AB">Update auf Version 0.6.0</change>
        <change status="external correction" when="2020-06-12" who="#AB">Statusanpassung</change>
        <change status="external correction" when="2020-06-26" who="#AB">LK eingegeben</change>
        <change status="external correction" when="2020-06-30" who="#AB">Collections verknüpft, 1 Lautung ergänzt</change>
        <change status="finished" when="2020-10-15" who="#AB">Abschlussredaktion</change>
      </listChange>
    </revisionDesc>
  </teiHeader>
  <text>
    <body>
      <entry>
        <form type="lemma" xml:id="Firma">
          <orth>Firma</orth>
          <ptr type="collection" subtype="lemma" target="/collections-wboe.xml#c2264"/>
        </form>
        <gramGrp>
          <gram type="pos">Substantiv</gram>
          <gram type="gender">Femininum</gram>
        </gramGrp>
        <usg type="geo">
          <placeName type="grossregion" ref="/geodata-wboe.xml#p1C.1">wNTir.</placeName>
        </usg>
        <usg type="geo">
          <placeName type="grossregion" ref="/geodata-wboe.xml#p1C.3">öNTir.</placeName>
        </usg>
        <usg type="geo">
          <placeName type="grossregion" ref="/geodata-wboe.xml#p3.1">sbair.ObStmk.</placeName>
        </usg>
        <usg type="geo">
          <placeName type="grossregion" ref="/geodata-wboe.xml#p5.3">Traunv.</placeName>
        </usg>
        <usg type="geo">
          <placeName type="grossregion" ref="/geodata-wboe.xml#p6.1">Mostv.</placeName>
        </usg>
        <usg type="geo">
          <placeName type="grossregion" ref="/geodata-wboe.xml#p6.3">Waldv.</placeName>
        </usg>
        <usg type="geo">
          <placeName type="grossregion" ref="/geodata-wboe.xml#p6.4">Weinv.</placeName>
        </usg>
        <usg type="geo">
          <placeName type="grossregion" ref="/geodata-wboe.xml#p6.5">Wien</placeName>
        </usg>
        <usg type="geo">
          <placeName type="grossregion" ref="/geodata-wboe.xml#p7.2">MBgl.</placeName>
        </usg>
        <note type="kommentar" resp="#FF">Im Mittelbairischen und Südmittelbairischen liegen im Stammvokal fallende
          <c>iɒ</c>-Diphthonge infolge von
          <c>r</c>-Vokalisierung vor
          <xr>
            <ref>ƒįɒmɒ</ref>
            <ref>fį̃ɒmɒ</ref>
          </xr>. Im Südbairischen ist das
          <c>r</c>teilweise noch erhalten
          <xr>
            <ref>ƒįrmɒ</ref>
          </xr>.
        </note>
        <form type="dialect">
          <pron xml:lang="bar-AT">firmaⁿ</pron>
          <usg>[Pl.]</usg>
          <usg type="geo">
            <placeName type="gemeinde" ref="/geodata-wboe.xml#p1C.3c08">Kundl</placeName>
          </usg>
        </form>
        <form type="dialect">
          <pron xml:lang="bar-AT">fiaʳma</pron>
          <usg type="geo">
            <placeName type="gemeinde" ref="/geodata-wboe.xml#p3.1d03">Lobmingtal</placeName>
          </usg>
        </form>
        <form type="dialect">
          <pron xml:lang="bar-AT">fĭɒmɒ</pron>
          <usg type="geo">
            <placeName type="gemeinde" ref="/geodata-wboe.xml#p6.1o01">Herzogenburg</placeName>
          </usg>
        </form>
        <form type="dialect">
          <pron xml:lang="bar-AT">fieama</pron>
          <pron xml:lang="bar-AT">‑fiama</pron>
          <usg type="geo">
            <placeName type="gemeinde" ref="/geodata-wboe.xml#p6.3a15">Kautzen</placeName>
          </usg>
        </form>
        <form type="dialect">
          <pron xml:lang="bar-AT">fiɒmɒ</pron>
          <usg type="geo">
            <placeName type="gemeinde" ref="/geodata-wboe.xml#p7.2b08">Pilgersdorf</placeName>
          </usg>
          <ptr type="collection" subtype="lautung" target="/collections-wboe.xml#c7691"/>
        </form>
        <etym>
          <seg type="desc">
            <date>Anfang des 18. Jh.s</date>entlehnt aus
            <lang>ital.</lang>
          </seg>
          <cit type="etymon">
            <form>
              <orth>firma</orth>
            </form>
            <def>bindende, bestätigende Unterschrift</def>
          </cit>
          <seg type="desc">(dieses als Deverbativum zu
            <lang>ital.</lang>
          </seg>
          <cit type="etymon">
            <form>
              <orth>firmare</orth>
            </form>
            <def>unterschreiben</def>
          </cit>
          <seg type="desc">aus
            <lang>splat.</lang>
          </seg>
          <cit type="etymon">
            <form>
              <orth>firmāre</orth>
            </form>
            <def>durch Unterschrift für gültig erklären</def>
          </cit>
          <seg type="desc">); die deutsche Entlehnung</seg>
          <cit type="etymon">
            <form>
              <orth>Firma</orth>
            </form>
          </cit>
          <seg type="desc">bezeichnete zunächst die Unterschrift eines Kaufmanns und dann den offiziellen Namen eines Handelshauses bzw. Unternehmens, bevor sie ab der
            <date>Mitte des 18. Jh.s</date>
          </seg>
          <seg type="desc">allmählich zu einem Ausdruck für das beteiligte Unternehmen und allgemein für</seg>
          <cit type="etymon">
            <def>Handelshaus; Unternehmen; Geschäft</def>
          </cit>
          <seg type="desc">wurde</seg>
          <ref type="bibl">
            <lbl>vgl.</lbl>Pfeifer 2014
            <citedRange>346</citedRange>
          </ref>
          <ref type="bibl">Kluge 2011
            <citedRange>296f.</citedRange>
          </ref>
        </etym>
        <sense>
          <sense>
            <def>Geschäftshaus; kaufmännisches oder gewerbliches Unternehmen; Betrieb</def>
            <usg type="geo">
              <placeName type="grossregion" ref="/geodata-wboe.xml#p1C.1">wNTir.</placeName>
            </usg>
            <usg type="geo">
              <placeName type="grossregion" ref="/geodata-wboe.xml#p1C.3">öNTir.</placeName>
            </usg>
            <usg type="geo">
              <placeName type="grossregion" ref="/geodata-wboe.xml#p3.1">sbair.ObStmk.</placeName>
            </usg>
            <usg type="geo">
              <placeName type="grossregion" ref="/geodata-wboe.xml#p5.3">Traunv.</placeName>
            </usg>
            <usg type="geo">
              <placeName type="grossregion" ref="/geodata-wboe.xml#p6.1">Mostv.</placeName>
            </usg>
            <usg type="geo">
              <placeName type="grossregion" ref="/geodata-wboe.xml#p6.3">Waldv.</placeName>
            </usg>
            <usg type="geo">
              <placeName type="grossregion" ref="/geodata-wboe.xml#p6.4">Weinv.</placeName>
            </usg>
            <usg type="geo">
              <placeName type="grossregion" ref="/geodata-wboe.xml#p7.2">MBgl.</placeName>
            </usg>
            <cit type="example">
              <quote xml:lang="bar-AT">dos is dė richtigi Fieama</quote>
              <usg type="geo">
                <placeName type="gemeinde" ref="/geodata-wboe.xml#p6.3a15">Kautzen</placeName>
              </usg>
            </cit>
            <ptr type="collection" subtype="bedeutung" target="/collections-wboe.xml#c7693"/>
          </sense>
        </sense>
        <re>
          <form subtype="compound" type="lemma">
            <orth>Heiratsvermittlungsfirma</orth>
          </form>
          <sense>
            <sense>
              <def>Unternehmen, das gewerbsmäßig Ehen anbahnt</def>
              <usg type="geo">
                <placeName type="grossregion" ref="/geodata-wboe.xml#p6.3">Waldv.</placeName>
              </usg>
              <cit type="example">
                <quote xml:lang="bar-AT">a Heiratsvamittlingnsfiama dę̄aff ma ēa ollimai nit dro̮u</quote>
                <usg type="geo">
                  <placeName type="gemeinde" ref="/geodata-wboe.xml#p6.3a15">Kautzen</placeName>
                </usg>
              </cit>
            </sense>
          </sense>
          <ptr type="collection" subtype="wortbildung" target="/collections-wboe.xml#c7692"/>
        </re>
      </entry>
    </body>
  </text>
</TEI>
