<?xml version="1.0" encoding="UTF-8"?>
    <?xml-model href="http://www.tei-c.org/release/xml/tei/custom/schema/relaxng/tei_all.rng" type="application/xml" schematypens="http://purl.oclc.org/dsdl/schematron"?>
    <?xml-model href="../../803_RNG-schematron/WBOE-ODD.rnc" type="application/relax-ng-compact-syntax"?>
<?redaktionstool version="0.6.6"?>
<TEI xmlns="http://www.tei-c.org/ns/1.0">
  <teiHeader>
    <fileDesc>
      <titleStmt>
        <title>Firme</title>
        <respStmt>
          <resp>Editor</resp>
          <name ref="#AB">Angela Bergermayer</name>
        </respStmt>
        <respStmt>
          <resp>Encoding Scheme</resp>
          <name>Jack Bowers</name>
          <name>Daniel Schopper</name>
          <name>Omar Siam</name>
        </respStmt>
        <respStmt>
          <resp>DBOE Team</resp>
          <name xml:id="AL">Alexandra N. Lenz</name>
          <name xml:id="PhS">Philipp Stöckle</name>
          <name xml:id="AG">Andreas Gellan</name>
          <name xml:id="PZ">Patrick Zeitlhuber</name>
          <name xml:id="SW">Sabine Wahl</name>
          <name xml:id="SS">Sonja Schwaiger</name>
          <name xml:id="AB">Angela Bergermayer</name>
          <name xml:id="EW">Eva Wahlmüller</name>
          <name xml:id="DG">David Gschösser</name>
          <name xml:id="StS">Stefanie Schöberl</name>
          <name xml:id="FF">Fabian Fleißner</name>
        </respStmt>
        <respStmt>
          <resp>Student assistants</resp>
          <name>Susanna Muhr</name>
          <name>Manuela Stütz</name>
          <name>Christina Hemetsberger</name>
        </respStmt>
      </titleStmt>
      <publicationStmt>
        <p></p>
      </publicationStmt>
      <sourceDesc>
        <list>
          <item>
            <label>Geo-data</label>
            <ptr xml:id="geo-inventory-WBOE" target="../geodata-wboe.xml"/>
          </item>
          <item>
            <label>Bibliography</label>
            <ptr xml:id="bibliography-WBOE" target="../bibl-wboe.xml"/>
          </item>
          <item>
            <label>WBOE-Slips</label>
            <ptr xml:id="slips-WBOE" target="../slips-wboe.xml"/>
          </item>
          <item>
            <label>WBOE-Collections</label>
            <ptr xml:id="collections-WBOE" target="../collections-wboe.xml"/>
          </item>
        </list>
      </sourceDesc>
    </fileDesc>
    <revisionDesc>
      <listChange>
        <change status="in progress" when="2020-04-16" who="#StS">Datensatz erstellt</change>
        <change status="external correction" when="2020-06-12" who="#AB">Statusanpassung</change>
        <change status="external correction" when="2020-06-26" who="#AB">LK und Adaptierungen + Ergänzungen eingegeben</change>
        <change status="external correction" when="2020-09-24" who="#AB">Versionsupdate; Verweispfeil erg.; Bed.zu Rw.; Collections verknüpft</change>
        <change status="finished" when="2020-10-16" who="#AB">Abschlussredaktion</change>
      </listChange>
    </revisionDesc>
  </teiHeader>
  <text>
    <body>
      <entry>
        <form type="lemma" xml:id="Firme">
          <orth>Firme</orth>
          <ptr type="collection" subtype="lemma" target="/collections-wboe.xml#c2645"/>
        </form>
        <gramGrp>
          <gram type="pos">Substantiv</gram>
          <gram type="gender">Femininum</gram>
        </gramGrp>
        <usg type="geo">
          <placeName type="grossregion" ref="/geodata-wboe.xml#p1A.4">öSTir.</placeName>
        </usg>
        <usg type="geo">
          <placeName type="grossregion" ref="/geodata-wboe.xml#p3.3">WStmk.</placeName>
        </usg>
        <usg type="geo">
          <placeName type="grossregion" ref="/geodata-wboe.xml#p4.5">Flachg.</placeName>
        </usg>
        <usg type="geo">
          <placeName type="grossregion" ref="/geodata-wboe.xml#p5.1">Innv.</placeName>
        </usg>
        <usg type="geo">
          <placeName type="grossregion" ref="/geodata-wboe.xml#p5.4">Mühlv.</placeName>
        </usg>
        <note type="kommentar" resp="#FF">Im Mittelbairischen und Südmittelbairischen liegen im Stammvokal fallende
          <c>iɒ</c>-Diphthonge infolge von
          <c>r</c>-Vokalisierung vor
          <xr>
            <ref>ƒįɒm</ref>
          </xr>. Im Südbairischen ist das
          <c>r</c>teilweise noch erhalten, darüber hinaus unterbleibt in einigen konservativeren Regionen, etwa in Südtirol, die ansonsten überall erfolgte Apokope des Auslautvokals
          <xr>
            <ref>ƒįrmə</ref>
          </xr>.
        </note>
        <form type="dialect">
          <pron xml:lang="bar-AT">firm</pron>
          <usg type="geo">
            <placeName type="gemeinde" ref="/geodata-wboe.xml#p1A.4c01">Lüsen</placeName>
          </usg>
        </form>
        <form type="dialect">
          <pron xml:lang="bar-AT">fiam</pron>
          <usg type="geo">
            <placeName type="gemeinde" ref="/geodata-wboe.xml#p4.5b04">Dorfbeuern</placeName>
          </usg>
        </form>
        <form type="dialect">
          <pron xml:lang="bar-AT">fiɒm</pron>
          <usg type="geo">
            <placeName type="gemeinde" ref="/geodata-wboe.xml#p5.4b13">Ulrichsberg</placeName>
          </usg>
          <ptr type="collection" subtype="lautung" target="/collections-wboe.xml#c10133"/>
        </form>
        <etym>
          <seg type="desc">
            <lang>mhd.</lang>
          </seg>
          <cit type="etymon">
            <form>
              <orth>firme</orth>
            </form>
            <form>
              <orth>firmbinde</orth>
            </form>
            <def>Firmband; Firmtuch</def>
          </cit>
          <ref type="bibl" target="#Lexer1878III">
            <lbl>vgl.</lbl>Lexer 1878 III
            <citedRange>365</citedRange>
          </ref>
          <seg type="desc">; die Firmbinde war ein Band, das man früher dem Firmling um den Kopf legte
            <ref type="bibl" target="#PfälzischesWb1975II">
              <lbl>vgl.</lbl>Pfälzisches Wb. 1975 II
              <citedRange>1396</citedRange>
            </ref>, noch Schmeller führt unter
          </seg>
          <cit type="etymon">
            <form>
              <orth>firmen – Firm</orth>
            </form>
          </cit>
          <seg type="desc">an: „in den Bisthümern, wo es üblich ist, dem Firmlinge nach erhaltener Salbung eine weiße Binde, das Firmbindlein, um die Stirne zubinden“
            <ref type="bibl" target="#Schmeller1872I">Schmeller 1872 I
              <citedRange>756</citedRange>
            </ref>
          </seg>
          <seg type="desc">. Aus dieser charakteristischen Handlung im Zuge der Firmung hat sich dann die Bedeutung für das Sakrament der Firmung an sich entwickelt. Siehe auch</seg>
          <cit type="etymon">
            <xr type="lemma">
              <ref target="firmen.xml#firmen">firmen</ref>
            </xr>
          </cit>
          <seg type="desc">.</seg>
        </etym>
        <sense>
          <sense>
            <sense>
              <def>Firmung</def>
              <usg type="geo">
                <placeName type="grossregion" ref="/geodata-wboe.xml#p1A.4">öSTir.</placeName>
              </usg>
              <usg type="geo">
                <placeName type="grossregion" ref="/geodata-wboe.xml#p3.3">WStmk.</placeName>
              </usg>
              <usg type="geo">
                <placeName type="grossregion" ref="/geodata-wboe.xml#p4.5">Flachg.</placeName>
              </usg>
              <usg type="geo">
                <placeName type="grossregion" ref="/geodata-wboe.xml#p5.1">Innv.</placeName>
              </usg>
              <usg type="geo">
                <placeName type="grossregion" ref="/geodata-wboe.xml#p5.4">Mühlv.</placeName>
              </usg>
              <cit type="example">
                <quote xml:lang="bar-AT">tsi firm giən</quote>
                <usg type="geo">
                  <placeName type="gemeinde" ref="/geodata-wboe.xml#p1A.4c01">Lüsen</placeName>
                </usg>
              </cit>
              <cit type="example">
                <quote xml:lang="bar-AT">gest du a schå a d Fiam?</quote>
                <usg type="geo">
                  <placeName type="gemeinde" ref="/geodata-wboe.xml#p4.5b04">Dorfbeuern</placeName>
                </usg>
              </cit>
              <ptr type="collection" subtype="bedeutung" target="/collections-wboe.xml#c10134"/>
            </sense>
          </sense>
        </sense>
        <re type="redewendung">
          <form subtype="MWE" type="lemma">
            <orth>die Firme umbinden</orth>
          </form>
          <sense>
            <def>firmen</def>
          </sense>
          <usg type="geo">
            <placeName type="grossregion" ref="/geodata-wboe.xml#p4.5">Flachg.</placeName>
          </usg>
          <cit type="example">
            <quote xml:lang="bar-AT">wea håt da den d Fiam umbundn?</quote>
            <usg type="geo">
              <placeName type="gemeinde" ref="/geodata-wboe.xml#p4.5b04">Dorfbeuern</placeName>
            </usg>
          </cit>
          <ptr type="collection" subtype="MWE" target="/collections-wboe.xml#c10135"/>
        </re>
      </entry>
    </body>
  </text>
</TEI>