<?xml version="1.0" encoding="UTF-8"?>
    <?xml-model href="http://www.tei-c.org/release/xml/tei/custom/schema/relaxng/tei_all.rng" type="application/xml" schematypens="http://purl.oclc.org/dsdl/schematron"?>
    <?xml-model href="../../803_RNG-schematron/WBOE-ODD.rnc" type="application/relax-ng-compact-syntax"?>
<?redaktionstool version="0.6.6"?>
<TEI xmlns="http://www.tei-c.org/ns/1.0">
  <teiHeader>
    <fileDesc>
      <titleStmt>
        <title>Flachse</title>
        <respStmt>
          <resp>Editor</resp>
          <name ref="#EW">Eva Wahlmüller</name>
        </respStmt>
        <respStmt>
          <resp>Encoding Scheme</resp>
          <name>Jack Bowers</name>
          <name>Daniel Schopper</name>
          <name>Omar Siam</name>
        </respStmt>
        <respStmt>
          <resp>DBOE Team</resp>
          <name xml:id="AL">Alexandra N. Lenz</name>
          <name xml:id="PhS">Philipp Stöckle</name>
          <name xml:id="AG">Andreas Gellan</name>
          <name xml:id="PZ">Patrick Zeitlhuber</name>
          <name xml:id="SW">Sabine Wahl</name>
          <name xml:id="SS">Sonja Schwaiger</name>
          <name xml:id="AB">Angela Bergermayer</name>
          <name xml:id="EW">Eva Wahlmüller</name>
          <name xml:id="DG">David Gschösser</name>
          <name xml:id="StS">Stefanie Schöberl</name>
          <name xml:id="FF">Fabian Fleißner</name>
        </respStmt>
        <respStmt>
          <resp>Student assistants</resp>
          <name>Susanna Muhr</name>
          <name>Manuela Stütz</name>
          <name>Christina Hemetsberger</name>
        </respStmt>
      </titleStmt>
      <publicationStmt>
        <p></p>
      </publicationStmt>
      <sourceDesc>
        <list>
          <item>
            <label>Geo-data</label>
            <ptr xml:id="geo-inventory-WBOE" target="../geodata-wboe.xml"/>
          </item>
          <item>
            <label>Bibliography</label>
            <ptr xml:id="bibliography-WBOE" target="../bibl-wboe.xml"/>
          </item>
          <item>
            <label>WBOE-Slips</label>
            <ptr xml:id="slips-WBOE" target="../slips-wboe.xml"/>
          </item>
          <item>
            <label>WBOE-Collections</label>
            <ptr xml:id="collections-WBOE" target="../collections-wboe.xml"/>
          </item>
        </list>
      </sourceDesc>
    </fileDesc>
    <revisionDesc>
      <listChange>
        <change status="external correction" when="2020-06-02" who="#EW">Artikel eingegeben; noch kein LK vorhanden</change>
        <change status="external correction" when="2020-06-08" who="#EW">Collections verknüpft</change>
        <change status="external correction" when="2020-12-01" who="#EW">LK (PZ) eingegeben</change>
        <change status="finished" when="2020-12-17" who="#PZ">Anm. JE bezieht sich nur auf Abkürzung obIselt., sonst keine Kommentare</change>
        <change status="finished" when="2021-01-12" who="#PZ">kleine Änderung in LK</change>
      </listChange>
    </revisionDesc>
  </teiHeader>
  <text>
    <body>
      <entry>
        <form type="lemma" xml:id="Flachse">
          <orth>Flachse</orth>
          <ptr type="collection" subtype="lemma" target="/collections-wboe.xml#c6785"/>
        </form>
        <gramGrp>
          <gram type="pos">Substantiv</gram>
          <gram type="gender">Femininum</gram>
        </gramGrp>
        <form type="variant" subtype="diminutive" xml:id="Flachsel">
          <orth>Flachsel</orth>
          <orth>Flachs(e)lein</orth>
          <gramGrp>
            <gram type="gender">Neutrum</gram>
          </gramGrp>
        </form>
        <usg type="geo">
          <placeName type="bundesland" ref="/geodata-wboe.xml#p1A">STir.</placeName>
        </usg>
        <usg type="geo">
          <placeName type="grossregion" ref="/geodata-wboe.xml#p1B.0">OTir.</placeName>
        </usg>
        <usg type="geo">
          <placeName type="bundesland" ref="/geodata-wboe.xml#p1C">NTir.</placeName>
        </usg>
        <usg type="geo">
          <placeName type="bundesland" ref="/geodata-wboe.xml#p2">Ktn.</placeName>
        </usg>
        <usg type="geo">
          <placeName type="bundesland" ref="/geodata-wboe.xml#p3">Stmk.</placeName>
        </usg>
        <usg type="geo">
          <placeName type="grossregion" ref="/geodata-wboe.xml#p4.1">Lung.</placeName>
        </usg>
        <usg type="geo">
          <placeName type="grossregion" ref="/geodata-wboe.xml#p4.2">Pinzg.</placeName>
        </usg>
        <usg type="geo">
          <placeName type="grossregion" ref="/geodata-wboe.xml#p4.3">Pong.</placeName>
        </usg>
        <usg type="geo">
          <placeName type="grossregion" ref="/geodata-wboe.xml#p4.5">Flachg.</placeName>
        </usg>
        <usg type="geo">
          <placeName type="bundesland" ref="/geodata-wboe.xml#p5">OÖ</placeName>
        </usg>
        <usg type="geo">
          <placeName type="bundesland" ref="/geodata-wboe.xml#p6">NÖ</placeName>
        </usg>
        <usg type="geo">
          <placeName type="grossregion" ref="/geodata-wboe.xml#p6.5">Wien</placeName>
        </usg>
        <usg type="geo">
          <placeName type="bundesland" ref="/geodata-wboe.xml#p7">Bgl.</placeName>
        </usg>
        <note type="kommentar" resp="#PZ">Im gesamten Untersuchungsgebiet dominieren kurze auf einen gesenkten Umlaut zurückgehende
          <c>a</c>-Monophthonge
          <xr>
            <ref>flaksə</ref>
            <ref>flaksn̥</ref>
          </xr>, die im Most- und Waldviertel sowie in Wien außerdem gedehnt auftreten können
          <xr>
            <ref>flāksn̥</ref>
          </xr>. Mitunter sind in Osttirol und im Industrieviertel ungesenkte
          <xr>
            <ref>flęksə</ref>
            <ref>flęksn̥</ref>
          </xr>und in Mittelkärnten verdumpfte
          <xr>
            <ref>flǫks</ref>
          </xr>sowie diphthongierte Varianten belegt
          <xr>
            <ref>flǫɒks</ref>
          </xr>. Die mhd. Lautkombination
          <c>hs</c>wird überall plosivhaltig realisiert
          <xr>
            <ref>flaksə</ref>
            <ref>flaksn̥</ref>
          </xr>, während genauso lenisierte Varianten auftreten
          <xr>
            <ref>flagsə</ref>
            <ref>flagsn̥</ref>
          </xr>. Im gesamten Untersuchungsgebiet kommen im Auslaut nasalhaltige Suffixe vor, wobei der Vokal stets synkopiert wurde
          <xr>
            <ref>flaksn̥</ref>
          </xr>. Parallel finden sich Varianten ohne Nasal, wobei im östlichen Südtirol, Osttirol, Hausruckviertel und Mühlviertel reduzierte
          <c>e</c>-Monophthonge
          <xr>
            <ref>flaksə</ref>
          </xr>, im westlichen Südtirol reduzierte
          <c>a</c>-Monophthonge belegt sind
          <xr>
            <ref>flaksɒ</ref>
          </xr>. Darüber hinaus wurde im Südbairischen, vereinzelt in der südbairischen und mittelbairischen Obersteiermark, im Pongau und Pinzgau sowie im Mühlviertel als auch im Waldviertel der Vokal im Auslaut getilgt
          <xr>
            <ref>flaks</ref>
            <ref>flęks</ref>
          </xr>.
        </note>
        <form type="dialect">
          <pron xml:lang="bar-AT">flăxn</pron>
          <usg>[Pl.]</usg>
          <usg type="geo">
            <placeName type="gemeinde" ref="/geodata-wboe.xml#p1A.1a02">Mals</placeName>
          </usg>
        </form>
        <form type="dialect">
          <pron xml:lang="bar-AT">flaxn</pron>
          <usg type="geo">
            <placeName type="gemeinde" ref="/geodata-wboe.xml#p1A.1d03">Schlanders</placeName>
          </usg>
        </form>
        <form type="dialect">
          <pron xml:lang="bar-AT">flagsa</pron>
          <usg type="geo">
            <placeName type="gemeinde" ref="/geodata-wboe.xml#p1A.2d01">Tiers</placeName>
          </usg>
        </form>
        <form type="dialect">
          <pron xml:lang="bar-AT">flagsn̥</pron>
          <usg type="geo">
            <placeName type="gemeinde" ref="/geodata-wboe.xml#p1A.2d01">Tiers</placeName>
          </usg>
        </form>
        <form type="dialect">
          <pron xml:lang="bar-AT">flaxn</pron>
          <usg type="geo">
            <placeName type="gemeinde" ref="/geodata-wboe.xml#p1A.3b01">Sarntal</placeName>
          </usg>
        </form>
        <form type="dialect">
          <pron xml:lang="bar-AT">flaxl</pron>
          <usg>[Dim.]</usg>
          <usg type="geo">
            <placeName type="gemeinde" ref="/geodata-wboe.xml#p1A.3b01">Sarntal</placeName>
          </usg>
        </form>
        <form type="dialect">
          <pron xml:lang="bar-AT">fla̱ksa</pron>
          <usg type="geo">
            <placeName type="gemeinde" ref="/geodata-wboe.xml#p1A.3g07">Villanders</placeName>
          </usg>
        </form>
        <form type="dialect">
          <pron xml:lang="bar-AT">fla̱ksn̥</pron>
          <usg type="geo">
            <placeName type="gemeinde" ref="/geodata-wboe.xml#p1A.3g07">Villanders</placeName>
          </usg>
        </form>
        <form type="dialect">
          <pron xml:lang="bar-AT">flăxe</pron>
          <usg type="geo">
            <placeName type="gemeinde" ref="/geodata-wboe.xml#p1A.4g01">Gsies</placeName>
          </usg>
        </form>
        <form type="dialect">
          <pron xml:lang="bar-AT">flax'n</pron>
          <usg type="geo">
            <placeName type="kleinregion" ref="/geodata-wboe.xml#p1B.0f">obIselt.</placeName>
          </usg>
        </form>
        <form type="dialect">
          <pron xml:lang="bar-AT">flaggsa</pron>
          <usg type="geo">
            <placeName type="gemeinde" ref="/geodata-wboe.xml#p1C.1m06">Nauders</placeName>
          </usg>
        </form>
        <form type="dialect">
          <pron xml:lang="bar-AT">flaksə</pron>
          <usg type="geo">
            <placeName type="gemeinde" ref="/geodata-wboe.xml#p1C.1m10">Serfaus</placeName>
          </usg>
        </form>
        <form type="dialect">
          <pron xml:lang="bar-AT">flaxe</pron>
          <usg type="geo">
            <placeName type="gemeinde" ref="/geodata-wboe.xml#p1C.1r01">Sölden</placeName>
          </usg>
        </form>
        <form type="dialect">
          <pron xml:lang="bar-AT">flax'n</pron>
          <usg type="geo">
            <placeName type="gemeinde" ref="/geodata-wboe.xml#p1C.2a10">Hall in Tirol</placeName>
          </usg>
        </form>
        <form type="dialect">
          <pron xml:lang="bar-AT">flaxe</pron>
          <usg type="geo">
            <placeName type="gemeinde" ref="/geodata-wboe.xml#p1C.2j03">Mayrhofen</placeName>
          </usg>
        </form>
        <form type="dialect">
          <pron xml:lang="bar-AT">flągsɛ</pron>
          <usg type="geo">
            <placeName type="gemeinde" ref="/geodata-wboe.xml#p1C.2j04">Tux</placeName>
          </usg>
        </form>
        <form type="dialect">
          <pron xml:lang="bar-AT">flaxn</pron>
          <usg type="geo">
            <placeName type="gemeinde" ref="/geodata-wboe.xml#p1C.3c08">Kundl</placeName>
          </usg>
        </form>
        <form type="dialect">
          <pron xml:lang="bar-AT">flagsn</pron>
          <usg type="geo">
            <placeName type="gemeinde" ref="/geodata-wboe.xml#p1C.3e12">Schwoich</placeName>
          </usg>
        </form>
        <form type="dialect">
          <pron xml:lang="bar-AT">flâksn</pron>
          <usg type="geo">
            <placeName type="gemeinde" ref="/geodata-wboe.xml#p1C.3f02">Hopfgarten im Brixental</placeName>
          </usg>
        </form>
        <form type="dialect">
          <pron xml:lang="bar-AT">flaxn</pron>
          <usg type="geo">
            <placeName type="gemeinde" ref="/geodata-wboe.xml#p2.1b04">Rangersdorf</placeName>
          </usg>
        </form>
        <form type="dialect">
          <pron xml:lang="bar-AT">flags</pron>
          <usg>[Pl.]</usg>
          <usg type="geo">
            <placeName type="kleinregion" ref="/geodata-wboe.xml#p2.2d">obstGurkt.</placeName>
          </usg>
        </form>
        <form type="dialect">
          <pron xml:lang="bar-AT">flaxle</pron>
          <usg>[Dim.]</usg>
          <usg type="geo">
            <placeName type="kleinregion" ref="/geodata-wboe.xml#p2.2d">obstGurkt.</placeName>
          </usg>
        </form>
        <form type="dialect">
          <pron xml:lang="bar-AT">flaxlan</pron>
          <usg>[Dim.]</usg>
          <usg type="geo">
            <placeName type="kleinregion" ref="/geodata-wboe.xml#p2.2d">obstGurkt.</placeName>
          </usg>
        </form>
        <form type="dialect">
          <pron xml:lang="bar-AT">flaκsn</pron>
          <usg type="geo">
            <placeName type="gemeinde" ref="/geodata-wboe.xml#p2.2i07">Villach</placeName>
          </usg>
        </form>
        <form type="dialect">
          <pron xml:lang="bar-AT">flāksn</pron>
          <usg type="geo">
            <placeName type="gemeinde" ref="/geodata-wboe.xml#p2.3n01">Klagenfurt</placeName>
          </usg>
        </form>
        <form type="dialect">
          <pron xml:lang="bar-AT">flaksn</pron>
          <usg type="geo">
            <placeName type="gemeinde" ref="/geodata-wboe.xml#p2.4c04">Bad St. Leonhard im Lavanttal</placeName>
          </usg>
          <ptr type="collection" subtype="lautung" target="/collections-wboe.xml#c6786"/>
        </form>
        <etym>
          <seg type="desc">wohl zu</seg>
          <cit type="etymon">
            <lang>ahd.</lang>
            <form>
              <orth>flahs</orth>
            </form>
          </cit>
          <seg type="desc">
            <date>(um 800)</date>;
          </seg>
          <cit type="etymon">
            <lang>mhd.</lang>
            <form>
              <orth>vlahs</orth>
            </form>
            <def>blaublühendes Leingewächs, dessen Bast versponnen wird</def>
          </cit>
          <ref type="bibl" target="#Pfeifer2014">
            <lbl>vgl.</lbl>Pfeifer 2014
            <citedRange>349</citedRange>
          </ref>
          <xr type="lemma">
            <ref>Flächse</ref>
          </xr>
          <seg type="desc">ist eine Sehne, die fest wie Flachs ist, bzw. so fest, als wäre sie aus Flachs geflochten
            <ref type="bibl" target="#DWB1862III">
              <lbl>vgl.</lbl>DWB 1862 III
              <citedRange>1701</citedRange>
            </ref>.
          </seg>
          <seg type="desc">Siehe auch</seg>
          <cit type="etymon">
            <xr type="lemma">
              <ref target="Flachs_1.xml#Flachs_">Flachs¹</ref>
            </xr>
          </cit>
          <seg type="desc">und</seg>
          <cit type="etymon">
            <xr type="lemma">
              <ref target="Flachs_2.xml#Flachs_">Flachs²</ref>
            </xr>
          </cit>
        </etym>
        <sense>
          <sense>
            <sense>
              <def>Sehne; Muskelstrang beim Menschen</def>
              <usg type="geo">
                <placeName type="bundesland" ref="/geodata-wboe.xml#p1A">STir.</placeName>
              </usg>
              <usg type="geo">
                <placeName type="grossregion" ref="/geodata-wboe.xml#p1B.0">OTir.</placeName>
              </usg>
              <usg type="geo">
                <placeName type="bundesland" ref="/geodata-wboe.xml#p1C">NTir.</placeName>
              </usg>
              <usg type="geo">
                <placeName type="bundesland" ref="/geodata-wboe.xml#p2">Ktn.</placeName>
              </usg>
              <usg type="geo">
                <placeName type="bundesland" ref="/geodata-wboe.xml#p3">Stmk.</placeName>
              </usg>
              <usg type="geo">
                <placeName type="grossregion" ref="/geodata-wboe.xml#p4.2">Pinzg.</placeName>
              </usg>
              <usg type="geo">
                <placeName type="grossregion" ref="/geodata-wboe.xml#p4.3">Pong.</placeName>
              </usg>
              <usg type="geo">
                <placeName type="grossregion" ref="/geodata-wboe.xml#p4.5">Flachg.</placeName>
              </usg>
              <usg type="geo">
                <placeName type="bundesland" ref="/geodata-wboe.xml#p5">OÖ</placeName>
              </usg>
              <usg type="geo">
                <placeName type="bundesland" ref="/geodata-wboe.xml#p6">NÖ</placeName>
              </usg>
              <usg type="geo">
                <placeName type="grossregion" ref="/geodata-wboe.xml#p6.5">Wien</placeName>
              </usg>
              <usg type="geo">
                <placeName type="grossregion" ref="/geodata-wboe.xml#p7.2">MBgl.</placeName>
              </usg>
              <usg type="geo">
                <placeName type="grossregion" ref="/geodata-wboe.xml#p7.3">SBgl.</placeName>
              </usg>
              <cit type="example">
                <quote xml:lang="bar-AT">Heint tęn măr die Flăxn węh</quote>
                <usg type="geo">
                  <placeName type="gemeinde" ref="/geodata-wboe.xml#p1A.1a02">Mals</placeName>
                </usg>
              </cit>
              <cit type="example">
                <quote xml:lang="bar-AT">as fālt im pa di flakse</quote>
                <usg type="geo">
                  <placeName type="gemeinde" ref="/geodata-wboe.xml#p1A.4d02">Kiens</placeName>
                </usg>
              </cit>
              <cit type="example">
                <quote xml:lang="bar-AT">ti flaksə san gilāmt</quote>
                <usg type="geo">
                  <placeName type="gemeinde" ref="/geodata-wboe.xml#p1B.0a05">Sillian</placeName>
                </usg>
              </cit>
              <cit type="example">
                <quote xml:lang="bar-AT">a Flaggsa håts mr üwaschpånt</quote>
                <usg type="geo">
                  <placeName type="gemeinde" ref="/geodata-wboe.xml#p1C.1m06">Nauders</placeName>
                </usg>
              </cit>
              <cit type="example">
                <quote xml:lang="bar-AT">Flaks iwərrẹkt</quote>
                <usg type="geo">
                  <placeName type="gemeinde" ref="/geodata-wboe.xml#p2.1i01">Gitschtal</placeName>
                </usg>
              </cit>
              <cit type="example">
                <quote xml:lang="bar-AT">Er hat si di Flaxn åⁿgsprengt</quote>
                <usg type="geo">
                  <placeName type="gemeinde" ref="/geodata-wboe.xml#p3.2b05">Wald am Schoberpaß</placeName>
                </usg>
              </cit>
              <cit type="example">
                <quote xml:lang="bar-AT">der hat guatö Flachsn</quote>
                <usg type="geo">
                  <placeName type="gemeinde" ref="/geodata-wboe.xml#p4.5d07">Thalgau</placeName>
                </usg>
              </cit>
              <cit type="example">
                <quote xml:lang="bar-AT">d' Flaxn åraiß'n bain Hagln</quote>
                <usg type="geo">
                  <placeName type="gemeinde" ref="/geodata-wboe.xml#p5.4c01">Eidenberg</placeName>
                </usg>
              </cit>
              <cit type="example">
                <quote xml:lang="bar-AT">d flachsn is gonz o(b)gstorbn, kon in fuiß gor nit rührn</quote>
                <usg type="geo">
                  <placeName type="gemeinde" ref="/geodata-wboe.xml#p6.4e04">Heldenberg</placeName>
                </usg>
              </cit>
              <cit type="example">
                <quote xml:lang="bar-AT">Si də Flāxⁿ īwaschbriᵑgă</quote>
                <usg type="geo">
                  <placeName type="gemeinde" ref="/geodata-wboe.xml#p6.5w06">Mauer</placeName>
                </usg>
              </cit>
              <ptr type="collection" subtype="bedeutung" target="/collections-wboe.xml#c6787"/>
            </sense>
            <sense>
              <def>Nasenknorpel</def>
              <usg type="geo">
                <placeName type="grossregion" ref="/geodata-wboe.xml#p6.5">Wien</placeName>
              </usg>
              <cit type="example">
                <quote xml:lang="bar-AT">wem bẹⁱ ddəʳ Flaxən håᵇm</quote>
                <usg type="geo">
                  <placeName type="gemeinde" ref="/geodata-wboe.xml#p6.5r01">Gersthof</placeName>
                </usg>
              </cit>
              <ptr type="collection" subtype="bedeutung" target="/collections-wboe.xml#c6788"/>
            </sense>
            <sense>
              <def>Teil der Hand</def>
              <usg type="geo">
                <placeName type="grossregion" ref="/geodata-wboe.xml#p6.4">Weinv.</placeName>
              </usg>
              <ptr type="collection" subtype="bedeutung" target="/collections-wboe.xml#c6789"/>
            </sense>
            <sense>
              <def>männliches Geschlechtsteil</def>
              <usg>(scherzhaft)</usg>
              <usg type="geo">
                <placeName type="grossregion" ref="/geodata-wboe.xml#p6.3">Waldv.</placeName>
              </usg>
              <cit type="example">
                <quote xml:lang="bar-AT">Gö unsa Flāksn hōüth?</quote>
                <usg type="geo">
                  <placeName type="gemeinde" ref="/geodata-wboe.xml#p6.3a15">Kautzen</placeName>
                </usg>
              </cit>
              <ptr type="collection" subtype="bedeutung" target="/collections-wboe.xml#c6790"/>
            </sense>
            <sense>
              <def>schwächliche Person; schwächliches Kind</def>
              <usg type="geo">
                <placeName type="grossregion" ref="/geodata-wboe.xml#p6.3">Waldv.</placeName>
              </usg>
              <ptr type="collection" subtype="bedeutung" target="/collections-wboe.xml#c6791"/>
            </sense>
          </sense>
          <sense>
            <sense>
              <def>Sehne; Muskelstrang beim Tier</def>
              <usg type="geo">
                <placeName type="grossregion" ref="/geodata-wboe.xml#p1A.1">wSTir.</placeName>
              </usg>
              <usg type="geo">
                <placeName type="grossregion" ref="/geodata-wboe.xml#p1A.2">mSTir.</placeName>
              </usg>
              <usg type="geo">
                <placeName type="bundesland" ref="/geodata-wboe.xml#p1C">NTir.</placeName>
              </usg>
              <usg type="geo">
                <placeName type="bundesland" ref="/geodata-wboe.xml#p2">Ktn.</placeName>
              </usg>
              <usg type="geo">
                <placeName type="grossregion" ref="/geodata-wboe.xml#p3.1">sbair.ObStmk.</placeName>
              </usg>
              <usg type="geo">
                <placeName type="grossregion" ref="/geodata-wboe.xml#p3.3">WStmk.</placeName>
              </usg>
              <usg type="geo">
                <placeName type="grossregion" ref="/geodata-wboe.xml#p3.5">OStmk.</placeName>
              </usg>
              <usg type="geo">
                <placeName type="grossregion" ref="/geodata-wboe.xml#p4.2">Pinzg.</placeName>
              </usg>
              <usg type="geo">
                <placeName type="grossregion" ref="/geodata-wboe.xml#p4.3">Pong.</placeName>
              </usg>
              <usg type="geo">
                <placeName type="grossregion" ref="/geodata-wboe.xml#p4.5">Flachg.</placeName>
              </usg>
              <usg type="geo">
                <placeName type="bundesland" ref="/geodata-wboe.xml#p5">OÖ</placeName>
              </usg>
              <usg type="geo">
                <placeName type="bundesland" ref="/geodata-wboe.xml#p6">NÖ</placeName>
              </usg>
              <usg type="geo">
                <placeName type="grossregion" ref="/geodata-wboe.xml#p6.5">Wien</placeName>
              </usg>
              <cit type="example">
                <quote xml:lang="bar-AT">lauter Zaͦdern und Flax'n</quote>
                <usg type="geo">
                  <placeName type="gemeinde" ref="/geodata-wboe.xml#p1C.2a10">Hall in Tirol</placeName>
                </usg>
              </cit>
              <cit type="example">
                <quote xml:lang="bar-AT">lė̄tige Flāksn</quote>
                <usg type="geo">
                  <placeName type="gemeinde" ref="/geodata-wboe.xml#p2.3n01">Klagenfurt</placeName>
                </usg>
              </cit>
              <cit type="example">
                <quote xml:lang="bar-AT">dō san gmui flāksna</quote>
                <usg type="geo">
                  <placeName type="gemeinde" ref="/geodata-wboe.xml#p6.3a15">Kautzen</placeName>
                </usg>
              </cit>
              <ptr type="collection" subtype="bedeutung" target="/collections-wboe.xml#c6792"/>
            </sense>
            <sense>
              <def>Teil des Rinderbeins</def>
              <usg type="geo">
                <placeName type="grossregion" ref="/geodata-wboe.xml#p2.4">UKtn.</placeName>
              </usg>
              <usg type="geo">
                <placeName type="grossregion" ref="/geodata-wboe.xml#p3.3">WStmk.</placeName>
              </usg>
              <usg type="geo">
                <placeName type="grossregion" ref="/geodata-wboe.xml#p6.3">Waldv.</placeName>
              </usg>
              <ptr type="collection" subtype="bedeutung" target="/collections-wboe.xml#c6793"/>
            </sense>
            <sense>
              <def>Ader (beim Tier)</def>
              <usg type="geo">
                <placeName type="grossregion" ref="/geodata-wboe.xml#p1C.3">öNTir.</placeName>
              </usg>
              <ptr type="collection" subtype="bedeutung" target="/collections-wboe.xml#c6794"/>
            </sense>
          </sense>
          <sense>
            <def>Bogensehne</def>
            <usg type="geo">
              <placeName type="grossregion" ref="/geodata-wboe.xml#p1A.1">wSTir.</placeName>
            </usg>
            <usg type="geo">
              <placeName type="grossregion" ref="/geodata-wboe.xml#p1A.4">öSTir.</placeName>
            </usg>
            <usg type="geo">
              <placeName type="grossregion" ref="/geodata-wboe.xml#p1C.1">wNTir.</placeName>
            </usg>
            <usg type="geo">
              <placeName type="grossregion" ref="/geodata-wboe.xml#p1C.3">öNTir.</placeName>
            </usg>
            <usg type="geo">
              <placeName type="grossregion" ref="/geodata-wboe.xml#p2.1">ObKtn.</placeName>
            </usg>
            <usg type="geo">
              <placeName type="grossregion" ref="/geodata-wboe.xml#p3.2">mbair.ObStmk.</placeName>
            </usg>
            <usg type="geo">
              <placeName type="grossregion" ref="/geodata-wboe.xml#p3.5">OStmk.</placeName>
            </usg>
            <usg type="geo">
              <placeName type="grossregion" ref="/geodata-wboe.xml#p4.3">Pong.</placeName>
            </usg>
            <usg type="geo">
              <placeName type="grossregion" ref="/geodata-wboe.xml#p4.5">Flachg.</placeName>
            </usg>
            <usg type="geo">
              <placeName type="grossregion" ref="/geodata-wboe.xml#p5.4">Mühlv.</placeName>
            </usg>
            <usg type="geo">
              <placeName type="bundesland" ref="/geodata-wboe.xml#p6">NÖ</placeName>
            </usg>
            <cit type="example">
              <quote xml:lang="bar-AT">d' Flaxn is å!</quote>
              <usg type="geo">
                <placeName type="gemeinde" ref="/geodata-wboe.xml#p6.1b04">Strengberg</placeName>
              </usg>
            </cit>
            <cit type="example">
              <quote xml:lang="bar-AT">d' Flaksn oschneiⁿ</quote>
              <usg type="geo">
                <placeName type="gemeinde" ref="/geodata-wboe.xml#p6.2h28">Warth</placeName>
              </usg>
            </cit>
            <ptr type="collection" subtype="bedeutung" target="/collections-wboe.xml#c6795"/>
          </sense>
        </sense>
        <re>
          <form subtype="compound" type="lemma">
            <orth>Armflachse</orth>
          </form>
          <sense>
            <sense>
              <def>Sehne in den oberen Extremitäten</def>
              <usg type="geo">
                <placeName type="grossregion" ref="/geodata-wboe.xml#p1C.3">öNTir.</placeName>
              </usg>
              <usg type="geo">
                <placeName type="grossregion" ref="/geodata-wboe.xml#p6.3">Waldv.</placeName>
              </usg>
              <ptr type="collection" subtype="bedeutung" target="/collections-wboe.xml#c6796"/>
            </sense>
          </sense>
        </re>
        <re>
          <form subtype="compound" type="lemma">
            <orth>Augenflachse</orth>
          </form>
          <sense>
            <sense>
              <def>Augenmuskel</def>
              <usg type="geo">
                <placeName type="grossregion" ref="/geodata-wboe.xml#p1C.2">mNTir.</placeName>
              </usg>
              <usg type="geo">
                <placeName type="grossregion" ref="/geodata-wboe.xml#p2.4">UKtn.</placeName>
              </usg>
              <ptr type="collection" subtype="bedeutung" target="/collections-wboe.xml#c6797"/>
            </sense>
          </sense>
        </re>
        <re>
          <form subtype="compound" type="lemma">
            <orth>Handflachse</orth>
          </form>
          <sense>
            <sense>
              <def>Teil der Hand; Sehne/Muskel in der Hand</def>
              <usg type="geo">
                <placeName type="grossregion" ref="/geodata-wboe.xml#p1C.2">mNTir.</placeName>
              </usg>
              <usg type="geo">
                <placeName type="grossregion" ref="/geodata-wboe.xml#p1C.3">öNTir.</placeName>
              </usg>
              <usg type="geo">
                <placeName type="grossregion" ref="/geodata-wboe.xml#p2.1">ObKtn.</placeName>
              </usg>
              <usg type="geo">
                <placeName type="grossregion" ref="/geodata-wboe.xml#p2.2">MKtn.</placeName>
              </usg>
              <usg type="geo">
                <placeName type="grossregion" ref="/geodata-wboe.xml#p5.2">Hausrv.</placeName>
              </usg>
              <usg type="geo">
                <placeName type="grossregion" ref="/geodata-wboe.xml#p5.4">Mühlv.</placeName>
              </usg>
              <usg type="geo">
                <placeName type="grossregion" ref="/geodata-wboe.xml#p6.1">Mostv.</placeName>
              </usg>
              <usg type="geo">
                <placeName type="grossregion" ref="/geodata-wboe.xml#p6.2">Industriev.</placeName>
              </usg>
              <usg type="geo">
                <placeName type="grossregion" ref="/geodata-wboe.xml#p6.3">Waldv.</placeName>
              </usg>
              <usg type="geo">
                <placeName type="grossregion" ref="/geodata-wboe.xml#p6.5">Wien</placeName>
              </usg>
              <usg type="geo">
                <placeName type="grossregion" ref="/geodata-wboe.xml#p7.3">SBgl.</placeName>
              </usg>
              <ptr type="collection" subtype="bedeutung" target="/collections-wboe.xml#c6798"/>
            </sense>
          </sense>
        </re>
        <re>
          <form subtype="compound" type="lemma">
            <orth>Knieflachse</orth>
          </form>
          <sense>
            <sense>
              <sense>
                <def>Kniesehne</def>
                <usg type="geo">
                  <placeName type="grossregion" ref="/geodata-wboe.xml#p1C.2">mNTir.</placeName>
                </usg>
                <usg type="geo">
                  <placeName type="grossregion" ref="/geodata-wboe.xml#p6.1">Mostv.</placeName>
                </usg>
                <usg type="geo">
                  <placeName type="grossregion" ref="/geodata-wboe.xml#p6.2">Industriev.</placeName>
                </usg>
                <usg type="geo">
                  <placeName type="grossregion" ref="/geodata-wboe.xml#p6.3">Waldv.</placeName>
                </usg>
                <ptr type="collection" subtype="bedeutung" target="/collections-wboe.xml#c6799"/>
              </sense>
              <sense>
                <def>Kniekehle des Rindes</def>
                <usg type="geo">
                  <placeName type="grossregion" ref="/geodata-wboe.xml#p2.4">UKtn.</placeName>
                </usg>
                <ptr type="collection" subtype="bedeutung" target="/collections-wboe.xml#c6800"/>
              </sense>
            </sense>
          </sense>
        </re>
        <re>
          <form subtype="compound" type="lemma">
            <orth>Nasenflachse</orth>
          </form>
          <sense>
            <sense>
              <def>Nasenknorpel</def>
              <usg type="geo">
                <placeName type="grossregion" ref="/geodata-wboe.xml#p6.5">Wien</placeName>
              </usg>
              <ptr type="collection" subtype="bedeutung" target="/collections-wboe.xml#c6801"/>
            </sense>
          </sense>
        </re>
        <re>
          <form subtype="compound" type="lemma">
            <orth>Stutzenflachse</orth>
          </form>
          <sense>
            <sense>
              <def>Beinsehne</def>
              <usg type="geo">
                <placeName type="grossregion" ref="/geodata-wboe.xml#p1A.1">wSTir.</placeName>
              </usg>
              <ptr type="collection" subtype="bedeutung" target="/collections-wboe.xml#c6802"/>
            </sense>
          </sense>
        </re>
        <re type="redewendung">
          <form subtype="MWE" type="lemma">
            <orth>In den Beinen keine Muskeln, in den Schuhen keine Nägel, deshalb der Purzelbaum</orth>
          </form>
          <sense>
            <def>Spruch</def>
            <usg type="geo">
              <placeName type="grossregion" ref="/geodata-wboe.xml#p1C.1">wNTir.</placeName>
            </usg>
            <cit type="example">
              <quote xml:lang="bar-AT">In die Haxn koani Flaxen, in die Schuach koᵃⁿ Nogl, drum der Purzigogl</quote>
              <usg type="geo">
                <placeName type="gemeinde" ref="/geodata-wboe.xml#p1C.1m02">Fendels</placeName>
              </usg>
            </cit>
            <ptr type="collection" subtype="bedeutung" target="/collections-wboe.xml#c6803"/>
          </sense>
        </re>
      </entry>
    </body>
  </text>
</TEI>
