<?xml version="1.0" encoding="UTF-8"?>
    <?xml-model href="http://www.tei-c.org/release/xml/tei/custom/schema/relaxng/tei_all.rng" type="application/xml" schematypens="http://purl.oclc.org/dsdl/schematron"?>
    <?xml-model href="../../803_RNG-schematron/WBOE-ODD.rnc" type="application/relax-ng-compact-syntax"?>
<?redaktionstool version="0.7.4" ?>
<?parser type="lioe" version="0.7.3" ?>
<TEI xmlns="http://www.tei-c.org/ns/1.0">
  <teiHeader>
    <fileDesc>
      <titleStmt>
        <title>Flacke</title>
        <respStmt>
          <resp>Editor</resp>
          <name ref="#DG">David Gschösser</name>
        </respStmt>
        <respStmt>
          <resp>Encoding Scheme</resp>
          <name>Jack Bowers</name>
          <name>Daniel Schopper</name>
          <name>Omar Siam</name>
        </respStmt>
        <respStmt>
          <resp>DBOE Team</resp>
          <name xml:id="AL">Alexandra N. Lenz</name>
          <name xml:id="PhS">Philipp Stöckle</name>
          <name xml:id="AG">Andreas Gellan</name>
          <name xml:id="PZ">Patrick Zeitlhuber</name>
          <name xml:id="SW">Sabine Wahl</name>
          <name xml:id="SS">Sonja Schwaiger</name>
          <name xml:id="AB">Angela Bergermayer</name>
          <name xml:id="EW">Eva Wahlmüller</name>
          <name xml:id="DG">David Gschösser</name>
          <name xml:id="StS">Stefanie Schöberl</name>
          <name xml:id="FF">Fabian Fleißner</name>
        </respStmt>
        <respStmt>
          <resp>Student assistants</resp>
          <name>Susanna Muhr</name>
          <name>Manuela Stütz</name>
          <name>Christina Hemetsberger</name>
        </respStmt>
      </titleStmt>
      <publicationStmt>
        <p></p>
      </publicationStmt>
      <sourceDesc>
        <list>
          <item>
            <label>Geo-data</label>
            <ptr xml:id="geo-inventory-WBOE" target="../geodata-wboe.xml"/>
          </item>
          <item>
            <label>Bibliography</label>
            <ptr xml:id="bibliography-WBOE" target="../bibl-wboe.xml"/>
          </item>
          <item>
            <label>WBOE-Slips</label>
            <ptr xml:id="slips-WBOE" target="../slips-wboe.xml"/>
          </item>
          <item>
            <label>WBOE-Collections</label>
            <ptr xml:id="collections-WBOE" target="../collections-wboe.xml"/>
          </item>
        </list>
      </sourceDesc>
    </fileDesc>
    <revisionDesc status="">
      <listChange>
        <change status="peer correction" when="2020-02-20" who="#DG">Datensatz erstellt</change>
        <change status="internal correction" when="2020-05-28" who="#DG">Vorschläge von PS eingearbeitet</change>
        <change status="external correction" when="2020-06-12" who="#DG">keine relevanten Anmerkungen von MG</change>
        <change status="external correction" when="2021-02-26" who="#PZ">LK formatiert eingefügt</change>
        <change status="external correction" when="2021-02-26" who="#DG">kleinere Korrekturen</change>
        <change status="in progress" when="2022-02-17" who="#DG">Artikel abgebrochen</change>
      </listChange>
    </revisionDesc>
  </teiHeader>
  <text>
    <body>
      <entry>
        <form type="lemma" xml:id="Flacke">
          <orth>Flacke</orth>
        </form>
        <form type="lemma" xml:id="Flaecke">
          <orth>Fläcke</orth>
        </form>
        <form type="lemma" xml:id="Flagge">
          <orth>Flagge</orth>
          <ptr type="collection" subtype="lemma" target="/collections-wboe.xml#c2618"/>
        </form>
        <gramGrp>
          <gram type="pos">Substantiv</gram>
          <gram type="gender">Femininum</gram>
        </gramGrp>
        <usg type="geo">
          <placeName type="bundesland" ref="/geodata-wboe.xml#p1A">STir.</placeName>
        </usg>
        <usg type="geo">
          <placeName type="grossregion" ref="/geodata-wboe.xml#p1B.0">OTir.</placeName>
        </usg>
        <usg type="geo">
          <placeName type="bundesland" ref="/geodata-wboe.xml#p1C">NTir.</placeName>
        </usg>
        <usg type="geo">
          <placeName type="grossregion" ref="/geodata-wboe.xml#p2.2">MKtn.</placeName>
        </usg>
        <usg type="geo">
          <placeName type="grossregion" ref="/geodata-wboe.xml#p5.3">Traunv.</placeName>
        </usg>
        <usg type="geo">
          <placeName type="grossregion" ref="/geodata-wboe.xml#p6.3">Waldv.</placeName>
        </usg>
        <usg type="geo">
          <placeName type="grossregion" ref="/geodata-wboe.xml#p6.5">Wien</placeName>
        </usg>
        <note type="kommentar" resp="#PZ">Im gesamten Verbreitungsgebiet treten auf mhd.
          <c>a</c>zurückgehende, verdumpfte Monophthonge auf
          <xr>
            <ref>flǫkə</ref>
            <ref>flǫkŋ̥</ref>
          </xr>. Parallel finden sich in Mittelkärnten und Wien durch Senkung eines historischen Umlauts entstandende helle
          <c>a</c>-Monophthonge
          <xr>
            <ref>flakŋ̥</ref>
            <ref>flakkɒ</ref>
          </xr>. Unregelhaft kommen in Mittelkärnten fallende
          <c>oa</c>-Diphthonge vor
          <xr>
            <ref>flǫɒkɒ</ref>
          </xr>. Während überall im Anlaut der Frikativ
          <c>f</c>vorkommt, wurde in Mittelkärnten der Anlaut durch Affrizierung gestärkt
          <xr>
            <ref>pflǫkŋ̥</ref>
          </xr>. Der inlautende Plosiv wird überall als Fortis realisiert
          <xr>
            <ref>flǫkə</ref>
          </xr>, mit Ausnahme des Waldviertel und Wien, wo Geminierung belegt ist
          <xr>
            <ref>flǫkkŋ̥</ref>
            <ref>flakkɒ</ref>
          </xr>. Im Südbairischen wurde der vokalische Auslaut, teils gesenkt, erhalten
          <xr>
            <ref>flǫkə</ref>
            <ref>flǫakɒ</ref>
          </xr>, während im Mittelbairischen ausschließlich als auch parallel in Mittelkärnten durch
          <c>e</c>-Synkope entstandene, an den Velar assimilierte, silblische Nasale vorkommen
          <xr>
            <ref>flǫkŋ̥</ref>
            <ref>flakŋ̥</ref>
          </xr>. Der vokalische Auslaut in Wien dürfte wohl eine Vokalisierung dieses Nasal darstellen
          <xr>
            <ref>flakkɒ</ref>
          </xr>.
        </note>
        <form type="dialect">
          <pron xml:lang="bar-AT">flǫkkə</pron>
          <pron xml:lang="bar-AT">fląggɛ</pron>
          <usg type="geo">
            <placeName type="gemeinde" ref="/geodata-wboe.xml#p1C.2j04">Tux</placeName>
          </usg>
        </form>
        <form type="dialect">
          <pron xml:lang="bar-AT">fląggɛ</pron>
          <usg type="geo">
            <placeName type="kleinregion" ref="/geodata-wboe.xml#p1C.1j">obPazn.</placeName>
          </usg>
          <usg type="geo">
            <placeName type="kleinregion" ref="/geodata-wboe.xml#p1C.1k">uPazn.</placeName>
          </usg>
        </form>
        <form type="dialect">
          <pron xml:lang="bar-AT">flǫaka</pron>
          <usg type="geo">
            <placeName type="kleinregion" ref="/geodata-wboe.xml#p2.3g">Glant.</placeName>
          </usg>
        </form>
        <form type="dialect">
          <pron xml:lang="bar-AT">flaggn</pron>
          <usg type="geo">
            <placeName type="grossregion" ref="/geodata-wboe.xml#p2.2">MKtn.</placeName>
          </usg>
        </form>
        <form type="dialect">
          <pron xml:lang="bar-AT">-flåkŋ</pron>
          <usg type="geo">
            <placeName type="gemeinde" ref="/geodata-wboe.xml#p5.3b02">Gmunden</placeName>
          </usg>
        </form>
        <form type="dialect">
          <pron xml:lang="bar-AT">-floggn</pron>
          <usg type="geo">
            <placeName type="gemeinde" ref="/geodata-wboe.xml#p6.3a15">Kautzen</placeName>
          </usg>
        </form>
        <form type="dialect">
          <pron xml:lang="bar-AT">-flagga</pron>
          <usg type="geo">
            <placeName type="gemeinde" ref="/geodata-wboe.xml#p6.5l01">Altmannsdorf</placeName>
          </usg>
        </form>
        <form type="dialect">
          <pron xml:lang="bar-AT">flǫkŋ̣</pron>
          <usg type="geo">
            <placeName type="grossregion" ref="/geodata-wboe.xml#p6.5">Wien</placeName>
          </usg>
          <ptr type="collection" subtype="lautung" target="/collections-wboe.xml#c2699"/>
        </form>
        <etym>
          <seg type="desc">siehe</seg>
          <cit type="etymon">
            <xr type="lemma">
              <ref target="flacken.xml">flacken</ref>
            </xr>
          </cit>
        </etym>
        <sense>
          <sense>
            <def>umherstreifende, unordentliche Frau</def>
            <usg>(abwertend)</usg>
            <usg type="geo">
              <placeName type="grossregion" ref="/geodata-wboe.xml#p2.2">MKtn.</placeName>
            </usg>
            <ptr type="collection" subtype="bedeutung" target="/collections-wboe.xml#c2708"/>
          </sense>
          <sense>
            <def>wegstehendes Ohr</def>
            <usg type="geo">
              <placeName type="grossregion" ref="/geodata-wboe.xml#p1C.2">mNTir.</placeName>
            </usg>
            <ptr type="collection" subtype="bedeutung" target="/collections-wboe.xml#c2709"/>
          </sense>
          <sense>
            <def>Schneeflocke</def>
            <usg type="geo">
              <placeName type="grossregion" ref="/geodata-wboe.xml#p1C.1">wNTir.</placeName>
            </usg>
            <ptr type="collection" subtype="bedeutung" target="/collections-wboe.xml#c2710"/>
          </sense>
          <sense>
            <xr type="variant">
              <lbl>nur</lbl>
              <ref>Flacken</ref>
            </xr>
            <usg>(Plural)</usg>
            <def>süßes Kohlkraut, das vor dem Anrichten gesotten zerquetscht wird</def>
            <usg type="geo">
              <placeName type="bundesland" ref="/geodata-wboe.xml#p1A">STir.</placeName>
            </usg>
            <usg type="geo">
              <placeName type="grossregion" ref="/geodata-wboe.xml#p1B.0">OTir.</placeName>
            </usg>
            <usg type="geo">
              <placeName type="bundesland" ref="/geodata-wboe.xml#p1C">NTir.</placeName>
            </usg>
            <ptr type="collection" subtype="bedeutung" target="/collections-wboe.xml#c2711"/>
          </sense>
        </sense>
        <re>
          <form subtype="compound" type="lemma">
            <orth>Rotzfläcke</orth>
          </form>
          <sense>
            <sense>
              <def>
                <?comment "Putzen Rotz" ?>
                Stück verdickter Nasenschleim
              </def>
              <usg type="geo">
                <placeName type="grossregion" ref="/geodata-wboe.xml#p6.5">Wien</placeName>
              </usg>
              <ptr type="collection" subtype="bedeutung" target="/collections-wboe.xml#c2712"/>
            </sense>
          </sense>
        </re>
        <re>
          <form subtype="compound" type="lemma">
            <orth>Schiffsflagge</orth>
          </form>
          <sense>
            <sense>
              <def>
                <?comment meine Interpretation, nur tautologosch belegt ?>
                Fahne als Erkennungszeichen für Schiffe
              </def>
              <usg type="geo">
                <placeName type="grossregion" ref="/geodata-wboe.xml#p5.3">Traunv.</placeName>
              </usg>
              <usg type="geo">
                <placeName type="grossregion" ref="/geodata-wboe.xml#p6.3">Waldv.</placeName>
              </usg>
              <ptr type="collection" subtype="bedeutung" target="/collections-wboe.xml#c2713"/>
            </sense>
          </sense>
        </re>
        <re>
          <form subtype="compound" type="lemma">
            <orth>Signalflagge</orth>
          </form>
          <sense>
            <sense>
              <def>
                <?comment meine Interpretation, nur tautologisch belegt ?>
                Fahne als Verständigungsmittel für Schiffe
              </def>
              <usg type="geo">
                <placeName type="grossregion" ref="/geodata-wboe.xml#p2.2">MKtn.</placeName>
              </usg>
              <usg type="geo">
                <placeName type="grossregion" ref="/geodata-wboe.xml#p5.3">Traunv.</placeName>
              </usg>
              <usg type="geo">
                <placeName type="grossregion" ref="/geodata-wboe.xml#p6.3">Waldv.</placeName>
              </usg>
              <cit type="example">
                <quote xml:lang="bar-AT">a Signa̱flaggn ausštökn, hißn</quote>
                <usg type="geo">
                  <placeName type="grossregion" ref="/geodata-wboe.xml#p2.2">MKtn.</placeName>
                </usg>
              </cit>
              <cit type="example">
                <quote xml:lang="bar-AT">a Signal- Flåkŋ ausšdöka</quote>
                <usg type="geo">
                  <placeName type="gemeinde" ref="/geodata-wboe.xml#p5.3b02">Gmunden</placeName>
                </usg>
              </cit>
              <ptr type="collection" subtype="bedeutung" target="/collections-wboe.xml#c2714"/>
            </sense>
          </sense>
        </re>
        <re>
          <form subtype="compound" type="lemma">
            <orth>Steuerflagge</orth>
          </form>
          <sense>
            <sense>
              <def>eine Art Fahne auf Dampfern</def>
              <usg type="geo">
                <placeName type="grossregion" ref="/geodata-wboe.xml#p5.3">Traunv.</placeName>
              </usg>
              <ptr type="collection" subtype="bedeutung" target="/collections-wboe.xml#c2715"/>
            </sense>
          </sense>
        </re>
      </entry>
    </body>
  </text>
</TEI>