<?xml version="1.0" encoding="UTF-8"?>
    <?xml-model href="http://www.tei-c.org/release/xml/tei/custom/schema/relaxng/tei_all.rng" type="application/xml" schematypens="http://purl.oclc.org/dsdl/schematron"?>
    <?xml-model href="../../803_RNG-schematron/WBOE-ODD.rnc" type="application/relax-ng-compact-syntax"?>
<?redaktionstool version="0.8.0" ?>
<?parser type="lioe" version="0.8.0" ?>
<TEI xmlns="http://www.tei-c.org/ns/1.0">
  <teiHeader>
    <fileDesc>
      <titleStmt>
        <title>Fladen</title>
        <respStmt>
          <resp>Editor</resp>
          <name ref="#SW">Sabine Wahl</name>
        </respStmt>
        <respStmt>
          <resp>Encoding Scheme</resp>
          <name>Jack Bowers</name>
          <name>Daniel Schopper</name>
          <name>Omar Siam</name>
        </respStmt>
        <respStmt>
          <resp>DBOE Team</resp>
          <name xml:id="AL">Alexandra N. Lenz</name>
          <name xml:id="PhS">Philipp Stöckle</name>
          <name xml:id="AG">Andreas Gellan</name>
          <name xml:id="PZ">Patrick Zeitlhuber</name>
          <name xml:id="SW">Sabine Wahl</name>
          <name xml:id="SS">Sonja Schwaiger</name>
          <name xml:id="AB">Angela Bergermayer</name>
          <name xml:id="EW">Eva Wahlmüller</name>
          <name xml:id="DG">David Gschösser</name>
          <name xml:id="StS">Stefanie Schöberl</name>
          <name xml:id="FF">Fabian Fleißner</name>
          <name xml:id="MK">Markus Kunzmann</name>
        </respStmt>
        <respStmt>
          <resp>Student assistants</resp>
          <name>Susanna Muhr</name>
          <name>Manuela Stütz</name>
          <name>Christina Hemetsberger</name>
        </respStmt>
      </titleStmt>
      <publicationStmt>
        <p></p>
      </publicationStmt>
      <sourceDesc>
        <list>
          <item>
            <label>Geo-data</label>
            <ptr xml:id="geo-inventory-WBOE" target="../geodata-wboe.xml"/>
          </item>
          <item>
            <label>Bibliography</label>
            <ptr xml:id="bibliography-WBOE" target="../bibl-wboe.xml"/>
          </item>
          <item>
            <label>WBOE-Slips</label>
            <ptr xml:id="slips-WBOE" target="../slips-wboe.xml"/>
          </item>
          <item>
            <label>WBOE-Collections</label>
            <ptr xml:id="collections-WBOE" target="../collections-wboe.xml"/>
          </item>
        </list>
      </sourceDesc>
    </fileDesc>
    <revisionDesc>
      <listChange>
        <change status="in progress" when="2021-10-11" who="#SW">Datensatz erstellt</change>
        <change status="peer correction" when="2021-10-29" who="#SW">V1</change>
        <change status="peer correction" when="2022-02-09" who="#PZ">LK eingefügt</change>
        <change status="internal correction" when="2022-02-09" who="#SW">V2</change>
        <change status="external correction" when="2022-02-11" who="#SW">V3</change>
        <change status="finished" when="2022-04-26" who="#SW">online</change>
      </listChange>
    </revisionDesc>
  </teiHeader>
  <text>
    <body>
      <entry>
        <form type="lemma" xml:id="Fladen">
          <orth>Fladen</orth>
          <ptr type="collection" subtype="lemma" target="/collections-wboe.xml#c12553"/>
        </form>
        <gramGrp>
          <gram type="pos">Substantiv</gram>
          <gram type="gender">Maskulinum</gram>
          <gram type="gender">Femininum</gram>
        </gramGrp>
        <form type="variant" subtype="diminutive" xml:id="Fladel">
          <orth>Fladel</orth>
          <orth>Flandel</orth>
          <gramGrp>
            <gram type="gender">Neutrum</gram>
            <gram type="gender">Femininum</gram>
          </gramGrp>
        </form>
        <form type="variant" subtype="diminutive" xml:id="Fladerl">
          <orth>Fladerl</orth>
          <orth>Flanderl</orth>
          <orth>Pflarerl</orth>
          <gramGrp>
            <gram type="gender">Neutrum</gram>
          </gramGrp>
        </form>
        <form type="variant" subtype="diminutive" xml:id="Fladenderl">
          <orth>Fladenderl</orth>
          <gramGrp>
            <gram type="gender">Neutrum</gram>
          </gramGrp>
        </form>
        <form type="variant" subtype="diminutive" xml:id="Fladlein">
          <orth>Fladlein</orth>
          <gramGrp>
            <gram type="gender">Neutrum</gram>
          </gramGrp>
        </form>
        <form type="variant" subtype="diminutive" xml:id="Fladendlein">
          <orth>Fladendlein</orth>
          <gramGrp>
            <gram type="gender">Neutrum</gram>
          </gramGrp>
        </form>
        <form type="variant" subtype="diminutive" xml:id="Flaedenlein">
          <orth>Flädenlein</orth>
          <gramGrp>
            <gram type="gender">Neutrum</gram>
          </gramGrp>
        </form>
        <usg type="geo">
          <placeName type="bundesland" ref="/geodata-wboe.xml#p1A">STir.</placeName>
        </usg>
        <usg type="geo">
          <placeName type="grossregion" ref="/geodata-wboe.xml#p1B.0">OTir.</placeName>
        </usg>
        <usg type="geo">
          <placeName type="bundesland" ref="/geodata-wboe.xml#p1C">NTir.</placeName>
        </usg>
        <usg type="geo">
          <placeName type="bundesland" ref="/geodata-wboe.xml#p3">Stmk.</placeName>
        </usg>
        <usg type="geo">
          <placeName type="bundesland" ref="/geodata-wboe.xml#p4">Sbg.</placeName>
        </usg>
        <usg type="geo">
          <placeName type="bundesland" ref="/geodata-wboe.xml#p5">OÖ</placeName>
        </usg>
        <usg type="geo">
          <placeName type="bundesland" ref="/geodata-wboe.xml#p6">NÖ</placeName>
        </usg>
        <usg type="geo">
          <placeName type="grossregion" ref="/geodata-wboe.xml#p6.5">Wien</placeName>
        </usg>
        <usg type="geo">
          <placeName type="bundesland" ref="/geodata-wboe.xml#p7">Bgl.</placeName>
        </usg>
        <note type="kommentar" resp="#PZ">Der auf mhd.
          <c>a</c>zurückgehende Stammvokal wurde im gesamten Untersuchungsgebiet verdumpft und in offener Silbe gedehnt
          <xr>
            <ref>flǭdə</ref>
            <ref>flǭdn̥</ref>
            <ref>flǭn</ref>
          </xr>. Unverdumpfte
          <c>a</c>-Monophthonge kommen gehäuft im Ostmittelbairischen vor, gelegentlich auch in anderen Regionen
          <xr>
            <ref>flādn̥</ref>
            <ref>flādɒ</ref>
            <ref>flān</ref>
          </xr>. Zu
          <c>ou</c>diphthongierte Formen finden sich im östlichen Südmittelbairischen
          <xr>
            <ref>flǫųdn̥</ref>
          </xr>, unregelhafte
          <c>oa</c>im östlichen Südmittelbairischen und Ostmittelbairischen
          <xr>
            <ref>flǭɒdn̥</ref>
            <ref>flǭɒn</ref>
          </xr>sowe
          <c>eo</c>im Nordburgenland
          <xr>
            <ref>flęǫn</ref>
          </xr>. Der Vokal im Auslaut wurde häufig im westlichen Südbairischen beibehalten
          <xr>
            <ref>flǭdə</ref>
            <ref>flādɒ</ref>
          </xr>, wobei sich parallel auch Tilgung des Vokals findet
          <xr>
            <ref>flǭd</ref>
            <ref>pflǭd</ref>
          </xr>. Im gesamten Untersuchungsgebiet dominieren jedoch Formen, bei denen die obliquen nasalhaltigen Endungen in den Nominativ übernommen wurden, wobei häufig der inlautende Lenisplosiv getilgt wurde
          <xr>
            <ref>flǭdn̥</ref>
            <ref>flǭdɒn</ref>
            <ref>flādn̥</ref>
            <ref>flǭn</ref>
            <ref>flān</ref>
          </xr>. Während die nasalhaltigen Endungen überall synkopiert wurden
          <xr>
            <ref>flǭdn̥</ref>
            <ref>flǫųdn̥</ref>
          </xr>, sind vereinzelt im östlichen Süd- und Südmittelbairischen sowie Ostmittelbairischen Formen mit erhaltenem Vokal belegt
          <xr>
            <ref>flǭdɒn</ref>
          </xr>. Darüber hinaus wurde in der südbairschen Obersteiermark der intervokalische Plosiv manchmal zu
          <c>r</c>gewandelt
          <xr>
            <ref>flǭrɒn</ref>
          </xr>. Im westlichen Süd- und Südmittelbairischen wurde vereinzelt der Anlaut durch Affrizierung gestärkt
          <xr>
            <ref>pflǭd</ref>
          </xr>.
        </note>
        <form type="dialect">
          <pron xml:lang="bar-AT">-flôdn</pron>
          <usg type="geo">
            <placeName type="kleinregion" ref="/geodata-wboe.xml#p1A.4d">unt.STir.Pustert.</placeName>
          </usg>
        </form>
        <form type="dialect">
          <pron xml:lang="bar-AT">flą̂dn</pron>
          <pron xml:lang="bar-AT">flą̂dɛ</pron>
          <pron xml:lang="bar-AT">pflą̂d</pron>
          <pron xml:lang="bar-AT">pflą̂·n</pron>
          <usg type="geo">
            <placeName type="grossregion" ref="/geodata-wboe.xml#p1B.0">OTir.</placeName>
          </usg>
        </form>
        <form type="dialect">
          <pron xml:lang="bar-AT">flǭdə</pron>
          <usg type="geo">
            <placeName type="gemeinde" ref="/geodata-wboe.xml#p1C.1m10">Serfaus</placeName>
          </usg>
        </form>
        <form type="dialect">
          <pron xml:lang="bar-AT">-flå̄dn̥</pron>
          <pron xml:lang="bar-AT">-flōn̄</pron>
          <usg type="geo">
            <placeName type="gemeinde" ref="/geodata-wboe.xml#p1C.2a19">Schwaz</placeName>
          </usg>
        </form>
        <form type="dialect">
          <pron xml:lang="bar-AT">pflą̂d</pron>
          <usg type="geo">
            <placeName type="kleinregion" ref="/geodata-wboe.xml#p1C.3i">Leukent.</placeName>
          </usg>
        </form>
        <form type="dialect">
          <pron xml:lang="bar-AT">flō̩dn̥</pron>
          <usg type="geo">
            <placeName type="gemeinde" ref="/geodata-wboe.xml#p2.1f01">Lesachtal</placeName>
          </usg>
        </form>
        <form type="dialect">
          <pron xml:lang="bar-AT">-vlo̩n</pron>
          <usg type="geo">
            <placeName type="gemeinde" ref="/geodata-wboe.xml#p2.2a01">Rennweg am Katschberg</placeName>
          </usg>
        </form>
        <form type="dialect">
          <pron xml:lang="bar-AT">floadĕn</pron>
          <usg type="geo">
            <placeName type="gemeinde" ref="/geodata-wboe.xml#p2.3c05">St. Georgen am Längsee</placeName>
          </usg>
        </form>
        <form type="dialect">
          <pron xml:lang="bar-AT">flǭdn</pron>
          <usg type="geo">
            <placeName type="gemeinde" ref="/geodata-wboe.xml#p3.3e12">St. Peter im Sulmtal</placeName>
          </usg>
        </form>
        <form type="dialect">
          <pron xml:lang="bar-AT">floᵘdn</pron>
          <usg type="geo">
            <placeName type="gemeinde" ref="/geodata-wboe.xml#p3.4d01">Graz</placeName>
          </usg>
        </form>
        <form type="dialect">
          <pron xml:lang="bar-AT">flǭn</pron>
          <usg type="geo">
            <placeName type="gemeinde" ref="/geodata-wboe.xml#p3.5d07">Pöllau</placeName>
          </usg>
        </form>
        <form type="dialect">
          <pron xml:lang="bar-AT">flǭn</pron>
          <usg type="geo">
            <placeName type="grossregion" ref="/geodata-wboe.xml#p4.1">Lung.</placeName>
          </usg>
        </form>
        <form type="dialect">
          <pron xml:lang="bar-AT">φlō̩n</pron>
          <usg type="geo">
            <placeName type="gemeinde" ref="/geodata-wboe.xml#p4.2a05">Neukirchen am Großvenediger</placeName>
          </usg>
        </form>
        <form type="dialect">
          <pron xml:lang="bar-AT">flåᵈn</pron>
          <usg type="geo">
            <placeName type="gemeinde" ref="/geodata-wboe.xml#p4.2c01">Fusch an der Großglocknerstraße</placeName>
          </usg>
        </form>
        <form type="dialect">
          <pron xml:lang="bar-AT">flåᵈn</pron>
          <usg type="geo">
            <placeName type="gemeinde" ref="/geodata-wboe.xml#p5.3b02">Gmunden</placeName>
          </usg>
        </form>
        <form type="dialect">
          <pron xml:lang="bar-AT">-φlō̩dṇ</pron>
          <usg type="geo">
            <placeName type="gemeinde" ref="/geodata-wboe.xml#p5.3c03">Steinbach am Ziehberg</placeName>
          </usg>
        </form>
        <form type="dialect">
          <pron xml:lang="bar-AT">-floadn</pron>
          <usg type="geo">
            <placeName type="gemeinde" ref="/geodata-wboe.xml#p5.3o04">Losenstein</placeName>
          </usg>
        </form>
        <form type="dialect">
          <pron xml:lang="bar-AT">flǭn</pron>
          <usg type="geo">
            <placeName type="gemeinde" ref="/geodata-wboe.xml#p5.4e04">Gallneukirchen</placeName>
          </usg>
        </form>
        <form type="dialect">
          <pron xml:lang="bar-AT">flọ̄n</pron>
          <usg type="geo">
            <placeName type="gemeinde" ref="/geodata-wboe.xml#p6.1d01">Allhartsberg</placeName>
          </usg>
        </form>
        <form type="dialect">
          <pron xml:lang="bar-AT">flęån</pron>
          <usg type="geo">
            <placeName type="gemeinde" ref="/geodata-wboe.xml#p6.1p12">Türnitz</placeName>
          </usg>
        </form>
        <form type="dialect">
          <pron xml:lang="bar-AT">flōᵒdn</pron>
          <usg type="geo">
            <placeName type="gemeinde" ref="/geodata-wboe.xml#p6.2e04">Rohr im Gebirge</placeName>
          </usg>
        </form>
        <form type="dialect">
          <pron xml:lang="bar-AT">φlō̩ᵈn</pron>
          <usg type="geo">
            <placeName type="gemeinde" ref="/geodata-wboe.xml#p6.3q03">St. Leonhard am Hornerwald</placeName>
          </usg>
        </form>
        <form type="dialect">
          <pron xml:lang="bar-AT">flǫᵈn</pron>
          <usg type="geo">
            <placeName type="gemeinde" ref="/geodata-wboe.xml#p6.4k01">Angern an der March</placeName>
          </usg>
        </form>
        <form type="dialect">
          <pron xml:lang="bar-AT">fladn</pron>
          <usg type="geo">
            <placeName type="grossregion" ref="/geodata-wboe.xml#p6.5">Wien</placeName>
          </usg>
        </form>
        <form type="dialect">
          <pron xml:lang="bar-AT">-flåᵈn̥</pron>
          <usg type="geo">
            <placeName type="gemeinde" ref="/geodata-wboe.xml#p6.5r01">Gersthof</placeName>
          </usg>
        </form>
        <form type="dialect">
          <pron xml:lang="bar-AT">flodən</pron>
          <usg type="geo">
            <placeName type="gemeinde" ref="/geodata-wboe.xml#p7.1a01">Deutsch Jahrndorf</placeName>
          </usg>
        </form>
        <form type="dialect">
          <pron xml:lang="bar-AT">flōn</pron>
          <usg type="geo">
            <placeName type="gemeinde" ref="/geodata-wboe.xml#p7.2b08">Pilgersdorf</placeName>
          </usg>
        </form>
        <form type="dialect">
          <pron xml:lang="bar-AT">φlǭn</pron>
          <usg type="geo">
            <placeName type="gemeinde" ref="/geodata-wboe.xml#p7.3e02">Rechnitz</placeName>
          </usg>
          <ptr type="collection" subtype="lautung" target="/collections-wboe.xml#c23179"/>
        </form>
        <etym>
          <cit type="etymon">
            <lang>ahd.</lang>
            <form>
              <orth>flado</orth>
            </form>
            <gramGrp>
              <usg>m.</usg>
            </gramGrp>
            <def>flacher Kuchen; dünnes, breites Feingebäck; Fladen; Feigenkuchen; flach und breit gepresste Masse aus getrockneten Feigen; Honigkuchen; Honigscheibe</def>
          </cit>
          <cit type="etymon">
            <lang>ahd.</lang>
            <form>
              <orth>flada</orth>
            </form>
            <gramGrp>
              <usg>f.</usg>
            </gramGrp>
            <def>flacher Kuchen; dünnes, breites Feingebäck</def>
          </cit>
          <cit type="etymon">
            <lang>mhd.</lang>
            <form>
              <orth>vlade</orth>
            </form>
            <def>breiter, dünner Kuchen; Fladen; Honigscheibe</def>
          </cit>
          <seg type="desc">; die scherzhafte Übertragung</seg>
          <cit type="etymon">
            <form>
              <orth>vlade von der kuo</orth>
            </form>
            <def>Kuhfladen</def>
          </cit>
          <seg type="desc">ist bereits im Mittelhochdeutschen belegt</seg>
          <ref type="bibl" target="#AWB1985III">
            <lbl>vgl.</lbl>AWB 1985 III
            <citedRange>939-941</citedRange>
          </ref>
          <ref type="bibl" target="#Lexer1878III">
            <lbl>vgl.</lbl>Lexer 1878 III
            <citedRange>384</citedRange>
          </ref>
          <ref type="bibl" target="#Pfeifer2014">
            <lbl>vgl.</lbl>Pfeifer 2014
            <citedRange>349</citedRange>
          </ref>
          <seg type="desc">; Überschneidungen mit den lautlich ähnlichen Wörtern</seg>
          <cit type="etymon">
            <xr type="lemma">
              <ref target="Flader.xml#Flader">Flader</ref>
            </xr>
          </cit>
          <seg type="desc">und</seg>
          <cit type="etymon">
            <xr type="lemma">
              <ref target="Flor.xml#Flor">Flor</ref>
            </xr>
          </cit>
          <seg type="desc">bzw. mit einzelnen Wortbildungen wie</seg>
          <cit type="etymon">
            <form>
              <orth>Eierflor</orth>
            </form>
            <form>
              <orth>Osterflor</orth>
            </form>
          </cit>
          <seg type="desc">sind möglich</seg>
        </etym>
        <sense>
          <sense>
            <sense>
              <def>flache Masse (z. B. von Schnee, Wolle, Teig, Kot); flache Form (z. B. von Schwarzbrot); dünner großer Fleck (z. B. von Wolle, Flachs, Fleisch, Teig); (dünne) Schnitte, Scheibe (z. B. von Speck oder Teig)</def>
              <usg type="geo">
                <placeName type="bundesland" ref="/geodata-wboe.xml#p1A">STir.</placeName>
              </usg>
              <usg type="geo">
                <placeName type="grossregion" ref="/geodata-wboe.xml#p1B.0">OTir.</placeName>
              </usg>
              <usg type="geo">
                <placeName type="bundesland" ref="/geodata-wboe.xml#p1C">NTir.</placeName>
              </usg>
              <usg type="geo">
                <placeName type="grossregion" ref="/geodata-wboe.xml#p2.1">ObKtn.</placeName>
              </usg>
              <usg type="geo">
                <placeName type="grossregion" ref="/geodata-wboe.xml#p5.1">Innv.</placeName>
              </usg>
              <usg type="geo">
                <placeName type="grossregion" ref="/geodata-wboe.xml#p5.3">Traunv.</placeName>
              </usg>
              <usg type="geo">
                <placeName type="grossregion" ref="/geodata-wboe.xml#p6.2">Industriev.</placeName>
              </usg>
              <cit type="example">
                <quote xml:lang="bar-AT">dö grissn Woöˡ wird za Flåᵈn ząmchlögt
                  <cit type="translation">
                    <quote xml:lang="de">zusammengelegt</quote>
                  </cit>
                </quote>
                <usg type="geo">
                  <placeName type="gemeinde" ref="/geodata-wboe.xml#p5.3b02">Gmunden</placeName>
                </usg>
              </cit>
              <ptr type="collection" subtype="bedeutung" target="/collections-wboe.xml#c22846"/>
            </sense>
            <sense>
              <sense>
                <def>flaches Gebäck; flacher Kuchen</def>
                <usg type="geo">
                  <placeName type="bundesland" ref="/geodata-wboe.xml#p4">Sbg.</placeName>
                </usg>
                <usg type="geo">
                  <placeName type="bundesland" ref="/geodata-wboe.xml#p5">OÖ</placeName>
                </usg>
                <usg type="geo">
                  <placeName type="grossregion" ref="/geodata-wboe.xml#p6.1">Mostv.</placeName>
                </usg>
                <usg type="geo">
                  <placeName type="grossregion" ref="/geodata-wboe.xml#p6.4">Weinv.</placeName>
                </usg>
                <ptr type="collection" subtype="bedeutung" target="/collections-wboe.xml#c23172"/>
              </sense>
              <sense>
                <def>Eierkuchen</def>
                <usg type="geo">
                  <placeName type="grossregion" ref="/geodata-wboe.xml#p4.1">Lung.</placeName>
                </usg>
                <ptr type="collection" subtype="bedeutung" target="/collections-wboe.xml#c23169"/>
              </sense>
              <sense>
                <def>misslungenes, flaches Gebäck</def>
                <usg>(spottend, schimpfend)</usg>
                <usg type="geo">
                  <placeName type="grossregion" ref="/geodata-wboe.xml#p2.2">MKtn.</placeName>
                </usg>
                <ptr type="collection" subtype="bedeutung" target="/collections-wboe.xml#c23165"/>
              </sense>
              <sense>
                <def>Osterflecken; Osterbrot; Gebäck bzw. Mehlspeise zu Ostern</def>
                <usg type="geo">
                  <placeName type="grossregion" ref="/geodata-wboe.xml#p2.2">MKtn.</placeName>
                </usg>
                <usg type="geo">
                  <placeName type="grossregion" ref="/geodata-wboe.xml#p5.2">Hausrv.</placeName>
                </usg>
                <usg type="geo">
                  <placeName type="bundesland" ref="/geodata-wboe.xml#p6">NÖ</placeName>
                </usg>
                <ptr type="collection" subtype="bedeutung" target="/collections-wboe.xml#c23166"/>
              </sense>
              <sense>
                <def type="umschreibung">Bezeichnung für verschiedene (oft runde) Brote oder Weißgebäcke</def>
                <usg type="geo">
                  <placeName type="grossregion" ref="/geodata-wboe.xml#p2.1">ObKtn.</placeName>
                </usg>
                <usg type="geo">
                  <placeName type="grossregion" ref="/geodata-wboe.xml#p2.2">MKtn.</placeName>
                </usg>
                <usg type="geo">
                  <placeName type="grossregion" ref="/geodata-wboe.xml#p5.4">Mühlv.</placeName>
                </usg>
                <usg type="geo">
                  <placeName type="grossregion" ref="/geodata-wboe.xml#p6.2">Industriev.</placeName>
                </usg>
                <usg type="geo">
                  <placeName type="grossregion" ref="/geodata-wboe.xml#p6.5">Wien</placeName>
                </usg>
                <ptr type="collection" subtype="bedeutung" target="/collections-wboe.xml#c23171"/>
              </sense>
            </sense>
            <sense>
              <def>Kuhfladen; flache, breitgelaufene, breiige Masse Rinderkot</def>
              <usg type="geo">
                <placeName type="grossregion" ref="/geodata-wboe.xml#p2.1">ObKtn.</placeName>
              </usg>
              <usg type="geo">
                <placeName type="grossregion" ref="/geodata-wboe.xml#p2.2">MKtn.</placeName>
              </usg>
              <usg type="geo">
                <placeName type="bundesland" ref="/geodata-wboe.xml#p3">Stmk.</placeName>
              </usg>
              <usg type="geo">
                <placeName type="bundesland" ref="/geodata-wboe.xml#p4">Sbg.</placeName>
              </usg>
              <usg type="geo">
                <placeName type="bundesland" ref="/geodata-wboe.xml#p5">OÖ</placeName>
              </usg>
              <usg type="geo">
                <placeName type="bundesland" ref="/geodata-wboe.xml#p6">NÖ</placeName>
              </usg>
              <usg type="geo">
                <placeName type="grossregion" ref="/geodata-wboe.xml#p7.1">NBgl.</placeName>
              </usg>
              <cit type="example">
                <quote xml:lang="bar-AT">a Flōdn; is a no woach, so kaunstn åls Brustflek nēma und in Winta a ōls Huit (Huat)</quote>
                <usg type="geo">
                  <placeName type="gemeinde" ref="/geodata-wboe.xml#p6.4d18">Poysdorf</placeName>
                </usg>
              </cit>
              <ptr type="collection" subtype="bedeutung" target="/collections-wboe.xml#c23156"/>
            </sense>
          </sense>
          <sense>
            <sense>
              <def>Honigscheibe</def>
              <usg type="geo">
                <placeName type="grossregion" ref="/geodata-wboe.xml#p6.1">Mostv.</placeName>
              </usg>
              <ptr type="collection" subtype="bedeutung" target="/collections-wboe.xml#c23152"/>
            </sense>
            <sense>
              <sense>
                <def>Wabe; Honigwabe; Bienenwabe</def>
                <usg type="geo">
                  <placeName type="bundesland" ref="/geodata-wboe.xml#p1A">STir.</placeName>
                </usg>
                <usg type="geo">
                  <placeName type="grossregion" ref="/geodata-wboe.xml#p1B.0">OTir.</placeName>
                </usg>
                <usg type="geo">
                  <placeName type="bundesland" ref="/geodata-wboe.xml#p1C">NTir.</placeName>
                </usg>
                <usg type="geo">
                  <placeName type="bundesland" ref="/geodata-wboe.xml#p2">Ktn.</placeName>
                </usg>
                <usg type="geo">
                  <placeName type="grossregion" ref="/geodata-wboe.xml#p3.1">sbair.ObStmk.</placeName>
                </usg>
                <usg type="geo">
                  <placeName type="grossregion" ref="/geodata-wboe.xml#p3.5">OStmk.</placeName>
                </usg>
                <usg type="geo">
                  <placeName type="bundesland" ref="/geodata-wboe.xml#p4">Sbg.</placeName>
                </usg>
                <usg type="geo">
                  <placeName type="grossregion" ref="/geodata-wboe.xml#p5.1">Innv.</placeName>
                </usg>
                <usg type="geo">
                  <placeName type="grossregion" ref="/geodata-wboe.xml#p5.3">Traunv.</placeName>
                </usg>
                <usg type="geo">
                  <placeName type="bundesland" ref="/geodata-wboe.xml#p6">NÖ</placeName>
                </usg>
                <usg type="geo">
                  <placeName type="bundesland" ref="/geodata-wboe.xml#p7">Bgl.</placeName>
                </usg>
                <cit type="example">
                  <quote xml:lang="bar-AT">hast dö Imp
                    <cit type="translation">
                      <quote xml:lang="de">Bienen</quote>
                    </cit>an neuchen Fladn eingsötzt?
                  </quote>
                  <ref type="bibl" target="#SalzburgerWb1995">Salzburger Wb. 1995
                    <citedRange>63</citedRange>
                  </ref>
                  <usg type="geo">
                    <placeName type="bundesland" ref="/geodata-wboe.xml#p4">Sbg.</placeName>
                  </usg>
                </cit>
              </sense>
              <sense>
                <xr type="lemma">
                  <lbl>nur</lbl>
                  <ref>Fladen</ref>
                </xr>
                <usg>(Plural)</usg>
                <def>leere Bienenwaben</def>
                <usg type="geo">
                  <placeName type="grossregion" ref="/geodata-wboe.xml#p5.1">Innv.</placeName>
                </usg>
                <ptr type="collection" subtype="bedeutung" target="/collections-wboe.xml#c23154"/>
              </sense>
              <sense>
                <xr type="lemma">
                  <lbl>nur</lbl>
                  <ref>Fladen</ref>
                </xr>
                <usg>(Plural)</usg>
                <def>Drohnenzellen</def>
                <usg type="geo">
                  <placeName type="grossregion" ref="/geodata-wboe.xml#p2.2">MKtn.</placeName>
                </usg>
                <ptr type="collection" subtype="bedeutung" target="/collections-wboe.xml#c23153"/>
              </sense>
            </sense>
            <sense>
              <def>Wachskuchen der Bienen</def>
              <usg type="geo">
                <placeName type="grossregion" ref="/geodata-wboe.xml#p3.3">WStmk.</placeName>
              </usg>
              <ptr type="collection" subtype="bedeutung" target="/collections-wboe.xml#c23157"/>
            </sense>
            <sense>
              <def>Honiginhalt einer Wabe</def>
              <usg type="geo">
                <placeName type="grossregion" ref="/geodata-wboe.xml#p2.2">MKtn.</placeName>
              </usg>
              <ptr type="collection" subtype="bedeutung" target="/collections-wboe.xml#c23155"/>
            </sense>
          </sense>
          <sense>
            <def type="umschreibung">Schimpfwort für ein dummes, leichtsinniges Mädchen</def>
            <usg type="geo">
              <placeName type="grossregion" ref="/geodata-wboe.xml#p6.3">Waldv.</placeName>
            </usg>
            <ptr type="collection" subtype="bedeutung" target="/collections-wboe.xml#c23142"/>
          </sense>
          <sense>
            <def>Holz, v. a. Nussbaumholz, das poliert eine vielfarbige Maserung zeigt und für Möbel und Pfeifenköpfe verwendet wird</def>
            <usg type="geo">
              <placeName type="grossregion" ref="/geodata-wboe.xml#p6.5">Wien</placeName>
            </usg>
            <ptr type="collection" subtype="bedeutung" target="/collections-wboe.xml#c23141"/>
          </sense>
        </sense>
        <re>
          <form subtype="compound" type="lemma">
            <orth>Bienenfladen</orth>
          </form>
          <sense>
            <sense>
              <def>Wabe; Honigwabe</def>
              <usg type="geo">
                <placeName type="grossregion" ref="/geodata-wboe.xml#p1A.4">öSTir.</placeName>
              </usg>
              <usg type="geo">
                <placeName type="grossregion" ref="/geodata-wboe.xml#p1B.0">OTir.</placeName>
              </usg>
              <usg type="geo">
                <placeName type="grossregion" ref="/geodata-wboe.xml#p2.1">ObKtn.</placeName>
              </usg>
              <usg type="geo">
                <placeName type="grossregion" ref="/geodata-wboe.xml#p3.3">WStmk.</placeName>
              </usg>
              <cit type="example">
                <quote xml:lang="bar-AT">Baienflɒdn auflegn</quote>
                <usg type="geo">
                  <placeName type="gemeinde" ref="/geodata-wboe.xml#p2.1h03">Kirchbach</placeName>
                </usg>
              </cit>
              <cit type="example">
                <quote xml:lang="bar-AT">iwər Nåcht Paijənfladndlẹ draufpintn</quote>
                <usg type="geo">
                  <placeName type="gemeinde" ref="/geodata-wboe.xml#p2.1i01">Gitschtal</placeName>
                </usg>
              </cit>
              <ptr type="collection" subtype="bedeutung" target="/collections-wboe.xml#c22862"/>
            </sense>
            <sense>
              <def>Kuhfladen; flache, breitgelaufene, breiige Masse Rinderkot</def>
              <usg type="geo">
                <placeName type="grossregion" ref="/geodata-wboe.xml#p6.1">Mostv.</placeName>
              </usg>
              <ptr type="collection" subtype="bedeutung" target="/collections-wboe.xml#c22904"/>
            </sense>
          </sense>
        </re>
        <re>
          <form subtype="compound" type="lemma">
            <orth>Biestfladen</orth>
          </form>
          <sense>
            <sense>
              <def>Schmarren</def>
              <usg type="geo">
                <placeName type="grossregion" ref="/geodata-wboe.xml#p2.2">MKtn.</placeName>
              </usg>
              <ptr type="collection" subtype="bedeutung" target="/collections-wboe.xml#c22863"/>
            </sense>
          </sense>
        </re>
        <re>
          <form subtype="compound" type="lemma">
            <orth>Brutfladen</orth>
          </form>
          <sense>
            <sense>
              <def>Wabe; Brutwabe</def>
              <usg type="geo">
                <placeName type="grossregion" ref="/geodata-wboe.xml#p1C.3">öNTir.</placeName>
              </usg>
              <usg type="geo">
                <placeName type="grossregion" ref="/geodata-wboe.xml#p2.1">ObKtn.</placeName>
              </usg>
              <usg type="geo">
                <placeName type="grossregion" ref="/geodata-wboe.xml#p3.3">WStmk.</placeName>
              </usg>
              <usg type="geo">
                <placeName type="grossregion" ref="/geodata-wboe.xml#p6.2">Industriev.</placeName>
              </usg>
              <usg type="geo">
                <placeName type="grossregion" ref="/geodata-wboe.xml#p6.4">Weinv.</placeName>
              </usg>
              <usg type="geo">
                <placeName type="grossregion" ref="/geodata-wboe.xml#p7.3">SBgl.</placeName>
              </usg>
              <ptr type="collection" subtype="bedeutung" target="/collections-wboe.xml#c22864"/>
            </sense>
          </sense>
        </re>
        <re>
          <form subtype="compound" type="lemma">
            <orth>Dreckfladen</orth>
          </form>
          <sense>
            <sense>
              <def>Kotfladen; flache, breitgelaufene, breiige Masse Kot von Menschen und Tieren</def>
              <usg type="geo">
                <placeName type="grossregion" ref="/geodata-wboe.xml#p2.2">MKtn.</placeName>
              </usg>
              <ptr type="collection" subtype="bedeutung" target="/collections-wboe.xml#c22851"/>
            </sense>
          </sense>
        </re>
        <re>
          <form subtype="compound" type="lemma">
            <orth>Drohnenfladen</orth>
          </form>
          <sense>
            <sense>
              <def>leere Wabe; Wabe</def>
              <usg type="geo">
                <placeName type="grossregion" ref="/geodata-wboe.xml#p2.1">ObKtn.</placeName>
              </usg>
              <usg type="geo">
                <placeName type="grossregion" ref="/geodata-wboe.xml#p3.3">WStmk.</placeName>
              </usg>
              <ptr type="collection" subtype="bedeutung" target="/collections-wboe.xml#c22850"/>
            </sense>
          </sense>
        </re>
        <re>
          <form subtype="compound" type="lemma">
            <orth>Eierfladen</orth>
          </form>
          <sense>
            <sense>
              <sense>
                <def>zu Ostern gebackener Fladen aus Eierteig; Eierflecken; (eingefärbtes) Osterbrot (für die Weihe)</def>
                <usg type="geo">
                  <placeName type="grossregion" ref="/geodata-wboe.xml#p5.1">Innv.</placeName>
                </usg>
                <usg type="geo">
                  <placeName type="grossregion" ref="/geodata-wboe.xml#p5.2">Hausrv.</placeName>
                </usg>
                <ptr type="collection" subtype="bedeutung" target="/collections-wboe.xml#c22880"/>
              </sense>
              <sense>
                <def>Eierkuchen; flacher Kuchen aus Eierteig</def>
                <usg type="geo">
                  <placeName type="grossregion" ref="/geodata-wboe.xml#p1B.0">OTir.</placeName>
                </usg>
                <usg type="geo">
                  <placeName type="bundesland" ref="/geodata-wboe.xml#p1C">NTir.</placeName>
                </usg>
                <usg type="geo">
                  <placeName type="grossregion" ref="/geodata-wboe.xml#p5.1">Innv.</placeName>
                </usg>
                <ptr type="collection" subtype="bedeutung" target="/collections-wboe.xml#c23033"/>
              </sense>
              <sense>
                <xr type="lemma">
                  <lbl>nur</lbl>
                  <ref>Eierfladerl</ref>
                </xr>
                <usg>(Diminutiv)</usg>
                <def>Pfannkuchen; Omelette</def>
                <usg type="geo">
                  <placeName type="grossregion" ref="/geodata-wboe.xml#p1C.2">mNTir.</placeName>
                </usg>
                <ptr type="collection" subtype="bedeutung" target="/collections-wboe.xml#c23035"/>
              </sense>
              <sense>
                <xr type="lemma">
                  <lbl>nur</lbl>
                  <ref>Eierfladen</ref>
                </xr>
                <usg>(Plural)</usg>
                <def>Fritatten</def>
                <usg type="geo">
                  <placeName type="grossregion" ref="/geodata-wboe.xml#p5.2">Hausrv.</placeName>
                </usg>
                <ptr type="collection" subtype="bedeutung" target="/collections-wboe.xml#c23037"/>
              </sense>
            </sense>
          </sense>
        </re>
        <re>
          <form subtype="compound" type="lemma">
            <orth>Eifladel</orth>
            <gramGrp>
              <usg>(Diminutiv)</usg>
            </gramGrp>
          </form>
          <sense>
            <sense>
              <def>Eieromelette</def>
              <usg type="geo">
                <placeName type="grossregion" ref="/geodata-wboe.xml#p4.3">Pong.</placeName>
              </usg>
              <ptr type="collection" subtype="bedeutung" target="/collections-wboe.xml#c22879"/>
            </sense>
          </sense>
        </re>
        <re>
          <form subtype="compound" type="lemma">
            <orth>Erdäpfelfladen</orth>
          </form>
          <sense>
            <sense>
              <def>Kartoffelpuffer</def>
              <usg type="geo">
                <placeName type="grossregion" ref="/geodata-wboe.xml#p3.5">OStmk.</placeName>
              </usg>
              <ptr type="collection" subtype="bedeutung" target="/collections-wboe.xml#c22877"/>
            </sense>
          </sense>
        </re>
        <re>
          <form subtype="compound" type="lemma">
            <orth>Herbienenfladen</orth>
          </form>
          <sense>
            <sense>
              <def>Wabe</def>
              <usg type="geo">
                <placeName type="grossregion" ref="/geodata-wboe.xml#p1C.3">öNTir.</placeName>
              </usg>
              <ptr type="collection" subtype="bedeutung" target="/collections-wboe.xml#c22853"/>
            </sense>
          </sense>
        </re>
        <re>
          <form subtype="compound" type="lemma">
            <orth>Honigfladen</orth>
          </form>
          <sense>
            <sense>
              <def>mit Honig gefüllte Wabe</def>
              <usg type="geo">
                <placeName type="grossregion" ref="/geodata-wboe.xml#p1C.3">öNTir.</placeName>
              </usg>
              <usg type="geo">
                <placeName type="grossregion" ref="/geodata-wboe.xml#p2.1">ObKtn.</placeName>
              </usg>
              <usg type="geo">
                <placeName type="grossregion" ref="/geodata-wboe.xml#p2.2">MKtn.</placeName>
              </usg>
              <usg type="geo">
                <placeName type="grossregion" ref="/geodata-wboe.xml#p3.3">WStmk.</placeName>
              </usg>
              <usg type="geo">
                <placeName type="grossregion" ref="/geodata-wboe.xml#p6.2">Industriev.</placeName>
              </usg>
              <usg type="geo">
                <placeName type="grossregion" ref="/geodata-wboe.xml#p6.4">Weinv.</placeName>
              </usg>
              <usg type="geo">
                <placeName type="grossregion" ref="/geodata-wboe.xml#p7.3">SBgl.</placeName>
              </usg>
              <ptr type="collection" subtype="bedeutung" target="/collections-wboe.xml#c22854"/>
            </sense>
            <sense>
              <sense>
                <def>Wabenhonig</def>
                <usg type="geo">
                  <placeName type="grossregion" ref="/geodata-wboe.xml#p2.2">MKtn.</placeName>
                </usg>
                <ptr type="collection" subtype="bedeutung" target="/collections-wboe.xml#c22902"/>
              </sense>
              <sense>
                <def>eine Lache geschleuderten Honigs</def>
                <usg type="geo">
                  <placeName type="grossregion" ref="/geodata-wboe.xml#p2.2">MKtn.</placeName>
                </usg>
                <ptr type="collection" subtype="bedeutung" target="/collections-wboe.xml#c22903"/>
              </sense>
            </sense>
          </sense>
        </re>
        <re>
          <form subtype="compound" type="lemma">
            <orth>Kälberfladen</orth>
          </form>
          <sense>
            <sense>
              <def>flache, breitgelaufene, breiige Masse Kälberkot (kleiner als ein Kuhfladen)</def>
              <usg type="geo">
                <placeName type="grossregion" ref="/geodata-wboe.xml#p2.2">MKtn.</placeName>
              </usg>
              <ptr type="collection" subtype="bedeutung" target="/collections-wboe.xml#c22855"/>
            </sense>
          </sense>
        </re>
        <re>
          <form subtype="compound" type="lemma">
            <orth>Kotfladen</orth>
          </form>
          <sense>
            <sense>
              <def>Kuhfladen; flache, breitgelaufene, breiige Masse Rinderkot</def>
              <usg type="geo">
                <placeName type="grossregion" ref="/geodata-wboe.xml#p4.3">Pong.</placeName>
              </usg>
              <ptr type="collection" subtype="bedeutung" target="/collections-wboe.xml#c22856"/>
            </sense>
          </sense>
        </re>
        <re>
          <form subtype="compound" type="lemma">
            <orth>Kräuterfladen</orth>
          </form>
          <sense>
            <sense>
              <def type="umschreibung">traditionelles Gericht am Gründonnerstag mit geweihten Kräutern</def>
              <usg type="geo">
                <placeName type="grossregion" ref="/geodata-wboe.xml#p4.3">Pong.</placeName>
              </usg>
              <ptr type="collection" subtype="bedeutung" target="/collections-wboe.xml#c22858"/>
            </sense>
          </sense>
        </re>
        <re>
          <form subtype="compound" type="lemma">
            <orth>Kuhfladen</orth>
          </form>
          <form subtype="compound" type="lemma">
            <orth>Küh(e)fladen</orth>
          </form>
          <sense>
            <sense>
              <def>flache, breitgelaufene, breiige Masse Rinderkot</def>
              <usg type="geo">
                <placeName type="bundesland" ref="/geodata-wboe.xml#p1A">STir.</placeName>
              </usg>
              <usg type="geo">
                <placeName type="bundesland" ref="/geodata-wboe.xml#p1C">NTir.</placeName>
              </usg>
              <usg type="geo">
                <placeName type="bundesland" ref="/geodata-wboe.xml#p2">Ktn.</placeName>
              </usg>
              <usg type="geo">
                <placeName type="grossregion" ref="/geodata-wboe.xml#p3.1">sbair.ObStmk.</placeName>
              </usg>
              <usg type="geo">
                <placeName type="grossregion" ref="/geodata-wboe.xml#p3.2">mbair.ObStmk.</placeName>
              </usg>
              <usg type="geo">
                <placeName type="grossregion" ref="/geodata-wboe.xml#p3.4">MStmk.</placeName>
              </usg>
              <usg type="geo">
                <placeName type="grossregion" ref="/geodata-wboe.xml#p3.5">OStmk.</placeName>
              </usg>
              <usg type="geo">
                <placeName type="grossregion" ref="/geodata-wboe.xml#p4.1">Lung.</placeName>
              </usg>
              <usg type="geo">
                <placeName type="grossregion" ref="/geodata-wboe.xml#p4.2">Pinzg.</placeName>
              </usg>
              <usg type="geo">
                <placeName type="grossregion" ref="/geodata-wboe.xml#p4.3">Pong.</placeName>
              </usg>
              <usg type="geo">
                <placeName type="grossregion" ref="/geodata-wboe.xml#p4.5">Flachg.</placeName>
              </usg>
              <usg type="geo">
                <placeName type="grossregion" ref="/geodata-wboe.xml#p5.2">Hausrv.</placeName>
              </usg>
              <usg type="geo">
                <placeName type="grossregion" ref="/geodata-wboe.xml#p5.3">Traunv.</placeName>
              </usg>
              <usg type="geo">
                <placeName type="grossregion" ref="/geodata-wboe.xml#p5.4">Mühlv.</placeName>
              </usg>
              <usg type="geo">
                <placeName type="bundesland" ref="/geodata-wboe.xml#p6">NÖ</placeName>
              </usg>
              <usg type="geo">
                <placeName type="grossregion" ref="/geodata-wboe.xml#p6.5">Wien</placeName>
              </usg>
              <usg type="geo">
                <placeName type="grossregion" ref="/geodata-wboe.xml#p7.2">MBgl.</placeName>
              </usg>
              <usg type="geo">
                <placeName type="grossregion" ref="/geodata-wboe.xml#p7.3">SBgl.</placeName>
              </usg>
              <cit type="example">
                <quote xml:lang="bar-AT">an wǫrmən kχuaflǭdn aulȫgŋ</quote>
                <usg type="geo">
                  <placeName type="gemeinde" ref="/geodata-wboe.xml#p1C.2a29">Weer</placeName>
                </usg>
              </cit>
              <cit type="example">
                <quote xml:lang="bar-AT">Da liegen die Kuahfladn umarand</quote>
                <usg type="geo">
                  <placeName type="gemeinde" ref="/geodata-wboe.xml#p4.5d05">St. Gilgen</placeName>
                </usg>
              </cit>
              <cit type="example">
                <quote xml:lang="bar-AT">A worma guada Kuafloadn is za iader Jorszait guat, / in Suma als a Brustflök, in Winta als a Huat</quote>
                <usg type="geo">
                  <placeName type="gemeinde" ref="/geodata-wboe.xml#p5.3o04">Losenstein</placeName>
                </usg>
              </cit>
              <ptr type="collection" subtype="bedeutung" target="/collections-wboe.xml#c22860"/>
            </sense>
            <sense>
              <xr type="lemma">
                <lbl>nur</lbl>
                <ref>Kuhfladen</ref>
              </xr>
              <def type="umschreibung">Bezeichnung für eine Gebäckform</def>
              <usg type="geo">
                <placeName type="grossregion" ref="/geodata-wboe.xml#p6.5">Wien</placeName>
              </usg>
              <ptr type="collection" subtype="bedeutung" target="/collections-wboe.xml#c22905"/>
            </sense>
          </sense>
        </re>
        <re>
          <form subtype="compound" type="lemma">
            <orth>Mistfladen</orth>
          </form>
          <sense>
            <sense>
              <def>Kuhfladen</def>
              <usg type="geo">
                <placeName type="grossregion" ref="/geodata-wboe.xml#p2.4">UKtn.</placeName>
              </usg>
              <usg type="geo">
                <placeName type="grossregion" ref="/geodata-wboe.xml#p2.2">MKtn.</placeName>
              </usg>
              <ptr type="collection" subtype="bedeutung" target="/collections-wboe.xml#c22861"/>
            </sense>
          </sense>
        </re>
        <re>
          <form subtype="compound" type="lemma">
            <orth>Osterfladen</orth>
          </form>
          <sense>
            <sense>
              <def>Osterflecken; Osterbrot; Gebäck bzw. Mehlspeise zu Ostern</def>
              <usg type="geo">
                <placeName type="bundesland" ref="/geodata-wboe.xml#p3">Stmk.</placeName>
              </usg>
              <usg type="geo">
                <placeName type="grossregion" ref="/geodata-wboe.xml#p4.5">Flachg.</placeName>
              </usg>
              <usg type="geo">
                <placeName type="grossregion" ref="/geodata-wboe.xml#p5.1">Innv.</placeName>
              </usg>
              <usg type="geo">
                <placeName type="grossregion" ref="/geodata-wboe.xml#p5.2">Hausrv.</placeName>
              </usg>
              <usg type="geo">
                <placeName type="grossregion" ref="/geodata-wboe.xml#p5.4">Mühlv.</placeName>
              </usg>
              <usg type="geo">
                <placeName type="grossregion" ref="/geodata-wboe.xml#p6.1">Mostv.</placeName>
              </usg>
              <usg type="geo">
                <placeName type="grossregion" ref="/geodata-wboe.xml#p6.2">Industriev.</placeName>
              </usg>
              <usg type="geo">
                <placeName type="grossregion" ref="/geodata-wboe.xml#p6.3">Waldv.</placeName>
              </usg>
              <ptr type="collection" subtype="bedeutung" target="/collections-wboe.xml#c22878"/>
            </sense>
            <sense>
              <def>Langschläfer am Ostersonntag; Person, die am Ostersonntag als letzte aufsteht</def>
              <usg type="geo">
                <placeName type="grossregion" ref="/geodata-wboe.xml#p1C.1">wNTir.</placeName>
              </usg>
              <usg type="geo">
                <placeName type="grossregion" ref="/geodata-wboe.xml#p4.2">Pinzg.</placeName>
              </usg>
              <usg type="geo">
                <placeName type="grossregion" ref="/geodata-wboe.xml#p4.3">Pong.</placeName>
              </usg>
              <ptr type="collection" subtype="bedeutung" target="/collections-wboe.xml#c23040"/>
            </sense>
          </sense>
        </re>
        <re>
          <form subtype="compound" type="lemma">
            <orth>Spinnenfladen</orth>
          </form>
          <sense>
            <sense>
              <def>Spinnwebe</def>
              <usg type="geo">
                <placeName type="grossregion" ref="/geodata-wboe.xml#p5.4">Mühlv.</placeName>
              </usg>
              <ptr type="collection" subtype="bedeutung" target="/collections-wboe.xml#c22865"/>
            </sense>
          </sense>
        </re>
        <re>
          <form subtype="compound" type="lemma">
            <orth>Treberfladen</orth>
          </form>
          <sense>
            <sense>
              <def>ausgepresster Rückstand bei der Mostbereitung</def>
              <usg type="geo">
                <placeName type="grossregion" ref="/geodata-wboe.xml#p4.2">Pinzg.</placeName>
              </usg>
              <ptr type="collection" subtype="bedeutung" target="/collections-wboe.xml#c22867"/>
            </sense>
          </sense>
        </re>
        <re>
          <form subtype="compound" type="lemma">
            <orth>Wachsfladen</orth>
            <gramGrp>
              <usg>(Plural)</usg>
            </gramGrp>
          </form>
          <sense>
            <sense>
              <def>Waben</def>
              <usg type="geo">
                <placeName type="grossregion" ref="/geodata-wboe.xml#p3.3">WStmk.</placeName>
              </usg>
              <ptr type="collection" subtype="bedeutung" target="/collections-wboe.xml#c22868"/>
            </sense>
          </sense>
        </re>
        <re>
          <form subtype="compound" type="lemma">
            <orth>Wollfladen</orth>
          </form>
          <sense>
            <sense>
              <def type="umschreibung">Fachausdruck beim Wollkrämpeln</def>
              <usg type="geo">
                <placeName type="grossregion" ref="/geodata-wboe.xml#p5.3">Traunv.</placeName>
              </usg>
              <ptr type="collection" subtype="bedeutung" target="/collections-wboe.xml#c22888"/>
            </sense>
            <sense>
              <xr type="lemma">
                <lbl>nur</lbl>
                <ref>Wollfladeln</ref>
              </xr>
              <usg>(Diminutiv, Plural)</usg>
              <def>dünne, flache Wollblätter auf dem Wollkamm</def>
              <usg type="geo">
                <placeName type="grossregion" ref="/geodata-wboe.xml#p6.3">Waldv.</placeName>
              </usg>
              <ptr type="collection" subtype="bedeutung" target="/collections-wboe.xml#c22870"/>
            </sense>
          </sense>
        </re>
        <re>
          <form subtype="compound" type="lemma">
            <orth>Wollefladen</orth>
          </form>
          <sense>
            <sense>
              <def>Spinnwolle</def>
              <usg type="geo">
                <placeName type="grossregion" ref="/geodata-wboe.xml#p1C.1">wNTir.</placeName>
              </usg>
              <ptr type="collection" subtype="bedeutung" target="/collections-wboe.xml#c22871"/>
            </sense>
          </sense>
        </re>
        <re type="redewendung">
          <xr type="lemma">
            <ref>Hennenfladen, Hühnerfladen</ref>
          </xr>
          <form subtype="MWE" type="lemma">
            <orth>auf die Lippen auswendig Hennenfladen, einwendig Hühnerfladen aufzulegen</orth>
          </form>
          <sense>
            <def type="umschreibung">neckender Rat für Jungen, die sich nach einem Schnurrbart sehnen</def>
            <usg type="geo">
              <placeName type="grossregion" ref="/geodata-wboe.xml#p2.2">MKtn.</placeName>
            </usg>
            <cit type="example">
              <quote xml:lang="bar-AT">af dö Lipm auswendig Henₑflådn, einwendₑ Heᵃn'rflådn aufz'lögn</quote>
              <usg type="geo">
                <placeName type="kleinregion" ref="/geodata-wboe.xml#p2.2d">obstGurkt.</placeName>
              </usg>
            </cit>
            <ptr type="collection" subtype="bedeutung" target="/collections-wboe.xml#c22885"/>
          </sense>
        </re>
      </entry>
    </body>
  </text>
</TEI>