<?xml version="1.0" encoding="UTF-8"?>
    <?xml-model href="http://www.tei-c.org/release/xml/tei/custom/schema/relaxng/tei_all.rng" type="application/xml" schematypens="http://purl.oclc.org/dsdl/schematron"?>
    <?xml-model href="../../803_RNG-schematron/WBOE-ODD.rnc" type="application/relax-ng-compact-syntax"?>
<?redaktionstool version="0.7.2" ?>
<?parser type="lioe" version="0.7.0" ?>
<TEI xmlns="http://www.tei-c.org/ns/1.0">
  <teiHeader>
    <fileDesc>
      <titleStmt>
        <title>Flamme¹</title>
        <respStmt>
          <resp>Editor</resp>
          <name ref="#AB">Angela Bergermayer</name>
        </respStmt>
        <respStmt>
          <resp>Encoding Scheme</resp>
          <name>Jack Bowers</name>
          <name>Daniel Schopper</name>
          <name>Omar Siam</name>
        </respStmt>
        <respStmt>
          <resp>DBOE Team</resp>
          <name xml:id="AL">Alexandra N. Lenz</name>
          <name xml:id="PhS">Philipp Stöckle</name>
          <name xml:id="AG">Andreas Gellan</name>
          <name xml:id="PZ">Patrick Zeitlhuber</name>
          <name xml:id="SW">Sabine Wahl</name>
          <name xml:id="SS">Sonja Schwaiger</name>
          <name xml:id="AB">Angela Bergermayer</name>
          <name xml:id="EW">Eva Wahlmüller</name>
          <name xml:id="DG">David Gschösser</name>
          <name xml:id="StS">Stefanie Schöberl</name>
          <name xml:id="FF">Fabian Fleißner</name>
        </respStmt>
        <respStmt>
          <resp>Student assistants</resp>
          <name>Susanna Muhr</name>
          <name>Manuela Stütz</name>
          <name>Christina Hemetsberger</name>
        </respStmt>
      </titleStmt>
      <publicationStmt>
        <p></p>
      </publicationStmt>
      <sourceDesc>
        <list>
          <item>
            <label>Geo-data</label>
            <ptr xml:id="geo-inventory-WBOE" target="../geodata-wboe.xml"/>
          </item>
          <item>
            <label>Bibliography</label>
            <ptr xml:id="bibliography-WBOE" target="../bibl-wboe.xml"/>
          </item>
          <item>
            <label>WBOE-Slips</label>
            <ptr xml:id="slips-WBOE" target="../slips-wboe.xml"/>
          </item>
          <item>
            <label>WBOE-Collections</label>
            <ptr xml:id="collections-WBOE" target="../collections-wboe.xml"/>
          </item>
        </list>
      </sourceDesc>
    </fileDesc>
    <revisionDesc>
      <listChange>
        <change status="in progress" when="2020-07-30" who="#AB">Datensatz erstellt</change>
        <change status="internal correction" when="2020-08-06" who="#AB">Endfassung f. int. Korr.</change>
        <change status="internal correction" when="2020-08-25" who="#AG">XML der Version vom 6.8. eingefügt, Fehlermeldung behoben</change>
        <change status="external correction" when="2020-08-25" who="#AB">erledigt int. Korr.</change>
        <change status="external correction" when="2020-09-04" who="#AB">LK eingegeben</change>
        <change status="external correction" when="2020-09-17" who="#AB">Versionsupdate; Dim. angepasst; Lautung gelöscht; Redewendung zusammengezogen</change>
        <change status="finished" when="2020-10-17" who="#AB">Coll.; Abschlussredaktion</change>
      </listChange>
    </revisionDesc>
  </teiHeader>
  <text>
    <body>
      <entry>
        <form type="lemma" xml:id="Flamme_">
          <orth>Flamme¹</orth>
        </form>
        <form type="lemma" xml:id="Flamm_">
          <orth>Flamm¹</orth>
          <ptr type="collection" subtype="lemma" target="/collections-wboe.xml#c8953"/>
        </form>
        <gramGrp>
          <gram type="pos">Substantiv</gram>
          <gram type="gender">Femininum</gram>
          <gram type="gender">Maskulinum</gram>
        </gramGrp>
        <form type="variant" subtype="diminutive" xml:id="Flaemmel">
          <orth>Flämmel</orth>
          <gramGrp>
            <gram type="gender">Neutrum</gram>
          </gramGrp>
        </form>
        <form type="variant" subtype="diminutive" xml:id="Flaemmerl">
          <orth>Flämmerl</orth>
          <orth>Flammerl</orth>
          <gramGrp>
            <gram type="gender">Neutrum</gram>
          </gramGrp>
        </form>
        <form type="variant" subtype="diminutive" xml:id="Flaemmi">
          <orth>Flämmi</orth>
          <gramGrp>
            <gram type="gender">Neutrum</gram>
          </gramGrp>
        </form>
        <usg type="geo">
          <placeName type="bundesland" ref="/geodata-wboe.xml#p1A">STir.</placeName>
        </usg>
        <usg type="geo">
          <placeName type="bundesland" ref="/geodata-wboe.xml#p1B">OTir.</placeName>
        </usg>
        <usg type="geo">
          <placeName type="bundesland" ref="/geodata-wboe.xml#p1C">NTir.</placeName>
        </usg>
        <usg type="geo">
          <placeName type="bundesland" ref="/geodata-wboe.xml#p2">Ktn.</placeName>
        </usg>
        <usg type="geo">
          <placeName type="bundesland" ref="/geodata-wboe.xml#p3">Stmk.</placeName>
        </usg>
        <usg type="geo">
          <placeName type="grossregion" ref="/geodata-wboe.xml#p4.1">Lung.</placeName>
        </usg>
        <usg type="geo">
          <placeName type="grossregion" ref="/geodata-wboe.xml#p4.2">Pinzg.</placeName>
        </usg>
        <usg type="geo">
          <placeName type="bundesland" ref="/geodata-wboe.xml#p5">OÖ</placeName>
        </usg>
        <usg type="geo">
          <placeName type="bundesland" ref="/geodata-wboe.xml#p6">NÖ</placeName>
        </usg>
        <usg type="geo">
          <placeName type="grossregion" ref="/geodata-wboe.xml#p6.5">Wien</placeName>
        </usg>
        <usg type="geo">
          <placeName type="grossregion" ref="/geodata-wboe.xml#p7.1">NBgl.</placeName>
        </usg>
        <usg type="geo">
          <placeName type="grossregion" ref="/geodata-wboe.xml#p7.2">MBgl.</placeName>
        </usg>
        <note type="kommentar" resp="#FF">Im gesamten Untersuchungsgebiet liegen verdumpfte
          <c>a</c>-Monophthonge mit unterschiedlicher Qualität vor, im Ostmittelbairischen oft stark nasaliert
          <xr>
            <ref>ƒlǫm</ref>
            <ref>flǫ̃mɒ</ref>
          </xr>. Diese bilden auch die Basis für
          <c>ou</c>-Diphthonge, wie sie im Ostmittelbairischen vorkommen
          <xr>
            <ref>flǫ̃umɒ</ref>
          </xr>. Formen mit hellen, nicht verdumpften
          <c>a</c>-Monophthongen sind in der Regel Diminutivformen, bei denen der Umlaut beseitigt wurde
          <xr>
            <ref>ƒlamɒl</ref>
          </xr>. Im Südbairischen Kärntens sind vereinzelt labiale plosivische Konsonanteneinschübe nach Nasal belegt
          <xr>
            <ref>ƒlambl̥</ref>
          </xr>. Möglicherweise handelt es sich dabei um eine analogische bzw. hyperkorrekte Angleichung an andere Lexeme mit der historischen inlautenden Verbindung ahd.
          <c>-mp-</c>, etwa
          <c>Lamperl</c>. Im Mittelbairischen des nördlichen Mühlviertels tritt vereinzelt Velarisierung ein
          <xr>
            <ref>flǫ̃ŋɒ</ref>
          </xr>. Abgesehen von häufigen liquidhaltigen Diminutivformen, die regional nicht geordnet werden können und entweder synkopiert oder mit Vokalerhalt belegt sind
          <xr>
            <ref>ƒlaml̥</ref>
            <ref>ƒlamɒl</ref>
          </xr>, liegen auch in der Grundform unterschiedliche Endungsformen vor. Einfache
          <c>e</c>-Endungen lassen sich noch im westlichen Südbairischen finden
          <xr>
            <ref>ƒlǫmə</ref>
          </xr>, apokopierte Endungen kommen im gesamten Untersuchungsgebiet vor
          <xr>
            <ref>ƒlǫm</ref>
          </xr>. Vokalische Endungen, die besonders im Mittelbairischen häufig vorliegen
          <xr>
            <ref>flǫ̃mɒ</ref>
          </xr>, sind als ehemalige erweiterte feminine Nasalendungen anzusehen, mitunter ist der Nasal noch erhalten
          <xr>
            <ref>flǫ̃mɒn</ref>
          </xr>.
        </note>
        <form type="dialect">
          <pron xml:lang="bar-AT">flåmm</pron>
          <usg type="geo">
            <placeName type="kleinregion" ref="/geodata-wboe.xml#p1A.1h">Umg.Meran</placeName>
          </usg>
        </form>
        <form type="dialect">
          <pron xml:lang="bar-AT">flǫ̃mme</pron>
          <usg type="geo">
            <placeName type="gemeinde" ref="/geodata-wboe.xml#p1A.4a01">Ahrntal</placeName>
          </usg>
        </form>
        <form type="dialect">
          <pron xml:lang="bar-AT">flåmme</pron>
          <pron xml:lang="bar-AT">flamml</pron>
          <usg>[Dim.]</usg>
          <usg type="geo">
            <placeName type="gemeinde" ref="/geodata-wboe.xml#p1A.4b01">Prettau</placeName>
          </usg>
        </form>
        <form type="dialect">
          <pron xml:lang="bar-AT">flǫmmẹ</pron>
          <pron xml:lang="bar-AT">flambl</pron>
          <usg>[Dim.]</usg>
          <usg type="geo">
            <placeName type="gemeinde" ref="/geodata-wboe.xml#p1A.4c01">Lüsen</placeName>
          </usg>
        </form>
        <form type="dialect">
          <pron xml:lang="bar-AT">flǫmmə</pron>
          <usg type="geo">
            <placeName type="gemeinde" ref="/geodata-wboe.xml#p1C.1n01">Imst</placeName>
          </usg>
        </form>
        <form type="dialect">
          <pron xml:lang="bar-AT">flàmma</pron>
          <usg type="geo">
            <placeName type="gemeinde" ref="/geodata-wboe.xml#p1C.1n09">Zams</placeName>
          </usg>
        </form>
        <form type="dialect">
          <pron xml:lang="bar-AT">floᵘmm</pron>
          <usg type="geo">
            <placeName type="gemeinde" ref="/geodata-wboe.xml#p1C.2a19">Schwaz</placeName>
          </usg>
        </form>
        <form type="dialect">
          <pron xml:lang="bar-AT">flǫm</pron>
          <pron xml:lang="bar-AT">flambl</pron>
          <usg>[Dim.]</usg>
          <usg type="geo">
            <placeName type="gemeinde" ref="/geodata-wboe.xml#p1C.2a29">Weer</placeName>
          </usg>
        </form>
        <form type="dialect">
          <pron xml:lang="bar-AT">flǫmm</pron>
          <pron xml:lang="bar-AT">flǫm</pron>
          <usg type="geo">
            <placeName type="gemeinde" ref="/geodata-wboe.xml#p1C.3b03">Thiersee</placeName>
          </usg>
        </form>
        <form type="dialect">
          <pron xml:lang="bar-AT">flomm'</pron>
          <usg type="geo">
            <placeName type="gemeinde" ref="/geodata-wboe.xml#p1C.3e06">Kufstein</placeName>
          </usg>
        </form>
        <form type="dialect">
          <pron xml:lang="bar-AT">flàmbe</pron>
          <usg type="geo">
            <placeName type="bundesland" ref="/geodata-wboe.xml#p2">Ktn.</placeName>
          </usg>
        </form>
        <form type="dialect">
          <pron xml:lang="bar-AT">flåmm</pron>
          <pron xml:lang="bar-AT">flamle</pron>
          <usg>[Dim.]</usg>
          <usg type="geo">
            <placeName type="gemeinde" ref="/geodata-wboe.xml#p2.1b04">Rangersdorf</placeName>
          </usg>
        </form>
        <form type="dialect">
          <pron xml:lang="bar-AT">flåmən</pron>
          <pron xml:lang="bar-AT">flaml</pron>
          <usg>[Dim.]</usg>
          <usg type="geo">
            <placeName type="gemeinde" ref="/geodata-wboe.xml#p2.2c03">Trebesing</placeName>
          </usg>
        </form>
        <form type="dialect">
          <pron xml:lang="bar-AT">flǫm</pron>
          <usg type="geo">
            <placeName type="kleinregion" ref="/geodata-wboe.xml#p2.3g">Glant.</placeName>
          </usg>
        </form>
        <form type="dialect">
          <pron xml:lang="bar-AT">flåmman</pron>
          <pron xml:lang="bar-AT">flammal</pron>
          <usg>[Dim.]</usg>
          <usg type="geo">
            <placeName type="gemeinde" ref="/geodata-wboe.xml#p3.1a05">Stadl-Predlitz</placeName>
          </usg>
        </form>
        <form type="dialect">
          <pron xml:lang="bar-AT">flá̆măn</pron>
          <pron xml:lang="bar-AT">flaməʳl</pron>
          <usg>[Dim.]</usg>
          <usg type="geo">
            <placeName type="gemeinde" ref="/geodata-wboe.xml#p3.1d03">Lobmingtal</placeName>
          </usg>
        </form>
        <form type="dialect">
          <pron xml:lang="bar-AT">flåm̄en</pron>
          <pron xml:lang="bar-AT">flam̄en</pron>
          <usg type="geo">
            <placeName type="gemeinde" ref="/geodata-wboe.xml#p3.3c08">Stainz</placeName>
          </usg>
        </form>
        <form type="dialect">
          <pron xml:lang="bar-AT">flǫ̃m</pron>
          <usg type="geo">
            <placeName type="grossregion" ref="/geodata-wboe.xml#p4.1">Lung.</placeName>
          </usg>
        </form>
        <form type="dialect">
          <pron xml:lang="bar-AT">flåm</pron>
          <pron xml:lang="bar-AT">flamei</pron>
          <usg>[Dim.]</usg>
          <usg type="geo">
            <placeName type="gemeinde" ref="/geodata-wboe.xml#p4.2c01">Fusch an der Großglocknerstraße</placeName>
          </usg>
        </form>
        <form type="dialect">
          <pron xml:lang="bar-AT">fląm</pron>
          <pron xml:lang="bar-AT">flamɒl</pron>
          <usg>[Dim.]</usg>
          <usg type="geo">
            <placeName type="gemeinde" ref="/geodata-wboe.xml#p5.1c07">Mühlheim am Inn</placeName>
          </usg>
        </form>
        <form type="dialect">
          <pron xml:lang="bar-AT">flåmm</pron>
          <usg type="geo">
            <placeName type="gemeinde" ref="/geodata-wboe.xml#p5.2e01">Linz</placeName>
          </usg>
        </form>
        <form type="dialect">
          <pron xml:lang="bar-AT">fląm̄</pron>
          <pron xml:lang="bar-AT">flam̃əʳl</pron>
          <usg>[Dim.]</usg>
          <usg type="geo">
            <placeName type="gemeinde" ref="/geodata-wboe.xml#p5.3b02">Gmunden</placeName>
          </usg>
        </form>
        <form type="dialect">
          <pron xml:lang="bar-AT">‑φlõ̩mɒ̃n</pron>
          <usg>[Pl.]</usg>
          <usg type="geo">
            <placeName type="gemeinde" ref="/geodata-wboe.xml#p5.3b03">Gschwandt</placeName>
          </usg>
        </form>
        <form type="dialect">
          <pron xml:lang="bar-AT">flõ̩mɒ</pron>
          <pron xml:lang="bar-AT">flõ̩ŋŋɒ</pron>
          <usg type="geo">
            <placeName type="gemeinde" ref="/geodata-wboe.xml#p5.4b13">Ulrichsberg</placeName>
          </usg>
        </form>
        <form type="dialect">
          <pron xml:lang="bar-AT">flaum</pron>
          <usg type="geo">
            <placeName type="gemeinde" ref="/geodata-wboe.xml#p5.4h02">Dimbach</placeName>
          </usg>
        </form>
        <form type="dialect">
          <pron xml:lang="bar-AT">flåmm</pron>
          <usg type="geo">
            <placeName type="gemeinde" ref="/geodata-wboe.xml#p5.4h06">Pabneukirchen</placeName>
          </usg>
        </form>
        <form type="dialect">
          <pron xml:lang="bar-AT">flǫ̃mɒ̃</pron>
          <usg type="geo">
            <placeName type="gemeinde" ref="/geodata-wboe.xml#p6.1d01">Allhartsberg</placeName>
          </usg>
        </form>
        <form type="dialect">
          <pron xml:lang="bar-AT">pflǫ̃̌mɒ̃</pron>
          <usg>[Pl.]</usg>
          <usg type="geo">
            <placeName type="gemeinde" ref="/geodata-wboe.xml#p6.1i07">Ybbsitz</placeName>
          </usg>
        </form>
        <form type="dialect">
          <pron xml:lang="bar-AT">flå̃ma</pron>
          <pron xml:lang="bar-AT">flåma</pron>
          <pron xml:lang="bar-AT">flãmal</pron>
          <usg>[Dim.]</usg>
          <usg type="geo">
            <placeName type="gemeinde" ref="/geodata-wboe.xml#p6.1n02">Dunkelsteinerwald</placeName>
          </usg>
        </form>
        <form type="dialect">
          <pron xml:lang="bar-AT">flåmmă</pron>
          <pron xml:lang="bar-AT">flammaʳl</pron>
          <usg>[Dim.]</usg>
          <usg type="geo">
            <placeName type="gemeinde" ref="/geodata-wboe.xml#p6.2j15">Pottendorf</placeName>
          </usg>
        </form>
        <form type="dialect">
          <pron xml:lang="bar-AT">flaoumme</pron>
          <pron xml:lang="bar-AT">dbflaouma</pron>
          <usg>[mit best. Art.]</usg>
          <usg type="geo">
            <placeName type="gemeinde" ref="/geodata-wboe.xml#p6.3a15">Kautzen</placeName>
          </usg>
        </form>
        <form type="dialect">
          <pron xml:lang="bar-AT">flammaln</pron>
          <usg>[Dim., Pl.]</usg>
          <usg type="geo">
            <placeName type="gemeinde" ref="/geodata-wboe.xml#p6.3a15">Kautzen</placeName>
          </usg>
        </form>
        <form type="dialect">
          <pron xml:lang="bar-AT">flauman</pron>
          <pron xml:lang="bar-AT">flamml</pron>
          <usg>[Dim.]</usg>
          <usg type="geo">
            <placeName type="gemeinde" ref="/geodata-wboe.xml#p6.4d18">Poysdorf</placeName>
          </usg>
        </form>
        <form type="dialect">
          <pron xml:lang="bar-AT">flomman</pron>
          <pron xml:lang="bar-AT">flammaʳl</pron>
          <usg>[Dim.]</usg>
          <usg type="geo">
            <placeName type="kleinregion" ref="/geodata-wboe.xml#p6.4n">swMarchfd.</placeName>
          </usg>
        </form>
        <form type="dialect">
          <pron xml:lang="bar-AT">flåmma</pron>
          <pron xml:lang="bar-AT">flǫmɒ</pron>
          <pron xml:lang="bar-AT">flamɒɫ</pron>
          <usg>[Dim.]</usg>
          <usg type="geo">
            <placeName type="grossregion" ref="/geodata-wboe.xml#p6.5">Wien</placeName>
          </usg>
        </form>
        <form type="dialect">
          <pron xml:lang="bar-AT">flåmė</pron>
          <usg type="geo">
            <placeName type="gemeinde" ref="/geodata-wboe.xml#p6.5r01">Gersthof</placeName>
          </usg>
        </form>
        <form type="dialect">
          <pron xml:lang="bar-AT">φlɒ̃ų̃mɒ</pron>
          <usg type="geo">
            <placeName type="grossregion" ref="/geodata-wboe.xml#p7.1">NBgl.</placeName>
          </usg>
        </form>
        <form type="dialect">
          <pron xml:lang="bar-AT">fḷɛ̨ǫm̄ɒ</pron>
          <usg type="geo">
            <placeName type="kleinregion" ref="/geodata-wboe.xml#p7.1b">nSeew.</placeName>
          </usg>
        </form>
        <form type="dialect">
          <pron xml:lang="bar-AT">flåmmɒ</pron>
          <pron xml:lang="bar-AT">flåmmɒl</pron>
          <usg>[Dim.]</usg>
          <usg type="geo">
            <placeName type="gemeinde" ref="/geodata-wboe.xml#p7.2b08">Pilgersdorf</placeName>
          </usg>
          <ptr type="collection" subtype="lautung" target="/collections-wboe.xml#c10684"/>
        </form>
        <etym>
          <seg type="desc">
            <lang>ahd.</lang>
          </seg>
          <cit type="etymon">
            <form>
              <orth>flamma</orth>
            </form>
          </cit>
          <seg type="desc">,</seg>
          <cit type="etymon">
            <lang>mhd.</lang>
            <form>
              <orth>vlamme</orth>
            </form>
          </cit>
          <seg type="desc">(auch</seg>
          <cit type="etymon">
            <form>
              <orth>vlam</orth>
            </form>
          </cit>
          <seg type="desc">, Maskulinum)</seg>
          <ref type="bibl" target="#Lexer1878III">
            <lbl>vgl.</lbl>Lexer 1878 III
            <citedRange>386</citedRange>
          </ref>
          <seg type="desc">, seit dem
            <date>9. Jh.</date>
          </seg>
          <seg type="desc">belegt; an verschiedenen Orten und zu verschiedenen Zeiten entlehnt aus
            <lang>lat.</lang>
          </seg>
          <cit type="etymon">
            <form>
              <orth>flamma</orth>
            </form>
          </cit>
          <seg type="desc">(aus</seg>
          <cit type="etymon">
            <form>
              <orth>*flagma</orth>
            </form>
          </cit>
          <seg type="desc">), das zu
            <lang>lat.</lang>
          </seg>
          <cit type="etymon">
            <form>
              <orth>flagrāre</orth>
            </form>
            <def>flammen; in Flammen stehen; brennen; lodern</def>
          </cit>
          <seg type="desc">gebildet ist</seg>
          <ref type="bibl" target="#Pfeifer2014">
            <lbl>vgl.</lbl>Pfeifer 2014
            <citedRange>350</citedRange>
          </ref>
          <ref type="bibl" target="#Kluge2011">
            <lbl>vgl.</lbl>Kluge 2011
            <citedRange>299</citedRange>
          </ref>
        </etym>
        <sense>
          <sense>
            <sense>
              <def>gelbrote oder bläuliche, helle Lichterscheinung mit Wärmeentwicklung, die bei Verbrennungsvorgängen entsteht; (große) emporsteigende, leuchtende Feuerzunge</def>
              <usg type="geo">
                <placeName type="bundesland" ref="/geodata-wboe.xml#p1A">STir.</placeName>
              </usg>
              <usg type="geo">
                <placeName type="bundesland" ref="/geodata-wboe.xml#p1B">OTir.</placeName>
              </usg>
              <usg type="geo">
                <placeName type="bundesland" ref="/geodata-wboe.xml#p1C">NTir.</placeName>
              </usg>
              <usg type="geo">
                <placeName type="grossregion" ref="/geodata-wboe.xml#p2.1">ObKtn.</placeName>
              </usg>
              <usg type="geo">
                <placeName type="grossregion" ref="/geodata-wboe.xml#p2.2">MKtn.</placeName>
              </usg>
              <usg type="geo">
                <placeName type="bundesland" ref="/geodata-wboe.xml#p3">Stmk.</placeName>
              </usg>
              <usg type="geo">
                <placeName type="grossregion" ref="/geodata-wboe.xml#p4.1">Lung.</placeName>
              </usg>
              <usg type="geo">
                <placeName type="grossregion" ref="/geodata-wboe.xml#p4.2">Pinzg.</placeName>
              </usg>
              <usg type="geo">
                <placeName type="bundesland" ref="/geodata-wboe.xml#p5">OÖ</placeName>
              </usg>
              <usg type="geo">
                <placeName type="bundesland" ref="/geodata-wboe.xml#p6">NÖ</placeName>
              </usg>
              <usg type="geo">
                <placeName type="grossregion" ref="/geodata-wboe.xml#p6.5">Wien</placeName>
              </usg>
              <usg type="geo">
                <placeName type="grossregion" ref="/geodata-wboe.xml#p7.1">NBgl.</placeName>
              </usg>
              <usg type="geo">
                <placeName type="grossregion" ref="/geodata-wboe.xml#p7.2">MBgl.</placeName>
              </usg>
              <cit type="example">
                <quote xml:lang="bar-AT">ă blau's Flammaʳl</quote>
                <usg type="geo">
                  <placeName type="gemeinde" ref="/geodata-wboe.xml#p6.2j15">Pottendorf</placeName>
                </usg>
              </cit>
              <ptr type="collection" subtype="bedeutung" target="/collections-wboe.xml#c10685"/>
            </sense>
            <sense>
              <def>Feuer</def>
              <usg type="geo">
                <placeName type="grossregion" ref="/geodata-wboe.xml#p6.5">Wien</placeName>
              </usg>
              <ptr type="collection" subtype="bedeutung" target="/collections-wboe.xml#c10686"/>
            </sense>
          </sense>
          <sense>
            <xr type="lemma">
              <lbl>nur</lbl>
              <ref>Flamm</ref>
            </xr>
            <usg>(Maskulinum)</usg>
            <def>erstes Anschwellen des Euters eines trächtigen Rindes</def>
            <usg type="geo">
              <placeName type="grossregion" ref="/geodata-wboe.xml#p1C.1">wNTir.</placeName>
            </usg>
            <ptr type="collection" subtype="bedeutung" target="/collections-wboe.xml#c10687"/>
          </sense>
          <sense>
            <def>Käsewasser; Molke</def>
            <usg type="geo">
              <placeName type="grossregion" ref="/geodata-wboe.xml#p1C.1">wNTir.</placeName>
            </usg>
            <ptr type="collection" subtype="bedeutung" target="/collections-wboe.xml#c10688"/>
          </sense>
          <sense>
            <def>(große) Schneeflocke; Flocke</def>
            <usg type="geo">
              <placeName type="bundesland" ref="/geodata-wboe.xml#p1B">OTir.</placeName>
            </usg>
            <usg type="geo">
              <placeName type="grossregion" ref="/geodata-wboe.xml#p1C.1">wNTir.</placeName>
            </usg>
            <usg type="geo">
              <placeName type="bundesland" ref="/geodata-wboe.xml#p2">Ktn.</placeName>
            </usg>
            <ptr type="collection" subtype="bedeutung" target="/collections-wboe.xml#c10689"/>
          </sense>
          <sense>
            <def>Geliebte; Mädchen, für das ein Mann entflammt ist</def>
            <usg type="geo">
              <placeName type="grossregion" ref="/geodata-wboe.xml#p6.5">Wien</placeName>
            </usg>
            <cit type="example">
              <quote xml:lang="bar-AT">die N. is mei' Flåmma</quote>
              <usg type="geo">
                <placeName type="grossregion" ref="/geodata-wboe.xml#p6.5">Wien</placeName>
              </usg>
            </cit>
            <ptr type="collection" subtype="bedeutung" target="/collections-wboe.xml#c10690"/>
          </sense>
        </sense>
        <re>
          <form subtype="compound" type="lemma">
            <orth>Feuerflamme</orth>
          </form>
          <sense>
            <sense>
              <def>gelbrot leuchtender und Hitze verbreitender hochschlagender Teil des Feuers</def>
              <usg type="geo">
                <placeName type="grossregion" ref="/geodata-wboe.xml#p5.3">Traunv.</placeName>
              </usg>
            </sense>
          </sense>
          <ptr type="collection" subtype="wortbildung" target="/collections-wboe.xml#c10691"/>
        </re>
        <re>
          <form subtype="compound" type="lemma">
            <orth>Gasflamme</orth>
          </form>
          <sense>
            <sense>
              <def>bei der Verbrennung von Gas entstehende bläulich-helle Lichterscheinung mit Wärmeentwicklung</def>
              <usg type="geo">
                <placeName type="grossregion" ref="/geodata-wboe.xml#p6.5">Wien</placeName>
              </usg>
            </sense>
          </sense>
          <ptr type="collection" subtype="wortbildung" target="/collections-wboe.xml#c10692"/>
        </re>
        <re>
          <form subtype="compound" type="lemma">
            <orth>Steinflamme</orth>
          </form>
          <sense>
            <sense>
              <def>Waldohreule; Asio otus</def>
              <usg type="geo">
                <placeName type="grossregion" ref="/geodata-wboe.xml#p1A.1">wSTir.</placeName>
              </usg>
            </sense>
          </sense>
          <ptr type="collection" subtype="wortbildung" target="/collections-wboe.xml#c10693"/>
        </re>
        <re type="redewendung">
          <form subtype="MWE" type="lemma">
            <orth>(in) Feuer und Flamme sein</orth>
          </form>
          <sense>
            <def>glühend vor Begeisterung sein; voller (plötzlicher) überschwänglicher Begeisterung sein; ganz hingerissen sein</def>
            <usg type="geo">
              <placeName type="grossregion" ref="/geodata-wboe.xml#p1A.4">öSTir.</placeName>
            </usg>
            <usg type="geo">
              <placeName type="grossregion" ref="/geodata-wboe.xml#p1C.2">mNTir.</placeName>
            </usg>
            <usg type="geo">
              <placeName type="grossregion" ref="/geodata-wboe.xml#p1C.3">öNTir.</placeName>
            </usg>
            <usg type="geo">
              <placeName type="grossregion" ref="/geodata-wboe.xml#p3.1">sbair.ObStmk.</placeName>
            </usg>
            <usg type="geo">
              <placeName type="grossregion" ref="/geodata-wboe.xml#p3.3">WStmk.</placeName>
            </usg>
            <usg type="geo">
              <placeName type="grossregion" ref="/geodata-wboe.xml#p4.2">Pinzg.</placeName>
            </usg>
            <usg type="geo">
              <placeName type="grossregion" ref="/geodata-wboe.xml#p5.2">Hausrv.</placeName>
            </usg>
            <usg type="geo">
              <placeName type="grossregion" ref="/geodata-wboe.xml#p6.1">Mostv.</placeName>
            </usg>
            <usg type="geo">
              <placeName type="grossregion" ref="/geodata-wboe.xml#p6.2">Industriev.</placeName>
            </usg>
            <usg type="geo">
              <placeName type="grossregion" ref="/geodata-wboe.xml#p6.3">Waldv.</placeName>
            </usg>
            <usg type="geo">
              <placeName type="grossregion" ref="/geodata-wboe.xml#p6.5">Wien</placeName>
            </usg>
            <cit type="example">
              <quote xml:lang="bar-AT">Fŏ dă̊s bin i Foir und Flåmme</quote>
              <usg type="geo">
                <placeName type="gemeinde" ref="/geodata-wboe.xml#p1A.4b01">Prettau</placeName>
              </usg>
            </cit>
            <cit type="example">
              <quote xml:lang="bar-AT">fer oppəs fuir unt flǫm saĩ</quote>
              <usg type="geo">
                <placeName type="gemeinde" ref="/geodata-wboe.xml#p1C.2a29">Weer</placeName>
              </usg>
            </cit>
            <cit type="example">
              <quote xml:lang="bar-AT">dea is in Foia̭ un Flåm gwesn</quote>
              <usg type="geo">
                <placeName type="gemeinde" ref="/geodata-wboe.xml#p4.2c01">Fusch an der Großglocknerstraße</placeName>
              </usg>
            </cit>
            <cit type="example">
              <quote xml:lang="bar-AT">De͜a is gånz Fai und Flåma</quote>
              <usg type="geo">
                <placeName type="gemeinde" ref="/geodata-wboe.xml#p6.1n02">Dunkelsteinerwald</placeName>
              </usg>
            </cit>
          </sense>
          <ptr type="collection" subtype="MWE" target="/collections-wboe.xml#c10694"/>
        </re>
        <re type="redewendung">
          <form subtype="MWE" type="lemma">
            <orth>in Flammen stehen</orth>
          </form>
          <sense>
            <def>lichterloh brennen; weithin sichtbar brennen</def>
            <usg type="geo">
              <placeName type="grossregion" ref="/geodata-wboe.xml#p6.2">Industriev.</placeName>
            </usg>
            <cit type="example">
              <quote xml:lang="bar-AT">ållăs īs in Flåmmăn gschtåndn</quote>
              <usg type="geo">
                <placeName type="gemeinde" ref="/geodata-wboe.xml#p6.2j15">Pottendorf</placeName>
              </usg>
            </cit>
          </sense>
          <ptr type="collection" subtype="MWE" target="/collections-wboe.xml#c10695"/>
        </re>
      </entry>
    </body>
  </text>
</TEI>