<?xml version="1.0" encoding="UTF-8"?>
    <?xml-model href="http://www.tei-c.org/release/xml/tei/custom/schema/relaxng/tei_all.rng" type="application/xml" schematypens="http://purl.oclc.org/dsdl/schematron"?>
    <?xml-model href="../../803_RNG-schematron/WBOE-ODD.rnc" type="application/relax-ng-compact-syntax"?>
<?redaktionstool version="0.7.4" ?>
<?parser type="lioe" version="0.7.3" ?>
<TEI xmlns="http://www.tei-c.org/ns/1.0">
  <teiHeader>
    <fileDesc>
      <titleStmt>
        <title>Flanell</title>
        <respStmt>
          <resp>Editor</resp>
          <name ref="#AB">Angela Bergermayer</name>
        </respStmt>
        <respStmt>
          <resp>Encoding Scheme</resp>
          <name>Jack Bowers</name>
          <name>Daniel Schopper</name>
          <name>Omar Siam</name>
        </respStmt>
        <respStmt>
          <resp>DBOE Team</resp>
          <name xml:id="AL">Alexandra N. Lenz</name>
          <name xml:id="PhS">Philipp Stöckle</name>
          <name xml:id="AG">Andreas Gellan</name>
          <name xml:id="PZ">Patrick Zeitlhuber</name>
          <name xml:id="SW">Sabine Wahl</name>
          <name xml:id="SS">Sonja Schwaiger</name>
          <name xml:id="AB">Angela Bergermayer</name>
          <name xml:id="EW">Eva Wahlmüller</name>
          <name xml:id="DG">David Gschösser</name>
          <name xml:id="StS">Stefanie Schöberl</name>
          <name xml:id="FF">Fabian Fleißner</name>
        </respStmt>
        <respStmt>
          <resp>Student assistants</resp>
          <name>Susanna Muhr</name>
          <name>Manuela Stütz</name>
          <name>Christina Hemetsberger</name>
        </respStmt>
      </titleStmt>
      <publicationStmt>
        <p></p>
      </publicationStmt>
      <sourceDesc>
        <list>
          <item>
            <label>Geo-data</label>
            <ptr xml:id="geo-inventory-WBOE" target="../geodata-wboe.xml"/>
          </item>
          <item>
            <label>Bibliography</label>
            <ptr xml:id="bibliography-WBOE" target="../bibl-wboe.xml"/>
          </item>
          <item>
            <label>WBOE-Slips</label>
            <ptr xml:id="slips-WBOE" target="../slips-wboe.xml"/>
          </item>
          <item>
            <label>WBOE-Collections</label>
            <ptr xml:id="collections-WBOE" target="../collections-wboe.xml"/>
          </item>
        </list>
      </sourceDesc>
    </fileDesc>
    <revisionDesc>
      <listChange>
        <change status="in progress" when="2021-10-06" who="#AB">Datensatz erstellt</change>
        <change status="internal correction" when="2021-10-06" who="#AB">freigegeben f. int. Korr.</change>
        <change status="internal correction" when="2022-01-11" who="#PZ">LK eingefügt</change>
        <change status="external correction" when="2022-01-12" who="#AB">LK korr.; freigegeben f. ext. Korr.</change>
        <change status="finished" when="2022-01-25" who="#AB">Abschlussredaktion</change>
      </listChange>
    </revisionDesc>
  </teiHeader>
  <text>
    <body>
      <entry>
        <form type="lemma" xml:id="Flanell">
          <orth>Flanell</orth>
          <ptr type="collection" subtype="lemma" target="/collections-wboe.xml#c17123"/>
        </form>
        <gramGrp>
          <gram type="pos">Substantiv</gram>
          <gram type="gender">Maskulinum</gram>
          <gram type="gender">Neutrum</gram>
        </gramGrp>
        <usg type="geo">
          <placeName type="bundesland" ref="/geodata-wboe.xml#p1C">NTir.</placeName>
        </usg>
        <usg type="geo">
          <placeName type="grossregion" ref="/geodata-wboe.xml#p2.1">ObKtn.</placeName>
        </usg>
        <usg type="geo">
          <placeName type="bundesland" ref="/geodata-wboe.xml#p3">Stmk.</placeName>
        </usg>
        <usg type="geo">
          <placeName type="bundesland" ref="/geodata-wboe.xml#p5">OÖ</placeName>
        </usg>
        <usg type="geo">
          <placeName type="bundesland" ref="/geodata-wboe.xml#p6">NÖ</placeName>
        </usg>
        <usg type="geo">
          <placeName type="grossregion" ref="/geodata-wboe.xml#p6.5">Wien</placeName>
        </usg>
        <usg type="geo">
          <placeName type="bundesland" ref="/geodata-wboe.xml#p7">Bgl.</placeName>
        </usg>
        <note type="kommentar" resp="#PZ">Der Vokal in der ersten Silbe dieses Lehnworts, auf den der Nebenton fällt, wurde im gesamten Verbreitungsgebiet als heller, teils gedehnter
          <c>a</c>-Monophthong beibehalten
          <xr>
            <ref>flanę́l</ref>
            <ref>franę́l</ref>
          </xr>. Parallel findet sich überall Verdumpfung zu
          <c>o</c>
          <xr>
            <ref>flǫnḗį</ref>
            <ref>frǫnę́l</ref>
          </xr>, im Ostmittelbairischen mit regelhafter Diphthongierung vor Nasal
          <xr>
            <ref>fraųnǫ̈̄́</ref>
          </xr>. Regelhaft sind im westlichen Südmittelbairischen
          <c>u</c>-Monophthonge belegt
          <xr>
            <ref>frunę̄́</ref>
          </xr>. Ohne klare regionale Verteilung trat eine Dissimilation des ersten
          <c>l</c>zu
          <c>r</c>ein
          <xr>
            <ref>franǫ̈́l</ref>
            <ref>fraųnǫ̈̄́</ref>
          </xr>. Der Hauptton wurde ausnahmslos auf der zweiten Silbe beibehalten. Realisierungen dieses Vokals als offener
          <c>e</c>-Monophthong finden sich im Südbairischen, westlichen Südmittelbairischen und Westmittelbairischen
          <xr>
            <ref>franę́l</ref>
            <ref>frǫnę́l</ref>
          </xr>. Ansonsten wurde dieser im östlichen Südmittelbairischen, Ostmittelbairischen und gelegentlich im östlichen Südbairischen vor Liquid gerundet
          <xr>
            <ref>franǫ̈́l</ref>
          </xr>. Während der auslautende Liquid im Südbairischen, östlichen Südmittelbairischen sowie gelegentlich im westlichen Südmittelbairischen erhalten blieb
          <xr>
            <ref>flanę́l</ref>
            <ref>franǫ̈́l</ref>
          </xr>, wurde dieser im Mittelbairischen sowie im westlichen Südmittelbairischen vokalisiert
          <xr>
            <ref>flanǫ̈́į</ref>
            <ref>flǫnḗį</ref>
          </xr>und verschmolz häufig mit dem vorangehenden Vokal
          <xr>
            <ref>flanǫ̈̄́</ref>
            <ref>franǫ̈̄́</ref>
            <ref>fraųnǫ̈̄́</ref>
          </xr>. Unregelhafte Varianten, bei denen der anlautende Frikativ zum Plosiv okkludiert wurde, finden sich in Wien mit gleichzeitigem unregelhaften Erhalt des auslautenden Liquids
          <xr>
            <ref>branǫ̈́l</ref>
          </xr>.
        </note>
        <form type="dialect">
          <pron xml:lang="bar-AT">franell</pron>
          <usg type="geo">
            <placeName type="gemeinde" ref="/geodata-wboe.xml#p1C.1g02">St. Anton am Arlberg</placeName>
          </usg>
        </form>
        <form type="dialect">
          <pron xml:lang="bar-AT">flanèll</pron>
          <usg type="geo">
            <placeName type="gemeinde" ref="/geodata-wboe.xml#p1C.3b03">Thiersee</placeName>
          </usg>
        </form>
        <form type="dialect">
          <pron xml:lang="bar-AT">frunǟ</pron>
          <usg type="geo">
            <placeName type="gemeinde" ref="/geodata-wboe.xml#p1C.3e06">Kufstein</placeName>
          </usg>
        </form>
        <form type="dialect">
          <pron xml:lang="bar-AT">franel</pron>
          <usg type="geo">
            <placeName type="gemeinde" ref="/geodata-wboe.xml#p2.1h02">Hermagor-Pressegger See</placeName>
          </usg>
        </form>
        <form type="dialect">
          <pron xml:lang="bar-AT">flănö́l</pron>
          <pron xml:lang="bar-AT">frănö́l</pron>
          <usg type="geo">
            <placeName type="gemeinde" ref="/geodata-wboe.xml#p3.1d03">Lobmingtal</placeName>
          </usg>
        </form>
        <form type="dialect">
          <pron xml:lang="bar-AT">frąnę́l</pron>
          <usg type="geo">
            <placeName type="gemeinde" ref="/geodata-wboe.xml#p3.3e12">St. Peter im Sulmtal</placeName>
          </usg>
        </form>
        <form type="dialect">
          <pron xml:lang="bar-AT">franöⁱl</pron>
          <usg type="geo">
            <placeName type="gemeinde" ref="/geodata-wboe.xml#p3.5h07">Hartberg</placeName>
          </usg>
        </form>
        <form type="dialect">
          <pron xml:lang="bar-AT">fląnę́̄i</pron>
          <usg type="geo">
            <placeName type="gemeinde" ref="/geodata-wboe.xml#p5.1c07">Mühlheim am Inn</placeName>
          </usg>
        </form>
        <form type="dialect">
          <pron xml:lang="bar-AT">flanǟi</pron>
          <usg type="geo">
            <placeName type="gemeinde" ref="/geodata-wboe.xml#p5.2e01">Linz</placeName>
          </usg>
        </form>
        <form type="dialect">
          <pron xml:lang="bar-AT">flanä</pron>
          <usg type="geo">
            <placeName type="gemeinde" ref="/geodata-wboe.xml#p5.4h06">Pabneukirchen</placeName>
          </usg>
        </form>
        <form type="dialect">
          <pron xml:lang="bar-AT">flanöˡ</pron>
          <usg type="geo">
            <placeName type="gemeinde" ref="/geodata-wboe.xml#p6.1n02">Dunkelsteinerwald</placeName>
          </usg>
        </form>
        <form type="dialect">
          <pron xml:lang="bar-AT">flanöi</pron>
          <usg type="geo">
            <placeName type="gemeinde" ref="/geodata-wboe.xml#p6.2e03">Puchberg am Schneeberg</placeName>
          </usg>
        </form>
        <form type="dialect">
          <pron xml:lang="bar-AT">φrā̃nǫ̈̄</pron>
          <pron xml:lang="bar-AT">frånell</pron>
          <usg type="geo">
            <placeName type="gemeinde" ref="/geodata-wboe.xml#p6.4d03">Drasenhofen</placeName>
          </usg>
        </form>
        <form type="dialect">
          <pron xml:lang="bar-AT">franö̱ɫ</pron>
          <pron xml:lang="bar-AT">frane̱ɫɫ</pron>
          <pron xml:lang="bar-AT">franȫ̱ˡ</pron>
          <pron xml:lang="bar-AT">branö̱ɫ</pron>
          <pron xml:lang="bar-AT">brane̱ɫɫ</pron>
          <pron xml:lang="bar-AT">flanöⁱ</pron>
          <usg type="geo">
            <placeName type="grossregion" ref="/geodata-wboe.xml#p6.5">Wien</placeName>
          </usg>
        </form>
        <form type="dialect">
          <pron xml:lang="bar-AT">fraunö́</pron>
          <usg type="geo">
            <placeName type="gemeinde" ref="/geodata-wboe.xml#p7.1f01">Eisenstadt</placeName>
          </usg>
        </form>
        <form type="dialect">
          <pron xml:lang="bar-AT">flɒnəll</pron>
          <usg type="geo">
            <placeName type="gemeinde" ref="/geodata-wboe.xml#p7.2b08">Pilgersdorf</placeName>
          </usg>
        </form>
        <form type="dialect">
          <pron xml:lang="bar-AT">φrɒ̃nə̨̄l</pron>
          <usg type="geo">
            <placeName type="gemeinde" ref="/geodata-wboe.xml#p7.3e02">Rechnitz</placeName>
          </usg>
          <ptr type="collection" subtype="lautung" target="/collections-wboe.xml#c22602"/>
        </form>
        <etym>
          <seg type="desc">im
            <date>18. Jh.</date>entlehnt aus
            <lang>frz.</lang>
          </seg>
          <cit type="etymon">
            <form>
              <orth>flanelle</orth>
            </form>
          </cit>
          <seg type="desc">, welches selbst wiederum eine Übernahme von
            <lang>nengl.</lang>
          </seg>
          <cit type="etymon">
            <form>
              <orth>flannel</orth>
            </form>
          </cit>
          <seg type="desc">darstellt
            <ref type="bibl" target="#Kluge2011">
              <lbl>vgl.</lbl>Kluge 2011
              <citedRange>300</citedRange>
            </ref>
          </seg>
        </etym>
        <sense>
          <sense>
            <def>warmer, weicher, beidseitig aufgerauter Stoff aus (Baum-)Wolle</def>
            <usg type="geo">
              <placeName type="bundesland" ref="/geodata-wboe.xml#p1C">NTir.</placeName>
            </usg>
            <usg type="geo">
              <placeName type="grossregion" ref="/geodata-wboe.xml#p2.1">ObKtn.</placeName>
            </usg>
            <usg type="geo">
              <placeName type="bundesland" ref="/geodata-wboe.xml#p3">Stmk.</placeName>
            </usg>
            <usg type="geo">
              <placeName type="bundesland" ref="/geodata-wboe.xml#p5">OÖ</placeName>
            </usg>
            <usg type="geo">
              <placeName type="bundesland" ref="/geodata-wboe.xml#p6">NÖ</placeName>
            </usg>
            <usg type="geo">
              <placeName type="grossregion" ref="/geodata-wboe.xml#p6.5">Wien</placeName>
            </usg>
            <usg type="geo">
              <placeName type="bundesland" ref="/geodata-wboe.xml#p7">Bgl.</placeName>
            </usg>
            <cit type="example">
              <quote xml:lang="bar-AT">Eiⁿlȧᵍŋ aus Boarchad oder Fraⁿäˡ</quote>
              <usg type="geo">
                <placeName type="gemeinde" ref="/geodata-wboe.xml#p6.1s06">Sitzenberg-Reidling</placeName>
              </usg>
            </cit>
            <cit type="example">
              <quote xml:lang="bar-AT">Schuᵃch' aus Franȫˡ!</quote>
              <usg type="geo">
                <placeName type="grossregion" ref="/geodata-wboe.xml#p6.5">Wien</placeName>
              </usg>
            </cit>
            <ptr type="collection" subtype="bedeutung" target="/collections-wboe.xml#c22603"/>
          </sense>
        </sense>
      </entry>
    </body>
  </text>
</TEI>
