<?xml version="1.0" encoding="UTF-8"?>
    <?xml-model href="http://www.tei-c.org/release/xml/tei/custom/schema/relaxng/tei_all.rng" type="application/xml" schematypens="http://purl.oclc.org/dsdl/schematron"?>
    <?xml-model href="../../803_RNG-schematron/WBOE-ODD.rnc" type="application/relax-ng-compact-syntax"?>
<?redaktionstool version="0.7.4" ?>
<?parser type="lioe" version="0.7.4" ?>
<TEI xmlns="http://www.tei-c.org/ns/1.0">
  <teiHeader>
    <fileDesc>
      <titleStmt>
        <title>Flasche</title>
        <respStmt>
          <resp>Editor</resp>
          <name ref="#AB">Angela Bergermayer</name>
        </respStmt>
        <respStmt>
          <resp>Encoding Scheme</resp>
          <name>Jack Bowers</name>
          <name>Daniel Schopper</name>
          <name>Omar Siam</name>
        </respStmt>
        <respStmt>
          <resp>DBOE Team</resp>
          <name xml:id="AL">Alexandra N. Lenz</name>
          <name xml:id="PhS">Philipp Stöckle</name>
          <name xml:id="AG">Andreas Gellan</name>
          <name xml:id="PZ">Patrick Zeitlhuber</name>
          <name xml:id="SW">Sabine Wahl</name>
          <name xml:id="SS">Sonja Schwaiger</name>
          <name xml:id="AB">Angela Bergermayer</name>
          <name xml:id="EW">Eva Wahlmüller</name>
          <name xml:id="DG">David Gschösser</name>
          <name xml:id="StS">Stefanie Schöberl</name>
          <name xml:id="FF">Fabian Fleißner</name>
          <name xml:id="MK">Markus Kunzmann</name>
        </respStmt>
        <respStmt>
          <resp>Student assistants</resp>
          <name>Susanna Muhr</name>
          <name>Manuela Stütz</name>
          <name>Christina Hemetsberger</name>
        </respStmt>
      </titleStmt>
      <publicationStmt>
        <p></p>
      </publicationStmt>
      <sourceDesc>
        <list>
          <item>
            <label>Geo-data</label>
            <ptr xml:id="geo-inventory-WBOE" target="../geodata-wboe.xml"/>
          </item>
          <item>
            <label>Bibliography</label>
            <ptr xml:id="bibliography-WBOE" target="../bibl-wboe.xml"/>
          </item>
          <item>
            <label>WBOE-Slips</label>
            <ptr xml:id="slips-WBOE" target="../slips-wboe.xml"/>
          </item>
          <item>
            <label>WBOE-Collections</label>
            <ptr xml:id="collections-WBOE" target="../collections-wboe.xml"/>
          </item>
        </list>
      </sourceDesc>
    </fileDesc>
    <revisionDesc>
      <listChange>
        <change status="in progress" when="2021-09-29" who="#AB">Datensatz angelegt</change>
        <change status="internal correction" when="2021-12-06" who="#AB">freigegeben f. int. Korr.</change>
        <change status="internal correction" when="2022-02-02" who="#PZ">LK eingefügt</change>
        <change status="internal correction" when="2022-02-02" who="#AB">kleine Adaptionen; LK korrekturgelesen</change>
        <change status="external correction" when="2022-02-17" who="#AB">kleine Adaptionen; freigegeben f. ext. Korr.</change>
        <change status="finished" when="2022-03-30" who="#AB">Abschlussredaktion nach LK-Korrektur durch Patrick</change>
      </listChange>
    </revisionDesc>
  </teiHeader>
  <text>
    <body>
      <entry>
        <form type="lemma" xml:id="Flasche">
          <orth>Flasche</orth>
          <ptr type="collection" subtype="lemma" target="/collections-wboe.xml#c17224"/>
        </form>
        <gramGrp>
          <gram type="pos">Substantiv</gram>
          <gram type="gender">Femininum</gram>
        </gramGrp>
        <form type="variant" subtype="diminutive" xml:id="Flaeschel">
          <orth>Fläschel</orth>
          <gramGrp>
            <gram type="gender">Neutrum</gram>
          </gramGrp>
        </form>
        <form type="variant" subtype="diminutive" xml:id="Flaschel">
          <orth>Flaschel</orth>
          <gramGrp>
            <gram type="gender">Neutrum</gram>
          </gramGrp>
        </form>
        <form type="variant" subtype="diminutive" xml:id="Flaescherl">
          <orth>Fläscherl</orth>
          <gramGrp>
            <gram type="gender">Neutrum</gram>
          </gramGrp>
        </form>
        <form type="variant" subtype="diminutive" xml:id="Flaeschelein">
          <orth>Fläschelein</orth>
          <gramGrp>
            <gram type="gender">Neutrum</gram>
          </gramGrp>
        </form>
        <usg type="geo">
          <placeName type="bundesland" ref="/geodata-wboe.xml#p1A">STir.</placeName>
        </usg>
        <usg type="geo">
          <placeName type="bundesland" ref="/geodata-wboe.xml#p1B">OTir.</placeName>
        </usg>
        <usg type="geo">
          <placeName type="bundesland" ref="/geodata-wboe.xml#p1C">NTir.</placeName>
        </usg>
        <usg type="geo">
          <placeName type="bundesland" ref="/geodata-wboe.xml#p2">Ktn.</placeName>
        </usg>
        <usg type="geo">
          <placeName type="bundesland" ref="/geodata-wboe.xml#p3">Stmk.</placeName>
        </usg>
        <usg type="geo">
          <placeName type="bundesland" ref="/geodata-wboe.xml#p4">Sbg.</placeName>
        </usg>
        <usg type="geo">
          <placeName type="bundesland" ref="/geodata-wboe.xml#p5">OÖ</placeName>
        </usg>
        <usg type="geo">
          <placeName type="bundesland" ref="/geodata-wboe.xml#p6">NÖ</placeName>
        </usg>
        <usg type="geo">
          <placeName type="bundesland" ref="/geodata-wboe.xml#p6.5">Wien</placeName>
        </usg>
        <usg type="geo">
          <placeName type="grossregion" ref="/geodata-wboe.xml#p7">Bgl.</placeName>
        </usg>
        <note type="kommentar" resp="#PZ">Der auf mhd.
          <c>a</c>zurückgehende Stammvokal wurde im gesamten Untersuchungsgebiet verdumpft
          <xr>
            <ref>flǫß̌ə</ref>
            <ref>flǫß̌</ref>
            <ref>flǫß̌n̥</ref>
          </xr>. Im Ostmittel-, östlichen Südmittel- und östlichen Südbairischen treten parallel überall gedehnte
          <c>o</c>-Monophthonge auf
          <xr>
            <ref>flǭšn̥</ref>
          </xr>. Diphthongierte Formen finden sich im mittleren Nordtirol und  im Südmittelbairischen des Industrieviertels
          <xr>
            <ref>flǫųšn̥</ref>
          </xr>sowie in der Mittelsteiermark
          <xr>
            <ref>flǫɒšn̥</ref>
          </xr>. Außerdem kommen im bairisch-alemannischen Übergangsgebiet neben den
          <c>o</c>-Monophthongen auch helle
          <c>a</c>- sowie
          <c>e</c>-Monophthonge vor, die entweder auf mittelhochdeutsche Nebenformen oder auf alemannischen Einfluss hinweisen
          <xr>
            <ref>flaß̌ɒ</ref>
            <ref>flęß̌ɒ</ref>
          </xr>. Der Vokal im Auslaut wurde häufig im westlichen Südbairischen beibehalten
          <xr>
            <ref>flǫß̌ə</ref>
            <ref>flaß̌ɒ</ref>
            <ref>flęß̌ɒ</ref>
          </xr>. Tilgungen dieses Vokals, wodurch das Lexem zum Einsilber wurde, finden sich parallel im westlichen Südbairischen sowie im westlichen Südmittelbairischen
          <xr>
            <ref>flǫß̌</ref>
          </xr>. Im gesamten Untersuchungsgebiet dominieren jedoch Formen, bei denen die obliquen nasalhaltigen Endungen in den Nominativ übernommen wurden
          <xr>
            <ref>flǫß̌n̥</ref>
            <ref>flǭšn̥</ref>
            <ref>flǫųšn̥</ref>
            <ref>flǫɒšn̥</ref>
          </xr>.
        </note>
        <form type="dialect">
          <pron xml:lang="bar-AT">-flåsch</pron>
          <usg type="geo">
            <placeName type="kleinregion" ref="/geodata-wboe.xml#p1A.1h">Umg.Meran</placeName>
          </usg>
        </form>
        <form type="dialect">
          <pron xml:lang="bar-AT">flǫšn</pron>
          <usg type="geo">
            <placeName type="gemeinde" ref="/geodata-wboe.xml#p1A.2a02">Bozen</placeName>
          </usg>
        </form>
        <form type="dialect">
          <pron xml:lang="bar-AT">flåsche</pron>
          <pron xml:lang="bar-AT">-flåschn</pron>
          <usg type="geo">
            <placeName type="gemeinde" ref="/geodata-wboe.xml#p1A.4b01">Prettau</placeName>
          </usg>
        </form>
        <form type="dialect">
          <pron xml:lang="bar-AT">flàsch'</pron>
          <pron xml:lang="bar-AT">flàsch'n</pron>
          <usg type="geo">
            <placeName type="bundesland" ref="/geodata-wboe.xml#p1B">OTir.</placeName>
          </usg>
        </form>
        <form type="dialect">
          <pron xml:lang="bar-AT">-fląschɛ</pron>
          <usg type="geo">
            <placeName type="kleinregion" ref="/geodata-wboe.xml#p1B.0d">Def.</placeName>
          </usg>
        </form>
        <form type="dialect">
          <pron xml:lang="bar-AT">flå̄schn</pron>
          <usg>[Pl.]</usg>
          <usg type="geo">
            <placeName type="gemeinde" ref="/geodata-wboe.xml#p1B.0i01">Lienz</placeName>
          </usg>
        </form>
        <form type="dialect">
          <pron xml:lang="bar-AT">flęššɒ</pron>
          <pron xml:lang="bar-AT">flaššɒ</pron>
          <usg type="geo">
            <placeName type="kleinregion" ref="/geodata-wboe.xml#p1C.1c">Außf.Lecht.</placeName>
          </usg>
        </form>
        <form type="dialect">
          <pron xml:lang="bar-AT">fleschɛ</pron>
          <usg type="geo">
            <placeName type="gemeinde" ref="/geodata-wboe.xml#p1C.1c08">Reutte</placeName>
          </usg>
        </form>
        <form type="dialect">
          <pron xml:lang="bar-AT">flaᵒsche</pron>
          <usg type="geo">
            <placeName type="gemeinde" ref="/geodata-wboe.xml#p1C.1l03">Kauns</placeName>
          </usg>
        </form>
        <form type="dialect">
          <pron xml:lang="bar-AT">φlǫß̌</pron>
          <usg type="geo">
            <placeName type="gemeinde" ref="/geodata-wboe.xml#p1C.3a01">Achenkirch</placeName>
          </usg>
        </form>
        <form type="dialect">
          <pron xml:lang="bar-AT">flåsche</pron>
          <pron xml:lang="bar-AT">flåschn</pron>
          <usg type="geo">
            <placeName type="gemeinde" ref="/geodata-wboe.xml#p2.1i01">Gitschtal</placeName>
          </usg>
        </form>
        <form type="dialect">
          <pron xml:lang="bar-AT">flǭšn</pron>
          <usg type="geo">
            <placeName type="gemeinde" ref="/geodata-wboe.xml#p2.2i07">Villach</placeName>
          </usg>
        </form>
        <form type="dialect">
          <pron xml:lang="bar-AT">flå̄schn</pron>
          <pron xml:lang="bar-AT">flå̄̇schn</pron>
          <usg type="geo">
            <placeName type="gemeinde" ref="/geodata-wboe.xml#p2.4a01">Hüttenberg</placeName>
          </usg>
        </form>
        <form type="dialect">
          <pron xml:lang="bar-AT">vlo̩σ̌n</pron>
          <usg type="geo">
            <placeName type="gemeinde" ref="/geodata-wboe.xml#p3.2c04">Trofaiach</placeName>
          </usg>
        </form>
        <form type="dialect">
          <pron xml:lang="bar-AT">flǫɒσ̌n</pron>
          <usg type="geo">
            <placeName type="gemeinde" ref="/geodata-wboe.xml#p3.4b23">Dobl-Zwaring</placeName>
          </usg>
        </form>
        <form type="dialect">
          <pron xml:lang="bar-AT">floššn</pron>
          <usg type="geo">
            <placeName type="kleinregion" ref="/geodata-wboe.xml#p3.5d">nördl.steir.Lafnitzt.</placeName>
          </usg>
        </form>
        <form type="dialect">
          <pron xml:lang="bar-AT">floß̌n</pron>
          <pron xml:lang="bar-AT">φlǫß̌ß̌n</pron>
          <usg type="geo">
            <placeName type="gemeinde" ref="/geodata-wboe.xml#p4.1d08">Tamsweg</placeName>
          </usg>
        </form>
        <form type="dialect">
          <pron xml:lang="bar-AT">-flåschn</pron>
          <pron xml:lang="bar-AT">-flåschą</pron>
          <pron xml:lang="bar-AT">-flåsch</pron>
          <usg type="geo">
            <placeName type="gemeinde" ref="/geodata-wboe.xml#p4.2c01">Fusch an der Großglocknerstraße</placeName>
          </usg>
        </form>
        <form type="dialect">
          <pron xml:lang="bar-AT">flå̄schn</pron>
          <usg type="geo">
            <placeName type="gemeinde" ref="/geodata-wboe.xml#p4.5e01">Salzburg</placeName>
          </usg>
        </form>
        <form type="dialect">
          <pron xml:lang="bar-AT">vlɔuß̌ṇ</pron>
          <usg type="geo">
            <placeName type="gemeinde" ref="/geodata-wboe.xml#p5.1e05">Münzkirchen</placeName>
          </usg>
        </form>
        <form type="dialect">
          <pron xml:lang="bar-AT">vlọß̌ṇ</pron>
          <usg type="geo">
            <placeName type="gemeinde" ref="/geodata-wboe.xml#p5.2a21">Natternbach</placeName>
          </usg>
        </form>
        <form type="dialect">
          <pron xml:lang="bar-AT">floß̌n</pron>
          <pron xml:lang="bar-AT">-flŏß̌n</pron>
          <usg type="geo">
            <placeName type="gemeinde" ref="/geodata-wboe.xml#p5.4b13">Ulrichsberg</placeName>
          </usg>
        </form>
        <form type="dialect">
          <pron xml:lang="bar-AT">flō̩̆ß̌n</pron>
          <usg type="geo">
            <placeName type="gemeinde" ref="/geodata-wboe.xml#p6.1d01">Allhartsberg</placeName>
          </usg>
        </form>
        <form type="dialect">
          <pron xml:lang="bar-AT">-floschn</pron>
          <usg type="geo">
            <placeName type="gemeinde" ref="/geodata-wboe.xml#p6.2e04">Rohr im Gebirge</placeName>
          </usg>
        </form>
        <form type="dialect">
          <pron xml:lang="bar-AT">flǫß̌n</pron>
          <pron xml:lang="bar-AT">flǫß̌n̥</pron>
          <usg type="geo">
            <placeName type="gemeinde" ref="/geodata-wboe.xml#p6.3b09">Raabs an der Thaya</placeName>
          </usg>
        </form>
        <form type="dialect">
          <pron xml:lang="bar-AT">flåschⁿ</pron>
          <usg type="geo">
            <placeName type="grossregion" ref="/geodata-wboe.xml#p6.5">Wien</placeName>
          </usg>
        </form>
        <form type="dialect">
          <pron xml:lang="bar-AT">φlo̩ß̌n̥</pron>
          <usg type="geo">
            <placeName type="gemeinde" ref="/geodata-wboe.xml#p6.5b01">Leopoldstadt</placeName>
          </usg>
        </form>
        <form type="dialect">
          <pron xml:lang="bar-AT">flǫß̌n</pron>
          <usg type="geo">
            <placeName type="bundesland" ref="/geodata-wboe.xml#p7">Bgl.</placeName>
          </usg>
        </form>
        <form type="dialect">
          <pron xml:lang="bar-AT">floššn</pron>
          <usg type="geo">
            <placeName type="gemeinde" ref="/geodata-wboe.xml#p7.2a08">Neckenmarkt</placeName>
          </usg>
        </form>
        <form type="dialect">
          <pron xml:lang="bar-AT">φlǫß̌n</pron>
          <usg type="geo">
            <placeName type="gemeinde" ref="/geodata-wboe.xml#p7.3e02">Rechnitz</placeName>
          </usg>
          <ptr type="collection" subtype="lautung" target="/collections-wboe.xml#c22493"/>
        </form>
        <etym>
          <cit type="etymon">
            <lang>ahd.</lang>
            <form>
              <orth>flasca</orth>
            </form>
            <def>schlauchartiger Behälter oder Flasche bzw. Krug zur Aufbewahrung von Flüssigkeit (speziell Wein)</def>
          </cit>
          <ref type="bibl" target="#AWB1985III">
            <lbl>vgl.</lbl>AWB 1985 III
            <citedRange>942</citedRange>
          </ref>
          <seg type="desc"></seg>
          <seg type="desc">,
            <lang>mhd.</lang>
          </seg>
          <cit type="etymon">
            <form>
              <orth>vlasche</orth>
            </form>
            <form>
              <orth>vlesche</orth>
            </form>
            <def>Flasche; Schlag; Ohrfeige</def>
          </cit>
          <ref type="bibl" target="#Lexer1878III">
            <lbl>vgl.</lbl>Lexer 1878 III
            <citedRange>387</citedRange>
          </ref>
          <seg type="desc">; Lexer führt für dieses Etymon also auch die Bedeutung</seg>
          <cit type="etymon">
            <def>Schlag; Ohrfeige</def>
          </cit>
          <seg type="desc">an, während Benecke, Müller und Zarncke für die beiden Hauptbedeutungen zwei getrennte Lemmata auflisten, nämlich</seg>
          <cit type="etymon">
            <lang>mhd.</lang>
            <form>
              <orth>vlasche</orth>
            </form>
            <form>
              <orth>vlesche</orth>
            </form>
            <def>Flasche</def>
          </cit>
          <seg type="desc">aus
            <lang>ahd.</lang>
          </seg>
          <cit type="etymon">
            <lang>flasca</lang>
          </cit>
          <seg type="desc">und
            <lang>mhd.</lang>
          </seg>
          <cit type="etymon">
            <form>
              <orth>vlasche</orth>
            </form>
            <def>Hieb; Schlag</def>
          </cit>
          <seg type="desc">, wobei es für letzteres allerdings keine etymologische Herleitung gibt, sondern nur einen Vergleichsverweis auf
            <lang>mhd.</lang>
          </seg>
          <cit type="etymon">
            <form>
              <orth>vlatsche</orth>
            </form>
          </cit>
          <seg type="desc">mit der fraglichen Bedeutung</seg>
          <cit type="etymon">
            <def>eine Art Schwert?</def>
          </cit>
          <seg type="desc">
            <ref type="bibl" target="#BMZ1861III">
              <lbl>vgl.</lbl>BMZ 1861 III
              <citedRange>337a</citedRange>
            </ref>. Hier werden in Anlehnung an Lexer beide genannten Hauptbedeutungen demselben Lemma zugeordnet.
          </seg>
        </etym>
        <sense>
          <sense>
            <sense>
              <sense>
                <def>(verschließbares) Gefäß (aus Glas, Metall, Kunststoff, ursprünglich auch Holz oder Leder) mit enger Öffnung und Halsansatz zum Aufbewahren von Flüssigkeiten, auch Gasen</def>
                <usg type="geo">
                  <placeName type="bundesland" ref="/geodata-wboe.xml#p1A">STir.</placeName>
                </usg>
                <usg type="geo">
                  <placeName type="bundesland" ref="/geodata-wboe.xml#p1B">OTir.</placeName>
                </usg>
                <usg type="geo">
                  <placeName type="bundesland" ref="/geodata-wboe.xml#p1C">NTir.</placeName>
                </usg>
                <usg type="geo">
                  <placeName type="bundesland" ref="/geodata-wboe.xml#p2">Ktn.</placeName>
                </usg>
                <usg type="geo">
                  <placeName type="bundesland" ref="/geodata-wboe.xml#p3">Stmk.</placeName>
                </usg>
                <usg type="geo">
                  <placeName type="bundesland" ref="/geodata-wboe.xml#p4">Sbg.</placeName>
                </usg>
                <usg type="geo">
                  <placeName type="bundesland" ref="/geodata-wboe.xml#p5">OÖ</placeName>
                </usg>
                <usg type="geo">
                  <placeName type="bundesland" ref="/geodata-wboe.xml#p6">NÖ</placeName>
                </usg>
                <usg type="geo">
                  <placeName type="bundesland" ref="/geodata-wboe.xml#p6.5">Wien</placeName>
                </usg>
                <usg type="geo">
                  <placeName type="grossregion" ref="/geodata-wboe.xml#p7">Bgl.</placeName>
                </usg>
                <cit type="example">
                  <quote xml:lang="bar-AT">zwua Flåsch'n Wajn</quote>
                  <usg type="geo">
                    <placeName type="gemeinde" ref="/geodata-wboe.xml#p1A.3d01">Brenner</placeName>
                  </usg>
                </cit>
                <cit type="example">
                  <quote xml:lang="bar-AT">i fill diə flǫšɒ mipm traχtər</quote>
                  <ref type="bibl" target="#Insam1954">Insam 1954
                    <citedRange>32</citedRange>
                  </ref>
                  <usg type="geo">
                    <placeName type="gemeinde" ref="/geodata-wboe.xml#p1C.1m10">Serfaus</placeName>
                  </usg>
                </cit>
                <cit type="example">
                  <quote xml:lang="bar-AT">trink ma a Flaschl</quote>
                  <usg type="geo">
                    <placeName type="gemeinde" ref="/geodata-wboe.xml#p1C.2a19">Schwaz</placeName>
                  </usg>
                </cit>
                <cit type="example">
                  <quote xml:lang="bar-AT">zwoa Floschn Weiñ</quote>
                  <usg type="geo">
                    <placeName type="gemeinde" ref="/geodata-wboe.xml#p3.2c04">Trofaiach</placeName>
                  </usg>
                </cit>
                <cit type="example">
                  <quote xml:lang="bar-AT">de Flo᪸ß̌̄ is fɔ̂ϊ</quote>
                  <usg type="geo">
                    <placeName type="gemeinde" ref="/geodata-wboe.xml#p4.2a10">Wald im Pinzgau</placeName>
                  </usg>
                </cit>
                <cit type="example">
                  <quote xml:lang="bar-AT">ɒ fộe flǫσ̌n</quote>
                  <usg type="geo">
                    <placeName type="gemeinde" ref="/geodata-wboe.xml#p4.5d06">Strobl</placeName>
                  </usg>
                </cit>
                <cit type="example">
                  <quote xml:lang="bar-AT">a flaschl Bīa und a flåschn Weiⁿ is z'fui aufamåi!</quote>
                  <usg type="geo">
                    <placeName type="gemeinde" ref="/geodata-wboe.xml#p5.2e01">Linz</placeName>
                  </usg>
                </cit>
                <cit type="example">
                  <quote xml:lang="bar-AT">ĩñ d abodékkŋ mūɒsd ɒ̃ flaššɫ midnẽ̄mɒ</quote>
                  <usg type="geo">
                    <placeName type="gemeinde" ref="/geodata-wboe.xml#p6.1o01">Herzogenburg</placeName>
                  </usg>
                </cit>
                <cit type="example">
                  <quote xml:lang="bar-AT">trink ma mitanånd no an Flascherl Wein</quote>
                  <usg type="geo">
                    <placeName type="grossregion" ref="/geodata-wboe.xml#p6.5">Wien</placeName>
                  </usg>
                </cit>
                <ptr type="collection" subtype="bedeutung" target="/collections-wboe.xml#c23911"/>
              </sense>
              <sense>
                <def>Eimer (oft aus Blech, auch speziell Wassereimer oder Milchkanne)</def>
                <usg type="geo">
                  <placeName type="bundesland" ref="/geodata-wboe.xml#p1A">STir.</placeName>
                </usg>
                <usg type="geo">
                  <placeName type="grossregion" ref="/geodata-wboe.xml#p2.2">MKtn.</placeName>
                </usg>
                <usg type="geo">
                  <placeName type="bundesland" ref="/geodata-wboe.xml#p4">Sbg.</placeName>
                </usg>
                <ptr type="collection" subtype="bedeutung" target="/collections-wboe.xml#c24759"/>
              </sense>
              <sense>
                <def>Büchse zur Aufbewahrung</def>
                <usg type="geo">
                  <placeName type="grossregion" ref="/geodata-wboe.xml#p2.2">MKtn.</placeName>
                </usg>
                <ptr type="collection" subtype="bedeutung" target="/collections-wboe.xml#c24687"/>
              </sense>
            </sense>
            <sense>
              <xr type="lemma">
                <lbl>nur</lbl>
                <ref>Fläschel, Fläscherl</ref>
              </xr>
              <usg>(Diminutiv)</usg>
              <def>verschließbares Gefäß mit enger Öffnung, Halsansatz und einem Trinksauger für Säuglinge bzw. Kleinkinder</def>
              <usg type="geo">
                <placeName type="grossregion" ref="/geodata-wboe.xml#p1C.3">öNTir.</placeName>
              </usg>
              <usg type="geo">
                <placeName type="grossregion" ref="/geodata-wboe.xml#p4.2">Pinzg.</placeName>
              </usg>
              <usg type="geo">
                <placeName type="bundesland" ref="/geodata-wboe.xml#p5">OÖ</placeName>
              </usg>
              <usg type="geo">
                <placeName type="bundesland" ref="/geodata-wboe.xml#p6">NÖ</placeName>
              </usg>
              <usg type="geo">
                <placeName type="grossregion" ref="/geodata-wboe.xml#p6.5">Wien</placeName>
              </usg>
              <cit type="example">
                <quote xml:lang="bar-AT">'s Kind is min flaschl aufzogn won</quote>
                <usg type="geo">
                  <placeName type="gemeinde" ref="/geodata-wboe.xml#p6.4d18">Poysdorf</placeName>
                </usg>
              </cit>
              <ptr type="collection" subtype="bedeutung" target="/collections-wboe.xml#c23906"/>
            </sense>
            <sense>
              <def>Rolle als Teil des Flaschenzugs</def>
              <usg type="geo">
                <placeName type="bundesland" ref="/geodata-wboe.xml#p1A">STir.</placeName>
              </usg>
              <usg type="geo">
                <placeName type="bundesland" ref="/geodata-wboe.xml#p1B">OTir.</placeName>
              </usg>
              <usg type="geo">
                <placeName type="bundesland" ref="/geodata-wboe.xml#p1C">NTir.</placeName>
              </usg>
              <usg type="geo">
                <placeName type="grossregion" ref="/geodata-wboe.xml#p2.1">ObKtn.</placeName>
              </usg>
              <ptr type="collection" subtype="bedeutung" target="/collections-wboe.xml#c23886"/>
            </sense>
          </sense>
          <sense>
            <sense>
              <def>mißliebiger oder tückischer Mensch</def>
              <usg>(gaunersprachlich)</usg>
              <usg type="geo">
                <placeName type="grossregion" ref="/geodata-wboe.xml#p6.5">Wien</placeName>
              </usg>
              <ptr type="collection" subtype="bedeutung" target="/collections-wboe.xml#c23883"/>
            </sense>
            <sense>
              <def>ungeschickter oder dummer Mensch</def>
              <usg>[pejorativ]</usg>
              <usg type="geo">
                <placeName type="grossregion" ref="/geodata-wboe.xml#p6.5">Wien</placeName>
              </usg>
              <ptr type="collection" subtype="bedeutung" target="/collections-wboe.xml#c23884"/>
            </sense>
            <sense>
              <def>dicker Mensch mit aufgedunsenem Gesicht und Körper</def>
              <usg>[pejorativ]</usg>
              <usg type="geo">
                <placeName type="grossregion" ref="/geodata-wboe.xml#p2.2">MKtn.</placeName>
              </usg>
              <cit type="example">
                <quote xml:lang="bar-AT">a rechta Floschn</quote>
                <usg type="geo">
                  <placeName type="gemeinde" ref="/geodata-wboe.xml#p2.2h01">Millstatt</placeName>
                </usg>
              </cit>
              <ptr type="collection" subtype="bedeutung" target="/collections-wboe.xml#c23236"/>
            </sense>
            <sense>
              <def>leichtlebige oder liederliche Frau</def>
              <usg>[pejorativ]</usg>
              <usg type="geo">
                <placeName type="bundesland" ref="/geodata-wboe.xml#p3">Stmk.</placeName>
              </usg>
              <ptr type="collection" subtype="bedeutung" target="/collections-wboe.xml#c23885"/>
            </sense>
          </sense>
          <sense>
            <def>(starke) Ohrfeige; Schlag, insbesondere Faustschlag ins Gesicht</def>
            <usg type="geo">
              <placeName type="bundesland" ref="/geodata-wboe.xml#p1A">STir.</placeName>
            </usg>
            <usg type="geo">
              <placeName type="bundesland" ref="/geodata-wboe.xml#p1B">OTir.</placeName>
            </usg>
            <usg type="geo">
              <placeName type="bundesland" ref="/geodata-wboe.xml#p1C">NTir.</placeName>
            </usg>
            <usg type="geo">
              <placeName type="bundesland" ref="/geodata-wboe.xml#p2">Ktn.</placeName>
            </usg>
            <usg type="geo">
              <placeName type="bundesland" ref="/geodata-wboe.xml#p3">Stmk.</placeName>
            </usg>
            <usg type="geo">
              <placeName type="bundesland" ref="/geodata-wboe.xml#p4">Sbg.</placeName>
            </usg>
            <usg type="geo">
              <placeName type="bundesland" ref="/geodata-wboe.xml#p5">OÖ</placeName>
            </usg>
            <usg type="geo">
              <placeName type="bundesland" ref="/geodata-wboe.xml#p6">NÖ</placeName>
            </usg>
            <usg type="geo">
              <placeName type="bundesland" ref="/geodata-wboe.xml#p6.5">Wien</placeName>
            </usg>
            <usg type="geo">
              <placeName type="bundesland" ref="/geodata-wboe.xml#p7">Bgl.</placeName>
            </usg>
            <cit type="example">
              <quote xml:lang="bar-AT">Oan' a flåschn geben</quote>
              <usg type="geo">
                <placeName type="bundesland" ref="/geodata-wboe.xml#p1A">STir.</placeName>
              </usg>
            </cit>
            <cit type="example">
              <quote xml:lang="bar-AT">du kriagst mᵃʳ a Flåschn</quote>
              <usg type="geo">
                <placeName type="gemeinde" ref="/geodata-wboe.xml#p2.3b05">Straßburg</placeName>
              </usg>
            </cit>
            <cit type="example">
              <quote xml:lang="bar-AT">I gī̆b ─ tără Floschn!</quote>
              <usg type="geo">
                <placeName type="gemeinde" ref="/geodata-wboe.xml#p3.1d03">Lobmingtal</placeName>
              </usg>
            </cit>
            <cit type="example">
              <quote xml:lang="bar-AT">a Mȯ͡achts drum Flåschn</quote>
              <usg type="geo">
                <placeName type="gemeinde" ref="/geodata-wboe.xml#p5.2b39">Schlatt</placeName>
              </usg>
            </cit>
            <cit type="example">
              <quote xml:lang="bar-AT">glāi griɒkkst ɒ̃ flǫššn!</quote>
              <usg type="geo">
                <placeName type="gemeinde" ref="/geodata-wboe.xml#p6.1o01">Herzogenburg</placeName>
              </usg>
            </cit>
            <cit type="example">
              <quote xml:lang="bar-AT">a Flǫschn owahauⁿ</quote>
              <usg type="geo">
                <placeName type="gemeinde" ref="/geodata-wboe.xml#p6.3j05">Meiseldorf</placeName>
              </usg>
            </cit>
            <cit type="example">
              <quote xml:lang="bar-AT">tua nur g'schwind a'paschen, sonst kriegst a Flaschen</quote>
              <usg type="geo">
                <placeName type="grossregion" ref="/geodata-wboe.xml#p6.5">Wien</placeName>
              </usg>
            </cit>
            <cit type="example">
              <quote xml:lang="bar-AT">Se kinnan von mir an Flåsch'n hab'n!</quote>
              <usg type="geo">
                <placeName type="grossregion" ref="/geodata-wboe.xml#p6.5">Wien</placeName>
              </usg>
            </cit>
            <ptr type="collection" subtype="bedeutung" target="/collections-wboe.xml#c23865"/>
          </sense>
        </sense>
        <re>
          <form subtype="compound" type="lemma">
            <orth>Benzinflasche</orth>
          </form>
          <sense>
            <sense>
              <def>Flasche, die Benzin enthält bzw. zum Aufbewahren von Benzin dient</def>
              <usg type="geo">
                <placeName type="grossregion" ref="/geodata-wboe.xml#p6.1">Mostv.</placeName>
              </usg>
              <ptr type="collection" subtype="bedeutung" target="/collections-wboe.xml#c21322"/>
            </sense>
          </sense>
        </re>
        <re>
          <form subtype="compound" type="lemma">
            <orth>Bettflasche</orth>
          </form>
          <sense>
            <sense>
              <def>mit heißem Wasser gefüllter Behälter (flache Flasche, Blechdose, Gummibeutel o. Ä.) mit Schraubverschluss zum Erwärmen des Bettes</def>
              <usg type="geo">
                <placeName type="grossregion" ref="/geodata-wboe.xml#p1C.1">wNTir.</placeName>
              </usg>
              <usg type="geo">
                <placeName type="grossregion" ref="/geodata-wboe.xml#p1C.2">mNTir.</placeName>
              </usg>
              <ptr type="collection" subtype="bedeutung" target="/collections-wboe.xml#c21324"/>
            </sense>
          </sense>
        </re>
        <re>
          <form subtype="compound" type="lemma">
            <orth>Bierflasche</orth>
          </form>
          <sense>
            <sense>
              <def>Flasche, die Bier enthält bzw. zum Aufbewahren von Bier dient</def>
              <usg type="geo">
                <placeName type="grossregion" ref="/geodata-wboe.xml#p1C.1">wNTir.</placeName>
              </usg>
              <usg type="geo">
                <placeName type="grossregion" ref="/geodata-wboe.xml#p3.1">sbair.ObStmk.</placeName>
              </usg>
              <usg type="geo">
                <placeName type="grossregion" ref="/geodata-wboe.xml#p3.2">mbair.ObStmk.</placeName>
              </usg>
              <usg type="geo">
                <placeName type="grossregion" ref="/geodata-wboe.xml#p5.1">Innv.</placeName>
              </usg>
              <usg type="geo">
                <placeName type="grossregion" ref="/geodata-wboe.xml#p5.2">Hausrv.</placeName>
              </usg>
              <usg type="geo">
                <placeName type="grossregion" ref="/geodata-wboe.xml#p5.4">Mühlv.</placeName>
              </usg>
              <usg type="geo">
                <placeName type="bundesland" ref="/geodata-wboe.xml#p6">NÖ</placeName>
              </usg>
              <ptr type="collection" subtype="bedeutung" target="/collections-wboe.xml#c21325"/>
            </sense>
          </sense>
        </re>
        <re>
          <form subtype="compound" type="lemma">
            <orth>Branntweinflasche</orth>
          </form>
          <sense>
            <sense>
              <def>Flasche, die Branntwein enthält bzw. zum Aufbewahren von Branntwein dient</def>
              <usg type="geo">
                <placeName type="grossregion" ref="/geodata-wboe.xml#p1C.3">öNTir.</placeName>
              </usg>
              <usg type="geo">
                <placeName type="grossregion" ref="/geodata-wboe.xml#p5.1">Innv.</placeName>
              </usg>
              <usg type="geo">
                <placeName type="grossregion" ref="/geodata-wboe.xml#p6.3">Waldv.</placeName>
              </usg>
              <usg type="geo">
                <placeName type="grossregion" ref="/geodata-wboe.xml#p6.4">Weinv.</placeName>
              </usg>
              <ptr type="collection" subtype="bedeutung" target="/collections-wboe.xml#c21328"/>
            </sense>
          </sense>
        </re>
        <re>
          <form subtype="compound" type="lemma">
            <orth>Egererflasche</orth>
          </form>
          <sense>
            <sense>
              <sense>
                <def>aus dem Egerland importierte Flasche mit Mineralwasser (Tonflasche mit einem Fassungsvermögen von einem Liter)</def>
                <def type="umschreibung">(man beachte die Stadt Eger und das Egerländer Bäderdreieck Karlsbad, Marienbad, Franzensbad)</def>
                <usg type="geo">
                  <placeName type="bundesland" ref="/geodata-wboe.xml#p1A">STir.</placeName>
                </usg>
                <ptr type="collection" subtype="bedeutung" target="/collections-wboe.xml#c22517"/>
              </sense>
              <sense>
                <def>Schnapsflasche</def>
                <usg type="geo">
                  <placeName type="grossregion" ref="/geodata-wboe.xml#p1A.4">öSTir.</placeName>
                </usg>
                <ptr type="collection" subtype="bedeutung" target="/collections-wboe.xml#c24871"/>
              </sense>
            </sense>
          </sense>
        </re>
        <re>
          <form subtype="compound" type="lemma">
            <orth>Eingussflasche</orth>
          </form>
          <sense>
            <sense>
              <def>Glas, mit dem man Kindern und Pferden Medikamente verabreicht</def>
              <def type="umschreibung">(früheres tierärztliches Instrument zum Eingießen flüssiger Arzneimittel, die in den Magen von Tieren eingebracht werden sollen)</def>
              <usg type="geo">
                <placeName type="grossregion" ref="/geodata-wboe.xml#p1C.3">öNTir.</placeName>
              </usg>
              <ptr type="collection" subtype="bedeutung" target="/collections-wboe.xml#c22518"/>
            </sense>
          </sense>
        </re>
        <re>
          <form subtype="compound" type="lemma">
            <orth>Essigflasche</orth>
          </form>
          <sense>
            <sense>
              <def>Flasche, die Essig enthält bzw. zum Aufbewahren von Essig dient</def>
              <usg type="geo">
                <placeName type="grossregion" ref="/geodata-wboe.xml#p1C.1">wNTir.</placeName>
              </usg>
              <usg type="geo">
                <placeName type="grossregion" ref="/geodata-wboe.xml#p1C.2">mNTir.</placeName>
              </usg>
              <usg type="geo">
                <placeName type="grossregion" ref="/geodata-wboe.xml#p2.1">ObKtn.</placeName>
              </usg>
              <usg type="geo">
                <placeName type="grossregion" ref="/geodata-wboe.xml#p3.1">sbair.ObStmk.</placeName>
              </usg>
              <usg type="geo">
                <placeName type="grossregion" ref="/geodata-wboe.xml#p3.3">WStmk.</placeName>
              </usg>
              <usg type="geo">
                <placeName type="grossregion" ref="/geodata-wboe.xml#p5.1">Innv.</placeName>
              </usg>
              <usg type="geo">
                <placeName type="grossregion" ref="/geodata-wboe.xml#p5.2">Hausrv.</placeName>
              </usg>
              <usg type="geo">
                <placeName type="grossregion" ref="/geodata-wboe.xml#p6.1">Mostv.</placeName>
              </usg>
              <usg type="geo">
                <placeName type="grossregion" ref="/geodata-wboe.xml#p6.3">Waldv.</placeName>
              </usg>
              <usg type="geo">
                <placeName type="grossregion" ref="/geodata-wboe.xml#p6.4">Weinv.</placeName>
              </usg>
              <usg type="geo">
                <placeName type="grossregion" ref="/geodata-wboe.xml#p7.2">MBgl.</placeName>
              </usg>
              <ptr type="collection" subtype="bedeutung" target="/collections-wboe.xml#c22519"/>
            </sense>
          </sense>
        </re>
        <re>
          <form subtype="compound" type="lemma">
            <orth>Feldflasche</orth>
          </form>
          <sense>
            <sense>
              <def>zur Feldausrüstung gehörende flache Flasche aus Blech zum Mitführen von Getränken</def>
              <usg type="geo">
                <placeName type="grossregion" ref="/geodata-wboe.xml#p1A.4">öSTir.</placeName>
              </usg>
              <usg type="geo">
                <placeName type="bundesland" ref="/geodata-wboe.xml#p1C">NTir.</placeName>
              </usg>
              <usg type="geo">
                <placeName type="grossregion" ref="/geodata-wboe.xml#p2.2">MKtn.</placeName>
              </usg>
              <usg type="geo">
                <placeName type="grossregion" ref="/geodata-wboe.xml#p3.1">sbair.ObStmk.</placeName>
              </usg>
              <usg type="geo">
                <placeName type="grossregion" ref="/geodata-wboe.xml#p3.2">mbair.ObStmk.</placeName>
              </usg>
              <usg type="geo">
                <placeName type="grossregion" ref="/geodata-wboe.xml#p5.2">Hausrv.</placeName>
              </usg>
              <usg type="geo">
                <placeName type="grossregion" ref="/geodata-wboe.xml#p5.3">Traunv.</placeName>
              </usg>
              <usg type="geo">
                <placeName type="grossregion" ref="/geodata-wboe.xml#p5.4">Mühlv.</placeName>
              </usg>
              <usg type="geo">
                <placeName type="grossregion" ref="/geodata-wboe.xml#p6.1">Mostv.</placeName>
              </usg>
              <usg type="geo">
                <placeName type="grossregion" ref="/geodata-wboe.xml#p6.3">Waldv.</placeName>
              </usg>
              <usg type="geo">
                <placeName type="grossregion" ref="/geodata-wboe.xml#p6.4">Weinv.</placeName>
              </usg>
              <usg type="geo">
                <placeName type="grossregion" ref="/geodata-wboe.xml#p6.5">Wien</placeName>
              </usg>
              <ptr type="collection" subtype="bedeutung" target="/collections-wboe.xml#c21299"/>
            </sense>
          </sense>
        </re>
        <re>
          <form subtype="compound" type="lemma">
            <orth>Flößerflasche</orth>
          </form>
          <sense>
            <sense>
              <def>größere Blechflasche von besonderer Form für Flößer</def>
              <usg type="geo">
                <placeName type="bundesland" ref="/geodata-wboe.xml#p3">Stmk.</placeName>
              </usg>
              <ptr type="collection" subtype="bedeutung" target="/collections-wboe.xml#c21297"/>
            </sense>
          </sense>
        </re>
        <re>
          <form subtype="compound" type="lemma">
            <orth>Fußflasche</orth>
          </form>
          <sense>
            <sense>
              <def>Wärmflasche für die Füße</def>
              <usg type="geo">
                <placeName type="grossregion" ref="/geodata-wboe.xml#p1A.1">wSTir.</placeName>
              </usg>
              <usg type="geo">
                <placeName type="grossregion" ref="/geodata-wboe.xml#p1C.1">wNTir.</placeName>
              </usg>
              <usg type="geo">
                <placeName type="grossregion" ref="/geodata-wboe.xml#p6.4">Weinv.</placeName>
              </usg>
              <ptr type="collection" subtype="bedeutung" target="/collections-wboe.xml#c21298"/>
            </sense>
          </sense>
        </re>
        <re>
          <form subtype="compound" type="lemma">
            <orth>Godelflasche</orth>
          </form>
          <sense>
            <sense>
              <def>mit Bier, Met oder gutem Most gefüllte Flasche, die der Pate bei sich hat</def>
              <usg type="geo">
                <placeName type="grossregion" ref="/geodata-wboe.xml#p5.4">Mühlv.</placeName>
              </usg>
              <ptr type="collection" subtype="bedeutung" target="/collections-wboe.xml#c21300"/>
            </sense>
          </sense>
        </re>
        <re>
          <form subtype="compound" type="lemma">
            <orth>Halbliterflasche</orth>
          </form>
          <sense>
            <sense>
              <def>Flasche mit einem Fassungsvermögen von einem halben Liter</def>
              <usg type="geo">
                <placeName type="grossregion" ref="/geodata-wboe.xml#p1C.1">wNTir.</placeName>
              </usg>
              <ptr type="collection" subtype="bedeutung" target="/collections-wboe.xml#c21301"/>
            </sense>
          </sense>
        </re>
        <re>
          <form subtype="compound" type="lemma">
            <orth>Jagdflasche</orth>
          </form>
          <sense>
            <sense>
              <def>bei der Jagd verwendete bzw. zur Jagdausrüstung gehörende Flasche</def>
              <usg type="geo">
                <placeName type="grossregion" ref="/geodata-wboe.xml#p6.5">Wien</placeName>
              </usg>
              <ptr type="collection" subtype="bedeutung" target="/collections-wboe.xml#c21302"/>
            </sense>
          </sense>
        </re>
        <re>
          <form subtype="compound" type="lemma">
            <orth>Kaffeeflasche</orth>
          </form>
          <sense>
            <sense>
              <def>Flasche zum Aufbewahren (und in der Regel Warmhalten) von Kaffee</def>
              <usg type="geo">
                <placeName type="grossregion" ref="/geodata-wboe.xml#p6.3">Waldv.</placeName>
              </usg>
              <ptr type="collection" subtype="bedeutung" target="/collections-wboe.xml#c21303"/>
            </sense>
          </sense>
        </re>
        <re>
          <form subtype="compound" type="lemma">
            <orth>Kindstuttenfläscherl</orth>
            <gramGrp>
              <usg>(Diminutiv)</usg>
            </gramGrp>
          </form>
          <sense>
            <sense>
              <def>Saugflasche aus Zinn oder Glas, in die man die (lau)warme Milch für Säuglinge bzw. Kleinkinder füllt</def>
              <usg type="geo">
                <placeName type="grossregion" ref="/geodata-wboe.xml#p5.1">Innv.</placeName>
              </usg>
              <usg type="geo">
                <placeName type="grossregion" ref="/geodata-wboe.xml#p5.2">Hausrv.</placeName>
              </usg>
              <ptr type="collection" subtype="bedeutung" target="/collections-wboe.xml#c21304"/>
            </sense>
          </sense>
        </re>
        <re>
          <form subtype="compound" type="lemma">
            <orth>Korbflasche</orth>
          </form>
          <sense>
            <sense>
              <def>Flasche, die von einem Korbgeflecht umhüllt ist</def>
              <usg type="geo">
                <placeName type="grossregion" ref="/geodata-wboe.xml#p1A.4">öSTir.</placeName>
              </usg>
              <usg type="geo">
                <placeName type="bundesland" ref="/geodata-wboe.xml#p1C">NTir.</placeName>
              </usg>
              <usg type="geo">
                <placeName type="grossregion" ref="/geodata-wboe.xml#p2.1">ObKtn.</placeName>
              </usg>
              <usg type="geo">
                <placeName type="grossregion" ref="/geodata-wboe.xml#p2.2">MKtn.</placeName>
              </usg>
              <usg type="geo">
                <placeName type="grossregion" ref="/geodata-wboe.xml#p3.1">sbair.ObStmk.</placeName>
              </usg>
              <usg type="geo">
                <placeName type="grossregion" ref="/geodata-wboe.xml#p3.2">mbair.ObStmk.</placeName>
              </usg>
              <usg type="geo">
                <placeName type="grossregion" ref="/geodata-wboe.xml#p3.3">WStmk.</placeName>
              </usg>
              <usg type="geo">
                <placeName type="grossregion" ref="/geodata-wboe.xml#p5.2">Hausrv.</placeName>
              </usg>
              <usg type="geo">
                <placeName type="grossregion" ref="/geodata-wboe.xml#p5.4">Mühlv.</placeName>
              </usg>
              <usg type="geo">
                <placeName type="grossregion" ref="/geodata-wboe.xml#p6.1">Mostv.</placeName>
              </usg>
              <usg type="geo">
                <placeName type="grossregion" ref="/geodata-wboe.xml#p6.3">Waldv.</placeName>
              </usg>
              <ptr type="collection" subtype="bedeutung" target="/collections-wboe.xml#c21306"/>
            </sense>
          </sense>
        </re>
        <re>
          <form subtype="compound" type="lemma">
            <orth>Lackfläschel</orth>
            <gramGrp>
              <usg>(Diminutiv)</usg>
            </gramGrp>
          </form>
          <sense>
            <sense>
              <def>kleiner, unscheinbarer, unbedeutender Mensch; Zwerg; Schwächling</def>
              <usg>(Schimpfwort)</usg>
              <usg type="geo">
                <placeName type="bundesland" ref="/geodata-wboe.xml#p3">Stmk.</placeName>
              </usg>
              <ptr type="collection" subtype="bedeutung" target="/collections-wboe.xml#c21311"/>
            </sense>
          </sense>
        </re>
        <re>
          <form subtype="compound" type="lemma">
            <orth>Leibflasche</orth>
          </form>
          <sense>
            <sense>
              <def>Wärmflasche für den Körper</def>
              <usg type="geo">
                <placeName type="grossregion" ref="/geodata-wboe.xml#p6.2">Industriev.</placeName>
              </usg>
              <ptr type="collection" subtype="bedeutung" target="/collections-wboe.xml#c21308"/>
            </sense>
          </sense>
        </re>
        <re>
          <form subtype="compound" type="lemma">
            <orth>Literflasche</orth>
          </form>
          <sense>
            <sense>
              <def>Flasche mit einem Fassungsvermögen von einem Liter</def>
              <usg type="geo">
                <placeName type="grossregion" ref="/geodata-wboe.xml#p1C.1">wNTir.</placeName>
              </usg>
              <usg type="geo">
                <placeName type="grossregion" ref="/geodata-wboe.xml#p3.1">sbair.ObStmk.</placeName>
              </usg>
              <usg type="geo">
                <placeName type="grossregion" ref="/geodata-wboe.xml#p3.3">WStmk.</placeName>
              </usg>
              <usg type="geo">
                <placeName type="grossregion" ref="/geodata-wboe.xml#p4.2">Pinzg.</placeName>
              </usg>
              <usg type="geo">
                <placeName type="grossregion" ref="/geodata-wboe.xml#p5.2">Hausrv.</placeName>
              </usg>
              <usg type="geo">
                <placeName type="grossregion" ref="/geodata-wboe.xml#p6.2">Industriev.</placeName>
              </usg>
              <usg type="geo">
                <placeName type="grossregion" ref="/geodata-wboe.xml#p6.3">Waldv.</placeName>
              </usg>
              <ptr type="collection" subtype="bedeutung" target="/collections-wboe.xml#c21309"/>
            </sense>
          </sense>
        </re>
        <re>
          <form subtype="compound" type="lemma">
            <orth>Lullfläschel</orth>
          </form>
          <form subtype="compound" type="lemma">
            <orth>Lullfläschelein</orth>
            <gramGrp>
              <usg>(Diminutiv)</usg>
            </gramGrp>
          </form>
          <sense>
            <sense>
              <def>Saugflasche für Säuglinge bzw. Kleinkinder</def>
              <usg type="geo">
                <placeName type="bundesland" ref="/geodata-wboe.xml#p1C">NTir.</placeName>
              </usg>
              <ptr type="collection" subtype="bedeutung" target="/collections-wboe.xml#c21310"/>
            </sense>
          </sense>
        </re>
        <re>
          <form subtype="compound" type="lemma">
            <orth>Maßflasche</orth>
          </form>
          <sense>
            <sense>
              <def>für die Weinkost übliche Flaschenart</def>
              <usg type="geo">
                <placeName type="grossregion" ref="/geodata-wboe.xml#p6.4">Weinv.</placeName>
              </usg>
              <ptr type="collection" subtype="bedeutung" target="/collections-wboe.xml#c21318"/>
            </sense>
          </sense>
        </re>
        <re>
          <form subtype="compound" type="lemma">
            <orth>Maulflasche</orth>
          </form>
          <sense>
            <sense>
              <def>Schlag auf den Mund; Ohrfeige</def>
              <usg type="geo">
                <placeName type="bundesland" ref="/geodata-wboe.xml#p3">Stmk.</placeName>
              </usg>
              <ptr type="collection" subtype="bedeutung" target="/collections-wboe.xml#c21312"/>
            </sense>
          </sense>
        </re>
        <re>
          <form subtype="compound" type="lemma">
            <orth>Medizinfläschel</orth>
          </form>
          <form subtype="compound" type="lemma">
            <orth>Medizinfläscherl</orth>
            <gramGrp>
              <usg>(Diminutiv)</usg>
            </gramGrp>
          </form>
          <sense>
            <sense>
              <def>kleine Flasche, die ein Arzneimittel enthält bzw. zum Aufbewahren eines Arzneimittels dient</def>
              <usg type="geo">
                <placeName type="grossregion" ref="/geodata-wboe.xml#p1C.3">öNTir.</placeName>
              </usg>
              <usg type="geo">
                <placeName type="grossregion" ref="/geodata-wboe.xml#p5.2">Hausrv.</placeName>
              </usg>
              <usg type="geo">
                <placeName type="grossregion" ref="/geodata-wboe.xml#p6.3">Waldv.</placeName>
              </usg>
              <usg type="geo">
                <placeName type="grossregion" ref="/geodata-wboe.xml#p6.4">Weinv.</placeName>
              </usg>
              <usg type="geo">
                <placeName type="grossregion" ref="/geodata-wboe.xml#p6.5">Wien</placeName>
              </usg>
              <ptr type="collection" subtype="bedeutung" target="/collections-wboe.xml#c21313"/>
            </sense>
          </sense>
        </re>
        <re>
          <form subtype="compound" type="lemma">
            <orth>Melkflasche</orth>
          </form>
          <sense>
            <sense>
              <def>beim Melken verwendetes Gefäß; blecherner Melkeimer</def>
              <usg type="geo">
                <placeName type="grossregion" ref="/geodata-wboe.xml#p4.2">Pinzg.</placeName>
              </usg>
              <ptr type="collection" subtype="bedeutung" target="/collections-wboe.xml#c21319"/>
            </sense>
          </sense>
        </re>
        <re>
          <form subtype="compound" type="lemma">
            <orth>Metallflasche</orth>
          </form>
          <sense>
            <sense>
              <def>Tränkkübel für Kälber</def>
              <usg type="geo">
                <placeName type="grossregion" ref="/geodata-wboe.xml#p4.2">Pinzg.</placeName>
              </usg>
              <ptr type="collection" subtype="bedeutung" target="/collections-wboe.xml#c21314"/>
            </sense>
          </sense>
        </re>
        <re>
          <form subtype="compound" type="lemma">
            <orth>Milchflasche</orth>
          </form>
          <sense>
            <sense>
              <sense>
                <def>Flasche, die Milch enthält bzw. zum Aufbewahren von Milch dient</def>
                <usg type="geo">
                  <placeName type="grossregion" ref="/geodata-wboe.xml#p1C.1">wNTir.</placeName>
                </usg>
                <usg type="geo">
                  <placeName type="grossregion" ref="/geodata-wboe.xml#p6.1">Mostv.</placeName>
                </usg>
                <ptr type="collection" subtype="bedeutung" target="/collections-wboe.xml#c23227"/>
              </sense>
              <sense>
                <xr type="lemma">
                  <ref>Milchfläschel, Milchfläscherl, Milchfläschelein</ref>
                </xr>
                <usg>(Diminutiv)</usg>
                <def>Saugflasche für Säuglinge bzw. Kleinkinder, die Milch enthält bzw. zum Trinken (und Aufbewahren) von Milch dient</def>
                <usg type="geo">
                  <placeName type="grossregion" ref="/geodata-wboe.xml#p1C.1">wNTir.</placeName>
                </usg>
                <usg type="geo">
                  <placeName type="grossregion" ref="/geodata-wboe.xml#p3.3">WStmk.</placeName>
                </usg>
                <usg type="geo">
                  <placeName type="grossregion" ref="/geodata-wboe.xml#p5.1">Innv.</placeName>
                </usg>
                <usg type="geo">
                  <placeName type="grossregion" ref="/geodata-wboe.xml#p5.2">Hausrv.</placeName>
                </usg>
                <usg type="geo">
                  <placeName type="grossregion" ref="/geodata-wboe.xml#p6.4">Weinv.</placeName>
                </usg>
                <usg type="geo">
                  <placeName type="grossregion" ref="/geodata-wboe.xml#p6.5">Wien</placeName>
                </usg>
                <ptr type="collection" subtype="bedeutung" target="/collections-wboe.xml#c21315"/>
              </sense>
            </sense>
            <sense>
              <def>Fauststoß in die Kniekehle (eine Leibesstrafe im Kinderspiel)</def>
              <usg type="geo">
                <placeName type="grossregion" ref="/geodata-wboe.xml#p6.5">Wien</placeName>
              </usg>
              <ptr type="collection" subtype="bedeutung" target="/collections-wboe.xml#c23229"/>
            </sense>
          </sense>
        </re>
        <re>
          <form subtype="compound" type="lemma">
            <orth>Mordsflasche</orth>
          </form>
          <sense>
            <sense>
              <def>besonders starke, schallende Ohrfeige</def>
              <usg type="geo">
                <placeName type="grossregion" ref="/geodata-wboe.xml#p2.1">ObKtn.</placeName>
              </usg>
              <usg type="geo">
                <placeName type="grossregion" ref="/geodata-wboe.xml#p5.2">Hausrv.</placeName>
              </usg>
              <ptr type="collection" subtype="bedeutung" target="/collections-wboe.xml#c21316"/>
            </sense>
          </sense>
        </re>
        <re>
          <form subtype="compound" type="lemma">
            <orth>Mostflasche</orth>
          </form>
          <sense>
            <sense>
              <def>Flasche, die Most enthält bzw. zum Aufbewahren von Most dient</def>
              <usg type="geo">
                <placeName type="grossregion" ref="/geodata-wboe.xml#p6.1">Mostv.</placeName>
              </usg>
              <ptr type="collection" subtype="bedeutung" target="/collections-wboe.xml#c21317"/>
            </sense>
          </sense>
        </re>
        <re>
          <form subtype="compound" type="lemma">
            <orth>Nabelflasche</orth>
          </form>
          <sense>
            <sense>
              <def>alte Trinkflaschenart aus Glas, bei der sich in der Mitte der Wandung (auf mindestens einer Seite) eine Einbuchtung befindet, deren Form an einen Nabel erinnert</def>
              <usg type="geo">
                <placeName type="bundesland" ref="/geodata-wboe.xml#p1A">STir.</placeName>
              </usg>
              <ptr type="collection" subtype="bedeutung" target="/collections-wboe.xml#c21320"/>
            </sense>
          </sense>
        </re>
        <re>
          <form subtype="compound" type="lemma">
            <orth>Ohrfläschel</orth>
            <gramGrp>
              <usg>(Diminutiv)</usg>
            </gramGrp>
          </form>
          <sense>
            <sense>
              <def>seitliche, das Ohr bedeckende Verlängerung, Klappe o. Ä. an den Wintermützen von Buben, die zum Schutz vor Kälte und Wind dient</def>
              <usg type="geo">
                <placeName type="grossregion" ref="/geodata-wboe.xml#p5.2">Hausrv.</placeName>
              </usg>
              <ptr type="collection" subtype="bedeutung" target="/collections-wboe.xml#c21430"/>
            </sense>
          </sense>
        </re>
        <re>
          <form subtype="compound" type="lemma">
            <orth>Ölflasche</orth>
          </form>
          <sense>
            <sense>
              <sense>
                <def>Flasche, die Öl (insbesondere Speiseöl oder auch Parfumöl) enthält bzw. zum Aufbewahren von Öl dient</def>
                <usg type="geo">
                  <placeName type="grossregion" ref="/geodata-wboe.xml#p1C.2">mNTir.</placeName>
                </usg>
                <usg type="geo">
                  <placeName type="grossregion" ref="/geodata-wboe.xml#p1C.3">öNTir.</placeName>
                </usg>
                <usg type="geo">
                  <placeName type="grossregion" ref="/geodata-wboe.xml#p2.1">ObKtn.</placeName>
                </usg>
                <usg type="geo">
                  <placeName type="grossregion" ref="/geodata-wboe.xml#p3.1">sbair.ObStmk.</placeName>
                </usg>
                <usg type="geo">
                  <placeName type="grossregion" ref="/geodata-wboe.xml#p3.3">WStmk.</placeName>
                </usg>
                <usg type="geo">
                  <placeName type="grossregion" ref="/geodata-wboe.xml#p5.1">Innv.</placeName>
                </usg>
                <usg type="geo">
                  <placeName type="grossregion" ref="/geodata-wboe.xml#p5.2">Hausrv.</placeName>
                </usg>
                <usg type="geo">
                  <placeName type="grossregion" ref="/geodata-wboe.xml#p6.1">Mostv.</placeName>
                </usg>
                <usg type="geo">
                  <placeName type="grossregion" ref="/geodata-wboe.xml#p6.4">Weinv.</placeName>
                </usg>
                <ptr type="collection" subtype="bedeutung" target="/collections-wboe.xml#c21431"/>
              </sense>
              <sense>
                <def>Ölkappe</def>
                <usg type="geo">
                  <placeName type="grossregion" ref="/geodata-wboe.xml#p6.5">Wien</placeName>
                </usg>
                <ptr type="collection" subtype="bedeutung" target="/collections-wboe.xml#c22676"/>
              </sense>
            </sense>
          </sense>
        </re>
        <re>
          <form subtype="compound" type="lemma">
            <orth>Parfumfläschel</orth>
            <gramGrp>
              <usg>(Diminutiv)</usg>
            </gramGrp>
          </form>
          <sense>
            <sense>
              <def>kleine Flasche, die Parfum enthält bzw. zum Aufbewahren von Parfum dient</def>
              <usg type="geo">
                <placeName type="grossregion" ref="/geodata-wboe.xml#p6.1">Mostv.</placeName>
              </usg>
              <ptr type="collection" subtype="bedeutung" target="/collections-wboe.xml#c21321"/>
            </sense>
          </sense>
        </re>
        <re>
          <form subtype="compound" type="lemma">
            <orth>Petersflasche</orth>
          </form>
          <sense>
            <sense>
              <def>Plejaden; Siebengestirn</def>
              <def type="umschreibung">(ein sog. offener Sternhaufen, der mit bloßem Auge zu sehen ist)</def>
              <usg type="geo">
                <placeName type="bundesland" ref="/geodata-wboe.xml#p3">Stmk.</placeName>
              </usg>
              <usg type="geo">
                <placeName type="grossregion" ref="/geodata-wboe.xml#p6.1">Mostv.</placeName>
              </usg>
              <usg type="geo">
                <placeName type="grossregion" ref="/geodata-wboe.xml#p6.4">Weinv.</placeName>
              </usg>
              <ptr type="collection" subtype="bedeutung" target="/collections-wboe.xml#c21329"/>
            </sense>
          </sense>
        </re>
        <re>
          <form subtype="compound" type="lemma">
            <orth>Petroleumflasche</orth>
          </form>
          <sense>
            <sense>
              <def>Flasche, die Petroleum enthält bzw. zum Aufbewahren von Petroleum dient</def>
              <usg type="geo">
                <placeName type="grossregion" ref="/geodata-wboe.xml#p6.4">Weinv.</placeName>
              </usg>
              <ptr type="collection" subtype="bedeutung" target="/collections-wboe.xml#c21323"/>
            </sense>
          </sense>
        </re>
        <re>
          <form subtype="compound" type="lemma">
            <orth>Petrusflasche</orth>
          </form>
          <sense>
            <sense>
              <def>Plejaden; Siebengestirn</def>
              <def type="umschreibung">(ein sog. offener Sternhaufen, der mit bloßem Auge zu sehen ist)</def>
              <usg type="geo">
                <placeName type="grossregion" ref="/geodata-wboe.xml#p5.2">Hausrv.</placeName>
              </usg>
              <usg type="geo">
                <placeName type="grossregion" ref="/geodata-wboe.xml#p6.2">Industriev.</placeName>
              </usg>
              <usg type="geo">
                <placeName type="grossregion" ref="/geodata-wboe.xml#p6.3">Waldv.</placeName>
              </usg>
              <usg type="geo">
                <placeName type="grossregion" ref="/geodata-wboe.xml#p6.4">Weinv.</placeName>
              </usg>
              <ptr type="collection" subtype="bedeutung" target="/collections-wboe.xml#c21330"/>
            </sense>
          </sense>
        </re>
        <re>
          <form subtype="compound" type="lemma">
            <orth>Rechenflasche</orth>
          </form>
          <sense>
            <sense>
              <def>Verbreiterung am oberen Ende des Rechenstiels</def>
              <usg type="geo">
                <placeName type="bundesland" ref="/geodata-wboe.xml#p5">OÖ</placeName>
              </usg>
              <ptr type="collection" subtype="bedeutung" target="/collections-wboe.xml#c21332"/>
            </sense>
          </sense>
        </re>
        <re>
          <form subtype="compound" type="lemma">
            <orth>Rumfläschel</orth>
            <gramGrp>
              <usg>(Diminutiv)</usg>
            </gramGrp>
          </form>
          <sense>
            <sense>
              <def>Flasche, die Rum enthält bzw. zum Aufbewahren von Rum dient</def>
              <usg type="geo">
                <placeName type="grossregion" ref="/geodata-wboe.xml#p1C.3">öNTir.</placeName>
              </usg>
              <usg type="geo">
                <placeName type="grossregion" ref="/geodata-wboe.xml#p6.4">Weinv.</placeName>
              </usg>
              <usg type="geo">
                <placeName type="grossregion" ref="/geodata-wboe.xml#p6.5">Wien</placeName>
              </usg>
              <ptr type="collection" subtype="bedeutung" target="/collections-wboe.xml#c21331"/>
            </sense>
          </sense>
        </re>
        <re>
          <form subtype="compound" type="lemma">
            <orth>Sackfläschel</orth>
            <gramGrp>
              <usg>(Diminutiv)</usg>
            </gramGrp>
          </form>
          <sense>
            <sense>
              <def>kleine und flache gläserne Flasche, die man bequem in eine Tasche stecken kann</def>
              <usg type="geo">
                <placeName type="bundesland" ref="/geodata-wboe.xml#p3">Stmk.</placeName>
              </usg>
              <ptr type="collection" subtype="bedeutung" target="/collections-wboe.xml#c21333"/>
            </sense>
          </sense>
        </re>
        <re>
          <form subtype="compound" type="lemma">
            <orth>Samenflasche</orth>
          </form>
          <sense>
            <sense>
              <def>Flasche, meist aus Glas, zum Aufbewahren von Samen</def>
              <usg type="geo">
                <placeName type="grossregion" ref="/geodata-wboe.xml#p2.2">MKtn.</placeName>
              </usg>
              <ptr type="collection" subtype="bedeutung" target="/collections-wboe.xml#c21340"/>
            </sense>
          </sense>
        </re>
        <re>
          <form subtype="compound" type="lemma">
            <orth>Sauerbrunnflasche</orth>
          </form>
          <sense>
            <sense>
              <def>Flasche, die kohlensäurehaltiges Mineralwasser enthält bzw. zum Aufbewahren eines solchen dient</def>
              <usg type="geo">
                <placeName type="grossregion" ref="/geodata-wboe.xml#p3.3">WStmk.</placeName>
              </usg>
              <ptr type="collection" subtype="bedeutung" target="/collections-wboe.xml#c21334"/>
            </sense>
          </sense>
        </re>
        <re>
          <form subtype="compound" type="lemma">
            <orth>Saugflasche</orth>
          </form>
          <sense>
            <sense>
              <def>Flasche mit einem Trinksauger für Säuglinge bzw. Kleinkinder</def>
              <usg type="geo">
                <placeName type="grossregion" ref="/geodata-wboe.xml#p1C.1">wNTir.</placeName>
              </usg>
              <usg type="geo">
                <placeName type="grossregion" ref="/geodata-wboe.xml#p5.3">Traunv.</placeName>
              </usg>
              <ptr type="collection" subtype="bedeutung" target="/collections-wboe.xml#c21335"/>
            </sense>
          </sense>
        </re>
        <re>
          <form subtype="compound" type="lemma">
            <orth>Schnapsflasche</orth>
          </form>
          <sense>
            <sense>
              <def>Flasche, die Schnaps enthält bzw. zum Aufbewahren von Schnaps dient</def>
              <usg type="geo">
                <placeName type="bundesland" ref="/geodata-wboe.xml#p1C">NTir.</placeName>
              </usg>
              <usg type="geo">
                <placeName type="grossregion" ref="/geodata-wboe.xml#p2.1">ObKtn.</placeName>
              </usg>
              <usg type="geo">
                <placeName type="grossregion" ref="/geodata-wboe.xml#p2.2">MKtn.</placeName>
              </usg>
              <usg type="geo">
                <placeName type="grossregion" ref="/geodata-wboe.xml#p3.1">sbair.ObStmk.</placeName>
              </usg>
              <usg type="geo">
                <placeName type="grossregion" ref="/geodata-wboe.xml#p3.2">mbair.ObStmk.</placeName>
              </usg>
              <usg type="geo">
                <placeName type="grossregion" ref="/geodata-wboe.xml#p3.3">WStmk.</placeName>
              </usg>
              <usg type="geo">
                <placeName type="bundesland" ref="/geodata-wboe.xml#p5">OÖ</placeName>
              </usg>
              <usg type="geo">
                <placeName type="bundesland" ref="/geodata-wboe.xml#p6">NÖ</placeName>
              </usg>
              <usg type="geo">
                <placeName type="grossregion" ref="/geodata-wboe.xml#p7.2">MBgl.</placeName>
              </usg>
              <ptr type="collection" subtype="bedeutung" target="/collections-wboe.xml#c21336"/>
            </sense>
          </sense>
        </re>
        <re>
          <form subtype="compound" type="lemma">
            <orth>Schuhflasche</orth>
          </form>
          <sense>
            <sense>
              <def>Zunge bei Schnürschuhen</def>
              <usg type="geo">
                <placeName type="grossregion" ref="/geodata-wboe.xml#p5.3">Traunv.</placeName>
              </usg>
              <ptr type="collection" subtype="bedeutung" target="/collections-wboe.xml#c21337"/>
            </sense>
          </sense>
        </re>
        <re>
          <form subtype="compound" type="lemma">
            <orth>Schulflasche</orth>
          </form>
          <sense>
            <sense>
              <def>Trinkflasche für Kinder zur Verwendung in der Schule</def>
              <usg type="geo">
                <placeName type="grossregion" ref="/geodata-wboe.xml#p4.2">Pinzg.</placeName>
              </usg>
              <ptr type="collection" subtype="bedeutung" target="/collections-wboe.xml#c21338"/>
            </sense>
          </sense>
        </re>
        <re>
          <form subtype="compound" type="lemma">
            <orth>Teierfläschel</orth>
            <gramGrp>
              <usg>(Diminutiv)</usg>
            </gramGrp>
          </form>
          <sense>
            <sense>
              <def>Saugflasche für Säuglinge bzw. Kleinkinder</def>
              <usg type="geo">
                <placeName type="grossregion" ref="/geodata-wboe.xml#p5.1">Innv.</placeName>
              </usg>
              <ptr type="collection" subtype="bedeutung" target="/collections-wboe.xml#c21342"/>
            </sense>
          </sense>
        </re>
        <re>
          <form subtype="compound" type="lemma">
            <orth>Tintenflasche</orth>
          </form>
          <sense>
            <sense>
              <def>Flasche, die Tinte enthält bzw. zum Aufbewahren von Tinte dient</def>
              <usg type="geo">
                <placeName type="grossregion" ref="/geodata-wboe.xml#p3.1">sbair.ObStmk.</placeName>
              </usg>
              <usg type="geo">
                <placeName type="grossregion" ref="/geodata-wboe.xml#p5.2">Hausrv.</placeName>
              </usg>
              <usg type="geo">
                <placeName type="grossregion" ref="/geodata-wboe.xml#p6.1">Mostv.</placeName>
              </usg>
              <usg type="geo">
                <placeName type="grossregion" ref="/geodata-wboe.xml#p6.4">Weinv.</placeName>
              </usg>
              <ptr type="collection" subtype="bedeutung" target="/collections-wboe.xml#c21343"/>
            </sense>
          </sense>
        </re>
        <re>
          <form subtype="compound" type="lemma">
            <orth>Tränkflasche</orth>
          </form>
          <sense>
            <sense>
              <def>Tränkeimer für Kälber</def>
              <usg type="geo">
                <placeName type="grossregion" ref="/geodata-wboe.xml#p4.2">Pinzg.</placeName>
              </usg>
              <ptr type="collection" subtype="bedeutung" target="/collections-wboe.xml#c21344"/>
            </sense>
          </sense>
        </re>
        <re>
          <form subtype="compound" type="lemma">
            <orth>Tuttelfläschel</orth>
          </form>
          <form subtype="compound" type="lemma">
            <orth>Tuttelfläschelein</orth>
            <gramGrp>
              <usg>(Diminutiv)</usg>
            </gramGrp>
          </form>
          <sense>
            <sense>
              <def>Saugflasche für Säuglinge bzw. Kleinkinder</def>
              <usg type="geo">
                <placeName type="grossregion" ref="/geodata-wboe.xml#p2.1">ObKtn.</placeName>
              </usg>
              <usg type="geo">
                <placeName type="grossregion" ref="/geodata-wboe.xml#p2.2">MKtn.</placeName>
              </usg>
              <usg type="geo">
                <placeName type="grossregion" ref="/geodata-wboe.xml#p3.3">WStmk.</placeName>
              </usg>
              <usg type="geo">
                <placeName type="grossregion" ref="/geodata-wboe.xml#p6.2">Industriev.</placeName>
              </usg>
              <usg type="geo">
                <placeName type="grossregion" ref="/geodata-wboe.xml#p6.3">Waldv.</placeName>
              </usg>
              <cit type="example">
                <quote xml:lang="bar-AT">'s Kalble mit'n Tutlflaschl aufziᵃgn</quote>
                <usg type="geo">
                  <placeName type="kleinregion" ref="/geodata-wboe.xml#p2.2d">obstGurkt.</placeName>
                </usg>
              </cit>
              <ptr type="collection" subtype="bedeutung" target="/collections-wboe.xml#c21347"/>
            </sense>
          </sense>
        </re>
        <re>
          <form subtype="compound" type="lemma">
            <orth>Tuttenflasche</orth>
          </form>
          <sense>
            <sense>
              <def>Saugflasche für Säuglinge bzw. Kleinkinder</def>
              <usg type="geo">
                <placeName type="grossregion" ref="/geodata-wboe.xml#p5.2">Hausrv.</placeName>
              </usg>
              <usg type="geo">
                <placeName type="grossregion" ref="/geodata-wboe.xml#p6.1">Mostv.</placeName>
              </usg>
              <usg type="geo">
                <placeName type="grossregion" ref="/geodata-wboe.xml#p6.2">Industriev.</placeName>
              </usg>
              <usg type="geo">
                <placeName type="grossregion" ref="/geodata-wboe.xml#p6.4">Weinv.</placeName>
              </usg>
              <usg type="geo">
                <placeName type="grossregion" ref="/geodata-wboe.xml#p6.5">Wien</placeName>
              </usg>
              <cit type="example">
                <quote xml:lang="bar-AT">Kuawoami Mülli, hoaß ogsottn; nocha steh glossn, daß s' okialt; und waun s' laulat is, gibt ma s'in Kinan eā Tutnflaschl</quote>
                <usg type="geo">
                  <placeName type="gemeinde" ref="/geodata-wboe.xml#p6.4d18">Poysdorf</placeName>
                </usg>
              </cit>
              <ptr type="collection" subtype="bedeutung" target="/collections-wboe.xml#c21348"/>
            </sense>
          </sense>
        </re>
        <re>
          <form subtype="compound" type="lemma">
            <orth>Urinflasche</orth>
          </form>
          <sense>
            <sense>
              <def>in Krankenhäusern, bei Rettungsdiensten und in der Krankenpflege verwendetes Gefäß zum Auffangen des Urins von Patienten und Patientinnen</def>
              <usg type="geo">
                <placeName type="grossregion" ref="/geodata-wboe.xml#p5.2">Hausrv.</placeName>
              </usg>
              <ptr type="collection" subtype="bedeutung" target="/collections-wboe.xml#c21422"/>
            </sense>
          </sense>
        </re>
        <re>
          <form subtype="compound" type="lemma">
            <orth>Vitriolfläschel</orth>
            <gramGrp>
              <usg>(Diminutiv)</usg>
            </gramGrp>
          </form>
          <sense>
            <sense>
              <def>kleine Flasche, die Vitriolöl enthält bzw. zum Aufbewahren von Vitriolöl dient</def>
              <def type="umschreibung">(Vitriolöl ist die alte Bezeichnung für die Schwefelsäure)</def>
              <usg type="geo">
                <placeName type="grossregion" ref="/geodata-wboe.xml#p6.5">Wien</placeName>
              </usg>
              <ptr type="collection" subtype="bedeutung" target="/collections-wboe.xml#c21296"/>
            </sense>
          </sense>
        </re>
        <re>
          <form subtype="compound" type="lemma">
            <orth>Wärmflasche</orth>
          </form>
          <sense>
            <sense>
              <def>mit heißem Wasser gefüllter Behälter (flache Flasche, Blechdose, Gummibeutel o. Ä.) mit Schraubverschluss, der zum Wärmen des Körpers oder Anwärmen von Gegenständen (insbesondere Betten) dient; mitunter auch Thermophor zur Warmhaltung von Getränken</def>
              <usg type="geo">
                <placeName type="grossregion" ref="/geodata-wboe.xml#p1A.1">wSTir.</placeName>
              </usg>
              <usg type="geo">
                <placeName type="grossregion" ref="/geodata-wboe.xml#p1A.4">öSTir.</placeName>
              </usg>
              <usg type="geo">
                <placeName type="bundesland" ref="/geodata-wboe.xml#p1B">OTir.</placeName>
              </usg>
              <usg type="geo">
                <placeName type="bundesland" ref="/geodata-wboe.xml#p1C">NTir.</placeName>
              </usg>
              <usg type="geo">
                <placeName type="grossregion" ref="/geodata-wboe.xml#p2.1">ObKtn.</placeName>
              </usg>
              <usg type="geo">
                <placeName type="grossregion" ref="/geodata-wboe.xml#p2.2">MKtn.</placeName>
              </usg>
              <usg type="geo">
                <placeName type="grossregion" ref="/geodata-wboe.xml#p3.1">sbair.ObStmk.</placeName>
              </usg>
              <usg type="geo">
                <placeName type="grossregion" ref="/geodata-wboe.xml#p3.3">WStmk.</placeName>
              </usg>
              <usg type="geo">
                <placeName type="grossregion" ref="/geodata-wboe.xml#p4.2">Pinzg.</placeName>
              </usg>
              <usg type="geo">
                <placeName type="bundesland" ref="/geodata-wboe.xml#p5">OÖ</placeName>
              </usg>
              <usg type="geo">
                <placeName type="grossregion" ref="/geodata-wboe.xml#p6.2">Industriev.</placeName>
              </usg>
              <usg type="geo">
                <placeName type="grossregion" ref="/geodata-wboe.xml#p6.3">Waldv.</placeName>
              </usg>
              <usg type="geo">
                <placeName type="grossregion" ref="/geodata-wboe.xml#p6.5">Wien</placeName>
              </usg>
              <ptr type="collection" subtype="bedeutung" target="/collections-wboe.xml#c21426"/>
            </sense>
          </sense>
        </re>
        <re>
          <form subtype="compound" type="lemma">
            <orth>Wasserflasche</orth>
          </form>
          <sense>
            <sense>
              <def>Flasche, die Wasser enthält bzw. zum Aufbewahren von Wasser dient</def>
              <usg type="geo">
                <placeName type="bundesland" ref="/geodata-wboe.xml#p1C">NTir.</placeName>
              </usg>
              <usg type="geo">
                <placeName type="grossregion" ref="/geodata-wboe.xml#p2.2">MKtn.</placeName>
              </usg>
              <usg type="geo">
                <placeName type="grossregion" ref="/geodata-wboe.xml#p3.1">sbair.ObStmk.</placeName>
              </usg>
              <usg type="geo">
                <placeName type="grossregion" ref="/geodata-wboe.xml#p3.2">mbair.ObStmk.</placeName>
              </usg>
              <usg type="geo">
                <placeName type="grossregion" ref="/geodata-wboe.xml#p5.1">Innv.</placeName>
              </usg>
              <usg type="geo">
                <placeName type="grossregion" ref="/geodata-wboe.xml#p5.2">Hausrv.</placeName>
              </usg>
              <usg type="geo">
                <placeName type="grossregion" ref="/geodata-wboe.xml#p5.4">Mühlv.</placeName>
              </usg>
              <usg type="geo">
                <placeName type="grossregion" ref="/geodata-wboe.xml#p6.1">Mostv.</placeName>
              </usg>
              <usg type="geo">
                <placeName type="grossregion" ref="/geodata-wboe.xml#p6.3">Waldv.</placeName>
              </usg>
              <usg type="geo">
                <placeName type="grossregion" ref="/geodata-wboe.xml#p7.2">MBgl.</placeName>
              </usg>
              <ptr type="collection" subtype="bedeutung" target="/collections-wboe.xml#c21424"/>
            </sense>
            <sense>
              <def>Ohrfeige</def>
              <usg type="geo">
                <placeName type="grossregion" ref="/geodata-wboe.xml#p5.4">Mühlv.</placeName>
              </usg>
              <cit type="example">
                <quote xml:lang="bar-AT">i gib da a Wåssaflåschn</quote>
                <usg type="geo">
                  <placeName type="gemeinde" ref="/geodata-wboe.xml#p5.4c01">Eidenberg</placeName>
                </usg>
              </cit>
              <ptr type="collection" subtype="bedeutung" target="/collections-wboe.xml#c22654"/>
            </sense>
          </sense>
        </re>
        <re>
          <form subtype="compound" type="lemma">
            <orth>Weinflasche</orth>
          </form>
          <sense>
            <sense>
              <def>Flasche, die Wein enthält bzw. zum Aufbewahren von Wein dient</def>
              <usg type="geo">
                <placeName type="bundesland" ref="/geodata-wboe.xml#p1C">NTir.</placeName>
              </usg>
              <usg type="geo">
                <placeName type="grossregion" ref="/geodata-wboe.xml#p2.1">ObKtn.</placeName>
              </usg>
              <usg type="geo">
                <placeName type="grossregion" ref="/geodata-wboe.xml#p2.2">MKtn.</placeName>
              </usg>
              <usg type="geo">
                <placeName type="grossregion" ref="/geodata-wboe.xml#p3.1">sbair.ObStmk.</placeName>
              </usg>
              <usg type="geo">
                <placeName type="grossregion" ref="/geodata-wboe.xml#p3.2">mbair.ObStmk.</placeName>
              </usg>
              <usg type="geo">
                <placeName type="grossregion" ref="/geodata-wboe.xml#p3.3">WStmk.</placeName>
              </usg>
              <usg type="geo">
                <placeName type="bundesland" ref="/geodata-wboe.xml#p5">OÖ</placeName>
              </usg>
              <usg type="geo">
                <placeName type="bundesland" ref="/geodata-wboe.xml#p6">NÖ</placeName>
              </usg>
              <usg type="geo">
                <placeName type="grossregion" ref="/geodata-wboe.xml#p6.5">Wien</placeName>
              </usg>
              <usg type="geo">
                <placeName type="grossregion" ref="/geodata-wboe.xml#p7.2">MBgl.</placeName>
              </usg>
              <ptr type="collection" subtype="bedeutung" target="/collections-wboe.xml#c21425"/>
            </sense>
          </sense>
        </re>
        <re>
          <form subtype="compound" type="lemma">
            <orth>Zuessflasche</orth>
          </form>
          <sense>
            <sense>
              <def>kleiner Eimer, mit dem man den Feldarbeitern die Milch, Zwetschkenbrühe etc. bringt</def>
              <usg type="geo">
                <placeName type="grossregion" ref="/geodata-wboe.xml#p4.2">Pinzg.</placeName>
              </usg>
              <ptr type="collection" subtype="bedeutung" target="/collections-wboe.xml#c21428"/>
            </sense>
          </sense>
        </re>
        <re>
          <form subtype="compound" type="lemma">
            <orth>Zündfläschel</orth>
            <gramGrp>
              <usg>(Diminutiv)</usg>
            </gramGrp>
          </form>
          <sense>
            <sense>
              <sense>
                <def>kleine Flasche für Zündstoffe, wie sie vor Einführung der Zündhölzer in Gebrauch waren</def>
                <usg type="geo">
                  <placeName type="bundesland" ref="/geodata-wboe.xml#p3">Stmk.</placeName>
                </usg>
                <ptr type="collection" subtype="bedeutung" target="/collections-wboe.xml#c21429"/>
              </sense>
              <sense>
                <def>kleines Fläschchen oder kleines Glas, Gläschen für Schnaps und andere alkoholreiche Getränke</def>
                <usg type="geo">
                  <placeName type="bundesland" ref="/geodata-wboe.xml#p3">Stmk.</placeName>
                </usg>
                <ptr type="collection" subtype="bedeutung" target="/collections-wboe.xml#c22675"/>
              </sense>
            </sense>
          </sense>
        </re>
        <re type="redewendung">
          <form subtype="MWE" type="lemma">
            <orth>das Fläschel/Fläscherl geben</orth>
          </form>
          <sense>
            <def>einen Säugling oder ein Kleinkind mittels einer mit Flüssigkeit (meist Säuglingsmilchnahrung oder Milch) gefüllten Saugflasche füttern</def>
            <usg type="geo">
              <placeName type="bundesland" ref="/geodata-wboe.xml#p5">OÖ</placeName>
            </usg>
            <usg type="geo">
              <placeName type="bundesland" ref="/geodata-wboe.xml#p6">NÖ</placeName>
            </usg>
            <usg type="geo">
              <placeName type="grossregion" ref="/geodata-wboe.xml#p6.5">Wien</placeName>
            </usg>
            <cit type="example">
              <quote xml:lang="bar-AT">S Flaschl geibn</quote>
              <usg type="geo">
                <placeName type="gemeinde" ref="/geodata-wboe.xml#p5.2a39">Traun</placeName>
              </usg>
            </cit>
            <cit type="example">
              <quote xml:lang="bar-AT">i hǭb ę̃ɒm s flaššɒɫ gẹ̃̄m</quote>
              <usg type="geo">
                <placeName type="gemeinde" ref="/geodata-wboe.xml#p6.1o01">Herzogenburg</placeName>
              </usg>
            </cit>
          </sense>
          <ptr type="collection" subtype="MWE" target="/collections-wboe.xml#c24884"/>
        </re>
        <re type="redewendung">
          <form subtype="MWE" type="lemma">
            <orth>eine Flasche, dass einem das Hören und Sehen vergeht</orth>
          </form>
          <sense>
            <def>eine besonders starke, schallende Ohrfeige</def>
            <usg type="geo">
              <placeName type="grossregion" ref="/geodata-wboe.xml#p6.4">Weinv.</placeName>
            </usg>
            <cit type="example">
              <quote xml:lang="bar-AT">I gib da r a flosch'n daß da s Hörn und Segn vageht</quote>
              <usg type="geo">
                <placeName type="gemeinde" ref="/geodata-wboe.xml#p6.4g04">Sierndorf</placeName>
              </usg>
            </cit>
          </sense>
          <ptr type="collection" subtype="MWE" target="/collections-wboe.xml#c23350"/>
        </re>
        <re type="redewendung">
          <form subtype="MWE" type="lemma">
            <orth>eine Flasche, dass einem das Mark bei den Ohren ausher spritzt</orth>
          </form>
          <sense>
            <def>eine besonders starke, schallende Ohrfeige</def>
            <usg type="geo">
              <placeName type="grossregion" ref="/geodata-wboe.xml#p3.4">MStmk.</placeName>
            </usg>
            <cit type="example">
              <quote xml:lang="bar-AT">krigst a Flåschn, dǫs daʳs Moaʳch ban Uaʳn aussa sprizt</quote>
              <usg type="geo">
                <placeName type="gemeinde" ref="/geodata-wboe.xml#p3.4b28">Thal</placeName>
              </usg>
            </cit>
          </sense>
          <ptr type="collection" subtype="MWE" target="/collections-wboe.xml#c23230"/>
        </re>
        <re type="redewendung">
          <form subtype="MWE" type="lemma">
            <orth>eine Flasche, dass man alle Engel singen hört</orth>
          </form>
          <sense>
            <def>eine besonders starke, schallende Ohrfeige</def>
            <usg type="geo">
              <placeName type="grossregion" ref="/geodata-wboe.xml#p6.5">Wien</placeName>
            </usg>
            <cit type="example">
              <quote xml:lang="bar-AT">ə̨r håt mⁱr a flåschn gebn, dassi ålli Engln håb singa ghert</quote>
              <usg type="geo">
                <placeName type="gemeinde" ref="/geodata-wboe.xml#p6.5i02">Lichtental</placeName>
              </usg>
            </cit>
          </sense>
          <ptr type="collection" subtype="MWE" target="/collections-wboe.xml#c23240"/>
        </re>
        <re type="redewendung">
          <form subtype="MWE" type="lemma">
            <orth>eine Flasche, dass man den Stefansturm für ein Salzstängel anschaut</orth>
          </form>
          <sense>
            <def>eine besonders starke, schallende Ohrfeige</def>
            <usg type="geo">
              <placeName type="grossregion" ref="/geodata-wboe.xml#p6.5">Wien</placeName>
            </usg>
            <cit type="example">
              <quote xml:lang="bar-AT">i hau da a flåschen åwi dast n stefansturm fir a såltsstaŋl åᵘschaust</quote>
              <usg type="geo">
                <placeName type="grossregion" ref="/geodata-wboe.xml#p6.5">Wien</placeName>
              </usg>
            </cit>
          </sense>
          <ptr type="collection" subtype="MWE" target="/collections-wboe.xml#c23238"/>
        </re>
        <re type="redewendung">
          <form subtype="MWE" type="lemma">
            <orth>eine Flasche, dass man mit dem Arsch auf die Uhr schaut</orth>
          </form>
          <sense>
            <def>ein besonders starker Faustschlag</def>
            <usg type="geo">
              <placeName type="grossregion" ref="/geodata-wboe.xml#p6.3">Waldv.</placeName>
            </usg>
            <cit type="example">
              <quote xml:lang="bar-AT">a flåschn dass d miᵈn oasch auf d'uaʳ schaust</quote>
              <usg type="geo">
                <placeName type="gemeinde" ref="/geodata-wboe.xml#p6.3j01">Brunn an der Wild</placeName>
              </usg>
            </cit>
          </sense>
          <ptr type="collection" subtype="MWE" target="/collections-wboe.xml#c23235"/>
        </re>
        <re type="redewendung">
          <form subtype="MWE" type="lemma">
            <orth>eine Flasche, dass man sich (darein) einwickeln kann / in die sich eine zahlreiche Familie einwickeln könnte</orth>
          </form>
          <sense>
            <def>eine besonders starke, schallende Ohrfeige</def>
            <usg type="geo">
              <placeName type="grossregion" ref="/geodata-wboe.xml#p6.1">Mostv.</placeName>
            </usg>
            <usg type="geo">
              <placeName type="grossregion" ref="/geodata-wboe.xml#p6.5">Wien</placeName>
            </usg>
            <cit type="example">
              <quote xml:lang="bar-AT">Kriagst a Flōschn, dast di ēinwĭckln kōnst dreiⁿ</quote>
              <usg type="geo">
                <placeName type="gemeinde" ref="/geodata-wboe.xml#p6.1g08">St. Anton an der Jeßnitz</placeName>
              </usg>
            </cit>
            <cit type="example">
              <quote xml:lang="bar-AT">so g'spür i auf amol a fremde Hand in mein' G'sicht und mach gleichzeiti die Wahrnehmung, daß i a Flasch'n kriegt hab', in die sich hätt' eine zahlreiche Familie einwickeln können</quote>
              <ref type="bibl" target="#Klauser1986">Klauser 1986
                <citedRange>271</citedRange>
              </ref>
              <usg type="geo">
                <placeName type="grossregion" ref="/geodata-wboe.xml#p6.5">Wien</placeName>
              </usg>
            </cit>
            <cit type="example">
              <quote xml:lang="bar-AT">Gib ęam a flǫschn, das-a sė e͜iⁿwiggᵉln kouⁿ; dė nimt eam da Bobst nimmå owå</quote>
              <usg type="geo">
                <placeName type="gemeinde" ref="/geodata-wboe.xml#p6.5l01">Altmannsdorf</placeName>
              </usg>
            </cit>
          </sense>
          <ptr type="collection" subtype="MWE" target="/collections-wboe.xml#c23231"/>
        </re>
        <re type="redewendung">
          <form subtype="MWE" type="lemma">
            <orth>eine rechte Flasche fangen</orth>
          </form>
          <sense>
            <def>eine starke, schallende Ohrfeige bekommen</def>
            <usg type="geo">
              <placeName type="grossregion" ref="/geodata-wboe.xml#p6.4">Weinv.</placeName>
            </usg>
            <cit type="example">
              <quote xml:lang="bar-AT">Du faungst ma no a rechdi Flåschn!</quote>
              <usg type="geo">
                <placeName type="gemeinde" ref="/geodata-wboe.xml#p6.4d18">Poysdorf</placeName>
              </usg>
            </cit>
          </sense>
          <ptr type="collection" subtype="MWE" target="/collections-wboe.xml#c23351"/>
        </re>
        <re type="redewendung">
          <form subtype="MWE" type="lemma">
            <orth>Es regnet Flaschen</orth>
          </form>
          <sense>
            <def>es werden sehr viele Ohrfeigen ausgeteilt</def>
            <usg type="geo">
              <placeName type="grossregion" ref="/geodata-wboe.xml#p6.5">Wien</placeName>
            </usg>
            <cit type="example">
              <quote xml:lang="bar-AT">Flåschⁿ håts grėgnt</quote>
              <usg type="geo">
                <placeName type="grossregion" ref="/geodata-wboe.xml#p6.5">Wien</placeName>
              </usg>
            </cit>
          </sense>
          <ptr type="collection" subtype="MWE" target="/collections-wboe.xml#c23237"/>
        </re>
        <re type="redewendung">
          <form subtype="MWE" type="lemma">
            <orth>jemandem eine Flasche drücken</orth>
          </form>
          <sense>
            <def>jemandem eine Ohrfeige geben</def>
            <usg type="geo">
              <placeName type="grossregion" ref="/geodata-wboe.xml#p5.2">Hausrv.</placeName>
            </usg>
            <cit type="example">
              <quote xml:lang="bar-AT">i druk da a flåschn!</quote>
              <usg type="geo">
                <placeName type="gemeinde" ref="/geodata-wboe.xml#p5.2e01">Linz</placeName>
              </usg>
            </cit>
          </sense>
          <ptr type="collection" subtype="MWE" target="/collections-wboe.xml#c23239"/>
        </re>
      </entry>
    </body>
  </text>
</TEI>
