<?xml version="1.0" encoding="UTF-8"?>
    <?xml-model href="http://www.tei-c.org/release/xml/tei/custom/schema/relaxng/tei_all.rng" type="application/xml" schematypens="http://purl.oclc.org/dsdl/schematron"?>
    <?xml-model href="../../803_RNG-schematron/WBOE-ODD.rnc" type="application/relax-ng-compact-syntax"?>
<?redaktionstool version="0.7.4" ?>
<?parser type="lioe" version="0.7.4" ?>
<TEI xmlns="http://www.tei-c.org/ns/1.0">
  <teiHeader>
    <fileDesc>
      <titleStmt>
        <title>Flat</title>
        <respStmt>
          <resp>Editor</resp>
          <name ref="#DG">David Gschösser</name>
        </respStmt>
        <respStmt>
          <resp>Encoding Scheme</resp>
          <name>Jack Bowers</name>
          <name>Daniel Schopper</name>
          <name>Omar Siam</name>
        </respStmt>
        <respStmt>
          <resp>DBOE Team</resp>
          <name xml:id="AL">Alexandra N. Lenz</name>
          <name xml:id="PhS">Philipp Stöckle</name>
          <name xml:id="AG">Andreas Gellan</name>
          <name xml:id="PZ">Patrick Zeitlhuber</name>
          <name xml:id="SW">Sabine Wahl</name>
          <name xml:id="SS">Sonja Schwaiger</name>
          <name xml:id="AB">Angela Bergermayer</name>
          <name xml:id="EW">Eva Wahlmüller</name>
          <name xml:id="DG">David Gschösser</name>
          <name xml:id="StS">Stefanie Schöberl</name>
          <name xml:id="FF">Fabian Fleißner</name>
          <name xml:id="MK">Markus Kunzmann</name>
        </respStmt>
        <respStmt>
          <resp>Student assistants</resp>
          <name>Susanna Muhr</name>
          <name>Manuela Stütz</name>
          <name>Christina Hemetsberger</name>
        </respStmt>
      </titleStmt>
      <publicationStmt>
        <p></p>
      </publicationStmt>
      <sourceDesc>
        <list>
          <item>
            <label>Geo-data</label>
            <ptr xml:id="geo-inventory-WBOE" target="../geodata-wboe.xml"/>
          </item>
          <item>
            <label>Bibliography</label>
            <ptr xml:id="bibliography-WBOE" target="../bibl-wboe.xml"/>
          </item>
          <item>
            <label>WBOE-Slips</label>
            <ptr xml:id="slips-WBOE" target="../slips-wboe.xml"/>
          </item>
          <item>
            <label>WBOE-Collections</label>
            <ptr xml:id="collections-WBOE" target="../collections-wboe.xml"/>
          </item>
        </list>
      </sourceDesc>
    </fileDesc>
    <revisionDesc>
      <listChange>
        <change status="in progress" when="2021-10-21" who="#DG">Datensatz erstellt</change>
        <change status="in progress" when="2022-01-11" who="#PZ">LK eingefügt</change>
        <change status="internal correction" when="2022-01-13" who="#DG">Artikel überprüft</change>
        <change status="internal correction" when="2022-02-16" who="#DG">Anmerkungen von MG eingearbeitet</change>
        <change status="external correction" when="2022-02-17" who="#DG">Artikel überprüft</change>
        <change status="finished" when="2022-03-28" who="#DG">Artikel fertig</change>
      </listChange>
    </revisionDesc>
  </teiHeader>
  <text>
    <body>
      <entry>
        <form type="lemma" xml:id="Flat">
          <orth>Flat</orth>
          <ptr type="collection" subtype="lemma" target="/collections-wboe.xml#c22849"/>
        </form>
        <gramGrp>
          <gram type="pos">Substantiv</gram>
          <gram type="gender">Maskulinum</gram>
          <gram type="gender">Neutrum</gram>
        </gramGrp>
        <usg type="geo">
          <placeName type="bundesland" ref="/geodata-wboe.xml#p1A">STir.</placeName>
        </usg>
        <usg type="geo">
          <placeName type="bundesland" ref="/geodata-wboe.xml#p1B">OTir.</placeName>
        </usg>
        <usg type="geo">
          <placeName type="bundesland" ref="/geodata-wboe.xml#p1C">NTir.</placeName>
        </usg>
        <usg type="geo">
          <placeName type="bundesland" ref="/geodata-wboe.xml#p2">Ktn.</placeName>
        </usg>
        <usg type="geo">
          <placeName type="bundesland" ref="/geodata-wboe.xml#p3">Stmk.</placeName>
        </usg>
        <usg type="geo">
          <placeName type="grossregion" ref="/geodata-wboe.xml#p5.1">Innv.</placeName>
        </usg>
        <usg type="geo">
          <placeName type="grossregion" ref="/geodata-wboe.xml#p6.1">Mostv.</placeName>
        </usg>
        <usg type="geo">
          <placeName type="grossregion" ref="/geodata-wboe.xml#p6.3">Waldv.</placeName>
        </usg>
        <usg type="geo">
          <placeName type="grossregion" ref="/geodata-wboe.xml#p7.1">NBgl.</placeName>
        </usg>
        <usg type="geo">
          <placeName type="grossregion" ref="/geodata-wboe.xml#p7.3">SBgl.</placeName>
        </usg>
        <note type="kommentar" resp="#PZ">Der auf mhd.
          <c>ā</c>zurückgehende Stammvokal wurde nahezu überall zu langem offenen
          <c>o</c>verdumpft
          <xr>
            <ref>flǭt</ref>
            <ref>flǭd</ref>
          </xr>. Lediglich im bairisch-alemannischen Übergangsgebiet wurde helles
          <c>a</c>typischerweise erhalten
          <xr>
            <ref>flād</ref>
          </xr>. Darüber hinaus finden sich im Südbairischen des Zillertals auch
          <c>ou</c>-Diphthonge
          <xr>
            <ref>flǫųt</ref>
          </xr>und im Westmittelbairischen des Innviertel unregelhafte
          <c>au</c>-Diphthonge
          <xr>
            <ref>flaųd</ref>
          </xr>. Während der auslautende Plosiv im westlichen Südbairischen sowie teilweise im östlichen Südmittelbairischen als Fortis vorkommt
          <xr>
            <ref>flǭt</ref>
            <ref>flǫųt</ref>
          </xr>, wurde dieser im Mittelbairischen und gelegentlich im östlichen Südmittelbairischen wie auch im bairisch-alemannischen Übergangsgebiet lenisiert
          <xr>
            <ref>flǭd</ref>
            <ref>flād</ref>
          </xr>.
        </note>
        <form type="dialect">
          <pron xml:lang="bar-AT">vlâd</pron>
          <usg type="geo">
            <placeName type="kleinregion" ref="/geodata-wboe.xml#p1C.1d">obLecht.</placeName>
          </usg>
          <usg type="geo">
            <placeName type="kleinregion" ref="/geodata-wboe.xml#p1C.1e">uLecht.</placeName>
          </usg>
          <usg type="geo">
            <placeName type="kleinregion" ref="/geodata-wboe.xml#p1C.1c">Außf.Lecht.</placeName>
          </usg>
        </form>
        <form type="dialect">
          <pron xml:lang="bar-AT">-vlōᵘt</pron>
          <usg type="geo">
            <placeName type="gemeinde" ref="/geodata-wboe.xml#p1C.2j04">Tux</placeName>
          </usg>
        </form>
        <form type="dialect">
          <pron xml:lang="bar-AT">flō̩t</pron>
          <usg type="geo">
            <placeName type="gemeinde" ref="/geodata-wboe.xml#p2.1f01">Lesachtal</placeName>
          </usg>
        </form>
        <form type="dialect">
          <pron xml:lang="bar-AT">-flaud</pron>
          <usg type="geo">
            <placeName type="gemeinde" ref="/geodata-wboe.xml#p5.1a02">Eggelsberg</placeName>
          </usg>
        </form>
        <form type="dialect">
          <pron xml:lang="bar-AT">-flå̄d</pron>
          <usg type="geo">
            <placeName type="gemeinde" ref="/geodata-wboe.xml#p6.1t01">St. Pölten</placeName>
          </usg>
        </form>
        <form type="dialect">
          <pron xml:lang="bar-AT">-flǫd</pron>
          <usg type="geo">
            <placeName type="gemeinde" ref="/geodata-wboe.xml#p6.3a18">Reingers</placeName>
          </usg>
        </form>
        <form type="dialect">
          <pron xml:lang="bar-AT">flǭd</pron>
          <usg type="geo">
            <placeName type="gemeinde" ref="/geodata-wboe.xml#p7.1e08">Mörbisch am See</placeName>
          </usg>
        </form>
        <form type="dialect">
          <pron xml:lang="bar-AT">-flōt</pron>
          <pron xml:lang="bar-AT">-φlōτ</pron>
          <usg type="geo">
            <placeName type="gemeinde" ref="/geodata-wboe.xml#p7.3i03">Moschendorf</placeName>
          </usg>
          <ptr type="collection" subtype="lautung" target="/collections-wboe.xml#c23060"/>
        </form>
        <etym>
          <cit type="etymon">
            <lang>mhd.</lang>
            <form>
              <orth>vlāt</orth>
            </form>
            <gramGrp>
              <gram type="gender">Femininum</gram>
            </gramGrp>
            <def>Sauberkeit; Zierlichkeit; Schönheit</def>
          </cit>
          <seg type="desc">bzw.</seg>
          <cit type="etymon">
            <lang>mhd.</lang>
            <form>
              <orth>unvlāt</orth>
            </form>
            <gramGrp>
              <gram type="gender">Maskulinum</gram>
              <gram type="gender">Neutrum</gram>
            </gramGrp>
          </cit>
          <cit type="etymon">
            <form>
              <orth>unvlāt(e)</orth>
            </form>
            <gramGrp>
              <gram type="gender">Femininum</gram>
            </gramGrp>
            <def>Schmutz; Unsauberkeit; Unreinigkeit; Sünde; Unkeuschheit; Schande; Schmach; unsauberes Wesen; Auswurf</def>
          </cit>
          <seg type="desc">; Ableitung von</seg>
          <cit type="etymon">
            <lang>mhd.</lang>
            <form>
              <orth>vlæjen</orth>
            </form>
            <form>
              <orth>vlæ(e)en</orth>
            </form>
            <form>
              <orth>vlöu(we)en</orth>
            </form>
            <def>spülen; waschen; säubern; sich (im Wasser) hin und her bewegen</def>
          </cit>
          <ref type="bibl" target="#Pfeifer2014">
            <lbl>vgl.</lbl>Pfeifer 2014
            <citedRange>1484</citedRange>
          </ref>
          <ref type="bibl" target="#Lexer1876II">
            <lbl>vgl.</lbl>Lexer 1876 II
            <citedRange>1975</citedRange>
          </ref>
          <ref type="bibl" target="#Lexer1878III">
            <lbl>vgl.</lbl>Lexer 1878 III
            <citedRange>385, 388</citedRange>
          </ref>
          <seg type="desc">siehe auch</seg>
          <cit type="etymon">
            <xr type="lemma">
              <ref target="fläuen.xml">fläuen</ref>
            </xr>
          </cit>
        </etym>
        <sense>
          <sense>
            <sense>
              <def>Gemütlichkeit; Behaglichkeit; Bequemlichkeit; gemütlicher, behaglicher, bequemer Wohnraum</def>
              <usg type="geo">
                <placeName type="bundesland" ref="/geodata-wboe.xml#p1A">STir.</placeName>
              </usg>
              <usg type="geo">
                <placeName type="bundesland" ref="/geodata-wboe.xml#p1C">NTir.</placeName>
              </usg>
              <usg type="geo">
                <placeName type="bundesland" ref="/geodata-wboe.xml#p1B">OTir.</placeName>
              </usg>
              <cit type="example">
                <quote xml:lang="bar-AT">Es hat kuɛn flât</quote>
                <ref type="bibl" target="#TirolerWb">Tiroler Wb.
                  <citedRange>176</citedRange>
                </ref>
                <usg type="geo">
                  <placeName type="grossregion" ref="/geodata-wboe.xml#p1C.1">wNTir.</placeName>
                </usg>
              </cit>
              <ptr type="collection" subtype="bedeutung" target="/collections-wboe.xml#c23062"/>
            </sense>
            <sense>
              <def>Annehmlichkeit</def>
              <usg type="geo">
                <placeName type="grossregion" ref="/geodata-wboe.xml#p1C.1">wNTir.</placeName>
              </usg>
              <cit type="example">
                <quote xml:lang="bar-AT">das ist mir ein flą̂t</quote>
                <ref type="bibl" target="#TirolerWb">Tiroler Wb.
                  <citedRange>176</citedRange>
                </ref>
                <usg type="geo">
                  <placeName type="grossregion" ref="/geodata-wboe.xml#p1C.1">wNTir.</placeName>
                </usg>
              </cit>
              <ptr type="collection" subtype="bedeutung" target="/collections-wboe.xml#c23063"/>
            </sense>
            <sense>
              <def>Spielraum; Bewegungsfreiheit</def>
              <usg type="geo">
                <placeName type="grossregion" ref="/geodata-wboe.xml#p1C.1">wNTir.</placeName>
              </usg>
              <ptr type="collection" subtype="bedeutung" target="/collections-wboe.xml#c23064"/>
            </sense>
          </sense>
          <sense>
            <def>Verunreinigung (auch im Getreide); Schmutz</def>
            <usg type="geo">
              <placeName type="bundesland" ref="/geodata-wboe.xml#p2">Ktn.</placeName>
            </usg>
            <ptr type="collection" subtype="bedeutung" target="/collections-wboe.xml#c23066"/>
          </sense>
          <sense>
            <def type="umschreibung">Name einer Alpe südwestlich von Landeck</def>
            <usg type="geo">
              <placeName type="grossregion" ref="/geodata-wboe.xml#p1C.1">wNTir.</placeName>
            </usg>
            <cit type="example">
              <quote xml:lang="bar-AT">im flą̂t</quote>
              <ref type="bibl" target="#TirolerWb">Tiroler Wb.
                <citedRange>176</citedRange>
              </ref>
              <usg type="geo">
                <placeName type="grossregion" ref="/geodata-wboe.xml#p1C.1">wNTir.</placeName>
              </usg>
            </cit>
            <ptr type="collection" subtype="bedeutung" target="/collections-wboe.xml#c23067"/>
          </sense>
        </sense>
        <re>
          <form subtype="compound" type="lemma">
            <orth>Unflat</orth>
          </form>
          <sense>
            <sense>
              <def>Unbequemlichkeit</def>
              <usg type="geo">
                <placeName type="grossregion" ref="/geodata-wboe.xml#p1C.1">wNTir.</placeName>
              </usg>
              <ptr type="collection" subtype="bedeutung" target="/collections-wboe.xml#c23076"/>
            </sense>
            <sense>
              <sense>
                <def>Verunreinigung (auch im Getreide); Schmutz</def>
                <usg type="geo">
                  <placeName type="bundesland" ref="/geodata-wboe.xml#p1A">STir.</placeName>
                </usg>
                <usg type="geo">
                  <placeName type="grossregion" ref="/geodata-wboe.xml#p1B.0">OTir.</placeName>
                </usg>
                <usg type="geo">
                  <placeName type="bundesland" ref="/geodata-wboe.xml#p1C">NTir.</placeName>
                </usg>
                <usg type="geo">
                  <placeName type="grossregion" ref="/geodata-wboe.xml#p2.1">ObKtn.</placeName>
                </usg>
                <usg type="geo">
                  <placeName type="grossregion" ref="/geodata-wboe.xml#p6.3">Waldv.</placeName>
                </usg>
                <usg type="geo">
                  <placeName type="grossregion" ref="/geodata-wboe.xml#p7.1">NBgl.</placeName>
                </usg>
                <usg type="geo">
                  <placeName type="grossregion" ref="/geodata-wboe.xml#p7.3">SBgl.</placeName>
                </usg>
                <ptr type="collection" subtype="bedeutung" target="/collections-wboe.xml#c23068 "/>
              </sense>
              <sense>
                <def>Unreinheit; Ausschlag (im Gesicht)</def>
                <usg type="geo">
                  <placeName type="grossregion" ref="/geodata-wboe.xml#p1C.2">mNTir.</placeName>
                </usg>
                <usg type="geo">
                  <placeName type="grossregion" ref="/geodata-wboe.xml#p5.1">Innv.</placeName>
                </usg>
                <cit type="example">
                  <quote xml:lang="bar-AT">foėˡ úⁿflaud</quote>
                  <usg type="geo">
                    <placeName type="gemeinde" ref="/geodata-wboe.xml#p5.1a02">Eggelsberg</placeName>
                  </usg>
                </cit>
                <ptr type="collection" subtype="bedeutung" target="/collections-wboe.xml#c23071"/>
              </sense>
              <sense>
                <def>Unkraut; Schädlinge</def>
                <usg type="geo">
                  <placeName type="grossregion" ref="/geodata-wboe.xml#p6.1">Mostv.</placeName>
                </usg>
                <ptr type="collection" subtype="bedeutung" target="/collections-wboe.xml#c23072"/>
              </sense>
              <sense>
                <def>wertloses Zeug</def>
                <usg type="geo">
                  <placeName type="grossregion" ref="/geodata-wboe.xml#p7.3">SBgl.</placeName>
                </usg>
                <ptr type="collection" subtype="bedeutung" target="/collections-wboe.xml#c23073"/>
              </sense>
            </sense>
            <sense>
              <def>grober, unanständiger Mensch</def>
              <usg type="geo">
                <placeName type="bundesland" ref="/geodata-wboe.xml#p3">Stmk.</placeName>
              </usg>
              <cit type="example">
                <quote xml:lang="bar-AT">Das ist ein Unflat</quote>
                <ref type="bibl" target="#Rosegger1903">Rosegger 1903
                  <citedRange>165</citedRange>
                </ref>
                <usg type="geo">
                  <placeName type="bundesland" ref="/geodata-wboe.xml#p3">Stmk.</placeName>
                </usg>
              </cit>
              <ptr type="collection" subtype="bedeutung" target="/collections-wboe.xml#c23074"/>
            </sense>
          </sense>
        </re>
      </entry>
    </body>
  </text>
</TEI>