<?xml version="1.0" encoding="UTF-8"?>
    <?xml-model href="http://www.tei-c.org/release/xml/tei/custom/schema/relaxng/tei_all.rng" type="application/xml" schematypens="http://purl.oclc.org/dsdl/schematron"?>
    <?xml-model href="../../803_RNG-schematron/WBOE-ODD.rnc" type="application/relax-ng-compact-syntax"?>
<?redaktionstool version="0.7.4" ?>
<?parser type="lioe" version="0.7.3" ?>
<TEI xmlns="http://www.tei-c.org/ns/1.0">
  <teiHeader>
    <fileDesc>
      <titleStmt>
        <title>Flause</title>
        <respStmt>
          <resp>Editor</resp>
          <name ref="#AB">Angela Bergermayer</name>
        </respStmt>
        <respStmt>
          <resp>Encoding Scheme</resp>
          <name>Jack Bowers</name>
          <name>Daniel Schopper</name>
          <name>Omar Siam</name>
        </respStmt>
        <respStmt>
          <resp>DBOE Team</resp>
          <name xml:id="AL">Alexandra N. Lenz</name>
          <name xml:id="PhS">Philipp Stöckle</name>
          <name xml:id="AG">Andreas Gellan</name>
          <name xml:id="PZ">Patrick Zeitlhuber</name>
          <name xml:id="SW">Sabine Wahl</name>
          <name xml:id="SS">Sonja Schwaiger</name>
          <name xml:id="AB">Angela Bergermayer</name>
          <name xml:id="EW">Eva Wahlmüller</name>
          <name xml:id="DG">David Gschösser</name>
          <name xml:id="StS">Stefanie Schöberl</name>
          <name xml:id="FF">Fabian Fleißner</name>
        </respStmt>
        <respStmt>
          <resp>Student assistants</resp>
          <name>Susanna Muhr</name>
          <name>Manuela Stütz</name>
          <name>Christina Hemetsberger</name>
        </respStmt>
      </titleStmt>
      <publicationStmt>
        <p></p>
      </publicationStmt>
      <sourceDesc>
        <list>
          <item>
            <label>Geo-data</label>
            <ptr xml:id="geo-inventory-WBOE" target="../geodata-wboe.xml"/>
          </item>
          <item>
            <label>Bibliography</label>
            <ptr xml:id="bibliography-WBOE" target="../bibl-wboe.xml"/>
          </item>
          <item>
            <label>WBOE-Slips</label>
            <ptr xml:id="slips-WBOE" target="../slips-wboe.xml"/>
          </item>
          <item>
            <label>WBOE-Collections</label>
            <ptr xml:id="collections-WBOE" target="../collections-wboe.xml"/>
          </item>
        </list>
      </sourceDesc>
    </fileDesc>
    <revisionDesc>
      <listChange>
        <change status="in progress" when="2021-08-20" who="#AB">Datensatz erstellt</change>
        <change status="internal correction" when="28-09-2021" who="#AB">freigegeben f. int. Korr.</change>
        <change status="internal correction" when="2022-01-11" who="#PZ">LK eingefügt</change>
        <change status="external correction" when="2022-01-12" who="#AB">LK korrekturgelesen; freigegeben f. ext. Korr.</change>
        <change status="finished" when="2022-01-25" who="#AB">Abschlussredaktion</change>
      </listChange>
    </revisionDesc>
  </teiHeader>
  <text>
    <body>
      <entry>
        <form type="lemma" xml:id="Flause">
          <orth>Flause</orth>
          <ptr type="collection" subtype="lemma" target="/collections-wboe.xml#c5156"/>
        </form>
        <gramGrp>
          <gram type="pos">Substantiv</gram>
          <gram type="gender">Femininum</gram>
        </gramGrp>
        <usg type="geo">
          <placeName type="bundesland" ref="/geodata-wboe.xml#p1A">STir.</placeName>
        </usg>
        <usg type="geo">
          <placeName type="bundesland" ref="/geodata-wboe.xml#p1B">OTir.</placeName>
        </usg>
        <usg type="geo">
          <placeName type="bundesland" ref="/geodata-wboe.xml#p1C">NTir.</placeName>
        </usg>
        <usg type="geo">
          <placeName type="bundesland" ref="/geodata-wboe.xml#p2">Ktn.</placeName>
        </usg>
        <usg type="geo">
          <placeName type="grossregion" ref="/geodata-wboe.xml#p4.5">Flachg.</placeName>
        </usg>
        <usg type="geo">
          <placeName type="bundesland" ref="/geodata-wboe.xml#p5">OÖ</placeName>
        </usg>
        <usg type="geo">
          <placeName type="grossregion" ref="/geodata-wboe.xml#p6.1">Mostv.</placeName>
        </usg>
        <usg type="geo">
          <placeName type="grossregion" ref="/geodata-wboe.xml#p6.3">Waldv.</placeName>
        </usg>
        <usg type="geo">
          <placeName type="grossregion" ref="/geodata-wboe.xml#p6.4">Weinv.</placeName>
        </usg>
        <usg type="geo">
          <placeName type="grossregion" ref="/geodata-wboe.xml#p6.5">Wien</placeName>
        </usg>
        <usg type="geo">
          <placeName type="grossregion" ref="/geodata-wboe.xml#p7.3">SBgl.</placeName>
        </usg>
        <note type="kommentar" resp="#PZ">Der Diphthong in der Stammsilbe dieses hauptsächlich im Plural belegten Worts tritt überall als
          <c>au</c>-Diphthong, teils mit geöffneterem Zweitglied, auf
          <xr>
            <ref>flaųsə</ref>
            <ref>flaųsn̥</ref>
            <ref>flaosn̥</ref>
          </xr>. Im Plural wurde im bairisch-alemannischen Übergangsgebiet im Südbairischen Südtirols der auslautende Nasal getilgt
          <xr>
            <ref>flaųsə</ref>
          </xr>, während ansonsten überall der Vokal der zweiten Silbe synkopiert wurde
          <xr>
            <ref>flaųsn̥</ref>
            <ref>flaosn̥</ref>
          </xr>. Gelegentlich treten im westlichen Südbairischen wie auch im Westmittelbairischen doppelte Pluralendungen auf
          <xr>
            <ref>flaųsn̥ɒ</ref>
          </xr>.
        </note>
        <form type="dialect">
          <pron xml:lang="bar-AT">flausɛ</pron>
          <pron xml:lang="bar-AT">flaus'n</pron>
          <usg>[Pl.]</usg>
          <usg type="geo">
            <placeName type="bundesland" ref="/geodata-wboe.xml#p1A">STir.</placeName>
          </usg>
        </form>
        <form type="dialect">
          <pron xml:lang="bar-AT">flaus'na</pron>
          <usg>[Pl.]</usg>
          <usg type="geo">
            <placeName type="bundesland" ref="/geodata-wboe.xml#p1A">STir.</placeName>
          </usg>
        </form>
        <form type="dialect">
          <pron xml:lang="bar-AT">flausɛ</pron>
          <usg type="geo">
            <placeName type="bundesland" ref="/geodata-wboe.xml#p1B">OTir.</placeName>
          </usg>
        </form>
        <form type="dialect">
          <pron xml:lang="bar-AT">flausɛ</pron>
          <usg type="geo">
            <placeName type="bundesland" ref="/geodata-wboe.xml#p1C">NTir.</placeName>
          </usg>
        </form>
        <form type="dialect">
          <pron xml:lang="bar-AT">flausa</pron>
          <usg>[Pl.]</usg>
          <usg type="geo">
            <placeName type="gemeinde" ref="/geodata-wboe.xml#p1C.1n05">Landeck</placeName>
          </usg>
        </form>
        <form type="dialect">
          <pron xml:lang="bar-AT">flause</pron>
          <usg type="geo">
            <placeName type="bundesland" ref="/geodata-wboe.xml#p2">Ktn.</placeName>
          </usg>
        </form>
        <form type="dialect">
          <pron xml:lang="bar-AT">flausn</pron>
          <usg>[Pl.]</usg>
          <usg type="geo">
            <placeName type="gemeinde" ref="/geodata-wboe.xml#p2.3b05">Straßburg</placeName>
          </usg>
        </form>
        <form type="dialect">
          <pron xml:lang="bar-AT">flausna</pron>
          <usg>[Pl.]</usg>
          <usg type="geo">
            <placeName type="gemeinde" ref="/geodata-wboe.xml#p4.5e01">Salzburg</placeName>
          </usg>
        </form>
        <form type="dialect">
          <pron xml:lang="bar-AT">flausn</pron>
          <usg>[Pl.]</usg>
          <usg type="geo">
            <placeName type="gemeinde" ref="/geodata-wboe.xml#p5.1c07">Mühlheim am Inn</placeName>
          </usg>
        </form>
        <form type="dialect">
          <pron xml:lang="bar-AT">flaosn</pron>
          <usg>[Pl.]</usg>
          <usg type="geo">
            <placeName type="gemeinde" ref="/geodata-wboe.xml#p5.4b13">Ulrichsberg</placeName>
          </usg>
        </form>
        <form type="dialect">
          <pron xml:lang="bar-AT">flāusn̥</pron>
          <usg>[Pl.]</usg>
          <usg type="geo">
            <placeName type="gemeinde" ref="/geodata-wboe.xml#p5.4e04">Gallneukirchen</placeName>
          </usg>
        </form>
        <form type="dialect">
          <pron xml:lang="bar-AT">flaǫsn</pron>
          <usg>[Pl.]</usg>
          <usg type="geo">
            <placeName type="gemeinde" ref="/geodata-wboe.xml#p6.1d01">Allhartsberg</placeName>
          </usg>
        </form>
        <form type="dialect">
          <pron xml:lang="bar-AT">flāusn</pron>
          <usg>[Pl.]</usg>
          <usg type="geo">
            <placeName type="gemeinde" ref="/geodata-wboe.xml#p6.1o01">Herzogenburg</placeName>
          </usg>
        </form>
        <form type="dialect">
          <pron xml:lang="bar-AT">flausn</pron>
          <usg>[Pl.]</usg>
          <usg type="geo">
            <placeName type="kleinregion" ref="/geodata-wboe.xml#p6.4j">nwMarchfd.</placeName>
          </usg>
        </form>
        <form type="dialect">
          <pron xml:lang="bar-AT">flausna</pron>
          <usg>[Pl.]</usg>
          <usg type="geo">
            <placeName type="kleinregion" ref="/geodata-wboe.xml#p6.4j">nwMarchfd.</placeName>
          </usg>
        </form>
        <form type="dialect">
          <pron xml:lang="bar-AT">φlą̄ozn</pron>
          <usg>[Pl.]</usg>
          <usg type="geo">
            <placeName type="gemeinde" ref="/geodata-wboe.xml#p7.3e02">Rechnitz</placeName>
          </usg>
          <ptr type="collection" subtype="lautung" target="/collections-wboe.xml#c21682"/>
        </form>
        <etym>
          <seg type="desc">etymologisch ident mit</seg>
          <cit type="etymon">
            <form>
              <orth>Flaus</orth>
            </form>
            <form>
              <orth>Flausch</orth>
            </form>
            <gramGrp>
              <gram type="gender">Maskulinum</gram>
            </gramGrp>
            <def>Büschel; Bausch; weicher Stoff; Plüsch; Mantel</def>
          </cit>
          <seg type="desc">, das im Standardwortschatz seit dem
            <date>18. Jh.</date>belegt, seit
          </seg>
          <seg type="desc">
            <date>Mitte des 20. Jh.s</date>allerdings selten zu finden ist und eine Entlehnung aus dem
            <lang>Niederdeutschen</lang>darstellt, vgl.
          </seg>
          <cit type="etymon">
            <lang>mndd.</lang>
            <form>
              <orth>vlūs</orth>
            </form>
            <form>
              <orth>vlūsch</orth>
            </form>
            <gramGrp>
              <gram type="gender">Neutrum</gram>
            </gramGrp>
            <def>Schaffell</def>
          </cit>
          <seg type="desc">; das Wort ist einerseits als</seg>
          <cit type="etymon">
            <form>
              <orth>Flaus(ch)rock</orth>
            </form>
            <def>wollener Überrock</def>
          </cit>
          <seg type="desc">in die frühe Hochsprache gelangt, andererseits, überwiegend im Plural gebraucht, als</seg>
          <cit type="etymon">
            <form>
              <orth>Flausen</orth>
            </form>
          </cit>
          <seg type="desc">mit der eigentlichen Bedeutung</seg>
          <cit type="etymon">
            <def>herumfliegende Wollflocken</def>
          </cit>
          <seg type="desc">, dann übertragen auf</seg>
          <cit type="etymon">
            <def>närrische Einfälle</def>
          </cit>
          <ref type="bibl" subtype="online">
            <lbl>vgl.</lbl>DWB Neub. online A-F
            <xr type="lemma">
              <ref>Flaus, Flausch, Flause</ref>
              <date type="accessed">24.09.2021</date>
            </xr>
          </ref>
          <ref type="bibl" target="#Kluge2011">
            <lbl>vgl.</lbl>Kluge 2011
            <citedRange>300f.</citedRange>
          </ref>
        </etym>
        <sense>
          <sense>
            <sense>
              <sense>
                <def>sehr sonderbarer, schrulliger Gedanke bzw. Einfall; einer Laune entspringender Einfall oder spontane (abwegige) Idee; seltsame (unangenehme) Eigenheit, Eigentümlichkeit; merkwürdige, eigensinnige Laune, die als unangenehm empfunden wird</def>
                <usg type="geo">
                  <placeName type="bundesland" ref="/geodata-wboe.xml#p1A">STir.</placeName>
                </usg>
                <usg type="geo">
                  <placeName type="bundesland" ref="/geodata-wboe.xml#p1B">OTir.</placeName>
                </usg>
                <usg type="geo">
                  <placeName type="bundesland" ref="/geodata-wboe.xml#p1C">NTir.</placeName>
                </usg>
                <usg type="geo">
                  <placeName type="bundesland" ref="/geodata-wboe.xml#p2">Ktn.</placeName>
                </usg>
                <usg type="geo">
                  <placeName type="grossregion" ref="/geodata-wboe.xml#p4.5">Flachg.</placeName>
                </usg>
                <usg type="geo">
                  <placeName type="bundesland" ref="/geodata-wboe.xml#p5">OÖ</placeName>
                </usg>
                <cit type="example">
                  <quote xml:lang="bar-AT">wås håst den widᵃʳ f'rₒanᵉ Flausn!?</quote>
                  <usg type="geo">
                    <placeName type="gemeinde" ref="/geodata-wboe.xml#p2.3b05">Straßburg</placeName>
                  </usg>
                </cit>
                <ptr type="collection" subtype="bedeutung" target="/collections-wboe.xml#c22303"/>
              </sense>
              <sense>
                <xr type="lemma">
                  <lbl>nur</lbl>
                  <ref>Flausen</ref>
                </xr>
                <usg>(Plural)</usg>
                <def>nichtiges, inhaltsloses Gerede</def>
                <usg type="geo">
                  <placeName type="grossregion" ref="/geodata-wboe.xml#p5.1">Innv.</placeName>
                </usg>
                <ptr type="collection" subtype="bedeutung" target="/collections-wboe.xml#c22304"/>
              </sense>
              <sense>
                <xr type="lemma">
                  <lbl>nur</lbl>
                  <ref>Flausen</ref>
                </xr>
                <usg>(Plural)</usg>
                <def>Torheiten; Unsinn; dumme Gedanken; (lustige) Albernheiten; Kindereien; Narreteien; Schelmenstreiche</def>
                <usg type="geo">
                  <placeName type="bundesland" ref="/geodata-wboe.xml#p1A">STir.</placeName>
                </usg>
                <usg type="geo">
                  <placeName type="grossregion" ref="/geodata-wboe.xml#p1C.1">wNTir.</placeName>
                </usg>
                <usg type="geo">
                  <placeName type="grossregion" ref="/geodata-wboe.xml#p2.2">MKtn.</placeName>
                </usg>
                <usg type="geo">
                  <placeName type="grossregion" ref="/geodata-wboe.xml#p4.5">Flachg.</placeName>
                </usg>
                <usg type="geo">
                  <placeName type="grossregion" ref="/geodata-wboe.xml#p5.4">Mühlv.</placeName>
                </usg>
                <usg type="geo">
                  <placeName type="grossregion" ref="/geodata-wboe.xml#p6.1">Mostv.</placeName>
                </usg>
                <cit type="example">
                  <quote xml:lang="bar-AT">in Kopf folle Flausn</quote>
                  <usg type="geo">
                    <placeName type="gemeinde" ref="/geodata-wboe.xml#p1A.4e01">Gais</placeName>
                  </usg>
                </cit>
                <cit type="example">
                  <quote xml:lang="bar-AT">Heᵃʳ amål auf mit deinₑ Flausn!</quote>
                  <usg type="geo">
                    <placeName type="gemeinde" ref="/geodata-wboe.xml#p2.3b05">Straßburg</placeName>
                  </usg>
                </cit>
                <cit type="example">
                  <quote xml:lang="bar-AT">Flausn treibn</quote>
                  <usg type="geo">
                    <placeName type="gemeinde" ref="/geodata-wboe.xml#p6.1b01">Haag</placeName>
                  </usg>
                </cit>
                <ptr type="collection" subtype="bedeutung" target="/collections-wboe.xml#c22305"/>
              </sense>
            </sense>
            <sense>
              <sense>
                <xr type="lemma">
                  <lbl>nur</lbl>
                  <ref>Flausen</ref>
                </xr>
                <usg>(Plural)</usg>
                <def>Ausreden; Ausflüchte; Flunkereien; falsche Vorspiegelungen</def>
                <usg type="geo">
                  <placeName type="bundesland" ref="/geodata-wboe.xml#p2">Ktn.</placeName>
                </usg>
                <usg type="geo">
                  <placeName type="grossregion" ref="/geodata-wboe.xml#p6.1">Mostv.</placeName>
                </usg>
                <usg type="geo">
                  <placeName type="grossregion" ref="/geodata-wboe.xml#p6.3">Waldv.</placeName>
                </usg>
                <usg type="geo">
                  <placeName type="grossregion" ref="/geodata-wboe.xml#p6.5">Wien</placeName>
                </usg>
                <usg type="geo">
                  <placeName type="grossregion" ref="/geodata-wboe.xml#p7.3">SBgl.</placeName>
                </usg>
                <ptr type="collection" subtype="bedeutung" target="/collections-wboe.xml#c22306"/>
              </sense>
              <sense>
                <xr type="lemma">
                  <lbl>nur</lbl>
                  <ref>Flausen</ref>
                </xr>
                <usg>(Plural)</usg>
                <def>Prahlerei; Großtuerei</def>
                <usg type="geo">
                  <placeName type="grossregion" ref="/geodata-wboe.xml#p6.1">Mostv.</placeName>
                </usg>
                <usg type="geo">
                  <placeName type="grossregion" ref="/geodata-wboe.xml#p6.3">Waldv.</placeName>
                </usg>
                <usg type="geo">
                  <placeName type="grossregion" ref="/geodata-wboe.xml#p6.5">Wien</placeName>
                </usg>
                <ptr type="collection" subtype="bedeutung" target="/collections-wboe.xml#c22307"/>
              </sense>
            </sense>
          </sense>
        </sense>
        <re type="redewendung">
          <form subtype="MWE" type="lemma">
            <orth>Das wären mir Flausen!</orth>
          </form>
          <sense>
            <def type="umschreibung">Spruch</def>
            <usg type="geo">
              <placeName type="grossregion" ref="/geodata-wboe.xml#p5.3">Traunv.</placeName>
            </usg>
            <cit type="example">
              <quote xml:lang="bar-AT">dås wāʳn ma Flausn!</quote>
              <usg type="geo">
                <placeName type="gemeinde" ref="/geodata-wboe.xml#p5.3b02">Gmunden</placeName>
              </usg>
            </cit>
          </sense>
          <ptr type="collection" subtype="MWE" target="/collections-wboe.xml#c22249"/>
        </re>
        <re type="redewendung">
          <form subtype="MWE" type="lemma">
            <orth>Flausen machen</orth>
          </form>
          <sense>
            <sense>
              <def>aufschneiden; großtun; mehr scheinen, als man ist</def>
              <usg type="geo">
                <placeName type="grossregion" ref="/geodata-wboe.xml#p6.1">Mostv.</placeName>
              </usg>
              <usg type="geo">
                <placeName type="grossregion" ref="/geodata-wboe.xml#p6.3">Waldv.</placeName>
              </usg>
              <usg type="geo">
                <placeName type="grossregion" ref="/geodata-wboe.xml#p6.5">Wien</placeName>
              </usg>
              <ptr type="collection" subtype="bedeutung" target="/collections-wboe.xml#c22251"/>
            </sense>
            <sense>
              <def>Ausreden, Ausflüchte gebrauchen; vortäuschen; vorspiegeln</def>
              <usg type="geo">
                <placeName type="grossregion" ref="/geodata-wboe.xml#p6.1">Mostv.</placeName>
              </usg>
              <usg type="geo">
                <placeName type="grossregion" ref="/geodata-wboe.xml#p6.3">Waldv.</placeName>
              </usg>
              <usg type="geo">
                <placeName type="grossregion" ref="/geodata-wboe.xml#p6.5">Wien</placeName>
              </usg>
              <usg type="geo">
                <placeName type="grossregion" ref="/geodata-wboe.xml#p7.3">SBgl.</placeName>
              </usg>
              <cit type="example">
                <quote xml:lang="bar-AT">φlą̄ozn mǫχɒ</quote>
                <usg type="geo">
                  <placeName type="gemeinde" ref="/geodata-wboe.xml#p7.3e02">Rechnitz</placeName>
                </usg>
              </cit>
            </sense>
          </sense>
          <ptr type="collection" subtype="MWE" target="/collections-wboe.xml#c22252"/>
        </re>
        <re type="redewendung">
          <form subtype="MWE" type="lemma">
            <orth>(jemandem) die Flausen (aus dem Schädel) austreiben</orth>
          </form>
          <sense>
            <def>(jemandes) absonderliche Vorstellungen und Pläne beenden; (jemandes) verrückte, sinnlose Ideen vertreiben; (jemanden) auf den Boden der Realität bringen</def>
            <usg type="geo">
              <placeName type="bundesland" ref="/geodata-wboe.xml#p1A">STir.</placeName>
            </usg>
            <usg type="geo">
              <placeName type="grossregion" ref="/geodata-wboe.xml#p4.5">Flachg.</placeName>
            </usg>
            <cit type="example">
              <quote xml:lang="bar-AT">Einem die flaus'na austreiben</quote>
              <usg type="geo">
                <placeName type="bundesland" ref="/geodata-wboe.xml#p1A">STir.</placeName>
              </usg>
            </cit>
            <cit type="example">
              <quote xml:lang="bar-AT">d Flausna ausn Scheᵈl austreiᵇm</quote>
              <usg type="geo">
                <placeName type="gemeinde" ref="/geodata-wboe.xml#p4.5e01">Salzburg</placeName>
              </usg>
            </cit>
          </sense>
          <ptr type="collection" subtype="MWE" target="/collections-wboe.xml#c22254"/>
        </re>
        <re type="redewendung">
          <form subtype="MWE" type="lemma">
            <orth>(lauter) Flausen (im Kopf) haben</orth>
          </form>
          <sense>
            <def>(nichts als) verrückte Einfälle, Schrullen, Launen haben; sich etwas einbilden; (nur) unrealistische, sinnlose Pläne schmieden; (nur) Unsinn machen</def>
            <usg type="geo">
              <placeName type="bundesland" ref="/geodata-wboe.xml#p1A">STir.</placeName>
            </usg>
            <usg type="geo">
              <placeName type="grossregion" ref="/geodata-wboe.xml#p5.3">Traunv.</placeName>
            </usg>
            <cit type="example">
              <quote xml:lang="bar-AT">flaus'n im Kopf haben</quote>
              <usg type="geo">
                <placeName type="bundesland" ref="/geodata-wboe.xml#p1A">STir.</placeName>
              </usg>
            </cit>
          </sense>
          <ptr type="collection" subtype="MWE" target="/collections-wboe.xml#c22257"/>
        </re>
        <re type="redewendung">
          <form subtype="MWE" type="lemma">
            <orth>Sitten und Flausen</orth>
          </form>
          <sense>
            <def>Eigenheiten</def>
          </sense>
          <usg type="geo">
            <placeName type="grossregion" ref="/geodata-wboe.xml#p2.2">MKtn.</placeName>
          </usg>
          <cit type="example">
            <quote xml:lang="bar-AT">Sitn und Flausn</quote>
            <usg type="geo">
              <placeName type="gemeinde" ref="/geodata-wboe.xml#p2.3b05">Straßburg</placeName>
            </usg>
          </cit>
          <ptr type="collection" subtype="MWE" target="/collections-wboe.xml#c22258"/>
        </re>
      </entry>
    </body>
  </text>
</TEI>
