<?xml version="1.0" encoding="UTF-8"?>
    <?xml-model href="http://www.tei-c.org/release/xml/tei/custom/schema/relaxng/tei_all.rng" type="application/xml" schematypens="http://purl.oclc.org/dsdl/schematron"?>
    <?xml-model href="../../803_RNG-schematron/WBOE-ODD.rnc" type="application/relax-ng-compact-syntax"?>
<?redaktionstool version="0.7.4" ?>
<?parser type="lioe" version="0.7.3" ?>
<TEI xmlns="http://www.tei-c.org/ns/1.0">
  <teiHeader>
    <fileDesc>
      <titleStmt>
        <title>Flederling</title>
        <respStmt>
          <resp>Editor</resp>
          <name ref="#SW">Sabine Wahl</name>
        </respStmt>
        <respStmt>
          <resp>Encoding Scheme</resp>
          <name>Jack Bowers</name>
          <name>Daniel Schopper</name>
          <name>Omar Siam</name>
        </respStmt>
        <respStmt>
          <resp>DBOE Team</resp>
          <name xml:id="AL">Alexandra N. Lenz</name>
          <name xml:id="PhS">Philipp Stöckle</name>
          <name xml:id="AG">Andreas Gellan</name>
          <name xml:id="PZ">Patrick Zeitlhuber</name>
          <name xml:id="SW">Sabine Wahl</name>
          <name xml:id="SS">Sonja Schwaiger</name>
          <name xml:id="AB">Angela Bergermayer</name>
          <name xml:id="EW">Eva Wahlmüller</name>
          <name xml:id="DG">David Gschösser</name>
          <name xml:id="StS">Stefanie Schöberl</name>
          <name xml:id="FF">Fabian Fleißner</name>
        </respStmt>
        <respStmt>
          <resp>Student assistants</resp>
          <name>Susanna Muhr</name>
          <name>Manuela Stütz</name>
          <name>Christina Hemetsberger</name>
        </respStmt>
      </titleStmt>
      <publicationStmt>
        <p></p>
      </publicationStmt>
      <sourceDesc>
        <list>
          <item>
            <label>Geo-data</label>
            <ptr xml:id="geo-inventory-WBOE" target="../geodata-wboe.xml"/>
          </item>
          <item>
            <label>Bibliography</label>
            <ptr xml:id="bibliography-WBOE" target="../bibl-wboe.xml"/>
          </item>
          <item>
            <label>WBOE-Slips</label>
            <ptr xml:id="slips-WBOE" target="../slips-wboe.xml"/>
          </item>
          <item>
            <label>WBOE-Collections</label>
            <ptr xml:id="collections-WBOE" target="../collections-wboe.xml"/>
          </item>
        </list>
      </sourceDesc>
    </fileDesc>
    <revisionDesc>
      <listChange>
        <change status="in progress" when="2021-10-13" who="#SW">Datensatz erstellt</change>
        <change status="peer correction" when="2021-10-13" who="#SW">V1</change>
        <change status="peer correction" when="2022-01-11" who="#PZ">LK eingefügt</change>
        <change status="internal correction" when="2022-01-14" who="#SW">V2</change>
        <change status="external correction" when="2022-01-19" who="#SW">V3</change>
        <change status="finished" when="2022-01-26" who="#SW">V4</change>
      </listChange>
    </revisionDesc>
  </teiHeader>
  <text>
    <body>
      <entry>
        <form type="lemma" xml:id="Flederling">
          <orth>Flederling</orth>
          <ptr type="collection" subtype="lemma" target="/collections-wboe.xml#c18089"/>
        </form>
        <gramGrp>
          <gram type="pos">Substantiv</gram>
          <gram type="gender">Maskulinum</gram>
        </gramGrp>
        <usg type="geo">
          <placeName type="grossregion" ref="/geodata-wboe.xml#p1B.0">OTir.</placeName>
        </usg>
        <usg type="geo">
          <placeName type="bundesland" ref="/geodata-wboe.xml#p1C">NTir.</placeName>
        </usg>
        <usg type="geo">
          <placeName type="grossregion" ref="/geodata-wboe.xml#p2.2">MKtn.</placeName>
        </usg>
        <usg type="geo">
          <placeName type="grossregion" ref="/geodata-wboe.xml#p3.1">sbair.ObStmk.</placeName>
        </usg>
        <usg type="geo">
          <placeName type="bundesland" ref="/geodata-wboe.xml#p4">Sbg.</placeName>
        </usg>
        <usg type="geo">
          <placeName type="bundesland" ref="/geodata-wboe.xml#p5">OÖ</placeName>
        </usg>
        <usg type="geo">
          <placeName type="bundesland" ref="/geodata-wboe.xml#p6">NÖ</placeName>
        </usg>
        <note type="kommentar" resp="#PZ">Der Stammvokal unbekannter Herkunft tritt überall als in offener Silbe gedehnter, offener oder geschlossener
          <c>e</c>-Monophthong auf
          <xr>
            <ref>flę̄dɒlįŋ</ref>
            <ref>flēdɒləŋ</ref>
          </xr>. Der Vokal der zweiten Silbe wurde im gesamten Verbreitungsgebiet reduziert und das
          <c>r</c>vokalisiert. In der auslautenden Silbe kann der Vokal in unterschiedlichen Qualitäten vorkommen
          <xr>
            <ref>flę̄dɒlįŋ</ref>
            <ref>flę̄dɒləŋ</ref>
          </xr>. Verballhornte Varianten mit gerundetem Stammvokal und eingeschobenem labiodentalen Frikativ kommen in der südbairischen Obersteiermark vor
          <xr>
            <ref>flǫ̈ftɒlən</ref>
          </xr>. Im westlichen Südmittelbairischen und im Ostmittelbairischen wurde der Anlaut vereinzelt durch Affrizierung gestärkt
          <xr>
            <ref>pflēdɒləŋ</ref>
          </xr>.
        </note>
        <form type="dialect">
          <pron xml:lang="bar-AT">-flǫ̈daleng</pron>
          <usg type="geo">
            <placeName type="gemeinde" ref="/geodata-wboe.xml#p1C.3e06">Kufstein</placeName>
          </usg>
        </form>
        <form type="dialect">
          <pron xml:lang="bar-AT">fledaleng</pron>
          <usg type="geo">
            <placeName type="gemeinde" ref="/geodata-wboe.xml#p1C.3f02">Hopfgarten im Brixental</placeName>
          </usg>
        </form>
        <form type="dialect">
          <pron xml:lang="bar-AT">flederleng</pron>
          <usg type="geo">
            <placeName type="gemeinde" ref="/geodata-wboe.xml#p2.2b01">Malta</placeName>
          </usg>
        </form>
        <form type="dialect">
          <pron xml:lang="bar-AT">flederling</pron>
          <usg type="geo">
            <placeName type="gemeinde" ref="/geodata-wboe.xml#p2.2e01">Bad Kleinkirchheim</placeName>
          </usg>
        </form>
        <form type="dialect">
          <pron xml:lang="bar-AT">-flö́ftălən</pron>
          <usg type="geo">
            <placeName type="gemeinde" ref="/geodata-wboe.xml#p3.1d03">Lobmingtal</placeName>
          </usg>
        </form>
        <form type="dialect">
          <pron xml:lang="bar-AT">pflederling</pron>
          <usg type="geo">
            <placeName type="bundesland" ref="/geodata-wboe.xml#p4">Sbg.</placeName>
          </usg>
        </form>
        <form type="dialect">
          <pron xml:lang="bar-AT">flę́̄dɒlẽŋ</pron>
          <usg type="geo">
            <placeName type="gemeinde" ref="/geodata-wboe.xml#p4.5d06">Strobl</placeName>
          </usg>
        </form>
        <form type="dialect">
          <pron xml:lang="bar-AT">flēdaling</pron>
          <usg type="geo">
            <placeName type="gemeinde" ref="/geodata-wboe.xml#p5.2e01">Linz</placeName>
          </usg>
          <ptr type="collection" subtype="lautung" target="/collections-wboe.xml#c22828"/>
        </form>
        <etym>
          <seg type="desc">wohl Ableitung von</seg>
          <cit type="etymon">
            <lang>mhd.</lang>
            <form>
              <orth>vlëder</orth>
            </form>
            <def>Fähnlein des Banners</def>
          </cit>
          <seg type="desc">
            <ref type="bibl" target="#Lexer1878III">
              <lbl>vgl.</lbl>Lexer 1878 III
              <citedRange>390</citedRange>
            </ref>; siehe auch
          </seg>
          <cit type="etymon">
            <xr type="lemma">
              <ref target="fledern.xml#ge_fledern">(ge)fledern</ref>
            </xr>
          </cit>
          <seg type="desc">; eine Vermischung mit</seg>
          <cit type="etymon">
            <xr type="lemma">
              <ref target="Fläderling.xml#Flaederling">Fläderling</ref>
            </xr>
          </cit>
          <seg type="desc">ist wahrscheinlich</seg>
        </etym>
        <sense>
          <sense>
            <def>flatterndes Tuchstück an der Kleidung</def>
            <usg type="geo">
              <placeName type="grossregion" ref="/geodata-wboe.xml#p1B.0">OTir.</placeName>
            </usg>
            <usg type="geo">
              <placeName type="bundesland" ref="/geodata-wboe.xml#p1C">NTir.</placeName>
            </usg>
            <cit type="example">
              <quote xml:lang="bar-AT">Ea is ma entwischt, bin eam năch und nett ben an Fledaleng foⁿ sein Rokh hun i n nu dapąkht</quote>
              <usg type="geo">
                <placeName type="gemeinde" ref="/geodata-wboe.xml#p1C.3f02">Hopfgarten im Brixental</placeName>
              </usg>
            </cit>
            <ptr type="collection" subtype="bedeutung" target="/collections-wboe.xml#c22777"/>
          </sense>
          <sense>
            <sense>
              <def>Kuhfladen</def>
              <usg type="geo">
                <placeName type="grossregion" ref="/geodata-wboe.xml#p2.2">MKtn.</placeName>
              </usg>
              <usg type="geo">
                <placeName type="bundesland" ref="/geodata-wboe.xml#p4">Sbg.</placeName>
              </usg>
              <usg type="geo">
                <placeName type="grossregion" ref="/geodata-wboe.xml#p5.3">Traunv.</placeName>
              </usg>
              <ptr type="collection" subtype="bedeutung" target="/collections-wboe.xml#c22769"/>
            </sense>
            <sense>
              <def>ausgespuckter Speichelklumpen oder Schleimbatzen</def>
              <usg type="geo">
                <placeName type="grossregion" ref="/geodata-wboe.xml#p4.5">Flachg.</placeName>
              </usg>
              <usg type="geo">
                <placeName type="grossregion" ref="/geodata-wboe.xml#p5.2">Hausrv.</placeName>
              </usg>
              <ptr type="collection" subtype="bedeutung" target="/collections-wboe.xml#c22778"/>
            </sense>
          </sense>
          <sense>
            <sense>
              <def>österlicher Pfannenkuchen</def>
              <usg type="geo">
                <placeName type="bundesland" ref="/geodata-wboe.xml#p4">Sbg.</placeName>
              </usg>
              <ptr type="collection" subtype="bedeutung" target="/collections-wboe.xml#c22780"/>
            </sense>
            <sense>
              <def>flaches, auseinandergeronnenes Brot aus schlechtem Mehl</def>
              <usg type="geo">
                <placeName type="bundesland" ref="/geodata-wboe.xml#p5">OÖ</placeName>
              </usg>
              <ptr type="collection" subtype="bedeutung" target="/collections-wboe.xml#c22779"/>
            </sense>
          </sense>
          <sense>
            <def>fauler Mensch</def>
            <usg type="geo">
              <placeName type="grossregion" ref="/geodata-wboe.xml#p4.2">Pinzg.</placeName>
            </usg>
            <ptr type="collection" subtype="bedeutung" target="/collections-wboe.xml#c22781"/>
          </sense>
        </sense>
        <re>
          <form subtype="compound" type="lemma">
            <orth>Kuhflederling</orth>
          </form>
          <sense>
            <sense>
              <def>Kuhpilz; Kuhröhrling; Boletus bovinus</def>
              <usg type="geo">
                <placeName type="bundesland" ref="/geodata-wboe.xml#p6">NÖ</placeName>
              </usg>
              <ptr type="collection" subtype="bedeutung" target="/collections-wboe.xml#c22770"/>
            </sense>
            <sense>
              <def>Kuhfladen auf der Weide, der schon alt und trocken ist</def>
              <usg type="geo">
                <placeName type="grossregion" ref="/geodata-wboe.xml#p3.1">sbair.ObStmk.</placeName>
              </usg>
              <ptr type="collection" subtype="bedeutung" target="/collections-wboe.xml#c22772"/>
            </sense>
          </sense>
        </re>
        <re>
          <form subtype="compound" type="lemma">
            <orth>Rockflederling</orth>
          </form>
          <sense>
            <sense>
              <def>Männerkleidung mit ziemlich langen Schößen am Rückenteil; Rock (Oberbekleidungsstück für Männer); Frack</def>
              <usg type="geo">
                <placeName type="grossregion" ref="/geodata-wboe.xml#p1C.3">öNTir.</placeName>
              </usg>
              <ptr type="collection" subtype="bedeutung" target="/collections-wboe.xml#c22773"/>
            </sense>
          </sense>
        </re>
      </entry>
    </body>
  </text>
</TEI>