<?xml version="1.0" encoding="UTF-8"?>
    <?xml-model href="http://www.tei-c.org/release/xml/tei/custom/schema/relaxng/tei_all.rng" type="application/xml" schematypens="http://purl.oclc.org/dsdl/schematron"?>
    <?xml-model href="../../803_RNG-schematron/WBOE-ODD.rnc" type="application/relax-ng-compact-syntax"?>
<?redaktionstool version="0.7.4" ?>
<?parser type="lioe" version="0.7.3" ?>
<TEI xmlns="http://www.tei-c.org/ns/1.0">
  <teiHeader>
    <fileDesc>
      <titleStmt>
        <title>Fleiß</title>
        <respStmt>
          <resp>Editor</resp>
          <name ref="#SW">Sabine Wahl</name>
        </respStmt>
        <respStmt>
          <resp>Encoding Scheme</resp>
          <name>Jack Bowers</name>
          <name>Daniel Schopper</name>
          <name>Omar Siam</name>
        </respStmt>
        <respStmt>
          <resp>DBOE Team</resp>
          <name xml:id="AL">Alexandra N. Lenz</name>
          <name xml:id="PhS">Philipp Stöckle</name>
          <name xml:id="AG">Andreas Gellan</name>
          <name xml:id="PZ">Patrick Zeitlhuber</name>
          <name xml:id="SW">Sabine Wahl</name>
          <name xml:id="SS">Sonja Schwaiger</name>
          <name xml:id="AB">Angela Bergermayer</name>
          <name xml:id="EW">Eva Wahlmüller</name>
          <name xml:id="DG">David Gschösser</name>
          <name xml:id="StS">Stefanie Schöberl</name>
          <name xml:id="FF">Fabian Fleißner</name>
        </respStmt>
        <respStmt>
          <resp>Student assistants</resp>
          <name>Susanna Muhr</name>
          <name>Manuela Stütz</name>
          <name>Christina Hemetsberger</name>
        </respStmt>
      </titleStmt>
      <publicationStmt>
        <p></p>
      </publicationStmt>
      <sourceDesc>
        <list>
          <item>
            <label>Geo-data</label>
            <ptr xml:id="geo-inventory-WBOE" target="../geodata-wboe.xml"/>
          </item>
          <item>
            <label>Bibliography</label>
            <ptr xml:id="bibliography-WBOE" target="../bibl-wboe.xml"/>
          </item>
          <item>
            <label>WBOE-Slips</label>
            <ptr xml:id="slips-WBOE" target="../slips-wboe.xml"/>
          </item>
          <item>
            <label>WBOE-Collections</label>
            <ptr xml:id="collections-WBOE" target="../collections-wboe.xml"/>
          </item>
        </list>
      </sourceDesc>
    </fileDesc>
    <revisionDesc>
      <listChange>
        <change status="in progress" when="2021-06-02" who="#SW">Datensatz erstellt</change>
        <change status="peer correction" when="2021-06-07" who="#SW">V1</change>
        <change status="internal correction" when="2021-06-15" who="#SW">V2</change>
        <change status="internal correction" when="2021-07-12" who="#SW">LK unformatiert eingefügt</change>
        <change status="external correction" when="2021-12-03" who="#SW">V3</change>
        <change status="finished" when="2021-12-21" who="#SW">online</change>
      </listChange>
    </revisionDesc>
  </teiHeader>
  <text>
    <body>
      <entry>
        <form type="lemma" xml:id="Fleiss">
          <orth>Fleiß</orth>
          <ptr type="collection" subtype="lemma" target="/collections-wboe.xml#c12863"/>
        </form>
        <gramGrp>
          <gram type="pos">Substantiv</gram>
          <gram type="gender">Maskulinum</gram>
        </gramGrp>
        <usg type="geo">
          <placeName type="bundesland" ref="/geodata-wboe.xml#p1A">STir.</placeName>
        </usg>
        <usg type="geo">
          <placeName type="grossregion" ref="/geodata-wboe.xml#p1B.0">OTir.</placeName>
        </usg>
        <usg type="geo">
          <placeName type="bundesland" ref="/geodata-wboe.xml#p1C">NTir.</placeName>
        </usg>
        <usg type="geo">
          <placeName type="grossregion" ref="/geodata-wboe.xml#p2.2">MKtn.</placeName>
        </usg>
        <usg type="geo">
          <placeName type="grossregion" ref="/geodata-wboe.xml#p2.4">UKtn.</placeName>
        </usg>
        <usg type="geo">
          <placeName type="bundesland" ref="/geodata-wboe.xml#p3">Stmk.</placeName>
        </usg>
        <usg type="geo">
          <placeName type="grossregion" ref="/geodata-wboe.xml#p4.2">Pinzg.</placeName>
        </usg>
        <usg type="geo">
          <placeName type="bundesland" ref="/geodata-wboe.xml#p5">OÖ</placeName>
        </usg>
        <usg type="geo">
          <placeName type="bundesland" ref="/geodata-wboe.xml#p6">NÖ</placeName>
        </usg>
        <usg type="geo">
          <placeName type="grossregion" ref="/geodata-wboe.xml#p6.5">Wien</placeName>
        </usg>
        <usg type="geo">
          <placeName type="grossregion" ref="/geodata-wboe.xml#p7.2">MBgl.</placeName>
        </usg>
        <usg type="geo">
          <placeName type="grossregion" ref="/geodata-wboe.xml#p7.3">SBgl.</placeName>
        </usg>
        <note type="kommentar" resp="#DG">Für mhd.
          <c>ī</c>im Stammvokal liegen im ganzen Untersuchungsgebiet regelhaft steigende
          <c>ai</c>-Diphthonge vor
          <xr>
            <ref>flaiß</ref>
            <ref>flais</ref>
          </xr>, die in und um Wien auch monophthongiert auftreten
          <xr>
            <ref>flǣs</ref>
          </xr>. Interessant ist die Verschmelzung der Wendung
          <c>zu Fleiß</c>
          <xr>
            <ref>tsflais</ref>
          </xr>, wo im Mittelbairischen die alveolare Affrikate der synkopierten Präposition mitunter zum labialen Plosiv assimiliert wurde
          <xr>
            <ref>pflais</ref>
          </xr>.
        </note>
        <form type="dialect">
          <pron xml:lang="bar-AT">fleiß</pron>
          <usg type="geo">
            <placeName type="kleinregion" ref="/geodata-wboe.xml#p1A.3f">obEisackt.</placeName>
          </usg>
        </form>
        <form type="dialect">
          <pron xml:lang="bar-AT">flaiss</pron>
          <usg type="geo">
            <placeName type="grossregion" ref="/geodata-wboe.xml#p1B.0">OTir.</placeName>
          </usg>
        </form>
        <form type="dialect">
          <pron xml:lang="bar-AT">fleiß</pron>
          <pron xml:lang="bar-AT">flaiß</pron>
          <usg type="geo">
            <placeName type="gemeinde" ref="/geodata-wboe.xml#p1C.2a19">Schwaz</placeName>
          </usg>
        </form>
        <form type="dialect">
          <pron xml:lang="bar-AT">fleis</pron>
          <usg type="geo">
            <placeName type="gemeinde" ref="/geodata-wboe.xml#p2.2c03">Trebesing</placeName>
          </usg>
        </form>
        <form type="dialect">
          <pron xml:lang="bar-AT">flis</pron>
          <usg type="geo">
            <placeName type="grossregion" ref="/geodata-wboe.xml#p2.4">UKtn.</placeName>
          </usg>
        </form>
        <form type="dialect">
          <pron xml:lang="bar-AT">flaiss</pron>
          <usg type="geo">
            <placeName type="grossregion" ref="/geodata-wboe.xml#p3.3">WStmk.</placeName>
          </usg>
        </form>
        <form type="dialect">
          <pron xml:lang="bar-AT">flāis</pron>
          <usg type="geo">
            <placeName type="gemeinde" ref="/geodata-wboe.xml#p3.5d20">Vorau</placeName>
          </usg>
        </form>
        <form type="dialect">
          <pron xml:lang="bar-AT">fleis</pron>
          <usg type="geo">
            <placeName type="gemeinde" ref="/geodata-wboe.xml#p4.2c01">Fusch an der Großglocknerstraße</placeName>
          </usg>
        </form>
        <form type="dialect">
          <pron xml:lang="bar-AT">-flāės</pron>
          <usg type="geo">
            <placeName type="gemeinde" ref="/geodata-wboe.xml#p5.1c07">Mühlheim am Inn</placeName>
          </usg>
        </form>
        <form type="dialect">
          <pron xml:lang="bar-AT">φlāẹσ</pron>
          <usg type="geo">
            <placeName type="grossregion" ref="/geodata-wboe.xml#p5.4">Mühlv.</placeName>
          </usg>
        </form>
        <form type="dialect">
          <pron xml:lang="bar-AT">flāis</pron>
          <usg type="geo">
            <placeName type="gemeinde" ref="/geodata-wboe.xml#p5.4e04">Gallneukirchen</placeName>
          </usg>
        </form>
        <form type="dialect">
          <pron xml:lang="bar-AT">flaęs</pron>
          <usg type="geo">
            <placeName type="gemeinde" ref="/geodata-wboe.xml#p6.1d01">Allhartsberg</placeName>
          </usg>
        </form>
        <form type="dialect">
          <pron xml:lang="bar-AT">flāis</pron>
          <usg type="geo">
            <placeName type="gemeinde" ref="/geodata-wboe.xml#p6.1o01">Herzogenburg</placeName>
          </usg>
        </form>
        <form type="dialect">
          <pron xml:lang="bar-AT">flēiß</pron>
          <usg type="geo">
            <placeName type="gemeinde" ref="/geodata-wboe.xml#p6.4d18">Poysdorf</placeName>
          </usg>
        </form>
        <form type="dialect">
          <pron xml:lang="bar-AT">fleiß</pron>
          <pron xml:lang="bar-AT">-flais</pron>
          <pron xml:lang="bar-AT">-ƒlǟß</pron>
          <usg type="geo">
            <placeName type="grossregion" ref="/geodata-wboe.xml#p6.5">Wien</placeName>
          </usg>
        </form>
        <form type="dialect">
          <pron xml:lang="bar-AT">flāis</pron>
          <usg type="geo">
            <placeName type="gemeinde" ref="/geodata-wboe.xml#p7.2a08">Neckenmarkt</placeName>
          </usg>
        </form>
        <form type="dialect">
          <pron xml:lang="bar-AT">-flåeß</pron>
          <pron xml:lang="bar-AT">-flå̄ß</pron>
          <usg type="geo">
            <placeName type="kleinregion" ref="/geodata-wboe.xml#p7.3i">unt.bgl.Pinkat.</placeName>
          </usg>
          <ptr type="collection" subtype="lautung" target="/collections-wboe.xml#c18099"/>
        </form>
        <etym>
          <cit type="etymon">
            <lang>ahd.</lang>
            <form>
              <orth>flīz</orth>
            </form>
            <def>Kampf; Streit; kriegerische Auseinandersetzung; Streitsucht; Eifern; Eifersucht; körperliche Anstrengung; (geistige) Anspannung der Kräfte; Mühe; stetiges Bemühen; Eifrigkeit; Eifer; übermäßiges Streben; Übereifer</def>
          </cit>
          <cit type="etymon">
            <lang>mhd.</lang>
            <form>
              <orth>vlīz</orth>
            </form>
            <form>
              <orth>vliez</orth>
            </form>
            <def>Beflissenheit; Eifer; Wetteifer; Sorgfalt</def>
          </cit>
          <ref type="bibl" target="#AWB1985III">
            <lbl>vgl.</lbl>AWB 1985 III
            <citedRange>985-988</citedRange>
          </ref>
          <ref type="bibl" target="#Lexer1878III">
            <lbl>vgl.</lbl>Lexer 1878 III
            <citedRange>406</citedRange>
          </ref>
        </etym>
        <sense>
          <sense>
            <def>Arbeitseifer; Tätigkeit; Rührigkeit</def>
            <usg type="geo">
              <placeName type="bundesland" ref="/geodata-wboe.xml#p1A">STir.</placeName>
            </usg>
            <usg type="geo">
              <placeName type="grossregion" ref="/geodata-wboe.xml#p1B.0">OTir.</placeName>
            </usg>
            <usg type="geo">
              <placeName type="bundesland" ref="/geodata-wboe.xml#p1C">NTir.</placeName>
            </usg>
            <usg type="geo">
              <placeName type="grossregion" ref="/geodata-wboe.xml#p2.4">UKtn.</placeName>
            </usg>
            <usg type="geo">
              <placeName type="grossregion" ref="/geodata-wboe.xml#p3.5">OStmk.</placeName>
            </usg>
            <usg type="geo">
              <placeName type="bundesland" ref="/geodata-wboe.xml#p5">OÖ</placeName>
            </usg>
            <usg type="geo">
              <placeName type="grossregion" ref="/geodata-wboe.xml#p6.1">Mostv.</placeName>
            </usg>
            <usg type="geo">
              <placeName type="grossregion" ref="/geodata-wboe.xml#p6.4">Weinv.</placeName>
            </usg>
            <usg type="geo">
              <placeName type="grossregion" ref="/geodata-wboe.xml#p6.5">Wien</placeName>
            </usg>
            <usg type="geo">
              <placeName type="grossregion" ref="/geodata-wboe.xml#p7.2">MBgl.</placeName>
            </usg>
            <ptr type="collection" subtype="bedeutung" target="/collections-wboe.xml#c18058"/>
          </sense>
        </sense>
        <re>
          <form subtype="compound" type="lemma">
            <orth>Unfleiß</orth>
          </form>
          <sense>
            <sense>
              <def>Sorglosigkeit</def>
              <usg type="geo">
                <placeName type="grossregion" ref="/geodata-wboe.xml#p1C.3">öNTir.</placeName>
              </usg>
              <cit type="example">
                <quote xml:lang="bar-AT">dar ʊ̄fleiß und s ʊ̄glück sen G'schwistarat!</quote>
                <usg type="geo">
                  <placeName type="gemeinde" ref="/geodata-wboe.xml#p1C.3e06">Kufstein</placeName>
                </usg>
              </cit>
              <ptr type="collection" subtype="bedeutung" target="/collections-wboe.xml#c18059"/>
            </sense>
          </sense>
        </re>
        <re type="redewendung">
          <xr type="lemma">
            <ref target="#Fleiss">Fleiß</ref>
          </xr>
          <form subtype="MWE" type="lemma">
            <orth>Der Fleiß und der Mist lässt sich sehen, wo er ist</orth>
          </form>
          <sense>
            <def type="umschreibung">Spruch</def>
            <usg type="geo">
              <placeName type="grossregion" ref="/geodata-wboe.xml#p2.2">MKtn.</placeName>
            </usg>
            <cit type="example">
              <quote xml:lang="bar-AT">da Fleis und da Mist låst si seachn wo er ist</quote>
              <usg type="geo">
                <placeName type="gemeinde" ref="/geodata-wboe.xml#p2.2c03">Trebesing</placeName>
              </usg>
            </cit>
            <ptr type="collection" subtype="bedeutung" target="/collections-wboe.xml#c18070"/>
          </sense>
        </re>
        <re type="redewendung">
          <form subtype="MWE" type="lemma">
            <orth>gerade zu Fleiß</orth>
          </form>
          <sense>
            <def>gerade extra</def>
            <usg type="geo">
              <placeName type="grossregion" ref="/geodata-wboe.xml#p1C.2">mNTir.</placeName>
            </usg>
            <cit type="example">
              <quote xml:lang="bar-AT">khrǭd z'Flaiß</quote>
              <usg type="geo">
                <placeName type="gemeinde" ref="/geodata-wboe.xml#p1C.2a19">Schwaz</placeName>
              </usg>
            </cit>
            <ptr type="collection" subtype="bedeutung" target="/collections-wboe.xml#c18083"/>
          </sense>
        </re>
        <re type="redewendung">
          <form subtype="MWE" type="lemma">
            <orth>jemandem alles zu Fleiß tun</orth>
          </form>
          <sense>
            <def>jemanden schikanieren</def>
            <usg type="geo">
              <placeName type="grossregion" ref="/geodata-wboe.xml#p6.5">Wien</placeName>
            </usg>
            <cit type="example">
              <quote xml:lang="bar-AT">einem alles z'Fleiß tuan</quote>
              <usg type="geo">
                <placeName type="grossregion" ref="/geodata-wboe.xml#p6.5">Wien</placeName>
              </usg>
            </cit>
            <ptr type="collection" subtype="bedeutung" target="/collections-wboe.xml#c18077"/>
          </sense>
        </re>
        <re type="redewendung">
          <form subtype="MWE" type="lemma">
            <orth>jemandem etwas zu Fleiß tun</orth>
          </form>
          <sense>
            <sense>
              <def>jemandem absichtlich etwas (Unangenehmes) antun</def>
              <usg type="geo">
                <placeName type="grossregion" ref="/geodata-wboe.xml#p6.1">Mostv.</placeName>
              </usg>
              <cit type="example">
                <quote xml:lang="bar-AT">wẹ̃m wǭs ts fɫāis dūɒn</quote>
                <usg type="geo">
                  <placeName type="gemeinde" ref="/geodata-wboe.xml#p6.1o01">Herzogenburg</placeName>
                </usg>
              </cit>
              <ptr type="collection" subtype="bedeutung" target="/collections-wboe.xml#c18074"/>
            </sense>
            <sense>
              <def>jemandem einen Streich spielen</def>
              <usg type="geo">
                <placeName type="grossregion" ref="/geodata-wboe.xml#p6.4">Weinv.</placeName>
              </usg>
              <cit type="example">
                <quote xml:lang="bar-AT">wem wos z Fleiß thoan</quote>
                <usg type="geo">
                  <placeName type="kleinregion" ref="/geodata-wboe.xml#p6.4j">nwMarchfd.</placeName>
                </usg>
              </cit>
              <ptr type="collection" subtype="bedeutung" target="/collections-wboe.xml#c18076"/>
            </sense>
          </sense>
        </re>
        <re type="redewendung">
          <form subtype="MWE" type="lemma">
            <orth>mit zu Fleiß</orth>
          </form>
          <sense>
            <def>mit Eifer</def>
            <usg type="geo">
              <placeName type="grossregion" ref="/geodata-wboe.xml#p6.4">Weinv.</placeName>
            </usg>
            <cit type="example">
              <quote xml:lang="bar-AT">mit z Fleiß</quote>
              <usg type="geo">
                <placeName type="kleinregion" ref="/geodata-wboe.xml#p6.4j">nwMarchfd.</placeName>
              </usg>
            </cit>
            <ptr type="collection" subtype="bedeutung" target="/collections-wboe.xml#c18075"/>
          </sense>
        </re>
        <re type="redewendung">
          <form subtype="MWE" type="lemma">
            <orth>nicht auf zu Fleiß</orth>
          </form>
          <sense>
            <def>unversehens</def>
            <usg type="geo">
              <placeName type="grossregion" ref="/geodata-wboe.xml#p6.1">Mostv.</placeName>
            </usg>
            <cit type="example">
              <quote xml:lang="bar-AT">nėd af B'fleis</quote>
              <usg type="geo">
                <placeName type="grossregion" ref="/geodata-wboe.xml#p6.1">Mostv.</placeName>
              </usg>
            </cit>
            <ptr type="collection" subtype="bedeutung" target="/collections-wboe.xml#c18073"/>
          </sense>
        </re>
        <re type="redewendung">
          <form subtype="MWE" type="lemma">
            <orth>Note aus Fleiß</orth>
          </form>
          <sense>
            <def>Fleißnote als Belohnung für Arbeitseifer</def>
            <usg type="geo">
              <placeName type="grossregion" ref="/geodata-wboe.xml#p3.1">sbair.ObStmk.</placeName>
            </usg>
            <cit type="example">
              <quote xml:lang="bar-AT">Noutn aus Flais</quote>
              <usg type="geo">
                <placeName type="gemeinde" ref="/geodata-wboe.xml#p3.1d03">Lobmingtal</placeName>
              </usg>
            </cit>
            <ptr type="collection" subtype="bedeutung" target="/collections-wboe.xml#c18071"/>
          </sense>
        </re>
        <re type="redewendung">
          <form subtype="MWE" type="lemma">
            <orth>(auf/aus/mit) zu Fleiß</orth>
          </form>
          <form subtype="MWE" type="lemma">
            <orth>mit Fleiß</orth>
          </form>
          <sense>
            <def>absichtlich; aus (böser) Absicht; zum Trotz/Ärger/Verdruss/Widerstand; vorsätzlich</def>
            <usg type="geo">
              <placeName type="bundesland" ref="/geodata-wboe.xml#p1A">STir.</placeName>
            </usg>
            <usg type="geo">
              <placeName type="grossregion" ref="/geodata-wboe.xml#p1B.0">OTir.</placeName>
            </usg>
            <usg type="geo">
              <placeName type="bundesland" ref="/geodata-wboe.xml#p1C">NTir.</placeName>
            </usg>
            <usg type="geo">
              <placeName type="grossregion" ref="/geodata-wboe.xml#p2.2">MKtn.</placeName>
            </usg>
            <usg type="geo">
              <placeName type="bundesland" ref="/geodata-wboe.xml#p3">Stmk.</placeName>
            </usg>
            <usg type="geo">
              <placeName type="grossregion" ref="/geodata-wboe.xml#p4.2">Pinzg.</placeName>
            </usg>
            <usg type="geo">
              <placeName type="bundesland" ref="/geodata-wboe.xml#p5">OÖ</placeName>
            </usg>
            <usg type="geo">
              <placeName type="bundesland" ref="/geodata-wboe.xml#p6">NÖ</placeName>
            </usg>
            <usg type="geo">
              <placeName type="grossregion" ref="/geodata-wboe.xml#p6.5">Wien</placeName>
            </usg>
            <usg type="geo">
              <placeName type="grossregion" ref="/geodata-wboe.xml#p7.2">MBgl.</placeName>
            </usg>
            <usg type="geo">
              <placeName type="grossregion" ref="/geodata-wboe.xml#p7.3">SBgl.</placeName>
            </usg>
            <cit type="example">
              <quote xml:lang="bar-AT">des håd s z fleis tåⁿ</quote>
              <usg type="geo">
                <placeName type="gemeinde" ref="/geodata-wboe.xml#p4.2c01">Fusch an der Großglocknerstraße</placeName>
              </usg>
            </cit>
            <cit type="example">
              <quote xml:lang="bar-AT">af z'Fleis</quote>
              <usg type="geo">
                <placeName type="gemeinde" ref="/geodata-wboe.xml#p6.1s06">Sitzenberg-Reidling</placeName>
              </usg>
            </cit>
            <cit type="example">
              <quote xml:lang="bar-AT">aus Zflais tąⁿ</quote>
              <usg type="geo">
                <placeName type="gemeinde" ref="/geodata-wboe.xml#p6.3c07">Weitra</placeName>
              </usg>
            </cit>
            <cit type="example">
              <quote xml:lang="bar-AT">Mit z'Flais</quote>
              <usg type="geo">
                <placeName type="gemeinde" ref="/geodata-wboe.xml#p7.2b08">Pilgersdorf</placeName>
              </usg>
            </cit>
            <cit type="example">
              <quote xml:lang="bar-AT">dås hot eɒ mət flaiss gmōcht</quote>
              <ref type="bibl" target="#WeststeirischesWb1987">Weststeirisches Wb. 1987
                <citedRange>519</citedRange>
              </ref>
              <usg type="geo">
                <placeName type="grossregion" ref="/geodata-wboe.xml#p3.3">WStmk.</placeName>
              </usg>
            </cit>
            <ptr type="collection" subtype="bedeutung" target="/collections-wboe.xml#c18061"/>
          </sense>
        </re>
        <re type="redewendung">
          <form subtype="MWE" type="lemma">
            <orth>zu Fleiß nicht</orth>
          </form>
          <sense>
            <def>jetzt erst recht nicht</def>
            <usg type="geo">
              <placeName type="grossregion" ref="/geodata-wboe.xml#p5.2">Hausrv.</placeName>
            </usg>
            <cit type="example">
              <quote xml:lang="bar-AT">pflae̩s nėd</quote>
              <usg type="geo">
                <placeName type="gemeinde" ref="/geodata-wboe.xml#p5.2b46">Weibern</placeName>
              </usg>
            </cit>
            <ptr type="collection" subtype="bedeutung" target="/collections-wboe.xml#c18072"/>
          </sense>
        </re>
        <re type="redewendung">
          <xr type="variant" subtype="compound">
            <ref>Nachtfleiß</ref>
          </xr>
          <form subtype="MWE" type="lemma">
            <orth>den/einen Nachtfleiß haben</orth>
          </form>
          <sense>
            <def>diebisch sein</def>
            <usg type="geo">
              <placeName type="grossregion" ref="/geodata-wboe.xml#p3.3">WStmk.</placeName>
            </usg>
            <cit type="example">
              <quote xml:lang="bar-AT">ɒn nōchtflaiss hō(b)m</quote>
              <ref type="bibl" target="#WeststeirischesWb1987">Weststeirisches Wb. 1987
                <citedRange>539</citedRange>
              </ref>
              <usg type="geo">
                <placeName type="grossregion" ref="/geodata-wboe.xml#p3.3">WStmk.</placeName>
              </usg>
            </cit>
            <ptr type="collection" subtype="bedeutung" target="/collections-wboe.xml#c18060"/>
          </sense>
        </re>
      </entry>
    </body>
  </text>
</TEI>