<?xml version="1.0" encoding="UTF-8"?>
    <?xml-model href="http://www.tei-c.org/release/xml/tei/custom/schema/relaxng/tei_all.rng" type="application/xml" schematypens="http://purl.oclc.org/dsdl/schematron"?>
    <?xml-model href="../../803_RNG-schematron/WBOE-ODD.rnc" type="application/relax-ng-compact-syntax"?>
<?redaktionstool version="0.8.1" ?>
<?parser type="lioe" version="0.8.0" ?>
<TEI xmlns="http://www.tei-c.org/ns/1.0">
  <teiHeader>
    <fileDesc>
      <titleStmt>
        <title>Fleisch</title>
        <respStmt>
          <resp>Editor</resp>
          <name ref="#PhS">Philipp Stöckle</name>
        </respStmt>
        <respStmt>
          <resp>Encoding Scheme</resp>
          <name>Jack Bowers</name>
          <name>Daniel Schopper</name>
          <name>Omar Siam</name>
        </respStmt>
        <respStmt>
          <resp>DBOE Team</resp>
          <name xml:id="AL">Alexandra N. Lenz</name>
          <name xml:id="PhS">Philipp Stöckle</name>
          <name xml:id="AG">Andreas Gellan</name>
          <name xml:id="PZ">Patrick Zeitlhuber</name>
          <name xml:id="SW">Sabine Wahl</name>
          <name xml:id="SS">Sonja Schwaiger</name>
          <name xml:id="AB">Angela Bergermayer</name>
          <name xml:id="EW">Eva Wahlmüller</name>
          <name xml:id="DG">David Gschösser</name>
          <name xml:id="StS">Stefanie Schöberl</name>
          <name xml:id="FF">Fabian Fleißner</name>
          <name xml:id="MK">Markus Kunzmann</name>
        </respStmt>
        <respStmt>
          <resp>Student assistants</resp>
          <name>Susanna Muhr</name>
          <name>Manuela Stütz</name>
          <name>Christina Hemetsberger</name>
        </respStmt>
      </titleStmt>
      <publicationStmt>
        <p></p>
      </publicationStmt>
      <sourceDesc>
        <list>
          <item>
            <label>Geo-data</label>
            <ptr xml:id="geo-inventory-WBOE" target="../geodata-wboe.xml"/>
          </item>
          <item>
            <label>Bibliography</label>
            <ptr xml:id="bibliography-WBOE" target="../bibl-wboe.xml"/>
          </item>
          <item>
            <label>WBOE-Slips</label>
            <ptr xml:id="slips-WBOE" target="../slips-wboe.xml"/>
          </item>
          <item>
            <label>WBOE-Collections</label>
            <ptr xml:id="collections-WBOE" target="../collections-wboe.xml"/>
          </item>
        </list>
      </sourceDesc>
    </fileDesc>
    <revisionDesc>
      <listChange>
        <change status="in progress" when="2021-03-15" who="#PhS">Datensatz erstellt</change>
        <change status="in progress" when="2021-06-10" who="#PhS">bis einschließlich Etymologie erstellt</change>
        <change status="in progress" when="2021-12-01" who="#PhS">Simplex-Bedeutungen fertig</change>
        <change status="in progress" when="2022-03-04" who="#PZ">LK eingefügt</change>
      </listChange>
    </revisionDesc>
  </teiHeader>
  <text>
    <body>
      <entry>
        <form type="lemma" xml:id="Fleisch">
          <orth>Fleisch</orth>
        </form>
        <gramGrp>
          <gram type="pos">Substantiv</gram>
          <gram type="gender">Neutrum</gram>
          <gram type="gender">Maskulinum</gram>
        </gramGrp>
        <form type="variant" subtype="diminutive" xml:id="Fleischel">
          <orth>Fleischel</orth>
          <gramGrp>
            <gram type="gender">Neutrum</gram>
          </gramGrp>
        </form>
        <form type="variant" subtype="diminutive" xml:id="Fleischerl">
          <orth>Fleischerl</orth>
          <gramGrp>
            <gram type="gender">Neutrum</gram>
          </gramGrp>
        </form>
        <form type="variant" subtype="diminutive" xml:id="Fleischelein">
          <orth>Fleischelein</orth>
          <gramGrp>
            <gram type="gender">Neutrum</gram>
          </gramGrp>
        </form>
        <form type="variant" subtype="diminutive" xml:id="Fleischi">
          <orth>Fleischi</orth>
          <gramGrp>
            <gram type="gender">Neutrum</gram>
          </gramGrp>
        </form>
        <usg type="geo">
          <placeName type="bundesland" ref="/geodata-wboe.xml#p1A">STir.</placeName>
        </usg>
        <usg type="geo">
          <placeName type="bundesland" ref="/geodata-wboe.xml#p1B">OTir.</placeName>
        </usg>
        <usg type="geo">
          <placeName type="bundesland" ref="/geodata-wboe.xml#p1C">NTir.</placeName>
        </usg>
        <usg type="geo">
          <placeName type="bundesland" ref="/geodata-wboe.xml#p2">Ktn.</placeName>
        </usg>
        <usg type="geo">
          <placeName type="bundesland" ref="/geodata-wboe.xml#p3">Stmk.</placeName>
        </usg>
        <usg type="geo">
          <placeName type="bundesland" ref="/geodata-wboe.xml#p4">Sbg.</placeName>
        </usg>
        <usg type="geo">
          <placeName type="bundesland" ref="/geodata-wboe.xml#p5">OÖ</placeName>
        </usg>
        <usg type="geo">
          <placeName type="bundesland" ref="/geodata-wboe.xml#p6">NÖ</placeName>
        </usg>
        <usg type="geo">
          <placeName type="bundesland" ref="/geodata-wboe.xml#p6.5">Wien</placeName>
        </usg>
        <usg type="geo">
          <placeName type="bundesland" ref="/geodata-wboe.xml#p7">Bgl.</placeName>
        </usg>
        <note type="kommentar" resp="#PZ">Der auf mhd.
          <c>ei</c>zurückgehende Diphthong tritt aufgrund der Verwendung dieses Lexems als Kirchenwort im gesamten Untersuchungsgebiet als
          <c>ai</c>-Diphthong auf
          <xr>
            <ref>flāįš</ref>
            <ref>flāẹš</ref>
          </xr>bzw. als monophthongierte Varianten davon in Wien sowie im Industrie- und Weinviertel
          <xr>
            <ref>flǣš</ref>
          </xr>. Nur ganz selten finden sich eigentlich regelhaft zu
          <c>oa</c>gewandelte Formen wie etwa im Pustertal und westlichen Nordtirol
          <xr>
            <ref>flǫɒš</ref>
          </xr>. Parallel kommen überall verballhornte Formen vor
          <xr>
            <ref>flǫɒš</ref>
            <ref>flųįš</ref>
            <ref>flųɒš</ref>
            <ref>flǫįš</ref>
            <ref>flœįš</ref>
          </xr>.
        </note>
        <form type="dialect">
          <pron xml:lang="bar-AT">flāiš</pron>
          <usg type="geo">
            <placeName type="gemeinde" ref="/geodata-wboe.xml#p1A.2c01">Aldein</placeName>
          </usg>
        </form>
        <form type="dialect">
          <pron xml:lang="bar-AT">fleiš</pron>
          <usg type="geo">
            <placeName type="gemeinde" ref="/geodata-wboe.xml#p1A.2d01">Tiers</placeName>
          </usg>
        </form>
        <form type="dialect">
          <pron xml:lang="bar-AT">flaiš</pron>
          <usg type="geo">
            <placeName type="gemeinde" ref="/geodata-wboe.xml#p1A.3g07">Villanders</placeName>
          </usg>
        </form>
        <form type="dialect">
          <pron xml:lang="bar-AT">floaš</pron>
          <usg type="geo">
            <placeName type="gemeinde" ref="/geodata-wboe.xml#p1A.4d02">Kiens</placeName>
          </usg>
        </form>
        <form type="dialect">
          <pron xml:lang="bar-AT">flaiß̌</pron>
          <usg type="geo">
            <placeName type="gemeinde" ref="/geodata-wboe.xml#p1C.1r01">Sölden</placeName>
          </usg>
        </form>
        <form type="dialect">
          <pron xml:lang="bar-AT">flaiš</pron>
          <usg type="geo">
            <placeName type="gemeinde" ref="/geodata-wboe.xml#p1C.1v02">Tarrenz</placeName>
          </usg>
        </form>
        <form type="dialect">
          <pron xml:lang="bar-AT">flaiisch</pron>
          <usg type="geo">
            <placeName type="gemeinde" ref="/geodata-wboe.xml#p2.1b06">Winklern</placeName>
          </usg>
        </form>
        <form type="dialect">
          <pron xml:lang="bar-AT">flāiš</pron>
          <usg type="geo">
            <placeName type="gemeinde" ref="/geodata-wboe.xml#p2.1g01">Kötschach-Mauthen</placeName>
          </usg>
        </form>
        <form type="dialect">
          <pron xml:lang="bar-AT">flä̂iš</pron>
          <usg type="geo">
            <placeName type="gemeinde" ref="/geodata-wboe.xml#p2.2b01">Malta</placeName>
          </usg>
        </form>
        <form type="dialect">
          <pron xml:lang="bar-AT">flăisch</pron>
          <usg type="geo">
            <placeName type="gemeinde" ref="/geodata-wboe.xml#p3.1i01">Weißkirchen in Steiermark</placeName>
          </usg>
        </form>
        <form type="dialect">
          <pron xml:lang="bar-AT">φlǟš</pron>
          <pron xml:lang="bar-AT">φlǟš</pron>
          <usg type="geo">
            <placeName type="gemeinde" ref="/geodata-wboe.xml#p3.2j08">Ramsau am Dachstein</placeName>
          </usg>
        </form>
        <form type="dialect">
          <pron xml:lang="bar-AT">φlą̈ęσ̌</pron>
          <usg type="geo">
            <placeName type="gemeinde" ref="/geodata-wboe.xml#p4.2a04">Mittersill</placeName>
          </usg>
        </form>
        <form type="dialect">
          <pron xml:lang="bar-AT">φlaeσ̌</pron>
          <usg type="geo">
            <placeName type="gemeinde" ref="/geodata-wboe.xml#p4.3d01">Hüttschlag</placeName>
          </usg>
        </form>
        <form type="dialect">
          <pron xml:lang="bar-AT">flāeš</pron>
          <usg type="geo">
            <placeName type="gemeinde" ref="/geodata-wboe.xml#p4.5d06">Strobl</placeName>
          </usg>
        </form>
        <form type="dialect">
          <pron xml:lang="bar-AT">flāės</pron>
          <usg type="geo">
            <placeName type="gemeinde" ref="/geodata-wboe.xml#p5.1c07">Mühlheim am Inn</placeName>
          </usg>
        </form>
        <form type="dialect">
          <pron xml:lang="bar-AT">φläęš</pron>
          <usg type="geo">
            <placeName type="gemeinde" ref="/geodata-wboe.xml#p5.2e01">Linz</placeName>
          </usg>
        </form>
        <form type="dialect">
          <pron xml:lang="bar-AT">vlaẹš</pron>
          <pron xml:lang="bar-AT">flaeš</pron>
          <usg type="geo">
            <placeName type="gemeinde" ref="/geodata-wboe.xml#p5.3n04">Molln</placeName>
          </usg>
        </form>
        <form type="dialect">
          <pron xml:lang="bar-AT">flaęš</pron>
          <usg type="geo">
            <placeName type="gemeinde" ref="/geodata-wboe.xml#p6.1d01">Allhartsberg</placeName>
          </usg>
        </form>
        <form type="dialect">
          <pron xml:lang="bar-AT">flǟš</pron>
          <usg type="geo">
            <placeName type="gemeinde" ref="/geodata-wboe.xml#p6.2b01">Alland</placeName>
          </usg>
        </form>
        <form type="dialect">
          <pron xml:lang="bar-AT">φlǟįš</pron>
          <usg type="geo">
            <placeName type="gemeinde" ref="/geodata-wboe.xml#p6.3c03">Bad Großpertholz</placeName>
          </usg>
        </form>
        <form type="dialect">
          <pron xml:lang="bar-AT">flæš</pron>
          <usg type="geo">
            <placeName type="gemeinde" ref="/geodata-wboe.xml#p6.4e06">Hollabrunn</placeName>
          </usg>
        </form>
        <form type="dialect">
          <pron xml:lang="bar-AT">flẹⁱß̌</pron>
          <pron xml:lang="bar-AT">flǟš</pron>
          <usg type="geo">
            <placeName type="grossregion" ref="/geodata-wboe.xml#p6.5">Wien</placeName>
          </usg>
        </form>
        <form type="dialect">
          <pron xml:lang="bar-AT">flẹⁱsch</pron>
          <usg type="geo">
            <placeName type="gemeinde" ref="/geodata-wboe.xml#p6.5r01">Gersthof</placeName>
          </usg>
        </form>
        <form type="dialect">
          <pron xml:lang="bar-AT">flāiš</pron>
          <usg type="geo">
            <placeName type="gemeinde" ref="/geodata-wboe.xml#p7.2a08">Neckenmarkt</placeName>
          </usg>
        </form>
        <form type="dialect">
          <pron xml:lang="bar-AT">flå̄eš</pron>
          <usg type="geo">
            <placeName type="gemeinde" ref="/geodata-wboe.xml#p7.3i02">Bildein</placeName>
          </usg>
        </form>
        <form type="dialect">
          <pron xml:lang="bar-AT">φlą̊̄š</pron>
          <usg type="geo">
            <placeName type="gemeinde" ref="/geodata-wboe.xml#p7.3i03">Moschendorf</placeName>
          </usg>
        </form>
        <etym>
          <cit type="etymon">
            <lang>ahd.</lang>
            <form>
              <orth>fleisc</orth>
            </form>
          </cit>
          <seg type="desc">
            <date>(8. Jh.)</date>,
          </seg>
          <cit type="etymon">
            <lang>mhd.</lang>
            <form>
              <orth>vleisch</orth>
            </form>
            <def>Muskelgewebe bei Mensch und Tier; auch übertragen von Pflanzen und deren Früchten</def>
          </cit>
          <ref type="bibl" target="#Pfeifer2014">
            <lbl>vgl.</lbl>Pfeifer 2014
            <citedRange>353</citedRange>
          </ref>
        </etym>
        <sense>
          <sense>
            <def>weiches Muskelgewebe des menschlichen oder tierischen Körpers, das von Bindegewebe umgeben ist</def>
            <usg type="geo">
              <placeName type="bundesland" ref="/geodata-wboe.xml#p1A">STir.</placeName>
            </usg>
            <usg type="geo">
              <placeName type="bundesland" ref="/geodata-wboe.xml#p1B">OTir.</placeName>
            </usg>
            <usg type="geo">
              <placeName type="bundesland" ref="/geodata-wboe.xml#p1C">NTir.</placeName>
            </usg>
            <usg type="geo">
              <placeName type="bundesland" ref="/geodata-wboe.xml#p2">Ktn.</placeName>
            </usg>
            <usg type="geo">
              <placeName type="bundesland" ref="/geodata-wboe.xml#p3">Stmk.</placeName>
            </usg>
            <usg type="geo">
              <placeName type="grossregion" ref="/geodata-wboe.xml#p4.2">Pinzg.</placeName>
            </usg>
            <usg type="geo">
              <placeName type="grossregion" ref="/geodata-wboe.xml#p4.3">Pong.</placeName>
            </usg>
            <usg type="geo">
              <placeName type="grossregion" ref="/geodata-wboe.xml#p4.5">Flachg.</placeName>
            </usg>
            <usg type="geo">
              <placeName type="bundesland" ref="/geodata-wboe.xml#p5">OÖ</placeName>
            </usg>
            <usg type="geo">
              <placeName type="bundesland" ref="/geodata-wboe.xml#p6">NÖ</placeName>
            </usg>
            <usg type="geo">
              <placeName type="bundesland" ref="/geodata-wboe.xml#p6.5">Wien</placeName>
            </usg>
            <usg type="geo">
              <placeName type="grossregion" ref="/geodata-wboe.xml#p7.2">MBgl.</placeName>
            </usg>
            <usg type="geo">
              <placeName type="grossregion" ref="/geodata-wboe.xml#p7.3">SBgl.</placeName>
            </usg>
            <cit type="example">
              <quote xml:lang="bar-AT">dă gǫnz ɒ̊rm išt uⁿə Flaiš</quote>
              <usg type="geo">
                <placeName type="gemeinde" ref="/geodata-wboe.xml#p1C.1v02">Tarrenz</placeName>
              </usg>
            </cit>
            <cit type="example">
              <quote xml:lang="bar-AT">Då haͦscht diar schiach is Fleisch einig'schnitt'n</quote>
              <usg type="geo">
                <placeName type="gemeinde" ref="/geodata-wboe.xml#p1C.2a10">Hall in Tirol</placeName>
              </usg>
            </cit>
            <cit type="example">
              <quote xml:lang="bar-AT">Fleisch am Haxn</quote>
              <usg type="geo">
                <placeName type="gemeinde" ref="/geodata-wboe.xml#p1C.1v02">Tarrenz</placeName>
              </usg>
            </cit>
            <cit type="example">
              <quote xml:lang="bar-AT">af dər wuntə is wilts flaisch drōbm</quote>
              <usg type="geo">
                <placeName type="gemeinde" ref="/geodata-wboe.xml#p2.1i01">Gitschtal</placeName>
              </usg>
            </cit>
            <cit type="example">
              <quote xml:lang="bar-AT">Dea Schbal
                <cit type="translation">
                  <quote xml:lang="de">Splitter</quote>
                </cit>is tiaf ins Flaisch äini
              </quote>
              <usg type="geo">
                <placeName type="gemeinde" ref="/geodata-wboe.xml#p3.5h02">Buch-St. Magdalena</placeName>
              </usg>
            </cit>
            <cit type="example">
              <quote xml:lang="bar-AT">gå(aʳ) kaâ Fleischal håst nimâ</quote>
              <usg type="geo">
                <placeName type="gemeinde" ref="/geodata-wboe.xml#p5.2a17">Kirchberg-Thening</placeName>
              </usg>
            </cit>
            <cit type="example">
              <quote xml:lang="bar-AT">dea håt vü Flaisch ą dė Hęnt</quote>
              <usg type="geo">
                <placeName type="gemeinde" ref="/geodata-wboe.xml#p5.4h09">Schwertberg</placeName>
              </usg>
            </cit>
            <cit type="example">
              <quote xml:lang="bar-AT">Flaisch auf die Fiŋa</quote>
              <usg type="geo">
                <placeName type="gemeinde" ref="/geodata-wboe.xml#p6.1n02">Dunkelsteinerwald</placeName>
              </usg>
            </cit>
            <cit type="example">
              <quote xml:lang="bar-AT">der rend Bergo das erms Fleisch am Wadln̄ schewart</quote>
              <usg type="geo">
                <placeName type="gemeinde" ref="/geodata-wboe.xml#p6.1q06">Pyhra</placeName>
              </usg>
            </cit>
            <cit type="example">
              <quote xml:lang="bar-AT">Fleisch af tah Ferschn̄ entzüntsie</quote>
              <usg type="geo">
                <placeName type="gemeinde" ref="/geodata-wboe.xml#p6.1q06">Pyhra</placeName>
              </usg>
            </cit>
            <cit type="example">
              <quote xml:lang="bar-AT">De͡aʳ Någ̮l (Fingernagel, Zehennagel) īs mă gånz ins Fle͡isch gwåxn</quote>
              <usg type="geo">
                <placeName type="gemeinde" ref="/geodata-wboe.xml#p6.2j15">Pottendorf</placeName>
              </usg>
            </cit>
            <cit type="example">
              <quote xml:lang="bar-AT">dēa hǭd fǖˡ Fleisch ąm Gnāk</quote>
              <usg type="geo">
                <placeName type="gemeinde" ref="/geodata-wboe.xml#p6.3a07">Gastern</placeName>
              </usg>
            </cit>
            <cit type="example">
              <quote xml:lang="bar-AT">dė gountzn Hėnd hōda sou fouli Flaisch</quote>
              <usg type="geo">
                <placeName type="gemeinde" ref="/geodata-wboe.xml#p6.3a15">Kautzen</placeName>
              </usg>
            </cit>
            <cit type="example">
              <quote xml:lang="bar-AT">Fleisch va döi Oawaschln</quote>
              <usg type="geo">
                <placeName type="gemeinde" ref="/geodata-wboe.xml#p6.3a22">Waidhofen an der Thaya</placeName>
              </usg>
            </cit>
            <cit type="example">
              <quote xml:lang="bar-AT">Flē̇isch åum Hínddăn</quote>
              <usg type="geo">
                <placeName type="gemeinde" ref="/geodata-wboe.xml#p6.5w06">Mauer</placeName>
              </usg>
            </cit>
            <ptr type="collection" subtype="bedeutung" target="/collections-wboe.xml#c19691"/>
          </sense>
          <sense>
            <def>der menschliche Körper (im Gegensatz zum Geist)</def>
            <def type="umschreibung">(insbesondere bezogen auf die weiblichen und männlichen Geschlechtsteile)</def>
            <usg type="geo">
              <placeName type="grossregion" ref="/geodata-wboe.xml#p1A.4">öSTir.</placeName>
            </usg>
            <usg type="geo">
              <placeName type="grossregion" ref="/geodata-wboe.xml#p1C.1">wNTir.</placeName>
            </usg>
            <usg type="geo">
              <placeName type="grossregion" ref="/geodata-wboe.xml#p1C.2">mNTir.</placeName>
            </usg>
            <usg type="geo">
              <placeName type="grossregion" ref="/geodata-wboe.xml#p2.2">MKtn.</placeName>
            </usg>
            <usg type="geo">
              <placeName type="grossregion" ref="/geodata-wboe.xml#p3.5">OStmk.</placeName>
            </usg>
            <usg type="geo">
              <placeName type="grossregion" ref="/geodata-wboe.xml#p4.5">Flachg.</placeName>
            </usg>
            <usg type="geo">
              <placeName type="grossregion" ref="/geodata-wboe.xml#p5.2">Hausrv.</placeName>
            </usg>
            <usg type="geo">
              <placeName type="grossregion" ref="/geodata-wboe.xml#p6.1">Mostv.</placeName>
            </usg>
            <usg type="geo">
              <placeName type="grossregion" ref="/geodata-wboe.xml#p6.2">Industriev.</placeName>
            </usg>
            <usg type="geo">
              <placeName type="grossregion" ref="/geodata-wboe.xml#p6.3">Waldv.</placeName>
            </usg>
            <usg type="geo">
              <placeName type="grossregion" ref="/geodata-wboe.xml#p6.5">Wien</placeName>
            </usg>
            <cit type="example">
              <quote xml:lang="bar-AT">tiə tßǫɒgepfīl vlaiß̌</quote>
              <usg type="geo">
                <placeName type="gemeinde" ref="/geodata-wboe.xml#p1C.1r01">Sölden</placeName>
              </usg>
            </cit>
            <cit type="example">
              <quote xml:lang="bar-AT">Dȫ haͦt fil Fleisch untern Miad'r (Mieder)</quote>
              <usg type="geo">
                <placeName type="gemeinde" ref="/geodata-wboe.xml#p1C.2a10">Hall in Tirol</placeName>
              </usg>
            </cit>
            <cit type="example">
              <quote xml:lang="bar-AT">In dr Komᵃʳ droᵇm riachz nåch Fleisch</quote>
              <usg type="geo">
                <placeName type="gemeinde" ref="/geodata-wboe.xml#p2.3b05">Straßburg</placeName>
              </usg>
            </cit>
            <cit type="example">
              <quote xml:lang="bar-AT">Ea mecht van Flaisch wos</quote>
              <usg type="geo">
                <placeName type="gemeinde" ref="/geodata-wboe.xml#p3.5h02">Buch-St. Magdalena</placeName>
              </usg>
            </cit>
            <cit type="example">
              <quote xml:lang="bar-AT">a zards Fleischal hat a 's jungö Dirndl</quote>
              <usg type="geo">
                <placeName type="gemeinde" ref="/geodata-wboe.xml#p6.1b04">Strengberg</placeName>
              </usg>
            </cit>
            <cit type="example">
              <quote xml:lang="bar-AT">s bėsti Flaisch is, wos d waiwa hę̄agėm khinan, und d mouna umtroug̱n</quote>
              <usg type="geo">
                <placeName type="gemeinde" ref="/geodata-wboe.xml#p6.3a15">Kautzen</placeName>
              </usg>
            </cit>
            <cit type="example">
              <quote xml:lang="bar-AT">dės is a ra Flaisch fan ran Zigėna</quote>
              <usg type="geo">
                <placeName type="gemeinde" ref="/geodata-wboe.xml#p6.3a15">Kautzen</placeName>
              </usg>
            </cit>
            <cit type="example">
              <quote xml:lang="bar-AT">ə̇s Flē̇isch wås åuf dă Gå̄ssᵐ ­umărėnd</quote>
              <usg type="geo">
                <placeName type="gemeinde" ref="/geodata-wboe.xml#p6.5w06">Mauer</placeName>
              </usg>
            </cit>
            <ptr type="collection" subtype="bedeutung" target="/collections-wboe.xml#c19690"/>
          </sense>
          <sense>
            <sense>
              <def>essbares Muskelgewebe von Tieren</def>
              <usg type="geo">
                <placeName type="bundesland" ref="/geodata-wboe.xml#p1A">STir.</placeName>
              </usg>
              <usg type="geo">
                <placeName type="bundesland" ref="/geodata-wboe.xml#p1B">OTir.</placeName>
              </usg>
              <usg type="geo">
                <placeName type="bundesland" ref="/geodata-wboe.xml#p1C">NTir.</placeName>
              </usg>
              <usg type="geo">
                <placeName type="grossregion" ref="/geodata-wboe.xml#p2.1">ObKtn.</placeName>
              </usg>
              <usg type="geo">
                <placeName type="grossregion" ref="/geodata-wboe.xml#p2.2">MKtn.</placeName>
              </usg>
              <usg type="geo">
                <placeName type="bundesland" ref="/geodata-wboe.xml#p3">Stmk.</placeName>
              </usg>
              <usg type="geo">
                <placeName type="bundesland" ref="/geodata-wboe.xml#p4">Sbg.</placeName>
              </usg>
              <usg type="geo">
                <placeName type="bundesland" ref="/geodata-wboe.xml#p5">OÖ</placeName>
              </usg>
              <usg type="geo">
                <placeName type="bundesland" ref="/geodata-wboe.xml#p6">NÖ</placeName>
              </usg>
              <usg type="geo">
                <placeName type="bundesland" ref="/geodata-wboe.xml#p6.5">Wien</placeName>
              </usg>
              <usg type="geo">
                <placeName type="grossregion" ref="/geodata-wboe.xml#p7.2">MBgl.</placeName>
              </usg>
              <usg type="geo">
                <placeName type="grossregion" ref="/geodata-wboe.xml#p7.3">SBgl.</placeName>
              </usg>
              <cit type="example">
                <quote xml:lang="bar-AT">Ohn dö́n Fleisch kannt mă sĭ die Zänn ausbeißn</quote>
                <usg type="geo">
                  <placeName type="gemeinde" ref="/geodata-wboe.xml#p1A.1a02">Mals</placeName>
                </usg>
              </cit>
              <cit type="example">
                <quote xml:lang="bar-AT">Nan̄ėlė tu es Fleischele ößn</quote>
                <usg type="geo">
                  <placeName type="gemeinde" ref="/geodata-wboe.xml#p1A.3b01">Sarntal</placeName>
                </usg>
              </cit>
              <cit type="example">
                <quote xml:lang="bar-AT">gitämpft's Flaisch</quote>
                <usg type="geo">
                  <placeName type="gemeinde" ref="/geodata-wboe.xml#p1A.4b01">Prettau</placeName>
                </usg>
              </cit>
              <cit type="example">
                <quote xml:lang="bar-AT">a kselχts flaiš</quote>
                <usg type="geo">
                  <placeName type="gemeinde" ref="/geodata-wboe.xml#p1A.4c01">Lüsen</placeName>
                </usg>
              </cit>
              <cit type="example">
                <quote xml:lang="bar-AT">a saftigs Fleisch</quote>
                <usg type="geo">
                  <placeName type="gemeinde" ref="/geodata-wboe.xml#p1C.3b03">Thiersee</placeName>
                </usg>
              </cit>
              <cit type="example">
                <quote xml:lang="bar-AT">såftigs Fleisch</quote>
                <usg type="geo">
                  <placeName type="gemeinde" ref="/geodata-wboe.xml#p2.1b04">Rangersdorf</placeName>
                </usg>
              </cit>
              <cit type="example">
                <quote xml:lang="bar-AT">Fleisch fon Schweinshaxl</quote>
                <usg type="geo">
                  <placeName type="gemeinde" ref="/geodata-wboe.xml#p2.3b05">Straßburg</placeName>
                </usg>
              </cit>
              <cit type="example">
                <quote xml:lang="bar-AT">Fleisch vom Fåckn</quote>
                <usg type="geo">
                  <placeName type="gemeinde" ref="/geodata-wboe.xml#p2.3c05">St. Georgen am Längsee</placeName>
                </usg>
              </cit>
              <cit type="example">
                <quote xml:lang="bar-AT">a mågers Fleisch</quote>
                <usg type="geo">
                  <placeName type="gemeinde" ref="/geodata-wboe.xml#p2.3e01">Steuerberg</placeName>
                </usg>
              </cit>
              <cit type="example">
                <quote xml:lang="bar-AT">zachs fleisch</quote>
                <usg type="geo">
                  <placeName type="gemeinde" ref="/geodata-wboe.xml#p3.1a05">Stadl-Predlitz</placeName>
                </usg>
              </cit>
              <cit type="example">
                <quote xml:lang="bar-AT">a gsoutns Flaisch</quote>
                <usg type="geo">
                  <placeName type="gemeinde" ref="/geodata-wboe.xml#p3.1d03">Lobmingtal</placeName>
                </usg>
              </cit>
              <cit type="example">
                <quote xml:lang="bar-AT">döi kriag ma öifta Flaisch</quote>
                <usg type="geo">
                  <placeName type="gemeinde" ref="/geodata-wboe.xml#p3.4c14">Kirchbach-Zerlach</placeName>
                </usg>
              </cit>
              <cit type="example">
                <quote xml:lang="bar-AT">As bäisti Fleisch is baim Baa(n)</quote>
                <usg type="geo">
                  <placeName type="gemeinde" ref="/geodata-wboe.xml#p3.5h02">Buch-St. Magdalena</placeName>
                </usg>
              </cit>
              <cit type="example">
                <quote xml:lang="bar-AT">σ̌wãẽnɒs φlaeσ̌</quote>
                <usg type="geo">
                  <placeName type="gemeinde" ref="/geodata-wboe.xml#p4.3d01">Hüttschlag</placeName>
                </usg>
              </cit>
              <cit type="example">
                <quote xml:lang="bar-AT">sǫ́ftə̣̈gs flaiš</quote>
                <usg type="geo">
                  <placeName type="gemeinde" ref="/geodata-wboe.xml#p4.5b08">Nußdorf am Haunsberg</placeName>
                </usg>
              </cit>
              <cit type="example">
                <quote xml:lang="bar-AT">ɒ spęɒʳs fl[eisch]</quote>
                <usg type="geo">
                  <placeName type="gemeinde" ref="/geodata-wboe.xml#p5.1c07">Mühlheim am Inn</placeName>
                </usg>
              </cit>
              <cit type="example">
                <quote xml:lang="bar-AT">a' gweihchts Fleisch</quote>
                <usg type="geo">
                  <placeName type="gemeinde" ref="/geodata-wboe.xml#p5.1c11">Senftenbach</placeName>
                </usg>
              </cit>
              <cit type="example">
                <quote xml:lang="bar-AT">fɒκoßns φlāe̩š</quote>
                <usg type="geo">
                  <placeName type="gemeinde" ref="/geodata-wboe.xml#p5.2a29">Prambachkirchen</placeName>
                </usg>
              </cit>
              <cit type="example">
                <quote xml:lang="bar-AT">a stingerts Fl[eisch]</quote>
                <usg type="geo">
                  <placeName type="gemeinde" ref="/geodata-wboe.xml#p5.2a39">Traun</placeName>
                </usg>
              </cit>
              <cit type="example">
                <quote xml:lang="bar-AT">a frischgschlågns Fleisch is nöd so mo̊̄ab, wia-r-a å̄glęgns</quote>
                <usg type="geo">
                  <placeName type="gemeinde" ref="/geodata-wboe.xml#p5.2e01">Linz</placeName>
                </usg>
              </cit>
              <cit type="example">
                <quote xml:lang="bar-AT">haiⁿd is Fraida; då gibts khǫaⁿ Flaisch nöd</quote>
                <usg type="geo">
                  <placeName type="gemeinde" ref="/geodata-wboe.xml#p5.3b02">Gmunden</placeName>
                </usg>
              </cit>
              <cit type="example">
                <quote xml:lang="bar-AT">ės is a Flaisch va na åiˡtn Kuah</quote>
                <usg type="geo">
                  <placeName type="gemeinde" ref="/geodata-wboe.xml#p5.4h09">Schwertberg</placeName>
                </usg>
              </cit>
              <cit type="example">
                <quote xml:lang="bar-AT">Dös Flaisch hå̄t wås</quote>
                <usg type="geo">
                  <placeName type="gemeinde" ref="/geodata-wboe.xml#p6.1m02">Melk</placeName>
                </usg>
              </cit>
              <cit type="example">
                <quote xml:lang="bar-AT">s' Fleisch fürs Herr soi oliwei va dah erstn Qualität sein - den afs Herr müß mah nuh oliwei Stoiz sein</quote>
                <usg type="geo">
                  <placeName type="gemeinde" ref="/geodata-wboe.xml#p6.1q06">Pyhra</placeName>
                </usg>
              </cit>
              <cit type="example">
                <quote xml:lang="bar-AT">ă Fle͡isch wi͡a wåns dă Hund umzād hēd</quote>
                <usg type="geo">
                  <placeName type="gemeinde" ref="/geodata-wboe.xml#p6.2j15">Pottendorf</placeName>
                </usg>
              </cit>
              <cit type="example">
                <quote xml:lang="bar-AT">a brodns ouda a bōchas Fleisch</quote>
                <usg type="geo">
                  <placeName type="gemeinde" ref="/geodata-wboe.xml#p6.3a07">Gastern</placeName>
                </usg>
              </cit>
              <cit type="example">
                <quote xml:lang="bar-AT">Fleisch u[nd] Wein müssn die Knecht kriagn, sonst bleibt ko͡ana</quote>
                <usg type="geo">
                  <placeName type="gemeinde" ref="/geodata-wboe.xml#p6.4e04">Heldenberg</placeName>
                </usg>
              </cit>
              <cit type="example">
                <quote xml:lang="bar-AT">'s Buwi muass schėⁿ Fleischi essn!</quote>
                <usg type="geo">
                  <placeName type="gemeinde" ref="/geodata-wboe.xml#p6.5i02">Lichtental</placeName>
                </usg>
              </cit>
              <cit type="example">
                <quote xml:lang="bar-AT">Wås håum mă dėn hęind fiᵃʳ Flē̇ischă?</quote>
                <usg type="geo">
                  <placeName type="gemeinde" ref="/geodata-wboe.xml#p6.5w06">Mauer</placeName>
                </usg>
              </cit>
              <cit type="example">
                <quote xml:lang="bar-AT">softiκ's ənd trukkɒnɒs Flaiš</quote>
                <usg type="geo">
                  <placeName type="gemeinde" ref="/geodata-wboe.xml#p7.2b08">Pilgersdorf</placeName>
                </usg>
              </cit>
              <cit type="example">
                <quote xml:lang="bar-AT">fašiɒts Flaiš</quote>
                <usg type="geo">
                  <placeName type="gemeinde" ref="/geodata-wboe.xml#p7.2b08">Pilgersdorf</placeName>
                </usg>
              </cit>
              <ptr type="collection" subtype="bedeutung" target="/collections-wboe.xml#c19692"/>
            </sense>
            <sense>
              <xr type="lemma" subtype="diminutive">
                <lbl>nur</lbl>
                <ref target="#Fleischel">Fleischel</ref>
              </xr>
              <xr type="lemma" subtype="diminutive">
                <ref target="#Fleischerl">Fleischerl</ref>
              </xr>
              <xr type="lemma" subtype="diminutive">
                <?comment Formatierung prüfen (... , ...) ?>
                <?comment Variante "Fleischelein" prüfen ?>
                <ref target="#Fleischelein">Fleischelein</ref>
              </xr>
              <def>besonders schmackhaftes, zartes Fleisch (häufig von jungen Tieren)</def>
              <usg type="geo">
                <placeName type="bundesland" ref="/geodata-wboe.xml#p1A">STir.</placeName>
              </usg>
              <usg type="geo">
                <placeName type="bundesland" ref="/geodata-wboe.xml#p1C">NTir.</placeName>
              </usg>
              <usg type="geo">
                <placeName type="grossregion" ref="/geodata-wboe.xml#p2.1">ObKtn.</placeName>
              </usg>
              <usg type="geo">
                <placeName type="grossregion" ref="/geodata-wboe.xml#p3.1">sbair.ObStmk.</placeName>
              </usg>
              <usg type="geo">
                <placeName type="grossregion" ref="/geodata-wboe.xml#p3.2">mbair.ObStmk.</placeName>
              </usg>
              <usg type="geo">
                <placeName type="grossregion" ref="/geodata-wboe.xml#p4.5">Flachg.</placeName>
              </usg>
              <usg type="geo">
                <placeName type="bundesland" ref="/geodata-wboe.xml#p5">OÖ</placeName>
              </usg>
              <usg type="geo">
                <placeName type="bundesland" ref="/geodata-wboe.xml#p6">NÖ</placeName>
              </usg>
              <usg type="geo">
                <placeName type="bundesland" ref="/geodata-wboe.xml#p6.5">Wien</placeName>
              </usg>
              <cit type="example">
                <quote xml:lang="bar-AT">des iš a rārs Flaišl̨</quote>
                <usg type="geo">
                  <placeName type="gemeinde" ref="/geodata-wboe.xml#p1A.4d02">Kiens</placeName>
                </usg>
              </cit>
              <cit type="example">
                <quote xml:lang="bar-AT">Dos Kitze hot a schiⁿəs Fleischl</quote>
                <usg type="geo">
                  <placeName type="gemeinde" ref="/geodata-wboe.xml#p1C.2j03">Mayrhofen</placeName>
                </usg>
              </cit>
              <cit type="example">
                <quote xml:lang="bar-AT">a feiⁿs Fleischal</quote>
                <usg type="geo">
                  <placeName type="gemeinde" ref="/geodata-wboe.xml#p1C.3e12">Schwoich</placeName>
                </usg>
              </cit>
              <cit type="example">
                <quote xml:lang="bar-AT">A guəts Flaischl</quote>
                <usg type="geo">
                  <placeName type="gemeinde" ref="/geodata-wboe.xml#p2.1h02">Hermagor-Pressegger See</placeName>
                </usg>
              </cit>
              <cit type="example">
                <quote xml:lang="bar-AT">dös is a guets Fleischl</quote>
                <usg type="geo">
                  <placeName type="gemeinde" ref="/geodata-wboe.xml#p4.5d05">St. Gilgen</placeName>
                </usg>
              </cit>
              <cit type="example">
                <quote xml:lang="bar-AT">dås is hoöˡt â Fleischâl</quote>
                <usg type="geo">
                  <placeName type="gemeinde" ref="/geodata-wboe.xml#p5.2a17">Kirchberg-Thening</placeName>
                </usg>
              </cit>
              <cit type="example">
                <quote xml:lang="bar-AT">wåns mårb is dės is a Flaischərl</quote>
                <usg type="geo">
                  <placeName type="gemeinde" ref="/geodata-wboe.xml#p6.1t01">St. Pölten</placeName>
                </usg>
              </cit>
              <cit type="example">
                <quote xml:lang="bar-AT">Won ma dö Sau hiatzt schoñ ostöchat, dö gabat a guats Fleischerl</quote>
                <usg type="geo">
                  <placeName type="gemeinde" ref="/geodata-wboe.xml#p6.1i06">Waidhofen an der Ybbs</placeName>
                </usg>
              </cit>
              <cit type="example">
                <quote xml:lang="bar-AT">a zårds Fleischal hat's Hendal</quote>
                <usg type="geo">
                  <placeName type="gemeinde" ref="/geodata-wboe.xml#p6.1b04">Strengberg</placeName>
                </usg>
              </cit>
              <cit type="example">
                <quote xml:lang="bar-AT">a šăis flaiššăl</quote>
                <usg type="geo">
                  <placeName type="gemeinde" ref="/geodata-wboe.xml#p6.3e01">Kirchberg am Walde</placeName>
                </usg>
              </cit>
              <cit type="example">
                <quote xml:lang="bar-AT">d Hė̄ndlŋ hå̄ᵇm a Flēischal</quote>
                <usg type="geo">
                  <placeName type="gemeinde" ref="/geodata-wboe.xml#p6.3a07">Gastern</placeName>
                </usg>
              </cit>
              <cit type="example">
                <quote xml:lang="bar-AT">a šẽs flæß̌al</quote>
                <usg type="geo">
                  <placeName type="gemeinde" ref="/geodata-wboe.xml#p6.4e06">Hollabrunn</placeName>
                </usg>
              </cit>
              <ptr type="collection" subtype="bedeutung" target="/collections-wboe.xml#c23629"/>
            </sense>
          </sense>
          <sense>
            <def>weiches, saftiges Zellgewebe von Früchten</def>
            <usg type="geo">
              <placeName type="grossregion" ref="/geodata-wboe.xml#p1A.2">mSTir.</placeName>
            </usg>
            <usg type="geo">
              <placeName type="grossregion" ref="/geodata-wboe.xml#p1C.2">mNTir.</placeName>
            </usg>
            <usg type="geo">
              <placeName type="grossregion" ref="/geodata-wboe.xml#p1C.3">öNTir.</placeName>
            </usg>
            <usg type="geo">
              <placeName type="grossregion" ref="/geodata-wboe.xml#p1B.0">OTir.</placeName>
            </usg>
            <usg type="geo">
              <placeName type="grossregion" ref="/geodata-wboe.xml#p2.1">ObKtn.</placeName>
            </usg>
            <usg type="geo">
              <placeName type="grossregion" ref="/geodata-wboe.xml#p4.3">Pong.</placeName>
            </usg>
            <usg type="geo">
              <placeName type="grossregion" ref="/geodata-wboe.xml#p4.5">Flachg.</placeName>
            </usg>
            <usg type="geo">
              <placeName type="grossregion" ref="/geodata-wboe.xml#p5.2">Hausrv.</placeName>
            </usg>
            <usg type="geo">
              <placeName type="grossregion" ref="/geodata-wboe.xml#p5.3">Traunv.</placeName>
            </usg>
            <usg type="geo">
              <placeName type="grossregion" ref="/geodata-wboe.xml#p5.4">Mühlv.</placeName>
            </usg>
            <usg type="geo">
              <placeName type="grossregion" ref="/geodata-wboe.xml#p6.1">Mostv.</placeName>
            </usg>
            <usg type="geo">
              <placeName type="grossregion" ref="/geodata-wboe.xml#p6.3">Waldv.</placeName>
            </usg>
            <usg type="geo">
              <placeName type="grossregion" ref="/geodata-wboe.xml#p6.4">Weinv.</placeName>
            </usg>
            <usg type="geo">
              <placeName type="grossregion" ref="/geodata-wboe.xml#p6.5">Wien</placeName>
            </usg>
            <cit type="example">
              <quote xml:lang="bar-AT">dö Keͣrsch'n haͦb'n fiel Fleisch</quote>
              <usg type="geo">
                <placeName type="gemeinde" ref="/geodata-wboe.xml#p1C.2a10">Hall in Tirol</placeName>
              </usg>
            </cit>
            <cit type="example">
              <quote xml:lang="bar-AT">a dia Keaschn is koa Fleisch dru! (dran)</quote>
              <usg type="geo">
                <placeName type="gemeinde" ref="/geodata-wboe.xml#p1C.3e06">Kufstein</placeName>
              </usg>
            </cit>
            <cit type="example">
              <quote xml:lang="bar-AT">süeßės, såftigs Fleisch</quote>
              <usg type="geo">
                <placeName type="gemeinde" ref="/geodata-wboe.xml#p2.1g01">Kötschach-Mauthen</placeName>
              </usg>
            </cit>
            <cit type="example">
              <quote xml:lang="bar-AT">der ɒ̊pfl håt a zarts Fleisch</quote>
              <usg type="geo">
                <placeName type="gemeinde" ref="/geodata-wboe.xml#p4.5d05">St. Gilgen</placeName>
              </usg>
            </cit>
            <cit type="example">
              <quote xml:lang="bar-AT">dös schaut aus wia's Flaisch van an Pfęaʳscha</quote>
              <usg type="geo">
                <placeName type="gemeinde" ref="/geodata-wboe.xml#p6.1m02">Melk</placeName>
              </usg>
            </cit>
            <cit type="example">
              <quote xml:lang="bar-AT">Flaisch fǭⁿ dė Keaschden, Biän, ɔ̣̈pfėˡ, Zweschbn</quote>
              <usg type="geo">
                <placeName type="gemeinde" ref="/geodata-wboe.xml#p6.1n02">Dunkelsteinerwald</placeName>
              </usg>
            </cit>
            <cit type="example">
              <quote xml:lang="bar-AT">Flaisch fon dė Schwåmma</quote>
              <usg type="geo">
                <placeName type="gemeinde" ref="/geodata-wboe.xml#p6.1n02">Dunkelsteinerwald</placeName>
              </usg>
            </cit>
            <cit type="example">
              <quote xml:lang="bar-AT">Flaisch, fon Pfeaʳscha</quote>
              <usg type="geo">
                <placeName type="gemeinde" ref="/geodata-wboe.xml#p6.1t01">St. Pölten</placeName>
              </usg>
            </cit>
            <cit type="example">
              <quote xml:lang="bar-AT">s Fleisch fa dė̄ Būmarantschŋ
                <cit type="translation">
                  <quote xml:lang="de">Orangen</quote>
                </cit>
              </quote>
              <usg type="geo">
                <placeName type="gemeinde" ref="/geodata-wboe.xml#p6.3a07">Gastern</placeName>
              </usg>
            </cit>
            <cit type="example">
              <quote xml:lang="bar-AT">s Flaisch fan oan Oibfü is gsundh</quote>
              <usg type="geo">
                <placeName type="gemeinde" ref="/geodata-wboe.xml#p6.3a15">Kautzen</placeName>
              </usg>
            </cit>
            <cit type="example">
              <quote xml:lang="bar-AT">hōd dę̄a r Schwouma ra Fleisch</quote>
              <usg type="geo">
                <placeName type="gemeinde" ref="/geodata-wboe.xml#p6.3a15">Kautzen</placeName>
              </usg>
            </cit>
            <cit type="example">
              <quote xml:lang="bar-AT">Flē̇isch fåun də Khę́̄ᵃʳschⁿ, Wę́̄igslⁿ, ɒ̊̄'gråslⁿ</quote>
              <usg type="geo">
                <placeName type="gemeinde" ref="/geodata-wboe.xml#p6.5w06">Mauer</placeName>
              </usg>
            </cit>
            <ptr type="collection" subtype="bedeutung" target="/collections-wboe.xml#c19693"/>
          </sense>
        </sense>
      </entry>
    </body>
  </text>
</TEI>