<?xml version="1.0" encoding="UTF-8"?>
    <?xml-model href="http://www.tei-c.org/release/xml/tei/custom/schema/relaxng/tei_all.rng" type="application/xml" schematypens="http://purl.oclc.org/dsdl/schematron"?>
    <?xml-model href="../../803_RNG-schematron/WBOE-ODD.rnc" type="application/relax-ng-compact-syntax"?>
<?redaktionstool version="0.6.6"?>
<TEI xmlns="http://www.tei-c.org/ns/1.0">
  <teiHeader>
    <fileDesc>
      <titleStmt>
        <title>Fletze</title>
        <respStmt>
          <resp>Editor</resp>
          <name ref="#EW">Eva Wahlmüller</name>
        </respStmt>
        <respStmt>
          <resp>Encoding Scheme</resp>
          <name>Jack Bowers</name>
          <name>Daniel Schopper</name>
          <name>Omar Siam</name>
        </respStmt>
        <respStmt>
          <resp>DBOE Team</resp>
          <name xml:id="AL">Alexandra N. Lenz</name>
          <name xml:id="PhS">Philipp Stöckle</name>
          <name xml:id="AG">Andreas Gellan</name>
          <name xml:id="PZ">Patrick Zeitlhuber</name>
          <name xml:id="SW">Sabine Wahl</name>
          <name xml:id="SS">Sonja Schwaiger</name>
          <name xml:id="AB">Angela Bergermayer</name>
          <name xml:id="EW">Eva Wahlmüller</name>
          <name xml:id="DG">David Gschösser</name>
          <name xml:id="StS">Stefanie Schöberl</name>
          <name xml:id="FF">Fabian Fleißner</name>
        </respStmt>
        <respStmt>
          <resp>Student assistants</resp>
          <name>Susanna Muhr</name>
          <name>Manuela Stütz</name>
          <name>Christina Hemetsberger</name>
        </respStmt>
      </titleStmt>
      <publicationStmt>
        <p></p>
      </publicationStmt>
      <sourceDesc>
        <list>
          <item>
            <label>Geo-data</label>
            <ptr xml:id="geo-inventory-WBOE" target="../geodata-wboe.xml"/>
          </item>
          <item>
            <label>Bibliography</label>
            <ptr xml:id="bibliography-WBOE" target="../bibl-wboe.xml"/>
          </item>
          <item>
            <label>WBOE-Slips</label>
            <ptr xml:id="slips-WBOE" target="../slips-wboe.xml"/>
          </item>
          <item>
            <label>WBOE-Collections</label>
            <ptr xml:id="collections-WBOE" target="../collections-wboe.xml"/>
          </item>
        </list>
      </sourceDesc>
    </fileDesc>
    <revisionDesc>
      <listChange>
        <change status="in progress" when="2020-05-13" who="#EW">Artikel eingegeben+Collections verknüpft</change>
        <change status="external correction" when="2020-11-10" who="#EW">Lautkommentar eingegeben</change>
        <change status="external correction" when="2020-11-11" who="#EW">LK aktualisiert laut DG</change>
        <change status="finished" when="2020-11-20" who="#EW">JE keine Anmerkungen zum LK, fertig!</change>
        <change status="finished" when="2020-12-14" who="#DG">LK bearbeitet</change>
      </listChange>
    </revisionDesc>
  </teiHeader>
  <text>
    <body>
      <entry>
        <form type="lemma" xml:id="Fletze">
          <orth>Fletze</orth>
          <ptr type="collection" subtype="lemma" target="/collections-wboe.xml#c5957"/>
        </form>
        <gramGrp>
          <gram type="pos">Substantiv</gram>
          <gram type="gender">Femininum</gram>
        </gramGrp>
        <form type="variant" subtype="diminutive" xml:id="Fletzel">
          <orth>Fletzel</orth>
          <gramGrp>
            <gram type="gender">Neutrum</gram>
          </gramGrp>
        </form>
        <usg type="geo">
          <placeName type="bundesland" ref="/geodata-wboe.xml#p3">Stmk.</placeName>
        </usg>
        <usg type="geo">
          <placeName type="bundesland" ref="/geodata-wboe.xml#p5">OÖ</placeName>
        </usg>
        <usg type="geo">
          <placeName type="grossregion" ref="/geodata-wboe.xml#p6.1">Mostv.</placeName>
        </usg>
        <usg type="geo">
          <placeName type="grossregion" ref="/geodata-wboe.xml#p6.3">Waldv.</placeName>
        </usg>
        <note type="kommentar" resp="#DG">Für das nur im Mittelbairischen und östlichen Südmittelbairischen belegte Lexem liegen regelhaft für mhd.
          <c>e</c>im Stammvokal
          <c>e</c>-Monophthonge in unterschiedlicher Qualität vor
          <xr>
            <ref>flęts</ref>
            <ref>flets</ref>
          </xr>. Im östlichen Mittelbairischen finden sich vereinzelt nasalhaltige silbische Femininendungen
          <xr>
            <ref>flętsn̥</ref>
          </xr>.
        </note>
        <form type="dialect">
          <pron xml:lang="bar-AT">vlętß</pron>
          <usg type="geo">
            <placeName type="gemeinde" ref="/geodata-wboe.xml#p5.1e05">Münzkirchen</placeName>
          </usg>
        </form>
        <form type="dialect">
          <pron xml:lang="bar-AT">vlẹtß</pron>
          <usg type="geo">
            <placeName type="gemeinde" ref="/geodata-wboe.xml#p5.1f08">Kopfing im Innkreis</placeName>
          </usg>
        </form>
        <form type="dialect">
          <pron xml:lang="bar-AT">φlẹtß</pron>
          <usg type="geo">
            <placeName type="grossregion" ref="/geodata-wboe.xml#p5.2">Hausrv.</placeName>
          </usg>
        </form>
        <form type="dialect">
          <pron xml:lang="bar-AT">φlętß</pron>
          <usg type="geo">
            <placeName type="grossregion" ref="/geodata-wboe.xml#p5.2">Hausrv.</placeName>
          </usg>
        </form>
        <form type="dialect">
          <pron xml:lang="bar-AT">flėtß</pron>
          <usg type="geo">
            <placeName type="gemeinde" ref="/geodata-wboe.xml#p5.4b13">Ulrichsberg</placeName>
          </usg>
        </form>
        <form type="dialect">
          <pron xml:lang="bar-AT">flėtß</pron>
          <usg type="geo">
            <placeName type="gemeinde" ref="/geodata-wboe.xml#p6.1d01">Allhartsberg</placeName>
          </usg>
        </form>
        <form type="dialect">
          <pron xml:lang="bar-AT">flėtßɒɫ</pron>
          <usg>[Dim.]</usg>
          <usg type="geo">
            <placeName type="gemeinde" ref="/geodata-wboe.xml#p6.1d01">Allhartsberg</placeName>
          </usg>
        </form>
        <form type="dialect">
          <pron xml:lang="bar-AT">flętß</pron>
          <usg type="geo">
            <placeName type="gemeinde" ref="/geodata-wboe.xml#p6.3a18">Reingers</placeName>
          </usg>
          <ptr type="collection" subtype="lautung" target="/collections-wboe.xml#c5958"/>
        </form>
        <etym>
          <cit type="etymon">
            <lang>ahd.</lang>
            <form>
              <orth>flazzi</orth>
            </form>
            <form>
              <orth>flezzi</orth>
            </form>
          </cit>
          <cit type="etymon">
            <lang>mhd.</lang>
            <form>
              <orth>vletze</orth>
            </form>
            <form>
              <orth>vletz</orth>
            </form>
            <gramGrp>
              <gram type="gender">Neutrum</gram>
            </gramGrp>
            <def>geebneter Boden: Tenne, Hausflur, Vorhalle, Stubenboden, Lagerstatt</def>
          </cit>
          <ref type="bibl" target="#Lexer1878III">Lexer 1878 III
            <citedRange>400</citedRange>
          </ref>
        </etym>
        <sense>
          <sense>
            <sense>
              <sense>
                <def>Fußboden</def>
                <usg type="geo">
                  <placeName type="grossregion" ref="/geodata-wboe.xml#p6.3">Waldv.</placeName>
                </usg>
                <ptr type="collection" subtype="bedeutung" target="/collections-wboe.xml#c5959"/>
              </sense>
              <sense>
                <def>Boden aus Lehm, Holz oder Beton</def>
                <usg type="geo">
                  <placeName type="grossregion" ref="/geodata-wboe.xml#p3.5">OStmk.</placeName>
                </usg>
                <usg type="geo">
                  <placeName type="grossregion" ref="/geodata-wboe.xml#p5.2">Hausrv.</placeName>
                </usg>
                <ptr type="collection" subtype="bedeutung" target="/collections-wboe.xml#c5960"/>
              </sense>
            </sense>
            <sense>
              <sense>
                <def>Stallboden</def>
                <usg type="geo">
                  <placeName type="grossregion" ref="/geodata-wboe.xml#p5.1">Innv.</placeName>
                </usg>
                <usg type="geo">
                  <placeName type="grossregion" ref="/geodata-wboe.xml#p5.2">Hausrv.</placeName>
                </usg>
                <ptr type="collection" subtype="bedeutung" target="/collections-wboe.xml#c5961"/>
              </sense>
              <sense>
                <def>Steinboden im Stall</def>
                <usg type="geo">
                  <placeName type="bundesland" ref="/geodata-wboe.xml#p5">OÖ</placeName>
                </usg>
                <ptr type="collection" subtype="bedeutung" target="/collections-wboe.xml#c5962"/>
              </sense>
            </sense>
            <sense>
              <def>Erdkruste nach starkem Regen</def>
              <usg type="geo">
                <placeName type="grossregion" ref="/geodata-wboe.xml#p6.1">Mostv.</placeName>
              </usg>
              <ptr type="collection" subtype="bedeutung" target="/collections-wboe.xml#c5963"/>
            </sense>
          </sense>
          <sense>
            <sense>
              <def>Hausflur</def>
              <usg type="geo">
                <placeName type="bundesland" ref="/geodata-wboe.xml#p5">OÖ</placeName>
              </usg>
              <ptr type="collection" subtype="bedeutung" target="/collections-wboe.xml#c5964"/>
            </sense>
            <sense>
              <def>seitlicher Gang im Stallgebäude</def>
              <usg type="geo">
                <placeName type="grossregion" ref="/geodata-wboe.xml#p5.1">Innv.</placeName>
              </usg>
              <ptr type="collection" subtype="bedeutung" target="/collections-wboe.xml#c5965"/>
            </sense>
          </sense>
          <sense>
            <def>mit Häksel gemischte Lehmschicht über der Stubendecke</def>
            <usg type="geo">
              <placeName type="grossregion" ref="/geodata-wboe.xml#p6.1">Mostv.</placeName>
            </usg>
            <ptr type="collection" subtype="bedeutung" target="/collections-wboe.xml#c5966"/>
          </sense>
        </sense>
        <re>
          <form subtype="compound" type="lemma">
            <orth>Kälbleinfletze</orth>
          </form>
          <sense>
            <sense>
              <def>Platz, auf dem die Kälber während der Zeit stehen, in der sie bei der Kuh trinken</def>
              <usg type="geo">
                <placeName type="grossregion" ref="/geodata-wboe.xml#p5.2">Hausrv.</placeName>
              </usg>
              <ptr type="collection" subtype="bedeutung" target="/collections-wboe.xml#c5967"/>
            </sense>
          </sense>
        </re>
        <re>
          <form subtype="compound" type="lemma">
            <orth>Lehmfletze</orth>
          </form>
          <sense>
            <sense>
              <def>nicht betonierter Boden im Stall, auf dem die Pferde stehen</def>
              <usg type="geo">
                <placeName type="grossregion" ref="/geodata-wboe.xml#p5.1">Innv.</placeName>
              </usg>
              <ptr type="collection" subtype="bedeutung" target="/collections-wboe.xml#c5968"/>
            </sense>
          </sense>
        </re>
        <re>
          <form subtype="compound" type="lemma">
            <orth>Maurerfletze</orth>
          </form>
          <sense>
            <sense>
              <def>Kelle</def>
              <usg type="geo">
                <placeName type="grossregion" ref="/geodata-wboe.xml#p5.4">Mühlv.</placeName>
              </usg>
              <ptr type="collection" subtype="bedeutung" target="/collections-wboe.xml#c5969"/>
            </sense>
          </sense>
        </re>
        <re>
          <form subtype="compound" type="lemma">
            <orth>Mistfletze</orth>
          </form>
          <sense>
            <sense>
              <def>Teil des Mistganges, der der Mistablagerung dient</def>
              <usg type="geo">
                <placeName type="grossregion" ref="/geodata-wboe.xml#p5.2">Hausrv.</placeName>
              </usg>
              <ptr type="collection" subtype="bedeutung" target="/collections-wboe.xml#c5970"/>
            </sense>
          </sense>
        </re>
        <re>
          <form subtype="compound" type="lemma">
            <orth>Wasserfletze</orth>
          </form>
          <sense>
            <sense>
              <def>Wasserspritze aus Hollunderrohr</def>
              <usg type="geo">
                <placeName type="bundesland" ref="/geodata-wboe.xml#p3">Stmk.</placeName>
              </usg>
              <ptr type="collection" subtype="bedeutung" target="/collections-wboe.xml#c5971"/>
            </sense>
          </sense>
        </re>
      </entry>
    </body>
  </text>
</TEI>