<?xml version="1.0" encoding="UTF-8"?>
    <?xml-model href="http://www.tei-c.org/release/xml/tei/custom/schema/relaxng/tei_all.rng" type="application/xml" schematypens="http://purl.oclc.org/dsdl/schematron"?>
    <?xml-model href="../../803_RNG-schematron/WBOE-ODD.rnc" type="application/relax-ng-compact-syntax"?>
<?redaktionstool version="0.8.1" ?>
<?parser type="lioe" version="0.8.0" ?>
<TEI xmlns="http://www.tei-c.org/ns/1.0">
  <teiHeader>
    <fileDesc>
      <titleStmt>
        <title>Flieden</title>
        <respStmt>
          <resp>Editor</resp>
          <name ref="#EW">Eva Wahlmüller</name>
        </respStmt>
        <respStmt>
          <resp>Encoding Scheme</resp>
          <name>Jack Bowers</name>
          <name>Daniel Schopper</name>
          <name>Omar Siam</name>
        </respStmt>
        <respStmt>
          <resp>DBOE Team</resp>
          <name xml:id="AL">Alexandra N. Lenz</name>
          <name xml:id="PhS">Philipp Stöckle</name>
          <name xml:id="AG">Andreas Gellan</name>
          <name xml:id="PZ">Patrick Zeitlhuber</name>
          <name xml:id="SW">Sabine Wahl</name>
          <name xml:id="SS">Sonja Schwaiger</name>
          <name xml:id="AB">Angela Bergermayer</name>
          <name xml:id="EW">Eva Wahlmüller</name>
          <name xml:id="DG">David Gschösser</name>
          <name xml:id="StS">Stefanie Schöberl</name>
          <name xml:id="FF">Fabian Fleißner</name>
          <name xml:id="MK">Markus Kunzmann</name>
        </respStmt>
        <respStmt>
          <resp>Student assistants</resp>
          <name>Susanna Muhr</name>
          <name>Manuela Stütz</name>
          <name>Christina Hemetsberger</name>
        </respStmt>
      </titleStmt>
      <publicationStmt>
        <p></p>
      </publicationStmt>
      <sourceDesc>
        <list>
          <item>
            <label>Geo-data</label>
            <ptr xml:id="geo-inventory-WBOE" target="../geodata-wboe.xml"/>
          </item>
          <item>
            <label>Bibliography</label>
            <ptr xml:id="bibliography-WBOE" target="../bibl-wboe.xml"/>
          </item>
          <item>
            <label>WBOE-Slips</label>
            <ptr xml:id="slips-WBOE" target="../slips-wboe.xml"/>
          </item>
          <item>
            <label>WBOE-Collections</label>
            <ptr xml:id="collections-WBOE" target="../collections-wboe.xml"/>
          </item>
        </list>
      </sourceDesc>
    </fileDesc>
    <revisionDesc>
      <listChange>
        <change status="internal correction" when="2020-01-21" who="#EW">Artikel erstellt</change>
        <change status="internal correction" when="2020-03-02" who="#EW">1. Korrekturphase</change>
        <change status="external correction" when="2020-04-27" who="#EW">noch kein Lautkommentar vorhanden</change>
        <change status="external correction" when="2020-05-29" who="#EW">Lautkommentar eingetragen</change>
        <change status="external correction" when="2020-07-21" who="#EW">Korrektur nach Anmerkungen von Manuela</change>
        <change status="finished" when="2020-10-05" who="#EW">Checkliste Artikeloptimierung durchgegangen</change>
      </listChange>
    </revisionDesc>
  </teiHeader>
  <text>
    <body>
      <entry>
        <form type="lemma" xml:id="Flieden">
          <orth>Flieden</orth>
          <ptr type="collection" subtype="lemma" target="/collections-wboe.xml#c1660"/>
        </form>
        <gramGrp>
          <gram type="pos">Substantiv</gram>
          <gram type="gender">Maskulinum</gram>
        </gramGrp>
        <usg type="geo">
          <placeName type="grossregion" ref="/geodata-wboe.xml#p1A.1">wSTir.</placeName>
        </usg>
        <usg type="geo">
          <placeName type="grossregion" ref="/geodata-wboe.xml#p1C.2">mNTir.</placeName>
        </usg>
        <usg type="geo">
          <placeName type="grossregion" ref="/geodata-wboe.xml#p1C.3">öNTir.</placeName>
        </usg>
        <usg type="geo">
          <placeName type="grossregion" ref="/geodata-wboe.xml#p3.5">OStmk.</placeName>
        </usg>
        <usg type="geo">
          <placeName type="grossregion" ref="/geodata-wboe.xml#p4.2">Pinzg.</placeName>
        </usg>
        <note type="kommentar" resp="#FF">Regelhaft liegen im gesamten Untersuchungsgebiet auf mhd.
          <c>ie</c>zurückgehende
          <c>iɒ</c>-Diphthonge mit gesenktem Offset vor
          <xr>
            <ref>ƒlįɒdn̥</ref>
          </xr>, konservativere
          <c>e</c>-haltige Offsets lassen sich teilweise im Südbairischen noch finden
          <xr>
            <ref>ƒlįədn̥</ref>
          </xr>. Vereinzelte lange
          <c>i</c>-Monophthonge im Mittelbairischen sind wohl einem standardsprachlichen Einfluss geschuldet
          <xr>
            <ref>flīdl̥</ref>
          </xr>. Als Folge von Lenisierung vor
          <c>l</c>lässt sich im Mittelbairischen und Südmittelbairischen bei Diminutivformen Dentalschwund durch Assimilation finden
          <xr>
            <ref>ƒlįɒl̥</ref>
          </xr>. Auch bei nasalhaltigen nicht diminuierten Endungen lässt sich dieses Phänomen beobachten
          <xr>
            <ref>ƒlįɒm</ref>
          </xr>. Vereinzelt kommt es auch zur Velarisierung des Plosivs, etwa im Südbairischen Südtirols. Hier wirken möglicherweise analogische Prozesse aus ähnlichen Lautkontexten ein, an denen üblicherweise assimiliertes uvulares
          <c>r</c>beteiligt ist
          <xr>
            <ref>ƒlįəgn̥</ref>
          </xr>. Im gesamten Untersuchungsgebiet herrschen silbische Endungen mit Nasal oder Liquid vor
          <xr>
            <ref>ƒlįɒdn̥</ref>
            <ref>ƒlįɒdl̥</ref>
          </xr>.
        </note>
        <form type="dialect">
          <pron xml:lang="bar-AT">fliɛgn</pron>
          <usg type="geo">
            <placeName type="grossregion" ref="/geodata-wboe.xml#p1A.1">wSTir.</placeName>
          </usg>
        </form>
        <form type="dialect">
          <pron xml:lang="bar-AT">fliadn</pron>
          <usg type="geo">
            <placeName type="grossregion" ref="/geodata-wboe.xml#p1C.2">mNTir.</placeName>
          </usg>
        </form>
        <form type="dialect">
          <pron xml:lang="bar-AT">flied'n</pron>
          <usg type="geo">
            <placeName type="gemeinde" ref="/geodata-wboe.xml#p1C.2k09">Zell am Ziller</placeName>
          </usg>
        </form>
        <form type="dialect">
          <pron xml:lang="bar-AT">fliaᵈn</pron>
          <usg type="geo">
            <placeName type="gemeinde" ref="/geodata-wboe.xml#p1C.3e06">Kufstein</placeName>
          </usg>
        </form>
        <form type="dialect">
          <pron xml:lang="bar-AT">-fliaᵈn</pron>
          <usg type="geo">
            <placeName type="gemeinde" ref="/geodata-wboe.xml#p4.2c01">Fusch an der Großglocknerstraße</placeName>
          </usg>
          <ptr type="collection" subtype="lautung" target="/collections-wboe.xml#c2635"/>
        </form>
        <etym>
          <cit type="etymon">
            <lang>ahd.</lang>
            <form>
              <orth>fliedima</orth>
            </form>
            <form>
              <orth>phlebotomus</orth>
            </form>
          </cit>
          <cit type="etymon">
            <form></form>
          </cit>
          <seg type="desc">aus</seg>
          <cit type="etymon">
            <lang>lat.</lang>
            <form>
              <orth>phlebotamum</orth>
            </form>
            <def>Aderlasseisen</def>
          </cit>
          <ref type="bibl" target="#Schmeller1872I">
            <lbl>vgl.</lbl>Schmeller 1872 I
            <citedRange>788</citedRange>
          </ref>
          <ref type="bibl" target="#Lexer1878III">
            <lbl>vgl.</lbl>Lexer 1878 III
            <citedRange>401</citedRange>
          </ref>
          <seg type="desc">; siehe auch</seg>
          <cit type="etymon">
            <xr type="lemma">
              <ref target="Fliede.xml">Fliede</ref>
            </xr>
          </cit>
        </etym>
        <sense>
          <sense>
            <sense>
              <def>Werkzeug für den Aderlass</def>
              <usg type="geo">
                <placeName type="grossregion" ref="/geodata-wboe.xml#p1A.1">wSTir.</placeName>
              </usg>
              <usg type="geo">
                <placeName type="grossregion" ref="/geodata-wboe.xml#p1C.2">mNTir.</placeName>
              </usg>
              <usg type="geo">
                <placeName type="grossregion" ref="/geodata-wboe.xml#p1C.3">öNTir.</placeName>
              </usg>
              <usg type="geo">
                <placeName type="grossregion" ref="/geodata-wboe.xml#p4.2">Pinzg.</placeName>
              </usg>
              <cit type="example">
                <quote xml:lang="bar-AT">Oda låssn tuət maⁿ mit an Fliəʳn</quote>
                <usg type="geo">
                  <placeName type="gemeinde" ref="/geodata-wboe.xml#p1C.3b03">Thiersee</placeName>
                </usg>
              </cit>
              <ptr type="collection" subtype="bedeutung" target="/collections-wboe.xml#c2638"/>
            </sense>
            <sense>
              <def>Werkzeug des Tierarztes für diverse Eingriffe</def>
              <usg type="geo">
                <placeName type="grossregion" ref="/geodata-wboe.xml#p1C.3">öNTir.</placeName>
              </usg>
              <ptr type="collection" subtype="bedeutung" target="/collections-wboe.xml#c2639"/>
            </sense>
          </sense>
          <sense>
            <def>Werkzeug des Korbflechters</def>
            <usg type="geo">
              <placeName type="grossregion" ref="/geodata-wboe.xml#p3.5">OStmk.</placeName>
            </usg>
            <ptr type="collection" subtype="bedeutung" target="/collections-wboe.xml#c2640"/>
          </sense>
        </sense>
      </entry>
    </body>
  </text>
</TEI>