<?xml version="1.0" encoding="UTF-8"?>
    <?xml-model href="http://www.tei-c.org/release/xml/tei/custom/schema/relaxng/tei_all.rng" type="application/xml" schematypens="http://purl.oclc.org/dsdl/schematron"?>
    <?xml-model href="../../803_RNG-schematron/WBOE-ODD.rnc" type="application/relax-ng-compact-syntax"?>
<?redaktionstool version="0.8.1" ?>
<?parser type="lioe" version="0.8.0" ?>
<TEI xmlns="http://www.tei-c.org/ns/1.0">
  <teiHeader>
    <fileDesc>
      <titleStmt>
        <title>Fliedel</title>
        <respStmt>
          <resp>Editor</resp>
          <name ref="#EW">Eva Wahlmüller</name>
        </respStmt>
        <respStmt>
          <resp>Encoding Scheme</resp>
          <name>Jack Bowers</name>
          <name>Daniel Schopper</name>
          <name>Omar Siam</name>
        </respStmt>
        <respStmt>
          <resp>DBOE Team</resp>
          <name xml:id="AL">Alexandra N. Lenz</name>
          <name xml:id="PhS">Philipp Stöckle</name>
          <name xml:id="AG">Andreas Gellan</name>
          <name xml:id="PZ">Patrick Zeitlhuber</name>
          <name xml:id="SW">Sabine Wahl</name>
          <name xml:id="SS">Sonja Schwaiger</name>
          <name xml:id="AB">Angela Bergermayer</name>
          <name xml:id="EW">Eva Wahlmüller</name>
          <name xml:id="DG">David Gschösser</name>
          <name xml:id="StS">Stefanie Schöberl</name>
          <name xml:id="FF">Fabian Fleißner</name>
          <name xml:id="MK">Markus Kunzmann</name>
        </respStmt>
        <respStmt>
          <resp>Student assistants</resp>
          <name>Susanna Muhr</name>
          <name>Manuela Stütz</name>
          <name>Christina Hemetsberger</name>
        </respStmt>
      </titleStmt>
      <publicationStmt>
        <p></p>
      </publicationStmt>
      <sourceDesc>
        <list>
          <item>
            <label>Geo-data</label>
            <ptr xml:id="geo-inventory-WBOE" target="../geodata-wboe.xml"/>
          </item>
          <item>
            <label>Bibliography</label>
            <ptr xml:id="bibliography-WBOE" target="../bibl-wboe.xml"/>
          </item>
          <item>
            <label>WBOE-Slips</label>
            <ptr xml:id="slips-WBOE" target="../slips-wboe.xml"/>
          </item>
          <item>
            <label>WBOE-Collections</label>
            <ptr xml:id="collections-WBOE" target="../collections-wboe.xml"/>
          </item>
        </list>
      </sourceDesc>
    </fileDesc>
    <revisionDesc>
      <listChange>
        <change status="in progress" when="2020-05-11" who="#EW">Artikel eingegeben; Collections verknüpft; noch kein LK vorhanden</change>
        <change status="external correction" when="2020-05-29" who="#EW">Lautkommentar eingegeben</change>
        <change status="finished" when="2020-10-05" who="#EW">Checkliste Artikeloptimierung durchgegangen</change>
      </listChange>
    </revisionDesc>
  </teiHeader>
  <text>
    <body>
      <entry>
        <form type="lemma" xml:id="Fliedel">
          <orth>Fliedel</orth>
          <ptr type="collection" subtype="lemma" target="/collections-wboe.xml#c1707"/>
        </form>
        <gramGrp>
          <gram type="pos">Substantiv</gram>
          <gram type="gender">Maskulinum</gram>
        </gramGrp>
        <usg type="geo">
          <placeName type="grossregion" ref="/geodata-wboe.xml#p1A.4">öSTir.</placeName>
        </usg>
        <usg type="geo">
          <placeName type="grossregion" ref="/geodata-wboe.xml#p1B.0">OTir.</placeName>
        </usg>
        <usg type="geo">
          <placeName type="grossregion" ref="/geodata-wboe.xml#p2.1">ObKtn.</placeName>
        </usg>
        <usg type="geo">
          <placeName type="grossregion" ref="/geodata-wboe.xml#p2.2">MKtn.</placeName>
        </usg>
        <usg type="geo">
          <placeName type="grossregion" ref="/geodata-wboe.xml#p3.2">mbair.ObStmk.</placeName>
        </usg>
        <usg type="geo">
          <placeName type="bundesland" ref="/geodata-wboe.xml#p4">Sbg.</placeName>
        </usg>
        <usg type="geo">
          <placeName type="bundesland" ref="/geodata-wboe.xml#p5">OÖ</placeName>
        </usg>
        <note type="kommentar" resp="#FF">Regelhaft liegen im gesamten Untersuchungsgebiet auf mhd.
          <c>ie</c>zurückgehende
          <c>iɒ</c>-Diphthonge mit gesenktem Offset vor
          <xr>
            <ref>ƒlįɒdl̥</ref>
          </xr>, konservativere
          <c>e</c>-haltige Offsets lassen sich teilweise im Südbairischen noch finden
          <xr>
            <ref>ƒlįədl̥</ref>
          </xr>. Vereinzelte lange
          <c>i</c>-Monophthonge im Mittelbairischen sind wohl einem standardsprachlichen Einfluss geschuldet
          <xr>
            <ref>flīdl̥</ref>
          </xr>. Gelegentlich sind im Anlaut übermarkierte Affrikaten belegt, die meisten davon im Südbairischen
          <xr>
            <ref>pflįədl̥</ref>
          </xr>. In manchen Gegenden der südbairischen Obersteiermark und Mittelkärntens hat die velare bzw. retroflexe Aussprache des Liquids in der initialen Silbe bis zum Rhotazismus geführt
          <xr>
            <ref>pfrįɒdl̥</ref>
          </xr>. Als Folge von Lenisierung vor
          <c>l</c>lässt sich im Mittelbairischen und Südmittelbairischen Dentalschwund durch Assimilation finden
          <xr>
            <ref>ƒlįɒl̥</ref>
          </xr>. Vereinzelt kommt es auch zur Velarisierung des Plosivs. Hier wirken möglicherweise analogische Prozesse aus ähnlichen Lautkontexten ein, an denen üblicherweise assimiliertes uvulares
          <c>r</c>beteiligt ist
          <xr>
            <ref>ƒlįɒgl̥</ref>
          </xr>. Mit Ausnahme des Kärntner Südbairischen, für das nicht apokopierte Diminutivendungen belegt sind
          <xr>
            <ref>ƒlįədələ</ref>
          </xr>, herrschen
          <c>l</c>-haltige silbische Endungen vor
          <xr>
            <ref>ƒlįɒdl̥</ref>
          </xr>.
        </note>
        <form type="dialect">
          <pron xml:lang="bar-AT">pfliɛgl</pron>
          <usg type="geo">
            <placeName type="gemeinde" ref="/geodata-wboe.xml#p1A.4d02">Kiens</placeName>
          </usg>
        </form>
        <form type="dialect">
          <pron xml:lang="bar-AT">flīədl</pron>
          <usg type="geo">
            <placeName type="grossregion" ref="/geodata-wboe.xml#p1B.0">OTir.</placeName>
          </usg>
        </form>
        <form type="dialect">
          <pron xml:lang="bar-AT">fliagl̥</pron>
          <usg type="geo">
            <placeName type="gemeinde" ref="/geodata-wboe.xml#p1B.0a05">Sillian</placeName>
          </usg>
        </form>
        <form type="dialect">
          <pron xml:lang="bar-AT">fliədl</pron>
          <usg type="geo">
            <placeName type="gemeinde" ref="/geodata-wboe.xml#p2.1i01">Gitschtal</placeName>
          </usg>
        </form>
        <form type="dialect">
          <pron xml:lang="bar-AT">fliᵃdl</pron>
          <usg type="geo">
            <placeName type="gemeinde" ref="/geodata-wboe.xml#p2.3b05">Straßburg</placeName>
          </usg>
        </form>
        <form type="dialect">
          <pron xml:lang="bar-AT">pfriᵃdl</pron>
          <usg type="geo">
            <placeName type="gemeinde" ref="/geodata-wboe.xml#p2.3b05">Straßburg</placeName>
          </usg>
        </form>
        <form type="dialect">
          <pron xml:lang="bar-AT">-pfniᵃl</pron>
          <usg type="geo">
            <placeName type="gemeinde" ref="/geodata-wboe.xml#p3.2b02">Kammern im Liesingtal</placeName>
          </usg>
        </form>
        <form type="dialect">
          <pron xml:lang="bar-AT">flīɒl̥</pron>
          <usg type="geo">
            <placeName type="bundesland" ref="/geodata-wboe.xml#p5">OÖ</placeName>
          </usg>
        </form>
        <form type="dialect">
          <pron xml:lang="bar-AT">fliė̑l</pron>
          <usg type="geo">
            <placeName type="kleinregion" ref="/geodata-wboe.xml#p5.1b">nördl.obInnv.</placeName>
          </usg>
        </form>
        <form type="dialect">
          <pron xml:lang="bar-AT">-flīl̥</pron>
          <usg type="geo">
            <placeName type="gemeinde" ref="/geodata-wboe.xml#p5.2b21">Neukirchen bei Lambach</placeName>
          </usg>
          <ptr type="collection" subtype="lautung" target="/collections-wboe.xml#c5670"/>
        </form>
        <etym>
          <cit type="etymon">
            <lang>ahd.</lang>
            <form>
              <orth>fliedima</orth>
            </form>
            <form>
              <orth>phlebotomus</orth>
            </form>
          </cit>
          <cit type="etymon">
            <lang>mhd.</lang>
            <form>
              <orth>vliedeme</orth>
            </form>
          </cit>
          <seg type="desc">, aus</seg>
          <cit type="etymon">
            <lang>lat.</lang>
            <form>
              <orth>phlebotamum</orth>
            </form>
            <def>Aderlasseisen</def>
          </cit>
          <ref type="bibl" target="#Schmeller1872I">
            <lbl>vgl.</lbl>Schmeller 1872 I
            <citedRange>788</citedRange>
          </ref>
          <ref type="bibl" target="#Lexer1878III">Lexer 1878 III
            <citedRange>401</citedRange>
          </ref>
          <seg type="desc">; siehe auch</seg>
          <cit type="etymon">
            <xr type="lemma">
              <ref target="Fliede.xml">Fliede</ref>
            </xr>
            <xr type="lemma">
              <ref target="Flieden.xml">Flieden</ref>
            </xr>
          </cit>
        </etym>
        <sense>
          <sense>
            <def>Werkzeug für den Aderlass</def>
            <usg type="geo">
              <placeName type="grossregion" ref="/geodata-wboe.xml#p1A.4">öSTir.</placeName>
            </usg>
            <usg type="geo">
              <placeName type="grossregion" ref="/geodata-wboe.xml#p1B.0">OTir.</placeName>
            </usg>
            <usg type="geo">
              <placeName type="grossregion" ref="/geodata-wboe.xml#p2.1">ObKtn.</placeName>
            </usg>
            <usg type="geo">
              <placeName type="grossregion" ref="/geodata-wboe.xml#p2.2">MKtn.</placeName>
            </usg>
            <usg type="geo">
              <placeName type="bundesland" ref="/geodata-wboe.xml#p4">Sbg.</placeName>
            </usg>
            <usg type="geo">
              <placeName type="bundesland" ref="/geodata-wboe.xml#p5">OÖ</placeName>
            </usg>
            <ptr type="collection" subtype="bedeutung" target="/collections-wboe.xml#c5671"/>
          </sense>
          <sense>
            <def>Hornisse</def>
            <usg type="geo">
              <placeName type="grossregion" ref="/geodata-wboe.xml#p1B.0">OTir.</placeName>
            </usg>
            <ptr type="collection" subtype="bedeutung" target="/collections-wboe.xml#c5672"/>
          </sense>
        </sense>
        <re>
          <form subtype="compound" type="lemma">
            <orth>Aderlassfliedel</orth>
          </form>
          <sense>
            <sense>
              <def>Werkzeug für den Aderlass</def>
              <usg type="geo">
                <placeName type="grossregion" ref="/geodata-wboe.xml#p2.2">MKtn.</placeName>
              </usg>
              <ptr type="collection" subtype="bedeutung" target="/collections-wboe.xml#c5673"/>
            </sense>
          </sense>
        </re>
        <re>
          <form subtype="compound" type="lemma">
            <orth>Lassfliedel</orth>
          </form>
          <sense>
            <sense>
              <def>Werkzeug für den Aderlass</def>
              <usg type="geo">
                <placeName type="grossregion" ref="/geodata-wboe.xml#p3.2">mbair.ObStmk.</placeName>
              </usg>
              <usg type="geo">
                <placeName type="grossregion" ref="/geodata-wboe.xml#p4.5">Flachg.</placeName>
              </usg>
              <ptr type="collection" subtype="bedeutung" target="/collections-wboe.xml#c5674"/>
            </sense>
          </sense>
        </re>
        <re>
          <form subtype="compound" type="lemma">
            <orth>Schlagfliedel</orth>
          </form>
          <sense>
            <sense>
              <def>Werkzeug für den Aderlass</def>
              <usg type="geo">
                <placeName type="grossregion" ref="/geodata-wboe.xml#p5.2">Hausrv.</placeName>
              </usg>
              <ptr type="collection" subtype="bedeutung" target="/collections-wboe.xml#c5675"/>
            </sense>
          </sense>
        </re>
      </entry>
    </body>
  </text>
</TEI>