<?xml version="1.0" encoding="UTF-8"?>
    <?xml-model href="http://www.tei-c.org/release/xml/tei/custom/schema/relaxng/tei_all.rng" type="application/xml" schematypens="http://purl.oclc.org/dsdl/schematron"?>
    <?xml-model href="../../803_RNG-schematron/WBOE-ODD.rnc" type="application/relax-ng-compact-syntax"?>
<?redaktionstool version="0.8.1" ?>
<?parser type="lioe" version="0.8.0" ?>
<TEI xmlns="http://www.tei-c.org/ns/1.0">
  <teiHeader>
    <fileDesc>
      <titleStmt>
        <title>Flitsche</title>
        <respStmt>
          <resp>Editor</resp>
          <name ref="#EW">Eva Wahlmüller</name>
        </respStmt>
        <respStmt>
          <resp>Encoding Scheme</resp>
          <name>Jack Bowers</name>
          <name>Daniel Schopper</name>
          <name>Omar Siam</name>
        </respStmt>
        <respStmt>
          <resp>DBOE Team</resp>
          <name xml:id="AL">Alexandra N. Lenz</name>
          <name xml:id="PhS">Philipp Stöckle</name>
          <name xml:id="AG">Andreas Gellan</name>
          <name xml:id="PZ">Patrick Zeitlhuber</name>
          <name xml:id="SW">Sabine Wahl</name>
          <name xml:id="SS">Sonja Schwaiger</name>
          <name xml:id="AB">Angela Bergermayer</name>
          <name xml:id="EW">Eva Wahlmüller</name>
          <name xml:id="DG">David Gschösser</name>
          <name xml:id="StS">Stefanie Schöberl</name>
          <name xml:id="FF">Fabian Fleißner</name>
          <name xml:id="MK">Markus Kunzmann</name>
        </respStmt>
        <respStmt>
          <resp>Student assistants</resp>
          <name>Susanna Muhr</name>
          <name>Manuela Stütz</name>
          <name>Christina Hemetsberger</name>
        </respStmt>
      </titleStmt>
      <publicationStmt>
        <p></p>
      </publicationStmt>
      <sourceDesc>
        <list>
          <item>
            <label>Geo-data</label>
            <ptr xml:id="geo-inventory-WBOE" target="../geodata-wboe.xml"/>
          </item>
          <item>
            <label>Bibliography</label>
            <ptr xml:id="bibliography-WBOE" target="../bibl-wboe.xml"/>
          </item>
          <item>
            <label>WBOE-Slips</label>
            <ptr xml:id="slips-WBOE" target="../slips-wboe.xml"/>
          </item>
          <item>
            <label>WBOE-Collections</label>
            <ptr xml:id="collections-WBOE" target="../collections-wboe.xml"/>
          </item>
        </list>
      </sourceDesc>
    </fileDesc>
    <revisionDesc>
      <listChange>
        <change status="in progress" when="2021-11-25" who="#EW">Datensatz erstellt</change>
        <change status="in progress" when="2021-11-26" who="#EW">Belegauswahl</change>
        <change status="in progress" when="2021-11-29" who="#EW">Wortbildungen</change>
        <change status="in progress" when="2021-11-30" who="#EW">Bedeutungen</change>
        <change status="in progress" when="2021-12-02" who="#EW">Etymologie+Bedeutungen</change>
        <change status="peer correction" when="2021-12-03" who="#EW">fertig für int. Korr.</change>
        <change status="internal correction" when="2022-01-24" who="#EW">überarbeitet nach Anmerkungen PS</change>
        <change status="external correction" when="2022-01-26" who="#EW">überarbeitet nach Korr. Manzi</change>
        <change status="external correction" when="2022-02-02" who="#PZ">LK eingefügt</change>
        <change status="finished" when="2022-03-02" who="#EW">Anmerkung JE nicht relevant</change>
      </listChange>
    </revisionDesc>
  </teiHeader>
  <text>
    <body>
      <entry>
        <form type="lemma" xml:id="Flitsche">
          <orth>Flitsche</orth>
          <ptr type="collection" subtype="lemma" target="/collections-wboe.xml#c16096"/>
        </form>
        <gramGrp>
          <gram type="pos">Substantiv</gram>
          <gram type="gender">Femininum</gram>
        </gramGrp>
        <form type="variant" subtype="diminutive" xml:id="Flitscherl">
          <orth>Flitscherl</orth>
          <gramGrp>
            <gram type="gender">Neutrum</gram>
          </gramGrp>
        </form>
        <usg type="geo">
          <placeName type="bundesland" ref="/geodata-wboe.xml#p1A">STir.</placeName>
        </usg>
        <usg type="geo">
          <placeName type="grossregion" ref="/geodata-wboe.xml#p1B.0">OTir.</placeName>
        </usg>
        <usg type="geo">
          <placeName type="bundesland" ref="/geodata-wboe.xml#p1C">NTir.</placeName>
        </usg>
        <usg type="geo">
          <placeName type="bundesland" ref="/geodata-wboe.xml#p2">Ktn.</placeName>
        </usg>
        <usg type="geo">
          <placeName type="bundesland" ref="/geodata-wboe.xml#p3">Stmk.</placeName>
        </usg>
        <usg type="geo">
          <placeName type="bundesland" ref="/geodata-wboe.xml#p4">Sbg.</placeName>
        </usg>
        <usg type="geo">
          <placeName type="bundesland" ref="/geodata-wboe.xml#p5">OÖ</placeName>
        </usg>
        <usg type="geo">
          <placeName type="bundesland" ref="/geodata-wboe.xml#p6">NÖ</placeName>
        </usg>
        <usg type="geo">
          <placeName type="grossregion" ref="/geodata-wboe.xml#p6.5">Wien</placeName>
        </usg>
        <usg type="geo">
          <placeName type="grossregion" ref="/geodata-wboe.xml#p7.2">MBgl.</placeName>
        </usg>
        <usg type="geo">
          <placeName type="grossregion" ref="/geodata-wboe.xml#p7.3">SBgl.</placeName>
        </usg>
        <note type="kommentar" resp="#PZ">Ohne klare regionale Verteilung treten als Stammvokal sowohl lange als auch kurze i-Monophthonge auf
          <xr>
            <ref>flįtß̌n̥</ref>
            <ref>flītß̌</ref>
            <ref>flīdšə</ref>
            <ref>flīdšn̥</ref>
          </xr>. Diphthongierung zu
          <c>ei</c>ist in der Oststeiermark belegt
          <xr>
            <ref>fleįdšn̥</ref>
          </xr>. Darüber hinaus finden sich unregelhafte lange
          <c>u</c>-Monophthonge im Most- und Industrieviertel
          <xr>
            <ref>flūdšn̥</ref>
          </xr>. Der Vokal im Auslaut wurde häufig im westlichen Südbairischen beibehalten
          <xr>
            <ref>flītß̌ə</ref>
            <ref>flītß̌ɒ</ref>
          </xr>. Tilgung dieses Vokals, wodurch das Lexem zum Einsilber wurde, finden sich parallel im westlichen Südbairischen sowie im westlichen Südmittelbairischen
          <xr>
            <ref>flītß̌</ref>
          </xr>. Im gesamten Untersuchungsgebiet dominieren jedoch Formen, bei denen die obliquen nasalhaltigen Endungen in den Nominativ übernommen wurden
          <xr>
            <ref>flįtß̌n̥</ref>
            <ref>flīdšn̥</ref>
            <ref>fleįdšn̥</ref>
            <ref>flūdšn̥</ref>
          </xr>.
        </note>
        <form type="dialect">
          <pron xml:lang="bar-AT">flītš</pron>
          <usg type="geo">
            <placeName type="gemeinde" ref="/geodata-wboe.xml#p1A.2c01">Aldein</placeName>
          </usg>
        </form>
        <form type="dialect">
          <pron xml:lang="bar-AT">flîtschɛ</pron>
          <usg type="geo">
            <placeName type="kleinregion" ref="/geodata-wboe.xml#p1A.4i">ob.STir.Pustert.</placeName>
          </usg>
        </form>
        <form type="dialect">
          <pron xml:lang="bar-AT">-flītšə</pron>
          <usg type="geo">
            <placeName type="gemeinde" ref="/geodata-wboe.xml#p1C.1n01">Imst</placeName>
          </usg>
        </form>
        <form type="dialect">
          <pron xml:lang="bar-AT">flītš</pron>
          <usg type="geo">
            <placeName type="gemeinde" ref="/geodata-wboe.xml#p1C.2a29">Weer</placeName>
          </usg>
        </form>
        <form type="dialect">
          <pron xml:lang="bar-AT">flidschn</pron>
          <usg type="geo">
            <placeName type="gemeinde" ref="/geodata-wboe.xml#p1C.3e06">Kufstein</placeName>
          </usg>
        </form>
        <form type="dialect">
          <pron xml:lang="bar-AT">flitšn</pron>
          <usg type="geo">
            <placeName type="kleinregion" ref="/geodata-wboe.xml#p2.3g">Glant.</placeName>
          </usg>
        </form>
        <form type="dialect">
          <pron xml:lang="bar-AT">-φlidσ̌n̥</pron>
          <usg type="geo">
            <placeName type="kleinregion" ref="/geodata-wboe.xml#p3.2j">ob.steir.Ennst.</placeName>
          </usg>
        </form>
        <form type="dialect">
          <pron xml:lang="bar-AT">-flīdšn</pron>
          <usg type="geo">
            <placeName type="gemeinde" ref="/geodata-wboe.xml#p3.5d07">Pöllau</placeName>
          </usg>
        </form>
        <form type="dialect">
          <pron xml:lang="bar-AT">flītšn</pron>
          <usg type="geo">
            <placeName type="kleinregion" ref="/geodata-wboe.xml#p3.5e">steir.Pinkat.</placeName>
          </usg>
        </form>
        <form type="dialect">
          <pron xml:lang="bar-AT">flītšn</pron>
          <usg type="geo">
            <placeName type="gemeinde" ref="/geodata-wboe.xml#p4.2c01">Fusch an der Großglocknerstraße</placeName>
          </usg>
        </form>
        <form type="dialect">
          <pron xml:lang="bar-AT">flīdšn</pron>
          <usg type="geo">
            <placeName type="gemeinde" ref="/geodata-wboe.xml#p5.1c07">Mühlheim am Inn</placeName>
          </usg>
        </form>
        <form type="dialect">
          <pron xml:lang="bar-AT">flitšn</pron>
          <usg type="geo">
            <placeName type="gemeinde" ref="/geodata-wboe.xml#p5.2a09">Grieskirchen</placeName>
          </usg>
        </form>
        <form type="dialect">
          <pron xml:lang="bar-AT">φlīdšn</pron>
          <usg type="geo">
            <placeName type="gemeinde" ref="/geodata-wboe.xml#p5.2d06">Mondsee</placeName>
          </usg>
        </form>
        <form type="dialect">
          <pron xml:lang="bar-AT">flidšn</pron>
          <usg type="geo">
            <placeName type="gemeinde" ref="/geodata-wboe.xml#p5.4b13">Ulrichsberg</placeName>
          </usg>
        </form>
        <form type="dialect">
          <pron xml:lang="bar-AT">φlīτσn</pron>
          <usg type="geo">
            <placeName type="grossregion" ref="/geodata-wboe.xml#p5.4">Mühlv.</placeName>
          </usg>
        </form>
        <form type="dialect">
          <pron xml:lang="bar-AT">flīdšn</pron>
          <usg type="geo">
            <placeName type="gemeinde" ref="/geodata-wboe.xml#p6.1o01">Herzogenburg</placeName>
          </usg>
        </form>
        <form type="dialect">
          <pron xml:lang="bar-AT">φlīdšn̥</pron>
          <usg type="geo">
            <placeName type="gemeinde" ref="/geodata-wboe.xml#p6.2b17">Mödling</placeName>
          </usg>
        </form>
        <form type="dialect">
          <pron xml:lang="bar-AT">φlīdšn</pron>
          <usg type="geo">
            <placeName type="gemeinde" ref="/geodata-wboe.xml#p6.3a18">Reingers</placeName>
          </usg>
        </form>
        <form type="dialect">
          <pron xml:lang="bar-AT">φlí̩̄dšn̥</pron>
          <usg type="geo">
            <placeName type="gemeinde" ref="/geodata-wboe.xml#p6.3c03">Bad Großpertholz</placeName>
          </usg>
        </form>
        <form type="dialect">
          <pron xml:lang="bar-AT">flidschn</pron>
          <usg type="geo">
            <placeName type="kleinregion" ref="/geodata-wboe.xml#p6.4c">söUmg.Pulkaut.</placeName>
          </usg>
        </form>
        <form type="dialect">
          <pron xml:lang="bar-AT">flítschn</pron>
          <usg type="geo">
            <placeName type="gemeinde" ref="/geodata-wboe.xml#p6.4d18">Poysdorf</placeName>
          </usg>
        </form>
        <form type="dialect">
          <pron xml:lang="bar-AT">φlįdšn̥</pron>
          <usg type="geo">
            <placeName type="gemeinde" ref="/geodata-wboe.xml#p6.5u06">Leopoldau</placeName>
          </usg>
        </form>
        <form type="dialect">
          <pron xml:lang="bar-AT">flītšn</pron>
          <usg type="geo">
            <placeName type="kleinregion" ref="/geodata-wboe.xml#p7.3c">ob.bgl.Pinkat.</placeName>
          </usg>
        </form>
        <form type="dialect">
          <pron xml:lang="bar-AT">φlįtß̌n</pron>
          <usg type="geo">
            <placeName type="kleinregion" ref="/geodata-wboe.xml#p7.3e">Rechnitz.Hügelld.</placeName>
          </usg>
        </form>
        <form type="dialect">
          <pron xml:lang="bar-AT">-flitß̌n</pron>
          <usg type="geo">
            <placeName type="gemeinde" ref="/geodata-wboe.xml#p7.3j06">Kukmirn</placeName>
          </usg>
          <ptr type="collection" subtype="lautung" target="/collections-wboe.xml#c23714"/>
        </form>
        <etym>
          <cit type="etymon">
            <form>
              <orth>Flitsch</orth>
            </form>
            <form>
              <orth>Flitsche</orth>
            </form>
            <gramGrp>
              <gram type="gender">Femininum</gram>
            </gramGrp>
            <def>Geschoss; Pfeil</def>
          </cit>
          <seg type="desc">, aber auch</seg>
          <cit type="etymon">
            <def>Schwungfeder; Flügel; Fittich</def>
          </cit>
          <seg type="desc">, leitet sich wohl von</seg>
          <cit type="etymon">
            <lang>frz.</lang>
            <form>
              <orth>flêche</orth>
            </form>
            <def>Pfeil</def>
          </cit>
          <seg type="desc">ab.
            <ref type="bibl" target="#Schmeller1872I">Schmeller 1872 I
              <citedRange>799</citedRange>
            </ref>
          </seg>
          <ref type="bibl" target="#Schmeller1872I">
            <lbl>vgl.</lbl>Schmeller 1872 I
            <citedRange>799</citedRange>
          </ref>
          <ref type="bibl" target="#DWB1862III">DWB 1862 III
            <citedRange>1804</citedRange>
          </ref>
          <cit type="etymon"></cit>
        </etym>
        <sense>
          <sense>
            <sense>
              <def>Flügel</def>
              <usg type="geo">
                <placeName type="bundesland" ref="/geodata-wboe.xml#p1A">STir.</placeName>
              </usg>
              <usg type="geo">
                <placeName type="grossregion" ref="/geodata-wboe.xml#p1B.0">OTir.</placeName>
              </usg>
              <usg type="geo">
                <placeName type="bundesland" ref="/geodata-wboe.xml#p1C">NTir.</placeName>
              </usg>
              <usg type="geo">
                <placeName type="grossregion" ref="/geodata-wboe.xml#p6.2">Industriev.</placeName>
              </usg>
              <ptr type="collection" subtype="bedeutung" target="/collections-wboe.xml#c23769"/>
            </sense>
            <sense>
              <def>Fledermaus</def>
              <usg type="geo">
                <placeName type="grossregion" ref="/geodata-wboe.xml#p6.2">Industriev.</placeName>
              </usg>
              <ptr type="collection" subtype="bedeutung" target="/collections-wboe.xml#c23771"/>
            </sense>
          </sense>
          <sense>
            <sense>
              <def>Pflanzenblatt, z. B. Hülle von Mais</def>
              <usg type="geo">
                <placeName type="bundesland" ref="/geodata-wboe.xml#p1A">STir.</placeName>
              </usg>
              <usg type="geo">
                <placeName type="grossregion" ref="/geodata-wboe.xml#p1B.0">OTir.</placeName>
              </usg>
              <usg type="geo">
                <placeName type="bundesland" ref="/geodata-wboe.xml#p1C">NTir.</placeName>
              </usg>
              <ptr type="collection" subtype="bedeutung" target="/collections-wboe.xml#c23772"/>
            </sense>
            <sense>
              <def>Spreu</def>
              <usg type="geo">
                <placeName type="grossregion" ref="/geodata-wboe.xml#p3.2">mbair.ObStmk.</placeName>
              </usg>
              <usg type="geo">
                <placeName type="grossregion" ref="/geodata-wboe.xml#p3.4">MStmk.</placeName>
              </usg>
              <usg type="geo">
                <placeName type="grossregion" ref="/geodata-wboe.xml#p5.3">Traunv.</placeName>
              </usg>
              <usg type="geo">
                <placeName type="grossregion" ref="/geodata-wboe.xml#p6.1">Mostv.</placeName>
              </usg>
              <usg type="geo">
                <placeName type="grossregion" ref="/geodata-wboe.xml#p6.2">Industriev.</placeName>
              </usg>
              <usg type="geo">
                <placeName type="grossregion" ref="/geodata-wboe.xml#p6.4">Weinv.</placeName>
              </usg>
              <ptr type="collection" subtype="bedeutung" target="/collections-wboe.xml#c23774"/>
            </sense>
            <sense>
              <def>ausgedrückte Haut, ausgedrückter Balg der Weinbeeren</def>
              <usg type="geo">
                <placeName type="bundesland" ref="/geodata-wboe.xml#p1A">STir.</placeName>
              </usg>
              <ptr type="collection" subtype="bedeutung" target="/collections-wboe.xml#c23776"/>
            </sense>
          </sense>
          <sense>
            <def>Augenlid</def>
            <usg type="geo">
              <placeName type="grossregion" ref="/geodata-wboe.xml#p1C.1">wNTir.</placeName>
            </usg>
            <ptr type="collection" subtype="bedeutung" target="/collections-wboe.xml#c23856"/>
          </sense>
          <sense>
            <sense>
              <def>Rockschößel; hinterer, hinabhängender, flatternder Teil der Kleidung</def>
              <usg type="geo">
                <placeName type="bundesland" ref="/geodata-wboe.xml#p1A">STir.</placeName>
              </usg>
              <usg type="geo">
                <placeName type="grossregion" ref="/geodata-wboe.xml#p1B.0">OTir.</placeName>
              </usg>
              <usg type="geo">
                <placeName type="bundesland" ref="/geodata-wboe.xml#p1C">NTir.</placeName>
              </usg>
              <usg type="geo">
                <placeName type="bundesland" ref="/geodata-wboe.xml#p6">NÖ</placeName>
              </usg>
              <cit type="example">
                <quote xml:lang="bar-AT">dö längöstn flitschn hint' ǭwö hǫᵇm</quote>
                <usg type="geo">
                  <placeName type="gemeinde" ref="/geodata-wboe.xml#p1C.3e06">Kufstein</placeName>
                </usg>
              </cit>
              <cit type="example">
                <quote xml:lang="bar-AT">bei der Flitsch dawischn</quote>
                <usg type="geo">
                  <placeName type="gemeinde" ref="/geodata-wboe.xml#p1C.3e12">Schwoich</placeName>
                </usg>
              </cit>
              <cit type="example">
                <quote xml:lang="bar-AT">I dawisch di schoⁿ bei da Flidschn</quote>
                <usg type="geo">
                  <placeName type="bundesland" ref="/geodata-wboe.xml#p6">NÖ</placeName>
                </usg>
              </cit>
              <ptr type="collection" subtype="bedeutung" target="/collections-wboe.xml#c23820"/>
            </sense>
            <sense>
              <def>Hutkrempe</def>
              <usg type="geo">
                <placeName type="grossregion" ref="/geodata-wboe.xml#p1A.4">öSTir.</placeName>
              </usg>
              <usg type="geo">
                <placeName type="grossregion" ref="/geodata-wboe.xml#p1B.0">OTir.</placeName>
              </usg>
              <ptr type="collection" subtype="bedeutung" target="/collections-wboe.xml#c23858"/>
            </sense>
          </sense>
          <sense>
            <def>große Fläche</def>
            <usg type="geo">
              <placeName type="grossregion" ref="/geodata-wboe.xml#p1C.1">wNTir.</placeName>
            </usg>
            <ptr type="collection" subtype="bedeutung" target="/collections-wboe.xml#c23867"/>
          </sense>
          <sense>
            <def>Durchfall</def>
            <usg type="geo">
              <placeName type="grossregion" ref="/geodata-wboe.xml#p7.1">NBgl.</placeName>
            </usg>
            <cit type="example">
              <quote xml:lang="bar-AT">Ta' Schnaida' praucht t' nådl, / Ta' Schuista' praucht s' ā', / Ta' Schnaida' håt t' Flitsch'n, / Ta' Schuista' kriagt s' ā'</quote>
              <usg type="geo">
                <placeName type="gemeinde" ref="/geodata-wboe.xml#p7.1b01">Gols</placeName>
              </usg>
            </cit>
          </sense>
          <sense>
            <sense>
              <xr type="variant" subtype="diminutive">
                <lbl>nur</lbl>
                <ref>Flitscherl</ref>
              </xr>
              <usg>(Diminutiv)</usg>
              <def>junges, munteres Tier oder Kind</def>
              <usg type="geo">
                <placeName type="grossregion" ref="/geodata-wboe.xml#p6.2">Industriev.</placeName>
              </usg>
              <ptr type="collection" subtype="bedeutung" target="/collections-wboe.xml#c23869"/>
            </sense>
            <sense>
              <def>abwertende Bezeichnung für eine Frau</def>
              <usg type="geo">
                <placeName type="bundesland" ref="/geodata-wboe.xml#p1A">STir.</placeName>
              </usg>
              <usg type="geo">
                <placeName type="grossregion" ref="/geodata-wboe.xml#p1B.0">OTir.</placeName>
              </usg>
              <usg type="geo">
                <placeName type="bundesland" ref="/geodata-wboe.xml#p1C">NTir.</placeName>
              </usg>
              <usg type="geo">
                <placeName type="bundesland" ref="/geodata-wboe.xml#p2">Ktn.</placeName>
              </usg>
              <usg type="geo">
                <placeName type="bundesland" ref="/geodata-wboe.xml#p3">Stmk.</placeName>
              </usg>
              <usg type="geo">
                <placeName type="bundesland" ref="/geodata-wboe.xml#p4">Sbg.</placeName>
              </usg>
              <usg type="geo">
                <placeName type="bundesland" ref="/geodata-wboe.xml#p5">OÖ</placeName>
              </usg>
              <usg type="geo">
                <placeName type="bundesland" ref="/geodata-wboe.xml#p6">NÖ</placeName>
              </usg>
              <usg type="geo">
                <placeName type="grossregion" ref="/geodata-wboe.xml#p6.5">Wien</placeName>
              </usg>
              <usg type="geo">
                <placeName type="grossregion" ref="/geodata-wboe.xml#p7.2">MBgl.</placeName>
              </usg>
              <usg type="geo">
                <placeName type="grossregion" ref="/geodata-wboe.xml#p7.3">SBgl.</placeName>
              </usg>
              <cit type="example">
                <quote xml:lang="bar-AT">Jungs flitscherl, wo håst dei Latedn?</quote>
                <usg type="geo">
                  <placeName type="gemeinde" ref="/geodata-wboe.xml#p3.3c08">Stainz</placeName>
                </usg>
              </cit>
              <cit type="example">
                <quote xml:lang="bar-AT">a flīdschn is a leichdsīnigs Weipsbüid</quote>
                <usg type="geo">
                  <placeName type="gemeinde" ref="/geodata-wboe.xml#p5.2e01">Linz</placeName>
                </usg>
              </cit>
              <cit type="example">
                <quote xml:lang="bar-AT">dös is a Flitschn</quote>
                <usg type="geo">
                  <placeName type="gemeinde" ref="/geodata-wboe.xml#p5.4h06">Pabneukirchen</placeName>
                </usg>
              </cit>
              <cit type="example">
                <quote xml:lang="bar-AT">a sou a flitschn</quote>
                <usg type="geo">
                  <placeName type="gemeinde" ref="/geodata-wboe.xml#p6.3a15">Kautzen</placeName>
                </usg>
              </cit>
              <cit type="example">
                <quote xml:lang="bar-AT">Is jǫ glei a flitschn, mit déra herumzoigt</quote>
                <usg type="geo">
                  <placeName type="gemeinde" ref="/geodata-wboe.xml#p6.4d18">Poysdorf</placeName>
                </usg>
              </cit>
              <ptr type="collection" subtype="bedeutung" target="/collections-wboe.xml#c23870"/>
            </sense>
          </sense>
        </sense>
        <re>
          <form subtype="compound" type="lemma">
            <orth>Augenflitsche</orth>
          </form>
          <sense>
            <sense>
              <def>Augenlid</def>
              <usg type="geo">
                <placeName type="grossregion" ref="/geodata-wboe.xml#p1C.1">wNTir.</placeName>
              </usg>
              <ptr type="collection" subtype="bedeutung" target="/collections-wboe.xml#c23723"/>
            </sense>
          </sense>
        </re>
        <re>
          <form subtype="compound" type="lemma">
            <orth>Bauernflitsche</orth>
          </form>
          <sense>
            <sense>
              <def type="umschreibung">abwertende Bezeichnung für Bäuerinnen und Bauernmädchen</def>
              <usg type="geo">
                <placeName type="grossregion" ref="/geodata-wboe.xml#p6.1">Mostv.</placeName>
              </usg>
              <ptr type="collection" subtype="bedeutung" target="/collections-wboe.xml#c23759"/>
            </sense>
          </sense>
        </re>
        <re>
          <form subtype="compound" type="lemma">
            <orth>Gerstenflitsche</orth>
          </form>
          <sense>
            <sense>
              <def>Gerstenspreu</def>
              <usg type="geo">
                <placeName type="grossregion" ref="/geodata-wboe.xml#p6.1">Mostv.</placeName>
              </usg>
              <ptr type="collection" subtype="bedeutung" target="/collections-wboe.xml#c23730"/>
            </sense>
          </sense>
        </re>
        <re>
          <form subtype="compound" type="lemma">
            <orth>Haferflitsche</orth>
          </form>
          <sense>
            <sense>
              <def>Haferspreu</def>
              <usg type="geo">
                <placeName type="grossregion" ref="/geodata-wboe.xml#p3.2">mbair.ObStmk.</placeName>
              </usg>
              <usg type="geo">
                <placeName type="grossregion" ref="/geodata-wboe.xml#p3.4">MStmk.</placeName>
              </usg>
              <usg type="geo">
                <placeName type="grossregion" ref="/geodata-wboe.xml#p5.3">Traunv.</placeName>
              </usg>
              <usg type="geo">
                <placeName type="grossregion" ref="/geodata-wboe.xml#p6.1">Mostv.</placeName>
              </usg>
              <usg type="geo">
                <placeName type="grossregion" ref="/geodata-wboe.xml#p6.2">Industriev.</placeName>
              </usg>
              <ptr type="collection" subtype="bedeutung" target="/collections-wboe.xml#c23731"/>
            </sense>
          </sense>
        </re>
        <re>
          <form subtype="compound" type="lemma">
            <orth>Kaffeehausflitscherl</orth>
            <gramGrp>
              <usg>(Diminutiv)</usg>
            </gramGrp>
          </form>
          <sense>
            <sense>
              <def type="umschreibung">abwertende Bezeichnung für eine Kassiererin/Kellnerin im Kaffeehaus</def>
              <usg type="geo">
                <placeName type="grossregion" ref="/geodata-wboe.xml#p6.2">Industriev.</placeName>
              </usg>
              <ptr type="collection" subtype="bedeutung" target="/collections-wboe.xml#c23732"/>
            </sense>
          </sense>
        </re>
        <re>
          <form subtype="compound" type="lemma">
            <orth>Lichtflitsche</orth>
          </form>
          <sense>
            <sense>
              <def>Nachtfalter; Motte</def>
              <usg type="geo">
                <placeName type="bundesland" ref="/geodata-wboe.xml#p3">Stmk.</placeName>
              </usg>
              <usg type="geo">
                <placeName type="grossregion" ref="/geodata-wboe.xml#p7.3">SBgl.</placeName>
              </usg>
              <ptr type="collection" subtype="bedeutung" target="/collections-wboe.xml#c23757"/>
            </sense>
          </sense>
        </re>
        <re>
          <form subtype="compound" type="lemma">
            <orth>Nachtflitsche</orth>
          </form>
          <sense>
            <sense>
              <def>Nachtfalter</def>
              <usg type="geo">
                <placeName type="grossregion" ref="/geodata-wboe.xml#p3.5">OStmk.</placeName>
              </usg>
              <ptr type="collection" subtype="bedeutung" target="/collections-wboe.xml#c23758"/>
            </sense>
          </sense>
        </re>
        <re>
          <form subtype="compound" type="lemma">
            <orth>Rockflitsche</orth>
          </form>
          <sense>
            <sense>
              <def>langer, städtischer Herrenrockteil</def>
              <usg type="geo">
                <placeName type="grossregion" ref="/geodata-wboe.xml#p1A.1">wSTir.</placeName>
              </usg>
              <ptr type="collection" subtype="bedeutung" target="/collections-wboe.xml#c23760"/>
            </sense>
          </sense>
        </re>
        <re>
          <form subtype="compound" type="lemma">
            <orth>Seeflitsche</orth>
          </form>
          <sense>
            <sense>
              <def>Köcherfliege</def>
              <usg type="geo">
                <placeName type="grossregion" ref="/geodata-wboe.xml#p5.3">Traunv.</placeName>
              </usg>
              <ptr type="collection" subtype="bedeutung" target="/collections-wboe.xml#c23762"/>
            </sense>
          </sense>
        </re>
        <re>
          <form subtype="compound" type="lemma">
            <orth>Stadtflitsche</orth>
          </form>
          <sense>
            <sense>
              <def type="umschreibung">abwertende Bezeichnung für eine weibliche Person, die sich städtisch kleidet oder benimmt</def>
              <usg type="geo">
                <placeName type="grossregion" ref="/geodata-wboe.xml#p2.2">MKtn.</placeName>
              </usg>
              <usg type="geo">
                <placeName type="grossregion" ref="/geodata-wboe.xml#p5.4">Mühlv.</placeName>
              </usg>
              <ptr type="collection" subtype="bedeutung" target="/collections-wboe.xml#c23761"/>
            </sense>
          </sense>
        </re>
        <re>
          <form subtype="compound" type="lemma">
            <orth>Türkenflitsche</orth>
          </form>
          <sense>
            <sense>
              <def>Maiskolbenblatt</def>
              <usg type="geo">
                <placeName type="bundesland" ref="/geodata-wboe.xml#p1A">STir.</placeName>
              </usg>
              <usg type="geo">
                <placeName type="grossregion" ref="/geodata-wboe.xml#p1B.0">OTir.</placeName>
              </usg>
              <usg type="geo">
                <placeName type="bundesland" ref="/geodata-wboe.xml#p1C">NTir.</placeName>
              </usg>
              <ptr type="collection" subtype="bedeutung" target="/collections-wboe.xml#c23764"/>
            </sense>
            <sense>
              <def>Werkzeug zum Auskehren des Backofens</def>
              <usg type="geo">
                <placeName type="grossregion" ref="/geodata-wboe.xml#p1C.1">wNTir.</placeName>
              </usg>
              <ptr type="collection" subtype="bedeutung" target="/collections-wboe.xml#c23763"/>
            </sense>
          </sense>
        </re>
        <re>
          <form subtype="compound" type="lemma">
            <orth>Vogelflitsche</orth>
          </form>
          <sense>
            <sense>
              <def>Vogel-Wicke; Vicia cracca</def>
              <usg>(Pflanze)</usg>
              <usg type="geo">
                <placeName type="grossregion" ref="/geodata-wboe.xml#p1A.1">wSTir.</placeName>
              </usg>
              <ptr type="collection" subtype="bedeutung" target="/collections-wboe.xml#c23729"/>
            </sense>
          </sense>
        </re>
      </entry>
    </body>
  </text>
</TEI>