<?xml version="1.0" encoding="UTF-8"?>
    <?xml-model href="http://www.tei-c.org/release/xml/tei/custom/schema/relaxng/tei_all.rng" type="application/xml" schematypens="http://purl.oclc.org/dsdl/schematron"?>
    <?xml-model href="../../803_RNG-schematron/WBOE-ODD.rnc" type="application/relax-ng-compact-syntax"?>
<?redaktionstool version="0.6.6"?>
<TEI xmlns="http://www.tei-c.org/ns/1.0">
  <teiHeader>
    <fileDesc>
      <titleStmt>
        <title>Florian_Floriani</title>
        <respStmt>
          <resp>Editor</resp>
          <name ref="#AB">Angela Bergermayer</name>
        </respStmt>
        <respStmt>
          <resp>Encoding Scheme</resp>
          <name>Jack Bowers</name>
          <name>Daniel Schopper</name>
          <name>Omar Siam</name>
        </respStmt>
        <respStmt>
          <resp>DBOE Team</resp>
          <name xml:id="AL">Alexandra N. Lenz</name>
          <name xml:id="PhS">Philipp Stöckle</name>
          <name xml:id="AG">Andreas Gellan</name>
          <name xml:id="PZ">Patrick Zeitlhuber</name>
          <name xml:id="SW">Sabine Wahl</name>
          <name xml:id="SS">Sonja Schwaiger</name>
          <name xml:id="AB">Angela Bergermayer</name>
          <name xml:id="EW">Eva Wahlmüller</name>
          <name xml:id="DG">David Gschösser</name>
          <name xml:id="StS">Stefanie Schöberl</name>
          <name xml:id="FF">Fabian Fleißner</name>
        </respStmt>
        <respStmt>
          <resp>Student assistants</resp>
          <name>Susanna Muhr</name>
          <name>Manuela Stütz</name>
          <name>Christina Hemetsberger</name>
        </respStmt>
      </titleStmt>
      <publicationStmt>
        <p></p>
      </publicationStmt>
      <sourceDesc>
        <list>
          <item>
            <label>Geo-data</label>
            <ptr xml:id="geo-inventory-WBOE" target="../geodata-wboe.xml"/>
          </item>
          <item>
            <label>Bibliography</label>
            <ptr xml:id="bibliography-WBOE" target="../bibl-wboe.xml"/>
          </item>
          <item>
            <label>WBOE-Slips</label>
            <ptr xml:id="slips-WBOE" target="../slips-wboe.xml"/>
          </item>
          <item>
            <label>WBOE-Collections</label>
            <ptr xml:id="collections-WBOE" target="../collections-wboe.xml"/>
          </item>
        </list>
      </sourceDesc>
    </fileDesc>
    <revisionDesc>
      <listChange>
        <change status="unfinished" when="2020-07-28" who="#AB">Datensatz erstellt</change>
        <change status="in progress" when="2020-09-01" who="#AB">Fortsetzung</change>
        <change status="external correction" when="2020-09-14" who="#AB">Lautung, LK eingegeben; keine Anm. bei ext. Korr.</change>
        <change status="external correction" when="2020-09-16" who="#AB">Update auf Version 0.6.03, Adaptierung</change>
        <change status="external correction" when="2020-09-30" who="#AB">Aktualisierung Zwischenüberschriften; Tagging Übersetzung</change>
        <change status="finished" when="2020-10-15" who="#AB">neues Tagging Bed.; Coll. verknüpft; Abschlussredaktion</change>
      </listChange>
    </revisionDesc>
  </teiHeader>
  <text>
    <body>
      <entry>
        <form type="lemma" xml:id="Florian">
          <orth>Florian</orth>
        </form>
        <form type="lemma" xml:id="Floriani">
          <orth>Floriani</orth>
          <ptr type="collection" subtype="lemma" target="/collections-wboe.xml#c10658"/>
        </form>
        <gramGrp>
          <gram type="pos">Substantiv</gram>
          <gram type="gender">Maskulinum</gram>
        </gramGrp>
        <gramGrp>
          <gram type="pos">Name</gram>
        </gramGrp>
        <form type="variant" subtype="diminuierte kurzform" xml:id="Floerel">
          <orth>Flörel</orth>
          <gramGrp>
            <gram type="gender">Maskulinum</gram>
            <gram type="gender">Neutrum</gram>
          </gramGrp>
        </form>
        <form type="variant" subtype="diminuierte kurzform" xml:id="Florel">
          <orth>Florel</orth>
          <gramGrp>
            <gram type="gender">Maskulinum</gram>
          </gramGrp>
        </form>
        <form type="variant" subtype="diminuierte kurzform" xml:id="Flori">
          <orth>Flori</orth>
          <gramGrp>
            <gram type="gender">Maskulinum</gram>
          </gramGrp>
        </form>
        <form type="variant" subtype="diminuierte kurzform" xml:id="Flueri">
          <orth>Flüri</orth>
          <gramGrp>
            <gram type="gender">Maskulinum</gram>
          </gramGrp>
        </form>
        <usg type="geo">
          <placeName type="bundesland" ref="/geodata-wboe.xml#p1A">STir.</placeName>
        </usg>
        <usg type="geo">
          <placeName type="bundesland" ref="/geodata-wboe.xml#p1B">OTir.</placeName>
        </usg>
        <usg type="geo">
          <placeName type="bundesland" ref="/geodata-wboe.xml#p1C">NTir.</placeName>
        </usg>
        <usg type="geo">
          <placeName type="bundesland" ref="/geodata-wboe.xml#p2">Ktn.</placeName>
        </usg>
        <usg type="geo">
          <placeName type="bundesland" ref="/geodata-wboe.xml#p3">Stmk.</placeName>
        </usg>
        <usg type="geo">
          <placeName type="bundesland" ref="/geodata-wboe.xml#p4">Sbg.</placeName>
        </usg>
        <usg type="geo">
          <placeName type="bundesland" ref="/geodata-wboe.xml#p5">OÖ</placeName>
        </usg>
        <usg type="geo">
          <placeName type="bundesland" ref="/geodata-wboe.xml#p6">NÖ</placeName>
        </usg>
        <usg type="geo">
          <placeName type="grossregion" ref="/geodata-wboe.xml#p6.5">Wien</placeName>
        </usg>
        <usg type="geo">
          <placeName type="bundesland" ref="/geodata-wboe.xml#p7">Bgl.</placeName>
        </usg>
        <note type="kommentar" resp="#FF">Die ursprünglichen Lautverhältnisse des Lexems wurden vielfach abgewandelt, wobei die einzelnen Entwicklungen, wie das für Eigennamen üblich ist, lauthistorisch und -geographisch nur schwer geordnet werden können. Oft stehen unterschiedliche Lautungen in der gleichen Region nebeneinander. Im Stammvokalismus müssen mehrere Typen unterschieden werden: Häufig scheinen im gesamten Untersuchungsgebiet auf mhd.
          <c>ō</c>bzw.
          <c>o</c>zurückgehende Lautungen vorzuliegen, die in großen Teilen des Untersuchungsgebietes ihre ursprüngliche Qualität und Quantität bewahrt bzw. annähernd wiedererlangt haben
          <xr>
            <ref>ƒlǫrįan</ref>
            <ref>flōrįan</ref>
          </xr>. Auf einen langen historischen
          <c>o</c>-Monophthong deuten konservativere südbairische
          <c>oɒ</c>-Diphthonge mit
          <c>r</c>-Erhalt hin
          <xr>
            <ref>ƒlǫɒrįan</ref>
          </xr>. Diese dürfen nicht verwechselt werden mit mittelbairischen und südmittelbairischen Belegen, bei denen
          <c>oɒ</c>-Diphthonge infolge von partieller
          <c>r</c>-Vokalisierung entstanden sind
          <xr>
            <ref>flǫɒrįan</ref>
          </xr>. Über die Quantität des zugrunde liegenden historischen Vokals kann hier nichts gesagt werden. Kurze historische Monophthonge bilden die Ausgangsbasis für steigende
          <c>ou</c>-Diphthonge, die auf eine ehemals weit verbreitete mittelgaumige Aussprache zurückzuführen sind, aber in Konkurrenz zu den inzwischen eher verkehrssprachlichen Monophthongen stehen
          <xr>
            <ref>ƒlǫurįan</ref>
          </xr>. Mit einer Hebung zu
          <c>u</c>ist vor allem im Osten des Untersuchungsgebietes auch eine stadtsprachliche Variante belegt, die sich von den urbanen Zentren des Donauraums, der Steiermark und Kärntens ausbreitet
          <xr>
            <ref>ƒlųɒrįan</ref>
          </xr>. Ein weiterer wichtiger Lauttyp setzt auf mhd.
          <c>ö</c>zurückgehende Formen fort, die im konservativeren Südbairischen und dem westlichen Südmittelbairischen noch gerundet vorliegen
          <xr>
            <ref>ƒlǫ̈rl̥</ref>
          </xr>. Oft scheint der Umlaut durch ein Diminutivsuffix motiviert zu sein, allerdings finden sich auch vereinzelt basale Formen
          <xr>
            <ref>ƒlǫ̈rįan</ref>
          </xr>, während umgekehrt nicht umgelautete Diminutive belegt sind
          <xr>
            <ref>flǫɒl̥</ref>
          </xr>. Diese Vermischungen lassen sich nicht nur durch die lautlichen Besonderheiten von Eigennamen erklären, sondern auch durch eine historisch stark mittelgaumige und damit artikulatorisch ähnliche Aussprache von
          <c>o</c>- und
          <c>ö</c>-Monophthongen. Die Formen, die wie mhd.
          <c>ö</c>behandelt werden, bilden jedenfalls die Basis für entrundete
          <c>e</c>-Monophthonge, die in allen Regionen vorliegen
          <xr>
            <ref>ƒlęrl̥</ref>
          </xr>. Neben der sich im Ansatz zeigenden
          <c>r</c>-Vokalisierung kommt es im westlichen Mittelbairischen und im angrenzenden Südmittelbairischen vereinzelt zu weiteren Assimilationsprozessen, bei denen der Liquid zu einem Dental plosiviert wird
          <xr>
            <ref>flōdl̥</ref>
          </xr>. Danach kann der Dental vor Liquid schwinden
          <xr>
            <ref>flōl̥</ref>
          </xr>. Der
          <c>i</c>-Monophthong der zweiten Silbe wird mitunter abgeschwächt
          <xr>
            <ref>ƒlǫrəan</ref>
          </xr>, die stark approximantische Aussprache führt im Südbairischen Osttirols und Kärntens auch zu velarer Plosivierung
          <xr>
            <ref>pflęrgən</ref>
          </xr>. In diesen Gegenden sind zudem übermarkierte Affrikaten im Anlaut belegt. Die auslautende Silbe liegt meistens nicht verdumpft vor
          <xr>
            <ref>ƒlǫrįan</ref>
          </xr>, vor Nasal kommt es im Mittelbairischen oft zu Diphthongierungsprozessen oder starker Nasalierung des Vokals
          <xr>
            <ref>flōrįaun</ref>
            <ref>flōrįǭ̃[n]</ref>
          </xr>. Die diminuierten Formen weisen unterschiedliche Suffixe auf. Am häufigsten sind einfache synkopierte liquidhaltige Endungen
          <xr>
            <ref>ƒlǫɒl̥</ref>
          </xr>. Daneben gibt es auch einige auf -
          <c>i</c>auslautende Formen, mitunter auch abgeschwächt
          <xr>
            <ref>ƒlǫrį</ref>
            <ref>flōrə</ref>
          </xr>. Davon zu unterscheiden sind wohl nicht verkürzte Belege auf -
          <c>i</c>, die vielleicht auch durch sakralsprachlichen Einfluss entstanden sind
          <xr>
            <ref>ƒlǫrįanį</ref>
          </xr>.
        </note>
        <form type="dialect">
          <pron xml:lang="bar-AT">flêrl</pron>
          <usg>[dim. Kurzf.]</usg>
          <usg type="geo">
            <placeName type="bundesland" ref="/geodata-wboe.xml#p1A">STir.</placeName>
          </usg>
        </form>
        <form type="dialect">
          <pron xml:lang="bar-AT">flörˡ</pron>
          <usg>[dim. Kurzf.]</usg>
          <usg type="geo">
            <placeName type="gemeinde" ref="/geodata-wboe.xml#p1A.3b01">Sarntal</placeName>
          </usg>
        </form>
        <form type="dialect">
          <pron xml:lang="bar-AT">flōᵘrian</pron>
          <usg type="geo">
            <placeName type="gemeinde" ref="/geodata-wboe.xml#p1A.4e03">Sand in Taufers</placeName>
          </usg>
        </form>
        <form type="dialect">
          <pron xml:lang="bar-AT">pflẹrgən</pron>
          <usg type="geo">
            <placeName type="kleinregion" ref="/geodata-wboe.xml#p1B.0d">Def.</placeName>
          </usg>
        </form>
        <form type="dialect">
          <pron xml:lang="bar-AT">pflörgan</pron>
          <usg type="geo">
            <placeName type="gemeinde" ref="/geodata-wboe.xml#p1B.0j01">Obertilliach</placeName>
          </usg>
        </form>
        <form type="dialect">
          <pron xml:lang="bar-AT">floriån</pron>
          <usg type="geo">
            <placeName type="gemeinde" ref="/geodata-wboe.xml#p1C.1v02">Tarrenz</placeName>
          </usg>
        </form>
        <form type="dialect">
          <pron xml:lang="bar-AT">fló̄rian</pron>
          <usg type="geo">
            <placeName type="gemeinde" ref="/geodata-wboe.xml#p1C.2h02">Matrei am Brenner</placeName>
          </usg>
        </form>
        <form type="dialect">
          <pron xml:lang="bar-AT">flōrl</pron>
          <usg>[dim. Kurzf.]</usg>
          <usg type="geo">
            <placeName type="gemeinde" ref="/geodata-wboe.xml#p1C.2h02">Matrei am Brenner</placeName>
          </usg>
        </form>
        <form type="dialect">
          <pron xml:lang="bar-AT">flōre</pron>
          <usg>[dim. Kurzf.]</usg>
          <usg type="geo">
            <placeName type="gemeinde" ref="/geodata-wboe.xml#p1C.2h02">Matrei am Brenner</placeName>
          </usg>
        </form>
        <form type="dialect">
          <pron xml:lang="bar-AT">flo͡ᵘrian</pron>
          <usg type="geo">
            <placeName type="gemeinde" ref="/geodata-wboe.xml#p2.1b04">Rangersdorf</placeName>
          </usg>
        </form>
        <form type="dialect">
          <pron xml:lang="bar-AT">flǫrl</pron>
          <usg>[dim. Kurzf.]</usg>
          <usg type="geo">
            <placeName type="gemeinde" ref="/geodata-wboe.xml#p2.1g01">Kötschach-Mauthen</placeName>
          </usg>
        </form>
        <form type="dialect">
          <pron xml:lang="bar-AT">florₑanₑ</pron>
          <usg type="geo">
            <placeName type="gemeinde" ref="/geodata-wboe.xml#p2.3b05">Straßburg</placeName>
          </usg>
        </form>
        <form type="dialect">
          <pron xml:lang="bar-AT">fluaʳl</pron>
          <usg>[dim. Kurzf.]</usg>
          <usg type="geo">
            <placeName type="gemeinde" ref="/geodata-wboe.xml#p2.3f01">Feldkirchen in Kärnten</placeName>
          </usg>
        </form>
        <form type="dialect">
          <pron xml:lang="bar-AT">fló̄rian</pron>
          <usg type="geo">
            <placeName type="gemeinde" ref="/geodata-wboe.xml#p2.3n01">Klagenfurt</placeName>
          </usg>
        </form>
        <form type="dialect">
          <pron xml:lang="bar-AT">flōrι̯an</pron>
          <usg type="geo">
            <placeName type="gemeinde" ref="/geodata-wboe.xml#p2.3n01">Klagenfurt</placeName>
          </usg>
        </form>
        <form type="dialect">
          <pron xml:lang="bar-AT">flurι̯ōn</pron>
          <usg type="geo">
            <placeName type="gemeinde" ref="/geodata-wboe.xml#p2.3n01">Klagenfurt</placeName>
          </usg>
        </form>
        <form type="dialect">
          <pron xml:lang="bar-AT">fluərdl̥</pron>
          <usg>[dim. Kurzf.]</usg>
          <usg type="geo">
            <placeName type="gemeinde" ref="/geodata-wboe.xml#p2.3n01">Klagenfurt</placeName>
          </usg>
        </form>
        <form type="dialect">
          <pron xml:lang="bar-AT">flōrę</pron>
          <usg>[dim. Kurzf.]</usg>
          <usg type="geo">
            <placeName type="gemeinde" ref="/geodata-wboe.xml#p2.3n01">Klagenfurt</placeName>
          </usg>
        </form>
        <form type="dialect">
          <pron xml:lang="bar-AT">fluriani</pron>
          <usg type="geo">
            <placeName type="gemeinde" ref="/geodata-wboe.xml#p2.4c01">Frantschach-St. Gertraud</placeName>
          </usg>
        </form>
        <form type="dialect">
          <pron xml:lang="bar-AT">pflé̇̄riǫ̀uⁿ</pron>
          <usg type="geo">
            <placeName type="gemeinde" ref="/geodata-wboe.xml#p2.4c04">Bad St. Leonhard im Lavanttal</placeName>
          </usg>
        </form>
        <form type="dialect">
          <pron xml:lang="bar-AT">pflé̇̄rian</pron>
          <usg type="geo">
            <placeName type="gemeinde" ref="/geodata-wboe.xml#p2.4c04">Bad St. Leonhard im Lavanttal</placeName>
          </usg>
        </form>
        <form type="dialect">
          <pron xml:lang="bar-AT">pflodl</pron>
          <usg>[dim. Kurzf.]</usg>
          <usg type="geo">
            <placeName type="gemeinde" ref="/geodata-wboe.xml#p2.4c04">Bad St. Leonhard im Lavanttal</placeName>
          </usg>
        </form>
        <form type="dialect">
          <pron xml:lang="bar-AT">pfluadl</pron>
          <usg>[dim. Kurzf.]</usg>
          <usg type="geo">
            <placeName type="gemeinde" ref="/geodata-wboe.xml#p2.4c04">Bad St. Leonhard im Lavanttal</placeName>
          </usg>
        </form>
        <form type="dialect">
          <pron xml:lang="bar-AT">pflę̄dl̥</pron>
          <usg>[dim. Kurzf.]</usg>
          <usg type="geo">
            <placeName type="kleinregion" ref="/geodata-wboe.xml#p2.4d">mLavantt.</placeName>
          </usg>
        </form>
        <form type="dialect">
          <pron xml:lang="bar-AT">flourėauⁿ</pron>
          <usg type="geo">
            <placeName type="gemeinde" ref="/geodata-wboe.xml#p3.1c09">Oberwölz</placeName>
          </usg>
        </form>
        <form type="dialect">
          <pron xml:lang="bar-AT">flᵃouʳl</pron>
          <usg>[dim. Kurzf.]</usg>
          <usg type="geo">
            <placeName type="gemeinde" ref="/geodata-wboe.xml#p3.1d03">Lobmingtal</placeName>
          </usg>
        </form>
        <form type="dialect">
          <pron xml:lang="bar-AT">fluriani</pron>
          <usg type="geo">
            <placeName type="gemeinde" ref="/geodata-wboe.xml#p3.1i01">Weißkirchen in Steiermark</placeName>
          </usg>
        </form>
        <form type="dialect">
          <pron xml:lang="bar-AT">fluəʳl</pron>
          <usg>[dim. Kurzf.]</usg>
          <usg type="geo">
            <placeName type="gemeinde" ref="/geodata-wboe.xml#p3.1i01">Weißkirchen in Steiermark</placeName>
          </usg>
        </form>
        <form type="dialect">
          <pron xml:lang="bar-AT">flǫuʳl</pron>
          <usg>[dim. Kurzf.]</usg>
          <usg type="geo">
            <placeName type="gemeinde" ref="/geodata-wboe.xml#p3.1i01">Weißkirchen in Steiermark</placeName>
          </usg>
        </form>
        <form type="dialect">
          <pron xml:lang="bar-AT">floᵈl</pron>
          <usg>[dim. Kurzf.]</usg>
          <usg type="geo">
            <placeName type="gemeinde" ref="/geodata-wboe.xml#p3.2d01">Tragöß-St. Katharein</placeName>
          </usg>
        </form>
        <form type="dialect">
          <pron xml:lang="bar-AT">flúriauⁿ</pron>
          <usg type="geo">
            <placeName type="gemeinde" ref="/geodata-wboe.xml#p3.2f02">Kapfenberg</placeName>
          </usg>
        </form>
        <form type="dialect">
          <pron xml:lang="bar-AT">floúriauⁿ</pron>
          <usg type="geo">
            <placeName type="gemeinde" ref="/geodata-wboe.xml#p3.2f02">Kapfenberg</placeName>
          </usg>
        </form>
        <form type="dialect">
          <pron xml:lang="bar-AT">flou'l</pron>
          <usg>[dim. Kurzf.]</usg>
          <usg type="geo">
            <placeName type="gemeinde" ref="/geodata-wboe.xml#p3.2f02">Kapfenberg</placeName>
          </usg>
        </form>
        <form type="dialect">
          <pron xml:lang="bar-AT">floariåⁿ</pron>
          <usg type="geo">
            <placeName type="gemeinde" ref="/geodata-wboe.xml#p3.2o03">Landl</placeName>
          </usg>
        </form>
        <form type="dialect">
          <pron xml:lang="bar-AT">floaʳl</pron>
          <usg>[dim. Kurzf.]</usg>
          <usg type="geo">
            <placeName type="gemeinde" ref="/geodata-wboe.xml#p3.2o03">Landl</placeName>
          </usg>
        </form>
        <form type="dialect">
          <pron xml:lang="bar-AT">fluɒl̥</pron>
          <usg>[dim. Kurzf.]</usg>
          <usg type="geo">
            <placeName type="gemeinde" ref="/geodata-wboe.xml#p3.3e12">St. Peter im Sulmtal</placeName>
          </usg>
        </form>
        <form type="dialect">
          <pron xml:lang="bar-AT">flūɒl</pron>
          <usg>[dim. Kurzf.]</usg>
          <usg type="geo">
            <placeName type="kleinregion" ref="/geodata-wboe.xml#p3.5d">nördl.steir.Lafnitzt.</placeName>
          </usg>
        </form>
        <form type="dialect">
          <pron xml:lang="bar-AT">flōu·l</pron>
          <usg>[dim. Kurzf.]</usg>
          <usg type="geo">
            <placeName type="kleinregion" ref="/geodata-wboe.xml#p3.5d">nördl.steir.Lafnitzt.</placeName>
          </usg>
        </form>
        <form type="dialect">
          <pron xml:lang="bar-AT">fluriãũ</pron>
          <usg type="geo">
            <placeName type="gemeinde" ref="/geodata-wboe.xml#p3.5j04">Fehring</placeName>
          </usg>
        </form>
        <form type="dialect">
          <pron xml:lang="bar-AT">flōˡ</pron>
          <usg>[dim. Kurzf.]</usg>
          <usg type="geo">
            <placeName type="gemeinde" ref="/geodata-wboe.xml#p4.2g02">Saalfelden am Steinernen Meer</placeName>
          </usg>
        </form>
        <form type="dialect">
          <pron xml:lang="bar-AT">fʟödɫ</pron>
          <usg>[dim. Kurzf.]</usg>
          <usg type="geo">
            <placeName type="kleinregion" ref="/geodata-wboe.xml#p4.3d">Gr.Arlt.</placeName>
          </usg>
        </form>
        <form type="dialect">
          <pron xml:lang="bar-AT">fʟöɫ</pron>
          <usg>[dim. Kurzf.]</usg>
          <usg type="geo">
            <placeName type="kleinregion" ref="/geodata-wboe.xml#p4.3d">Gr.Arlt.</placeName>
          </usg>
        </form>
        <form type="dialect">
          <pron xml:lang="bar-AT">floriå</pron>
          <usg type="geo">
            <placeName type="gemeinde" ref="/geodata-wboe.xml#p4.5a06">Eugendorf</placeName>
          </usg>
        </form>
        <form type="dialect">
          <pron xml:lang="bar-AT">floriåⁿ</pron>
          <usg type="geo">
            <placeName type="gemeinde" ref="/geodata-wboe.xml#p4.5a12">Wals-Siezenheim</placeName>
          </usg>
        </form>
        <form type="dialect">
          <pron xml:lang="bar-AT">flōʳl</pron>
          <usg>[dim. Kurzf.]</usg>
          <usg type="geo">
            <placeName type="gemeinde" ref="/geodata-wboe.xml#p4.5a12">Wals-Siezenheim</placeName>
          </usg>
        </form>
        <form type="dialect">
          <pron xml:lang="bar-AT">flōl̥</pron>
          <usg>[dim. Kurzf.]</usg>
          <usg type="geo">
            <placeName type="grossregion" ref="/geodata-wboe.xml#p5.1">Innv.</placeName>
          </usg>
        </form>
        <form type="dialect">
          <pron xml:lang="bar-AT">flẹ̄l̥</pron>
          <usg>[dim. Kurzf.]</usg>
          <usg type="geo">
            <placeName type="grossregion" ref="/geodata-wboe.xml#p5.1">Innv.</placeName>
          </usg>
        </form>
        <form type="dialect">
          <pron xml:lang="bar-AT">flödl</pron>
          <usg>[dim. Kurzf.]</usg>
          <usg type="geo">
            <placeName type="grossregion" ref="/geodata-wboe.xml#p5.1">Innv.</placeName>
          </usg>
        </form>
        <form type="dialect">
          <pron xml:lang="bar-AT">flórėąⁿ</pron>
          <usg type="geo">
            <placeName type="gemeinde" ref="/geodata-wboe.xml#p5.1c07">Mühlheim am Inn</placeName>
          </usg>
        </form>
        <form type="dialect">
          <pron xml:lang="bar-AT">flórėą</pron>
          <usg type="geo">
            <placeName type="gemeinde" ref="/geodata-wboe.xml#p5.1c07">Mühlheim am Inn</placeName>
          </usg>
        </form>
        <form type="dialect">
          <pron xml:lang="bar-AT">floʳl̥</pron>
          <usg>[dim. Kurzf.]</usg>
          <usg type="geo">
            <placeName type="gemeinde" ref="/geodata-wboe.xml#p5.1c07">Mühlheim am Inn</placeName>
          </usg>
        </form>
        <form type="dialect">
          <pron xml:lang="bar-AT">flȯre</pron>
          <usg>[dim. Kurzf.]</usg>
          <usg type="geo">
            <placeName type="gemeinde" ref="/geodata-wboe.xml#p5.1c07">Mühlheim am Inn</placeName>
          </usg>
        </form>
        <form type="dialect">
          <pron xml:lang="bar-AT">φlóriå̃</pron>
          <usg type="geo">
            <placeName type="gemeinde" ref="/geodata-wboe.xml#p5.1e11">Suben</placeName>
          </usg>
        </form>
        <form type="dialect">
          <pron xml:lang="bar-AT">floâʳl</pron>
          <usg>[dim. Kurzf.]</usg>
          <usg type="geo">
            <placeName type="gemeinde" ref="/geodata-wboe.xml#p5.2a17">Kirchberg-Thening</placeName>
          </usg>
        </form>
        <form type="dialect">
          <pron xml:lang="bar-AT">flurian</pron>
          <usg type="geo">
            <placeName type="gemeinde" ref="/geodata-wboe.xml#p5.2a39">Traun</placeName>
          </usg>
        </form>
        <form type="dialect">
          <pron xml:lang="bar-AT">fluriaṉ</pron>
          <usg type="geo">
            <placeName type="gemeinde" ref="/geodata-wboe.xml#p5.2a39">Traun</placeName>
          </usg>
        </form>
        <form type="dialect">
          <pron xml:lang="bar-AT">floriå̄n</pron>
          <usg type="geo">
            <placeName type="gemeinde" ref="/geodata-wboe.xml#p5.2b18">Lambach</placeName>
          </usg>
        </form>
        <form type="dialect">
          <pron xml:lang="bar-AT">floriauⁿ</pron>
          <usg type="geo">
            <placeName type="gemeinde" ref="/geodata-wboe.xml#p5.3g02">Bad Hall</placeName>
          </usg>
        </form>
        <form type="dialect">
          <pron xml:lang="bar-AT">florėõ̩</pron>
          <usg type="geo">
            <placeName type="gemeinde" ref="/geodata-wboe.xml#p5.4b13">Ulrichsberg</placeName>
          </usg>
        </form>
        <form type="dialect">
          <pron xml:lang="bar-AT">florėan</pron>
          <usg type="geo">
            <placeName type="gemeinde" ref="/geodata-wboe.xml#p5.4b13">Ulrichsberg</placeName>
          </usg>
        </form>
        <form type="dialect">
          <pron xml:lang="bar-AT">flol̥</pron>
          <usg>[dim. Kurzf.]</usg>
          <usg type="geo">
            <placeName type="gemeinde" ref="/geodata-wboe.xml#p5.4b13">Ulrichsberg</placeName>
          </usg>
        </form>
        <form type="dialect">
          <pron xml:lang="bar-AT">floriani</pron>
          <usg type="geo">
            <placeName type="gemeinde" ref="/geodata-wboe.xml#p5.4f18">St. Oswald bei Freistadt</placeName>
          </usg>
        </form>
        <form type="dialect">
          <pron xml:lang="bar-AT">floriå̄un</pron>
          <usg type="geo">
            <placeName type="gemeinde" ref="/geodata-wboe.xml#p5.4g05">St. Leonhard bei Freistadt</placeName>
          </usg>
        </form>
        <form type="dialect">
          <pron xml:lang="bar-AT">floriå̄u</pron>
          <usg type="geo">
            <placeName type="gemeinde" ref="/geodata-wboe.xml#p5.4g05">St. Leonhard bei Freistadt</placeName>
          </usg>
        </form>
        <form type="dialect">
          <pron xml:lang="bar-AT">flȯriãni</pron>
          <usg type="geo">
            <placeName type="gemeinde" ref="/geodata-wboe.xml#p6.1d10">Neuhofen an der Ybbs</placeName>
          </usg>
        </form>
        <form type="dialect">
          <pron xml:lang="bar-AT">fluriå</pron>
          <usg type="geo">
            <placeName type="gemeinde" ref="/geodata-wboe.xml#p6.1g08">St. Anton an der Jeßnitz</placeName>
          </usg>
        </form>
        <form type="dialect">
          <pron xml:lang="bar-AT">fluariani</pron>
          <usg type="geo">
            <placeName type="gemeinde" ref="/geodata-wboe.xml#p6.1s08">Zeiselmauer-Wolfpassing</placeName>
          </usg>
        </form>
        <form type="dialect">
          <pron xml:lang="bar-AT">floaʳl</pron>
          <usg>[dim. Kurzf.]</usg>
          <usg type="geo">
            <placeName type="gemeinde" ref="/geodata-wboe.xml#p6.2b04">Baden</placeName>
          </usg>
        </form>
        <form type="dialect">
          <pron xml:lang="bar-AT">fluᵃḷ</pron>
          <usg>[dim. Kurzf.]</usg>
          <usg type="geo">
            <placeName type="gemeinde" ref="/geodata-wboe.xml#p6.2j10">Leobersdorf</placeName>
          </usg>
        </form>
        <form type="dialect">
          <pron xml:lang="bar-AT">fluãl</pron>
          <usg>[dim. Kurzf.]</usg>
          <usg type="geo">
            <placeName type="gemeinde" ref="/geodata-wboe.xml#p6.3a15">Kautzen</placeName>
          </usg>
        </form>
        <form type="dialect">
          <pron xml:lang="bar-AT">flöl</pron>
          <usg>[dim. Kurzf.]</usg>
          <usg type="geo">
            <placeName type="gemeinde" ref="/geodata-wboe.xml#p6.3a15">Kautzen</placeName>
          </usg>
        </form>
        <form type="dialect">
          <pron xml:lang="bar-AT">fluarían</pron>
          <usg type="geo">
            <placeName type="gemeinde" ref="/geodata-wboe.xml#p6.3a22">Waidhofen an der Thaya</placeName>
          </usg>
        </form>
        <form type="dialect">
          <pron xml:lang="bar-AT">flúriåⁿ</pron>
          <usg type="geo">
            <placeName type="gemeinde" ref="/geodata-wboe.xml#p6.3i01">Altenburg</placeName>
          </usg>
        </form>
        <form type="dialect">
          <pron xml:lang="bar-AT">φlūɒl̥</pron>
          <usg>[dim. Kurzf.]</usg>
          <usg type="geo">
            <placeName type="gemeinde" ref="/geodata-wboe.xml#p6.4d03">Drasenhofen</placeName>
          </usg>
        </form>
        <form type="dialect">
          <pron xml:lang="bar-AT">floa'l</pron>
          <usg>[dim. Kurzf.]</usg>
          <usg type="geo">
            <placeName type="gemeinde" ref="/geodata-wboe.xml#p6.4d18">Poysdorf</placeName>
          </usg>
        </form>
        <form type="dialect">
          <pron xml:lang="bar-AT">fluåriåⁿ</pron>
          <usg type="geo">
            <placeName type="gemeinde" ref="/geodata-wboe.xml#p6.4f12">Kreuttal</placeName>
          </usg>
        </form>
        <form type="dialect">
          <pron xml:lang="bar-AT">flúriān</pron>
          <usg type="geo">
            <placeName type="grossregion" ref="/geodata-wboe.xml#p6.5">Wien</placeName>
          </usg>
        </form>
        <form type="dialect">
          <pron xml:lang="bar-AT">fluʳl</pron>
          <usg>[dim. Kurzf.]</usg>
          <usg type="geo">
            <placeName type="gemeinde" ref="/geodata-wboe.xml#p6.5i02">Lichtental</placeName>
          </usg>
        </form>
        <form type="dialect">
          <pron xml:lang="bar-AT">floʳl</pron>
          <usg>[dim. Kurzf.]</usg>
          <usg type="geo">
            <placeName type="gemeinde" ref="/geodata-wboe.xml#p6.5i02">Lichtental</placeName>
          </usg>
        </form>
        <form type="dialect">
          <pron xml:lang="bar-AT">fluᵃriăn</pron>
          <usg type="geo">
            <placeName type="gemeinde" ref="/geodata-wboe.xml#p6.5w06">Mauer</placeName>
          </usg>
        </form>
        <form type="dialect">
          <pron xml:lang="bar-AT">fluɒl</pron>
          <usg>[dim. Kurzf.]</usg>
          <usg type="geo">
            <placeName type="gemeinde" ref="/geodata-wboe.xml#p7.2a08">Neckenmarkt</placeName>
          </usg>
        </form>
        <form type="dialect">
          <pron xml:lang="bar-AT">floriani</pron>
          <usg type="geo">
            <placeName type="gemeinde" ref="/geodata-wboe.xml#p7.2b08">Pilgersdorf</placeName>
          </usg>
        </form>
        <form type="dialect">
          <pron xml:lang="bar-AT">fluriani</pron>
          <usg type="geo">
            <placeName type="gemeinde" ref="/geodata-wboe.xml#p7.3g06">St. Michael im Burgenland</placeName>
          </usg>
          <ptr type="collection" subtype="lautung" target="/collections-wboe.xml#c10659"/>
        </form>
        <etym>
          <seg type="desc">entlehnt aus
            <lang>lat.</lang>
          </seg>
          <cit type="etymon">
            <form>
              <orth>Florianus</orth>
            </form>
          </cit>
          <seg type="desc">, das eine Erweiterung des lateinischen Personennamens</seg>
          <cit type="etymon">
            <form>
              <orth>Florus</orth>
            </form>
            <def>blühend; prächtig; glänzend</def>
          </cit>
          <seg type="desc">darstellt</seg>
          <ref type="bibl" target="#Seibicke1998II">
            <lbl>vgl.</lbl>Seibicke 1998 II
            <citedRange>43f.</citedRange>
          </ref>
          <seg type="desc">; die Nebenform des Personennamens</seg>
          <cit type="etymon">
            <form>
              <orth>Floriani</orth>
            </form>
          </cit>
          <seg type="desc">ist wohl durch Einfluss der
            <lang>lateinischen</lang>Genitivform entstanden, etwa übernommen bzw. umgedeutet aus Komposita wie „Florianitag“ als Gedenktag des heiligen Florian
          </seg>
        </etym>
        <sense>
          <sense>
            <sense>
              <def type="umschreibung">Ruf- bzw. Vorname (oft auch gebraucht zur Bezeichnung des Gedenk- bzw. Kalendertages, der einem Heiligen mit diesem Namen gewidmet ist)</def>
              <usg type="geo">
                <placeName type="bundesland" ref="/geodata-wboe.xml#p1A">STir.</placeName>
              </usg>
              <usg type="geo">
                <placeName type="bundesland" ref="/geodata-wboe.xml#p1B">OTir.</placeName>
              </usg>
              <usg type="geo">
                <placeName type="bundesland" ref="/geodata-wboe.xml#p1C">NTir.</placeName>
              </usg>
              <usg type="geo">
                <placeName type="bundesland" ref="/geodata-wboe.xml#p2">Ktn.</placeName>
              </usg>
              <usg type="geo">
                <placeName type="bundesland" ref="/geodata-wboe.xml#p3">Stmk.</placeName>
              </usg>
              <usg type="geo">
                <placeName type="bundesland" ref="/geodata-wboe.xml#p4">Sbg.</placeName>
              </usg>
              <usg type="geo">
                <placeName type="bundesland" ref="/geodata-wboe.xml#p5">OÖ</placeName>
              </usg>
              <usg type="geo">
                <placeName type="bundesland" ref="/geodata-wboe.xml#p6">NÖ</placeName>
              </usg>
              <usg type="geo">
                <placeName type="grossregion" ref="/geodata-wboe.xml#p6.5">Wien</placeName>
              </usg>
              <usg type="geo">
                <placeName type="bundesland" ref="/geodata-wboe.xml#p7">Bgl.</placeName>
              </usg>
              <cit type="example">
                <quote xml:lang="bar-AT">Florioͧn geat vəroͧ</quote>
                <usg type="geo">
                  <placeName type="gemeinde" ref="/geodata-wboe.xml#p1C.1k02">See</placeName>
                </usg>
              </cit>
              <cit type="example">
                <quote xml:lang="bar-AT">da halene Flouriani bewort di Haisa voʳ n Fuja</quote>
                <usg type="geo">
                  <placeName type="gemeinde" ref="/geodata-wboe.xml#p3.1c09">Oberwölz</placeName>
                </usg>
              </cit>
              <cit type="example">
                <quote xml:lang="bar-AT">fluɒ̨l mį̃n sėχtɒl</quote>
                <usg type="geo">
                  <placeName type="gemeinde" ref="/geodata-wboe.xml#p6.4e02">Grabern</placeName>
                </usg>
              </cit>
              <ptr type="collection" subtype="bedeutung" target="/collections-wboe.xml#c10661"/>
            </sense>
            <sense>
              <def type="umschreibung">Haus- bzw. Hofname (oder namengebender Teil davon)</def>
              <usg type="geo">
                <placeName type="grossregion" ref="/geodata-wboe.xml#p2.2">MKtn.</placeName>
              </usg>
              <usg type="geo">
                <placeName type="grossregion" ref="/geodata-wboe.xml#p6.2">Industriev.</placeName>
              </usg>
              <usg type="geo">
                <placeName type="grossregion" ref="/geodata-wboe.xml#p6.5">Wien</placeName>
              </usg>
              <cit type="example">
                <quote xml:lang="bar-AT">Flouʳl in Schitsnkåstn</quote>
                <usg type="geo">
                  <placeName type="gemeinde" ref="/geodata-wboe.xml#p6.2h05">Bad Schönau</placeName>
                </usg>
              </cit>
              <cit type="example">
                <quote xml:lang="bar-AT">zum Floriani</quote>
                <usg type="geo">
                  <placeName type="grossregion" ref="/geodata-wboe.xml#p6.5">Wien</placeName>
                </usg>
              </cit>
              <ptr type="collection" subtype="bedeutung" target="/collections-wboe.xml#c10662"/>
            </sense>
            <sense>
              <def type="umschreibung">Ortsname</def>
              <usg type="geo">
                <placeName type="grossregion" ref="/geodata-wboe.xml#p2.2">MKtn.</placeName>
              </usg>
              <usg type="geo">
                <placeName type="grossregion" ref="/geodata-wboe.xml#p5.1">Innv.</placeName>
              </usg>
              <usg type="geo">
                <placeName type="grossregion" ref="/geodata-wboe.xml#p5.2">Hausrv.</placeName>
              </usg>
              <usg type="geo">
                <placeName type="grossregion" ref="/geodata-wboe.xml#p5.4">Mühlv.</placeName>
              </usg>
              <usg type="geo">
                <placeName type="grossregion" ref="/geodata-wboe.xml#p6.1">Mostv.</placeName>
              </usg>
              <usg type="geo">
                <placeName type="grossregion" ref="/geodata-wboe.xml#p6.2">Industriev.</placeName>
              </usg>
              <usg type="geo">
                <placeName type="grossregion" ref="/geodata-wboe.xml#p6.3">Waldv.</placeName>
              </usg>
              <cit type="example">
                <quote xml:lang="bar-AT">sė gen wolfo̩aʳtn af Flo̩riåuⁿ</quote>
                <usg type="geo">
                  <placeName type="gemeinde" ref="/geodata-wboe.xml#p5.4c10">Niederwaldkirchen</placeName>
                </usg>
              </cit>
              <ptr type="collection" subtype="bedeutung" target="/collections-wboe.xml#c10663"/>
            </sense>
          </sense>
        </sense>
        <re type="redenwendung">
          <form subtype="MWE" type="lemma">
            <orth>Da ist auch der Florel/Flori (ein wenig zu viel) dabei gewesen</orth>
          </form>
          <sense>
            <def type="umschreibung">wird, oft spöttisch, über ein Getränk (besonders Most oder Wein) gesagt, das (der) mit (zu viel) Wasser verdünnt worden ist</def>
          </sense>
          <usg type="geo">
            <placeName type="grossregion" ref="/geodata-wboe.xml#p5.2">Hausrv.</placeName>
          </usg>
          <usg type="geo">
            <placeName type="grossregion" ref="/geodata-wboe.xml#p6.1">Mostv.</placeName>
          </usg>
          <cit type="example">
            <quote xml:lang="bar-AT">da is a da Flori a weng z'vü dabei gwösn!</quote>
            <usg type="geo">
              <placeName type="gemeinde" ref="/geodata-wboe.xml#p5.2a18">Leonding</placeName>
            </usg>
          </cit>
          <cit type="example">
            <quote xml:lang="bar-AT">Dǫ is ā daʳ Flo̍aʳl dabai gwėsd</quote>
            <usg type="geo">
              <placeName type="gemeinde" ref="/geodata-wboe.xml#p6.1d12">Seitenstetten</placeName>
            </usg>
          </cit>
          <ptr type="collection" subtype="MWE" target="/collections-wboe.xml#c10664"/>
        </re>
        <re type="redenwendung">
          <form subtype="MWE" type="lemma">
            <orth>Dem Florian rinnt der Sechter / Sein Sechter ist luckert geworden</orth>
          </form>
          <sense>
            <def type="umschreibung">wird gesagt, wenn es viel bzw. lange regnet</def>
          </sense>
          <usg type="geo">
            <placeName type="grossregion" ref="/geodata-wboe.xml#p5.2">Hausrv.</placeName>
          </usg>
          <cit type="example">
            <quote xml:lang="bar-AT">In Florian rinnt der Seⁱchter
              <cit type="translation">
                <quote xml:lang="de">Eimer mit Griff</quote>
              </cit>/ Sei Seichter is luckat worn
            </quote>
            <usg type="geo">
              <placeName type="gemeinde" ref="/geodata-wboe.xml#p5.2a39">Traun</placeName>
            </usg>
          </cit>
          <ptr type="collection" subtype="MWE" target="/collections-wboe.xml#c10665"/>
        </re>
        <re type="redenwendung">
          <form subtype="MWE" type="lemma">
            <orth>den Florian gutding erwischen</orth>
          </form>
          <sense>
            <def>ein Getränk, insbesondere Wein, stark mit Wasser verdünnen</def>
          </sense>
          <usg type="geo">
            <placeName type="grossregion" ref="/geodata-wboe.xml#p1C.3">öNTir.</placeName>
          </usg>
          <cit type="example">
            <quote xml:lang="bar-AT">ąba heit hǫst n Florian guatöng dawuschn!</quote>
            <usg type="geo">
              <placeName type="gemeinde" ref="/geodata-wboe.xml#p1C.3e06">Kufstein</placeName>
            </usg>
          </cit>
          <ptr type="collection" subtype="MWE" target="/collections-wboe.xml#c10666"/>
        </re>
        <re type="redenwendung">
          <form subtype="MWE" type="lemma">
            <orth>den Florian/Floriani einhinlassen</orth>
          </form>
          <sense>
            <def>ein Getränk, insbesondere Wein oder Milch, mit Wasser verdünnen (unter Bezugnahme auf Wirte bzw. Bauern)</def>
          </sense>
          <usg type="geo">
            <placeName type="grossregion" ref="/geodata-wboe.xml#p1C.3">öNTir.</placeName>
          </usg>
          <usg type="geo">
            <placeName type="grossregion" ref="/geodata-wboe.xml#p4.2">Pinzg.</placeName>
          </usg>
          <cit type="example">
            <quote xml:lang="bar-AT">n Florian einölåssn</quote>
            <usg type="geo">
              <placeName type="gemeinde" ref="/geodata-wboe.xml#p1C.3e06">Kufstein</placeName>
            </usg>
          </cit>
          <ptr type="collection" subtype="MWE" target="/collections-wboe.xml#c10667"/>
        </re>
        <re type="redenwendung">
          <form subtype="MWE" type="lemma">
            <orth>den Florian hübsch zu Hilfe nehmen</orth>
          </form>
          <sense>
            <def>bei der Herstellung von Most ziemlich viel Wasser verwenden</def>
          </sense>
          <usg type="geo">
            <placeName type="grossregion" ref="/geodata-wboe.xml#p5.3">Traunv.</placeName>
          </usg>
          <cit type="example">
            <quote xml:lang="bar-AT">ön Floriąn habn ma halt á hübsch z Hüf gnum̄á</quote>
            <usg type="geo">
              <placeName type="gemeinde" ref="/geodata-wboe.xml#p5.3n02">Hinterstoder</placeName>
            </usg>
          </cit>
          <ptr type="collection" subtype="MWE" target="/collections-wboe.xml#c10668"/>
        </re>
        <re type="redenwendung">
          <form subtype="MWE" type="lemma">
            <orth>den Florian im Keller haben</orth>
          </form>
          <sense>
            <def>im Keller Bier mit Wasser verdünnen</def>
          </sense>
          <usg type="geo">
            <placeName type="grossregion" ref="/geodata-wboe.xml#p4.5">Flachg.</placeName>
          </usg>
          <cit type="example">
            <quote xml:lang="bar-AT">Ös håbts an Floriån ön Keua</quote>
            <usg type="geo">
              <placeName type="gemeinde" ref="/geodata-wboe.xml#p4.5b07">Mattsee</placeName>
            </usg>
          </cit>
          <ptr type="collection" subtype="MWE" target="/collections-wboe.xml#c10669"/>
        </re>
        <re type="redenwendung">
          <form subtype="MWE" type="lemma">
            <orth>den Florian ins Bier/Fässel tun</orth>
          </form>
          <sense>
            <def>das Bier mit Wasser verdünnen</def>
          </sense>
          <usg type="geo">
            <placeName type="grossregion" ref="/geodata-wboe.xml#p4.5">Flachg.</placeName>
          </usg>
          <cit type="example">
            <quote xml:lang="bar-AT">Ös toats an Floriån ös Bia</quote>
            <usg type="geo">
              <placeName type="gemeinde" ref="/geodata-wboe.xml#p4.5b07">Mattsee</placeName>
            </usg>
          </cit>
          <cit type="example">
            <quote xml:lang="bar-AT">Da Wirt håt scho wieda an Florian ins Faßl tån</quote>
            <usg type="geo">
              <placeName type="gemeinde" ref="/geodata-wboe.xml#p4.5d05">St. Gilgen</placeName>
            </usg>
          </cit>
          <ptr type="collection" subtype="MWE" target="/collections-wboe.xml#c10670"/>
        </re>
        <re type="redenwendung">
          <form subtype="MWE" type="lemma">
            <orth>den Florian zu weit einschauen lassen</orth>
          </form>
          <sense>
            <def>den Most oder den Wein stark mit Wasser verdünnen (unter Bezugnahme auf Bauern bzw. Wirte)</def>
            <usg>(spöttisch)</usg>
          </sense>
          <usg type="geo">
            <placeName type="grossregion" ref="/geodata-wboe.xml#p5.3">Traunv.</placeName>
          </usg>
          <cit type="example">
            <quote xml:lang="bar-AT">der hot á ön Florian zweit einschaun lossa</quote>
            <usg type="geo">
              <placeName type="gemeinde" ref="/geodata-wboe.xml#p5.3n02">Hinterstoder</placeName>
            </usg>
          </cit>
          <ptr type="collection" subtype="MWE" target="/collections-wboe.xml#c10672"/>
        </re>
        <re type="redenwendung">
          <form subtype="MWE" type="lemma">
            <orth>Der Florel brunzt gern, dafür hat er allweil den Sechter bei sich</orth>
          </form>
          <sense>
            <def type="umschreibung">wird gesagt, wenn es viel bzw. lange regnet</def>
          </sense>
          <usg type="geo">
            <placeName type="grossregion" ref="/geodata-wboe.xml#p5.2">Hausrv.</placeName>
          </usg>
          <cit type="example">
            <quote xml:lang="bar-AT">der Flurl brunzt gern, dafur hat er allweil in Seichter bei eam</quote>
            <usg type="geo">
              <placeName type="gemeinde" ref="/geodata-wboe.xml#p5.2a39">Traun</placeName>
            </usg>
          </cit>
          <ptr type="collection" subtype="MWE" target="/collections-wboe.xml#c10673"/>
        </re>
        <re type="redenwendung">
          <form subtype="MWE" type="lemma">
            <orth>Der Florian ist dareingekommen / Es ist der heilige Florian darübergekommen</orth>
          </form>
          <sense>
            <def type="umschreibung">wird über ein Getränk (besonders Wein) gesagt, das (der) mit Wasser verdünnt worden ist</def>
          </sense>
          <usg type="geo">
            <placeName type="grossregion" ref="/geodata-wboe.xml#p1C.3">öNTir.</placeName>
          </usg>
          <usg type="geo">
            <placeName type="grossregion" ref="/geodata-wboe.xml#p4.5">Flachg.</placeName>
          </usg>
          <cit type="example">
            <quote xml:lang="bar-AT">da Florian dreiⁿkema</quote>
            <usg type="geo">
              <placeName type="gemeinde" ref="/geodata-wboe.xml#p1C.3b03">Thiersee</placeName>
            </usg>
          </cit>
          <ptr type="collection" subtype="MWE" target="/collections-wboe.xml#c10674"/>
        </re>
        <re type="redenwendung">
          <form subtype="MWE" type="lemma">
            <orth>Der Florian ist Kellermeister</orth>
          </form>
          <sense>
            <def type="umschreibung">wird gesagt, wenn der Wein mit Wasser gestreckt ist</def>
          </sense>
          <usg type="geo">
            <placeName type="grossregion" ref="/geodata-wboe.xml#p1C.3">öNTir.</placeName>
          </usg>
          <cit type="example">
            <quote xml:lang="bar-AT">heiⁿt is da Florian Kellamoasta</quote>
            <usg type="geo">
              <placeName type="gemeinde" ref="/geodata-wboe.xml#p1C.3e06">Kufstein</placeName>
            </usg>
          </cit>
          <ptr type="collection" subtype="MWE" target="/collections-wboe.xml#c10675"/>
        </re>
        <re type="redenwendung">
          <form subtype="MWE" type="lemma">
            <orth>Der Florian/Florel muss mithelfen beim Mostmachen</orth>
          </form>
          <sense>
            <def type="umschreibung">wird gesagt, wenn der Most mit Wasser verdünnt wird</def>
          </sense>
          <usg type="geo">
            <placeName type="grossregion" ref="/geodata-wboe.xml#p5.3">Traunv.</placeName>
          </usg>
          <cit type="example">
            <quote xml:lang="bar-AT">oft muəs da Floərl midhäˡffn ban Mostmåcha</quote>
            <usg type="geo">
              <placeName type="gemeinde" ref="/geodata-wboe.xml#p5.3b02">Gmunden</placeName>
            </usg>
          </cit>
          <ptr type="collection" subtype="MWE" target="/collections-wboe.xml#c10676"/>
        </re>
        <re type="redenwendung">
          <form subtype="MWE" type="lemma">
            <orth>Der Wirt sollte Florian heißen</orth>
          </form>
          <sense>
            <def type="umschreibung">wird über Wirte gesagt, die Getränke mit zu viel Wasser verdünnen</def>
          </sense>
          <usg type="geo">
            <placeName type="grossregion" ref="/geodata-wboe.xml#p1C.3">öNTir.</placeName>
          </usg>
          <cit type="example">
            <quote xml:lang="bar-AT">dea Wiascht soit Florian hoaßn</quote>
            <usg type="geo">
              <placeName type="gemeinde" ref="/geodata-wboe.xml#p1C.3e06">Kufstein</placeName>
            </usg>
          </cit>
          <ptr type="collection" subtype="MWE" target="/collections-wboe.xml#c10677"/>
        </re>
        <re type="redenwendung">
          <form subtype="MWE" type="lemma">
            <orth>Im Wein ist der Florian­</orth>
          </form>
          <sense>
            <def type="umschreibung">wird gesagt, wenn der Wein mit Wasser gestreckt ist</def>
          </sense>
          <usg type="geo">
            <placeName type="bundesland" ref="/geodata-wboe.xml#p4">Sbg.</placeName>
          </usg>
          <cit type="example">
            <quote xml:lang="bar-AT">In Weiⁿ is da Florian</quote>
            <usg type="geo">
              <placeName type="bundesland" ref="/geodata-wboe.xml#p4">Sbg.</placeName>
            </usg>
          </cit>
          <ptr type="collection" subtype="MWE" target="/collections-wboe.xml#c10678"/>
        </re>
        <re type="redenwendung">
          <form subtype="MWE" type="lemma">
            <orth>wie der heilige Florian dastehen</orth>
          </form>
          <sense>
            <def>bei der Arbeit dastehen, anstatt sich zu bewegen und etwas zu tun; faul sein</def>
          </sense>
          <usg type="geo">
            <placeName type="grossregion" ref="/geodata-wboe.xml#p5.2">Hausrv.</placeName>
          </usg>
          <cit type="example">
            <quote xml:lang="bar-AT">du stehst då wiâ dâ haöle̊ Flore̊åⁿ</quote>
            <usg type="geo">
              <placeName type="gemeinde" ref="/geodata-wboe.xml#p5.2a17">Kirchberg-Thening</placeName>
            </usg>
          </cit>
          <ptr type="collection" subtype="MWE" target="/collections-wboe.xml#c10679"/>
        </re>
        <re type="redenwendung">
          <form subtype="MWE" type="lemma">
            <orth>zu Florian gewesen sein</orth>
          </form>
          <sense>
            <def>angeheitert sein</def>
            <usg>(scherzhaft)</usg>
          </sense>
          <usg type="geo">
            <placeName type="grossregion" ref="/geodata-wboe.xml#p5.1">Innv.</placeName>
          </usg>
          <cit type="example">
            <quote xml:lang="bar-AT">bist laėcht z flórją
              <cit type="translation">
                <quote xml:lang="de">in St. Florian</quote>
              </cit>gwėn?
            </quote>
            <usg type="geo">
              <placeName type="gemeinde" ref="/geodata-wboe.xml#p5.1a02">Eggelsberg</placeName>
            </usg>
          </cit>
          <ptr type="collection" subtype="MWE" target="/collections-wboe.xml#c10680"/>
        </re>
      </entry>
    </body>
  </text>
</TEI>
