<?xml version="1.0" encoding="UTF-8"?>
    <?xml-model href="http://www.tei-c.org/release/xml/tei/custom/schema/relaxng/tei_all.rng" type="application/xml" schematypens="http://purl.oclc.org/dsdl/schematron"?>
    <?xml-model href="../../803_RNG-schematron/WBOE-ODD.rnc" type="application/relax-ng-compact-syntax"?>
<?redaktionstool version="0.6.6"?>
<TEI xmlns="http://www.tei-c.org/ns/1.0">
  <teiHeader>
    <fileDesc>
      <titleStmt>
        <title>Flor_Floren</title>
        <respStmt>
          <resp>Editor</resp>
          <name ref="#AB">Angela Bergermayer</name>
        </respStmt>
        <respStmt>
          <resp>Encoding Scheme</resp>
          <name>Jack Bowers</name>
          <name>Daniel Schopper</name>
          <name>Omar Siam</name>
        </respStmt>
        <respStmt>
          <resp>DBOE Team</resp>
          <name xml:id="AL">Alexandra N. Lenz</name>
          <name xml:id="PhS">Philipp Stöckle</name>
          <name xml:id="AG">Andreas Gellan</name>
          <name xml:id="PZ">Patrick Zeitlhuber</name>
          <name xml:id="SW">Sabine Wahl</name>
          <name xml:id="SS">Sonja Schwaiger</name>
          <name xml:id="AB">Angela Bergermayer</name>
          <name xml:id="EW">Eva Wahlmüller</name>
          <name xml:id="DG">David Gschösser</name>
          <name xml:id="StS">Stefanie Schöberl</name>
          <name xml:id="FF">Fabian Fleißner</name>
        </respStmt>
        <respStmt>
          <resp>Student assistants</resp>
          <name>Susanna Muhr</name>
          <name>Manuela Stütz</name>
          <name>Christina Hemetsberger</name>
        </respStmt>
      </titleStmt>
      <publicationStmt>
        <p></p>
      </publicationStmt>
      <sourceDesc>
        <list>
          <item>
            <label>Geo-data</label>
            <ptr xml:id="geo-inventory-WBOE" target="../geodata-wboe.xml"/>
          </item>
          <item>
            <label>Bibliography</label>
            <ptr xml:id="bibliography-WBOE" target="../bibl-wboe.xml"/>
          </item>
          <item>
            <label>WBOE-Slips</label>
            <ptr xml:id="slips-WBOE" target="../slips-wboe.xml"/>
          </item>
          <item>
            <label>WBOE-Collections</label>
            <ptr xml:id="collections-WBOE" target="../collections-wboe.xml"/>
          </item>
        </list>
      </sourceDesc>
    </fileDesc>
    <revisionDesc>
      <listChange>
        <change status="in progress" when="2020-09-04" who="#AB">Datensatz erstellt</change>
        <change status="in progress" when="2020-09-04" who="#AB">LK eingegeben</change>
        <change status="in progress" when="2020-09-08" who="#StS">Datensatzerstellung fertiggestellt</change>
        <change status="finished" when="2020-10-16" who="#AB">Aktualisierung Tagging; Vervollständigung; Coll. verknüpft; Abschlussredaktion</change>
      </listChange>
    </revisionDesc>
  </teiHeader>
  <text>
    <body>
      <entry>
        <form type="lemma" xml:id="Flor">
          <orth>Flor</orth>
        </form>
        <form type="lemma" xml:id="Floren">
          <orth>Floren</orth>
          <ptr type="collection" subtype="lemma" target="/collections-wboe.xml#c4886"/>
        </form>
        <gramGrp>
          <gram type="pos">Substantiv</gram>
          <gram type="gender">Maskulinum</gram>
        </gramGrp>
        <form type="variant" subtype="diminutive" xml:id="Floererl">
          <orth>Flörerl</orth>
          <gramGrp>
            <gram type="gender">Neutrum</gram>
          </gramGrp>
        </form>
        <form type="variant" subtype="diminutive" xml:id="Floerelein">
          <orth>Flörelein</orth>
          <gramGrp>
            <gram type="gender">Neutrum</gram>
          </gramGrp>
        </form>
        <usg type="geo">
          <placeName type="bundesland" ref="/geodata-wboe.xml#p1A">STir.</placeName>
        </usg>
        <usg type="geo">
          <placeName type="bundesland" ref="/geodata-wboe.xml#p1B">OTir.</placeName>
        </usg>
        <usg type="geo">
          <placeName type="bundesland" ref="/geodata-wboe.xml#p1C">NTir.</placeName>
        </usg>
        <usg type="geo">
          <placeName type="bundesland" ref="/geodata-wboe.xml#p3">Stmk.</placeName>
        </usg>
        <usg type="geo">
          <placeName type="bundesland" ref="/geodata-wboe.xml#p4">Sbg.</placeName>
        </usg>
        <usg type="geo">
          <placeName type="bundesland" ref="/geodata-wboe.xml#p5">OÖ</placeName>
        </usg>
        <usg type="geo">
          <placeName type="grossregion" ref="/geodata-wboe.xml#p6.2">Industriev.</placeName>
        </usg>
        <usg type="geo">
          <placeName type="grossregion" ref="/geodata-wboe.xml#p6.3">Waldv.</placeName>
        </usg>
        <usg type="geo">
          <placeName type="grossregion" ref="/geodata-wboe.xml#p6.4">Weinv.</placeName>
        </usg>
        <usg type="geo">
          <placeName type="grossregion" ref="/geodata-wboe.xml#p6.5">Wien</placeName>
        </usg>
        <usg type="geo">
          <placeName type="grossregion" ref="/geodata-wboe.xml#p7.2">MBgl.</placeName>
        </usg>
        <note type="kommentar" resp="#FF">Durch den frühen Zeitpunkt der Entlehnung liegen im gesamten Untersuchungsgebiet auf mhd.
          <c>ō</c>zurückgehende Lautungen vor, die in großen Teilen des Untersuchungsgebietes ihre ursprüngliche Qualität und Quantität annähernd bewahrt haben
          <xr>
            <ref>ƒlǭr</ref>
            <ref>flōn</ref>
          </xr>. Im Südbairischen sind meist fallende
          <c>oɒ</c>-Diphthonge belegt
          <xr>
            <ref>ƒlǫɒr</ref>
          </xr>. Das auslautende
          <c>r</c>hat mitunter maßgeblichen Einfluss auf den vorangehenden Vokal, obwohl nicht immer mit Sicherheit gesagt werden kann, ob eine Vokalisierung oder ein Schwund vorliegt: Eindeutige Vokalisierung ist bei mittelbairischen
          <c>oɒ</c>-Diphthongen eingetreten
          <xr>
            <ref>flǫɒ</ref>
          </xr>, wobei im Ostmittelbairischen vereinzelt eine Hebung zu
          <c>u</c>vor
          <c>r</c>belegt ist
          <xr>
            <ref>flųɒ</ref>
          </xr>. Davon zu unterscheiden sind gelegentliche
          <c>ue</c>-Diphthonge im westlichen Südmittelbairischen, die auf einen Schwund von
          <c>r</c>hindeuten
          <xr>
            <ref>ƒlųe</ref>
          </xr>. Hier begegnen auch andere Schwundformen mit
          <c>o</c>-Monophthongen
          <xr>
            <ref>ƒlǭ</ref>
          </xr>. Im Südbairischen des Zillertals liegen regional typische
          <c>ö</c>-Monophthonge vor, die einer ehemals weit verbreiteten mittelgaumigen
          <c>o</c>-Aussprache nahestehen
          <xr>
            <ref>ƒlǫ̈̄</ref>
          </xr>. Das Westmittelbairische des Innviertels neigt zu
          <c>n</c>-haltigen Endungsformen
          <xr>
            <ref>flōn</ref>
          </xr>.
        </note>
        <form type="dialect">
          <pron xml:lang="bar-AT">flôr</pron>
          <pron xml:lang="bar-AT">flour</pron>
          <usg type="geo">
            <placeName type="kleinregion" ref="/geodata-wboe.xml#p1B.0d">Def.</placeName>
          </usg>
        </form>
        <form type="dialect">
          <pron xml:lang="bar-AT">flȯr</pron>
          <usg type="geo">
            <placeName type="gemeinde" ref="/geodata-wboe.xml#p1B.0j01">Obertilliach</placeName>
          </usg>
        </form>
        <form type="dialect">
          <pron xml:lang="bar-AT">flōr</pron>
          <pron xml:lang="bar-AT">flȫr</pron>
          <usg type="geo">
            <placeName type="gemeinde" ref="/geodata-wboe.xml#p1C.1m10">Serfaus</placeName>
          </usg>
        </form>
        <form type="dialect">
          <pron xml:lang="bar-AT">flör</pron>
          <usg type="geo">
            <placeName type="kleinregion" ref="/geodata-wboe.xml#p1C.2j">obstZillert.</placeName>
          </usg>
        </form>
        <form type="dialect">
          <pron xml:lang="bar-AT">-flō</pron>
          <usg type="geo">
            <placeName type="gemeinde" ref="/geodata-wboe.xml#p1C.3b01">Brandenberg</placeName>
          </usg>
        </form>
        <form type="dialect">
          <pron xml:lang="bar-AT">flōaʳ</pron>
          <usg type="geo">
            <placeName type="gemeinde" ref="/geodata-wboe.xml#p3.1d03">Lobmingtal</placeName>
          </usg>
        </form>
        <form type="dialect">
          <pron xml:lang="bar-AT">flō</pron>
          <usg type="geo">
            <placeName type="gemeinde" ref="/geodata-wboe.xml#p4.2a10">Wald im Pinzgau</placeName>
          </usg>
        </form>
        <form type="dialect">
          <pron xml:lang="bar-AT">flǫ̂</pron>
          <pron xml:lang="bar-AT">flö</pron>
          <usg>[Pl.]</usg>
          <usg type="geo">
            <placeName type="kleinregion" ref="/geodata-wboe.xml#p4.3d">Gr.Arlt.</placeName>
          </usg>
        </form>
        <form type="dialect">
          <pron xml:lang="bar-AT">φlui</pron>
          <usg type="geo">
            <placeName type="gemeinde" ref="/geodata-wboe.xml#p4.5a12">Wals-Siezenheim</placeName>
          </usg>
        </form>
        <form type="dialect">
          <pron xml:lang="bar-AT">φlȱn</pron>
          <usg type="geo">
            <placeName type="gemeinde" ref="/geodata-wboe.xml#p4.5b10">Obertrum am See</placeName>
          </usg>
        </form>
        <form type="dialect">
          <pron xml:lang="bar-AT">flō'n</pron>
          <pron xml:lang="bar-AT">flōr</pron>
          <usg type="geo">
            <placeName type="gemeinde" ref="/geodata-wboe.xml#p5.1c07">Mühlheim am Inn</placeName>
          </usg>
        </form>
        <form type="dialect">
          <pron xml:lang="bar-AT">φlōn</pron>
          <usg type="geo">
            <placeName type="gemeinde" ref="/geodata-wboe.xml#p5.1d14">Pramet</placeName>
          </usg>
        </form>
        <form type="dialect">
          <pron xml:lang="bar-AT">-floa</pron>
          <usg type="geo">
            <placeName type="gemeinde" ref="/geodata-wboe.xml#p5.2e01">Linz</placeName>
          </usg>
        </form>
        <form type="dialect">
          <pron xml:lang="bar-AT">-flu͡aʳ</pron>
          <usg type="geo">
            <placeName type="gemeinde" ref="/geodata-wboe.xml#p6.2j15">Pottendorf</placeName>
          </usg>
        </form>
        <form type="dialect">
          <pron xml:lang="bar-AT">fɫǫɒ</pron>
          <usg type="geo">
            <placeName type="kleinregion" ref="/geodata-wboe.xml#p6.4b">Pulkaut.</placeName>
          </usg>
        </form>
        <form type="dialect">
          <pron xml:lang="bar-AT">floᵃ</pron>
          <usg type="geo">
            <placeName type="grossregion" ref="/geodata-wboe.xml#p6.5">Wien</placeName>
          </usg>
        </form>
        <form type="dialect">
          <pron xml:lang="bar-AT">‑fluəʳ</pron>
          <usg type="geo">
            <placeName type="gemeinde" ref="/geodata-wboe.xml#p6.5r01">Gersthof</placeName>
          </usg>
        </form>
        <form type="dialect">
          <pron xml:lang="bar-AT">flua</pron>
          <usg type="geo">
            <placeName type="gemeinde" ref="/geodata-wboe.xml#p7.2b08">Pilgersdorf</placeName>
          </usg>
          <ptr type="collection" subtype="lautung" target="/collections-wboe.xml#c10111"/>
        </form>
        <etym>
          <seg type="desc">im
            <date>16. Jh.</date>entlehnt aus
            <lang>nndl.</lang>
          </seg>
          <cit type="etymon">
            <form>
              <orth>floers</orth>
            </form>
            <def>dünnes, durchsichtiges Gewebe; Krepp; Schleier</def>
          </cit>
          <seg type="desc">, dessen Herkunft unsicher ist</seg>
          <ref type="bibl" target="#Kluge2011">
            <lbl>vgl.</lbl>Kluge 2011
            <citedRange>305</citedRange>
          </ref>
          <ref type="bibl" target="#Pfeifer2014">Pfeifer 2014
            <citedRange>357</citedRange>
          </ref>
          <seg type="desc">.</seg>
        </etym>
        <sense>
          <sense>
            <sense>
              <def>(feines, dünnes) Tuch; feines Gewebe; Krepp</def>
              <usg type="geo">
                <placeName type="grossregion" ref="/geodata-wboe.xml#p1C.1">wNTir.</placeName>
              </usg>
              <usg type="geo">
                <placeName type="bundesland" ref="/geodata-wboe.xml#p3">Stmk.</placeName>
              </usg>
              <usg type="geo">
                <placeName type="grossregion" ref="/geodata-wboe.xml#p4.5">Flachg.</placeName>
              </usg>
              <usg type="geo">
                <placeName type="grossregion" ref="/geodata-wboe.xml#p6.4">Weinv.</placeName>
              </usg>
              <usg type="geo">
                <placeName type="grossregion" ref="/geodata-wboe.xml#p6.5">Wien</placeName>
              </usg>
              <usg type="geo">
                <placeName type="grossregion" ref="/geodata-wboe.xml#p7.2">MBgl.</placeName>
              </usg>
              <ptr type="collection" subtype="bedeutung" target="/collections-wboe.xml#c10136"/>
            </sense>
            <sense>
              <def>Schleier</def>
              <usg type="geo">
                <placeName type="bundesland" ref="/geodata-wboe.xml#p3">Stmk.</placeName>
              </usg>
              <usg type="geo">
                <placeName type="bundesland" ref="/geodata-wboe.xml#p4">Sbg.</placeName>
              </usg>
              <usg type="geo">
                <placeName type="grossregion" ref="/geodata-wboe.xml#p6.5">Wien</placeName>
              </usg>
              <ptr type="collection" subtype="bedeutung" target="/collections-wboe.xml#c10137"/>
            </sense>
            <sense>
              <def>Kopftuch</def>
              <usg type="geo">
                <placeName type="grossregion" ref="/geodata-wboe.xml#p1C.1">wNTir.</placeName>
              </usg>
              <ptr type="collection" subtype="bedeutung" target="/collections-wboe.xml#c10138"/>
            </sense>
            <sense>
              <xr type="lemma">
                <lbl>nur</lbl>
                <ref>Flörerl</ref>
              </xr>
              <usg>(Diminutiv)</usg>
              <def>Krawatte, die immer wieder neu gebunden werden muss</def>
              <usg type="geo">
                <placeName type="grossregion" ref="/geodata-wboe.xml#p1C.3">öNTir.</placeName>
              </usg>
              <ptr type="collection" subtype="bedeutung" target="/collections-wboe.xml#c10139"/>
            </sense>
            <sense>
              <def>Halstuch; (dicker bzw. breiter) (Woll‑)Schal; (meist bunte) Wollbinde</def>
              <usg type="geo">
                <placeName type="bundesland" ref="/geodata-wboe.xml#p1A">STir.</placeName>
              </usg>
              <usg type="geo">
                <placeName type="bundesland" ref="/geodata-wboe.xml#p1B">OTir.</placeName>
              </usg>
              <usg type="geo">
                <placeName type="bundesland" ref="/geodata-wboe.xml#p1C">NTir.</placeName>
              </usg>
              <usg type="geo">
                <placeName type="bundesland" ref="/geodata-wboe.xml#p3">Stmk.</placeName>
              </usg>
              <usg type="geo">
                <placeName type="bundesland" ref="/geodata-wboe.xml#p4">Sbg.</placeName>
              </usg>
              <usg type="geo">
                <placeName type="grossregion" ref="/geodata-wboe.xml#p5.1">Innv.</placeName>
              </usg>
              <usg type="geo">
                <placeName type="grossregion" ref="/geodata-wboe.xml#p6.3">Waldv.</placeName>
              </usg>
              <cit type="example">
                <quote xml:lang="bar-AT">an wullan Flȯr umarwikln</quote>
                <usg type="geo">
                  <placeName type="gemeinde" ref="/geodata-wboe.xml#p1B.0j01">Obertilliach</placeName>
                </usg>
              </cit>
              <cit type="example">
                <quote xml:lang="bar-AT">Bind an Flur um, weils koalt is</quote>
                <usg type="geo">
                  <placeName type="gemeinde" ref="/geodata-wboe.xml#p6.3a24">Waldkirchen an der Thaya</placeName>
                </usg>
              </cit>
              <ptr type="collection" subtype="bedeutung" target="/collections-wboe.xml#c10140"/>
            </sense>
            <sense>
              <def>wollenes Schultertuch</def>
              <usg type="geo">
                <placeName type="grossregion" ref="/geodata-wboe.xml#p1C.2">mNTir.</placeName>
              </usg>
              <ptr type="collection" subtype="bedeutung" target="/collections-wboe.xml#c10141"/>
            </sense>
          </sense>
          <sense>
            <def>Band aus feinem Gewebe, das als Zeichen der Trauer meist um den Arm oder den Hut gebunden wird (in dieser Funktion von schwarzer Farbe)</def>
            <usg type="geo">
              <placeName type="grossregion" ref="/geodata-wboe.xml#p1C.1">wNTir.</placeName>
            </usg>
            <usg type="geo">
              <placeName type="grossregion" ref="/geodata-wboe.xml#p5.3">Traunv.</placeName>
            </usg>
            <usg type="geo">
              <placeName type="grossregion" ref="/geodata-wboe.xml#p6.5">Wien</placeName>
            </usg>
            <cit type="example">
              <quote xml:lang="bar-AT">ă schwǫrzr Flōr</quote>
              <usg type="geo">
                <placeName type="gemeinde" ref="/geodata-wboe.xml#p1C.1r01">Sölden</placeName>
              </usg>
            </cit>
            <cit type="example">
              <quote xml:lang="bar-AT">Floər uma Huəd</quote>
              <usg type="geo">
                <placeName type="gemeinde" ref="/geodata-wboe.xml#p5.3b02">Gmunden</placeName>
              </usg>
            </cit>
            <ptr type="collection" subtype="bedeutung" target="/collections-wboe.xml#c10143"/>
          </sense>
        </sense>
        <re>
          <form subtype="compound" type="lemma">
            <orth>Armenseelenflor</orth>
          </form>
          <sense>
            <sense>
              <def>Aster; Aster L.</def>
              <usg type="geo">
                <placeName type="grossregion" ref="/geodata-wboe.xml#p5.4">Mühlv.</placeName>
              </usg>
            </sense>
          </sense>
          <ptr type="collection" subtype="wortbildung" target="/collections-wboe.xml#c10145"/>
        </re>
        <re>
          <form subtype="compound" type="lemma">
            <orth>Bauernflor</orth>
          </form>
          <sense>
            <sense>
              <def>Bauernhalstuch; wollene Halsbinde</def>
              <usg type="geo">
                <placeName type="bundesland" ref="/geodata-wboe.xml#p3">Stmk.</placeName>
              </usg>
            </sense>
          </sense>
          <ptr type="collection" subtype="wortbildung" target="/collections-wboe.xml#c10146"/>
        </re>
        <re>
          <form subtype="compound" type="lemma">
            <orth>Eierflor</orth>
          </form>
          <sense>
            <sense>
              <def>Ostergebäck; Fladen aus Eierteig; Mehlspeise für die Osterweihe</def>
              <usg type="geo">
                <placeName type="bundesland" ref="/geodata-wboe.xml#p5">OÖ</placeName>
              </usg>
            </sense>
          </sense>
          <ptr type="collection" subtype="wortbildung" target="/collections-wboe.xml#c10148"/>
        </re>
        <re>
          <form subtype="compound" type="lemma">
            <orth>Halsflor</orth>
          </form>
          <sense>
            <sense>
              <def>(Bauern-)Halstuch</def>
              <usg type="geo">
                <placeName type="bundesland" ref="/geodata-wboe.xml#p3">Stmk.</placeName>
              </usg>
            </sense>
          </sense>
          <ptr type="collection" subtype="wortbildung" target="/collections-wboe.xml#c10149"/>
        </re>
        <re>
          <form subtype="compound" type="lemma">
            <orth>Kopfflor</orth>
          </form>
          <sense>
            <sense>
              <def>Kopfbedeckung für den Winter</def>
              <usg type="geo">
                <placeName type="grossregion" ref="/geodata-wboe.xml#p1C.3">öNTir.</placeName>
              </usg>
            </sense>
          </sense>
          <ptr type="collection" subtype="wortbildung" target="/collections-wboe.xml#c10150"/>
        </re>
        <re>
          <form subtype="compound" type="lemma">
            <orth>Ohrenflor</orth>
          </form>
          <sense>
            <sense>
              <def>wollenes Band, das zum Schutz der Ohren um den Kopf gebunden wird</def>
              <usg type="geo">
                <placeName type="grossregion" ref="/geodata-wboe.xml#p1C.3">öNTir.</placeName>
              </usg>
            </sense>
          </sense>
          <ptr type="collection" subtype="wortbildung" target="/collections-wboe.xml#c10151"/>
        </re>
        <re>
          <form subtype="compound" type="lemma">
            <orth>Osterflor</orth>
          </form>
          <sense>
            <sense>
              <def>Ostergebäck</def>
              <usg type="geo">
                <placeName type="bundesland" ref="/geodata-wboe.xml#p5">OÖ</placeName>
              </usg>
            </sense>
          </sense>
          <ptr type="collection" subtype="wortbildung" target="/collections-wboe.xml#c10152"/>
        </re>
        <re>
          <form subtype="compound" type="lemma">
            <orth>Seidenflor</orth>
          </form>
          <form subtype="compound" type="lemma">
            <orth>Seidenfloren</orth>
          </form>
          <sense>
            <sense>
              <sense>
                <xr type="lemma">
                  <lbl>nur</lbl>
                  <ref>Seidenflor</ref>
                </xr>
                <def>Kopftuch aus Seide</def>
                <usg type="geo">
                  <placeName type="grossregion" ref="/geodata-wboe.xml#p1C.1">wNTir.</placeName>
                </usg>
                <cit type="example">
                  <quote xml:lang="bar-AT">amęarš hǫt ma di sunnti lai saidəflȫr und wollenə flȫr kχeit</quote>
                  <cit type="translation">
                    <quote xml:lang="de">Zuerst (früher) hat man an den Sonntagen nur Seidenflore und wollene Flore gehabt</quote>
                  </cit>
                  <ref type="bibl" target="#Insam1954">
                    <lbl>vgl.</lbl>Insam 1954
                    <citedRange>58</citedRange>
                  </ref>
                  <usg type="geo">
                    <placeName type="gemeinde" ref="/geodata-wboe.xml#p1C.1m10">Serfaus</placeName>
                  </usg>
                </cit>
                <ptr type="collection" subtype="bedeutung" target="/collections-wboe.xml#c10153"/>
              </sense>
              <sense>
                <xr type="lemma">
                  <lbl>nur</lbl>
                  <ref>Seidenfloren</ref>
                </xr>
                <def>Halstuch aus Seide</def>
                <usg type="geo">
                  <placeName type="bundesland" ref="/geodata-wboe.xml#p5">OÖ</placeName>
                </usg>
                <ptr type="collection" subtype="bedeutung" target="/collections-wboe.xml#c10154"/>
              </sense>
            </sense>
          </sense>
        </re>
        <re>
          <form subtype="compound" type="lemma">
            <orth>Trauerflor</orth>
          </form>
          <sense>
            <sense>
              <def>schwarzes Band aus feinem Gewebe als Zeichen der Trauer</def>
              <usg type="geo">
                <placeName type="grossregion" ref="/geodata-wboe.xml#p5.2">Hausrv.</placeName>
              </usg>
              <usg type="geo">
                <placeName type="grossregion" ref="/geodata-wboe.xml#p5.4">Mühlv.</placeName>
              </usg>
              <usg type="geo">
                <placeName type="grossregion" ref="/geodata-wboe.xml#p6.2">Industriev.</placeName>
              </usg>
              <ptr type="collection" subtype="bedeutung" target="/collections-wboe.xml#c10155"/>
            </sense>
            <sense>
              <def>Nagelschmutz</def>
              <usg type="geo">
                <placeName type="grossregion" ref="/geodata-wboe.xml#p6.5">Wien</placeName>
              </usg>
              <ptr type="collection" subtype="bedeutung" target="/collections-wboe.xml#c10157"/>
            </sense>
          </sense>
        </re>
        <re>
          <form subtype="compound" type="lemma">
            <orth>Wollfloren</orth>
          </form>
          <sense>
            <sense>
              <def>Wollbinde; Wollschal</def>
              <usg type="geo">
                <placeName type="grossregion" ref="/geodata-wboe.xml#p5.1">Innv.</placeName>
              </usg>
              <usg type="geo">
                <placeName type="grossregion" ref="/geodata-wboe.xml#p5.2">Hausrv.</placeName>
              </usg>
            </sense>
          </sense>
          <ptr type="collection" subtype="wortbildung" target="/collections-wboe.xml#c10159"/>
        </re>
        <re type="redewendung">
          <form subtype="MWE" type="lemma">
            <orth>Haben wir eine Kälte im Land, drehe ich mir einen Flor um die Hand</orth>
          </form>
          <sense>
            <def type="umschreibung">Spruch</def>
            <usg type="geo">
              <placeName type="grossregion" ref="/geodata-wboe.xml#p4.3">Pong.</placeName>
            </usg>
          </sense>
          <cit type="example">
            <quote xml:lang="bar-AT">Há̊ᵘma ãñ kåėtn ẽñ Lãnt. Drā ï ma ãñ Flǫ̂ um d Hãntt</quote>
            <usg type="geo">
              <placeName type="kleinregion" ref="/geodata-wboe.xml#p4.3d">Gr.Arlt.</placeName>
            </usg>
          </cit>
          <ptr type="collection" subtype="MWE" target="/collections-wboe.xml#c10733"/>
        </re>
      </entry>
    </body>
  </text>
</TEI>
