<?xml version="1.0" encoding="UTF-8"?>
    <?xml-model href="http://www.tei-c.org/release/xml/tei/custom/schema/relaxng/tei_all.rng" type="application/xml" schematypens="http://purl.oclc.org/dsdl/schematron"?>
    <?xml-model href="../../803_RNG-schematron/WBOE-ODD.rnc" type="application/relax-ng-compact-syntax"?>
<?redaktionstool version="0.8.2" ?>
<?parser type="lioe" version="0.8.2" ?>
<TEI xmlns="http://www.tei-c.org/ns/1.0">
  <teiHeader>
    <fileDesc>
      <titleStmt>
        <title>Flug</title>
        <respStmt>
          <resp>Editor</resp>
          <name ref="#PhS">Philipp Stöckle</name>
        </respStmt>
        <respStmt>
          <resp>Encoding Scheme</resp>
          <name>Jack Bowers</name>
          <name>Daniel Schopper</name>
          <name>Omar Siam</name>
        </respStmt>
        <respStmt>
          <resp>DBOE Team</resp>
          <name xml:id="AL">Alexandra N. Lenz</name>
          <name xml:id="PhS">Philipp Stöckle</name>
          <name xml:id="AG">Andreas Gellan</name>
          <name xml:id="PZ">Patrick Zeitlhuber</name>
          <name xml:id="SW">Sabine Wahl</name>
          <name xml:id="SS">Sonja Schwaiger</name>
          <name xml:id="AB">Angela Bergermayer</name>
          <name xml:id="EW">Eva Wahlmüller</name>
          <name xml:id="DG">David Gschösser</name>
          <name xml:id="StS">Stefanie Schöberl</name>
          <name xml:id="FF">Fabian Fleißner</name>
          <name xml:id="MK">Markus Kunzmann</name>
          <name xml:id="AK">Agnes Kim</name>
          <name xml:id="IG">Ingeborg Geyer</name>
          <name xml:id="MG">Manfred Glauninger</name>
        </respStmt>
        <respStmt>
          <resp>Student assistants</resp>
          <name>Susanna Muhr</name>
          <name>Manuela Stütz</name>
          <name>Christina Hemetsberger</name>
        </respStmt>
      </titleStmt>
      <publicationStmt>
        <p></p>
      </publicationStmt>
      <sourceDesc>
        <list>
          <item>
            <label>Geo-data</label>
            <ptr xml:id="geo-inventory-WBOE" target="../geodata-wboe.xml"/>
          </item>
          <item>
            <label>Bibliography</label>
            <ptr xml:id="bibliography-WBOE" target="../bibl-wboe.xml"/>
          </item>
          <item>
            <label>WBOE-Slips</label>
            <ptr xml:id="slips-WBOE" target="../slips-wboe.xml"/>
          </item>
          <item>
            <label>WBOE-Collections</label>
            <ptr xml:id="collections-WBOE" target="../collections-wboe.xml"/>
          </item>
        </list>
      </sourceDesc>
    </fileDesc>
    <revisionDesc>
      <listChange>
        <change status="in progress" when="2020-09-21" who="#PhS">Datensatz erstellt</change>
        <change status="in progress" when="2020-09-24" who="#PhS">Simplex-Bedeutungen angelegt</change>
        <change status="in progress" when="2020-09-25" who="#PhS">Simplizia fertig</change>
        <change status="peer correction" when="2020-09-28" who="#PhS">erste Version des Artikels erstellt</change>
        <change status="peer correction" when="2020-11-13" who="#DG">LK unformatiert eingefügt</change>
        <change status="peer correction" when="2020-11-13" who="#PhS">LK formatiert</change>
        <change status="internal correction" when="2020-12-03" who="#PhS">Anmerkungen interne Korrektur eingearbeitet</change>
        <change status="external correction" when="2021-02-15" who="#PhS">Anmerkungen externe Korrektur eingearbeitet</change>
        <change status="finished" when="2021-02-15" who="#PhS">Artikel fertig</change>
      </listChange>
    </revisionDesc>
  </teiHeader>
  <text>
    <body>
      <entry>
        <form type="lemma" xml:id="Flug">
          <orth>Flug</orth>
          <ptr type="collection" subtype="lemma" target="/collections-wboe.xml#c4665"/>
        </form>
        <gramGrp>
          <gram type="pos">Substantiv</gram>
          <gram type="gender">Maskulinum</gram>
        </gramGrp>
        <form type="variant" subtype="diminutive" xml:id="Flugerl">
          <orth>Flugerl</orth>
          <orth>Flügelein</orth>
          <gramGrp>
            <gram type="gender">Neutrum</gram>
          </gramGrp>
        </form>
        <usg type="geo">
          <placeName type="bundesland" ref="/geodata-wboe.xml#p1A">STir.</placeName>
        </usg>
        <usg type="geo">
          <placeName type="bundesland" ref="/geodata-wboe.xml#p1B">OTir.</placeName>
        </usg>
        <usg type="geo">
          <placeName type="bundesland" ref="/geodata-wboe.xml#p1C">NTir.</placeName>
        </usg>
        <usg type="geo">
          <placeName type="bundesland" ref="/geodata-wboe.xml#p2">Ktn.</placeName>
        </usg>
        <usg type="geo">
          <placeName type="bundesland" ref="/geodata-wboe.xml#p3">Stmk.</placeName>
        </usg>
        <usg type="geo">
          <placeName type="grossregion" ref="/geodata-wboe.xml#p4.2">Pinzg.</placeName>
        </usg>
        <usg type="geo">
          <placeName type="grossregion" ref="/geodata-wboe.xml#p4.3">Pong.</placeName>
        </usg>
        <usg type="geo">
          <placeName type="grossregion" ref="/geodata-wboe.xml#p4.5">Flachg.</placeName>
        </usg>
        <usg type="geo">
          <placeName type="bundesland" ref="/geodata-wboe.xml#p5">OÖ</placeName>
        </usg>
        <usg type="geo">
          <placeName type="bundesland" ref="/geodata-wboe.xml#p6">NÖ</placeName>
        </usg>
        <usg type="geo">
          <placeName type="grossregion" ref="/geodata-wboe.xml#p6.5">Wien</placeName>
        </usg>
        <usg type="geo">
          <placeName type="grossregion" ref="/geodata-wboe.xml#p7.1">NBgl.</placeName>
        </usg>
        <usg type="geo">
          <placeName type="grossregion" ref="/geodata-wboe.xml#p7.2">MBgl.</placeName>
        </usg>
        <note type="kommentar" resp="#DG">Im gesamten Untersuchungsgebiet liegen für mhd.
          <c>u</c>analog zu den flektierten Formen mit offener Tonsilbe auch im Nominativ regelhaft gedehnte
          <c>u</c>-Monophthonge vor
          <xr>
            <ref>flūg</ref>
          </xr>, im Südbairischen Osttirols und der Weststeiermark sowie im bairisch-alemannischen Übergangsgebiet des westlichen Nordtirols in Nebenbedeutungen auch kurze
          <xr>
            <ref>flųkχ</ref>
            <ref>flųk</ref>
          </xr>. Im östlichen Mittelbairischen und östlichen Südmittelbairischen Niederösterreichs, des Burgenlands und der Oststeiermark ist mhd.
          <c>g</c>im Auslaut geschwunden
          <xr>
            <ref>flū</ref>
          </xr>, vielfach aber wiederhergestellt worden
          <xr>
            <ref>flūg</ref>
          </xr>, in Wien und Umgebung mitunter auch irrtümlich mit einem Frikativ
          <xr>
            <ref>flūx</ref>
          </xr>. Im westlichen Südbairisch Osttirols und im bairisch-alemannischen Übergangsgebiet des westlichen Nordtirols sind teilweise übermarkierte Affrikaten im Auslaut belegt
          <xr>
            <ref>flųkχ</ref>
          </xr>.
        </note>
        <form type="dialect">
          <pron xml:lang="bar-AT">-flûg</pron>
          <usg type="geo">
            <placeName type="bundesland" ref="/geodata-wboe.xml#p1A">STir.</placeName>
          </usg>
        </form>
        <form type="dialect">
          <pron xml:lang="bar-AT">fluk</pron>
          <usg type="geo">
            <placeName type="grossregion" ref="/geodata-wboe.xml#p1B.0">OTir.</placeName>
          </usg>
        </form>
        <form type="dialect">
          <pron xml:lang="bar-AT">flûg</pron>
          <usg type="geo">
            <placeName type="grossregion" ref="/geodata-wboe.xml#p1B.0">OTir.</placeName>
          </usg>
        </form>
        <form type="dialect">
          <pron xml:lang="bar-AT">flug</pron>
          <usg type="geo">
            <placeName type="gemeinde" ref="/geodata-wboe.xml#p1C.1r01">Sölden</placeName>
          </usg>
        </form>
        <form type="dialect">
          <pron xml:lang="bar-AT">flūg</pron>
          <usg type="geo">
            <placeName type="gemeinde" ref="/geodata-wboe.xml#p1C.1n01">Imst</placeName>
          </usg>
        </form>
        <form type="dialect">
          <pron xml:lang="bar-AT">-flug</pron>
          <usg type="geo">
            <placeName type="gemeinde" ref="/geodata-wboe.xml#p1C.2a19">Schwaz</placeName>
          </usg>
        </form>
        <form type="dialect">
          <pron xml:lang="bar-AT">flug</pron>
          <usg type="geo">
            <placeName type="gemeinde" ref="/geodata-wboe.xml#p1C.3e06">Kufstein</placeName>
          </usg>
        </form>
        <form type="dialect">
          <pron xml:lang="bar-AT">-flug</pron>
          <usg type="geo">
            <placeName type="gemeinde" ref="/geodata-wboe.xml#p2.1b04">Rangersdorf</placeName>
          </usg>
        </form>
        <form type="dialect">
          <pron xml:lang="bar-AT">flug</pron>
          <usg type="geo">
            <placeName type="gemeinde" ref="/geodata-wboe.xml#p2.3b05">Straßburg</placeName>
          </usg>
        </form>
        <form type="dialect">
          <pron xml:lang="bar-AT">fliglₑ</pron>
          <gramGrp>
            <usg>[Dim.]</usg>
          </gramGrp>
          <usg type="geo">
            <placeName type="gemeinde" ref="/geodata-wboe.xml#p2.3b05">Straßburg</placeName>
          </usg>
        </form>
        <form type="dialect">
          <pron xml:lang="bar-AT">flug</pron>
          <usg type="geo">
            <placeName type="gemeinde" ref="/geodata-wboe.xml#p3.1d03">Lobmingtal</placeName>
          </usg>
        </form>
        <form type="dialect">
          <pron xml:lang="bar-AT">-flūg</pron>
          <usg type="geo">
            <placeName type="gemeinde" ref="/geodata-wboe.xml#p3.1d03">Lobmingtal</placeName>
          </usg>
        </form>
        <form type="dialect">
          <pron xml:lang="bar-AT">-flūg</pron>
          <usg type="geo">
            <placeName type="gemeinde" ref="/geodata-wboe.xml#p3.2f02">Kapfenberg</placeName>
          </usg>
        </form>
        <form type="dialect">
          <pron xml:lang="bar-AT">flūκ</pron>
          <usg type="geo">
            <placeName type="gemeinde" ref="/geodata-wboe.xml#p3.2o03">Landl</placeName>
          </usg>
        </form>
        <form type="dialect">
          <pron xml:lang="bar-AT">fluk</pron>
          <usg type="geo">
            <placeName type="grossregion" ref="/geodata-wboe.xml#p3.3">WStmk.</placeName>
          </usg>
        </form>
        <form type="dialect">
          <pron xml:lang="bar-AT">flūg</pron>
          <usg type="geo">
            <placeName type="grossregion" ref="/geodata-wboe.xml#p3.3">WStmk.</placeName>
          </usg>
        </form>
        <form type="dialect">
          <pron xml:lang="bar-AT">-flūg</pron>
          <usg type="geo">
            <placeName type="gemeinde" ref="/geodata-wboe.xml#p3.5d20">Vorau</placeName>
          </usg>
        </form>
        <form type="dialect">
          <pron xml:lang="bar-AT">flū</pron>
          <usg type="geo">
            <placeName type="gemeinde" ref="/geodata-wboe.xml#p3.5g05">Fürstenfeld</placeName>
          </usg>
        </form>
        <form type="dialect">
          <pron xml:lang="bar-AT">flug</pron>
          <usg type="geo">
            <placeName type="gemeinde" ref="/geodata-wboe.xml#p4.2c01">Fusch an der Großglocknerstraße</placeName>
          </usg>
        </form>
        <form type="dialect">
          <pron xml:lang="bar-AT">-flug</pron>
          <usg type="geo">
            <placeName type="gemeinde" ref="/geodata-wboe.xml#p4.5a06">Eugendorf</placeName>
          </usg>
        </form>
        <form type="dialect">
          <pron xml:lang="bar-AT">flug</pron>
          <usg type="geo">
            <placeName type="gemeinde" ref="/geodata-wboe.xml#p5.1c07">Mühlheim am Inn</placeName>
          </usg>
        </form>
        <form type="dialect">
          <pron xml:lang="bar-AT">flug</pron>
          <usg type="geo">
            <placeName type="gemeinde" ref="/geodata-wboe.xml#p5.2e01">Linz</placeName>
          </usg>
        </form>
        <form type="dialect">
          <pron xml:lang="bar-AT">flūg</pron>
          <usg type="geo">
            <placeName type="gemeinde" ref="/geodata-wboe.xml#p5.3b02">Gmunden</placeName>
          </usg>
        </form>
        <form type="dialect">
          <pron xml:lang="bar-AT">flug</pron>
          <usg type="geo">
            <placeName type="gemeinde" ref="/geodata-wboe.xml#p5.4b13">Ulrichsberg</placeName>
          </usg>
        </form>
        <form type="dialect">
          <pron xml:lang="bar-AT">flūg</pron>
          <usg type="geo">
            <placeName type="gemeinde" ref="/geodata-wboe.xml#p6.1d01">Allhartsberg</placeName>
          </usg>
        </form>
        <form type="dialect">
          <pron xml:lang="bar-AT">-fluᵍ</pron>
          <usg type="geo">
            <placeName type="gemeinde" ref="/geodata-wboe.xml#p6.1p01">Annaberg</placeName>
          </usg>
        </form>
        <form type="dialect">
          <pron xml:lang="bar-AT">flu</pron>
          <usg type="geo">
            <placeName type="gemeinde" ref="/geodata-wboe.xml#p6.2e03">Puchberg am Schneeberg</placeName>
          </usg>
        </form>
        <form type="dialect">
          <pron xml:lang="bar-AT">flug</pron>
          <usg type="geo">
            <placeName type="gemeinde" ref="/geodata-wboe.xml#p6.2e04">Rohr im Gebirge</placeName>
          </usg>
        </form>
        <form type="dialect">
          <pron xml:lang="bar-AT">flû</pron>
          <usg type="geo">
            <placeName type="gemeinde" ref="/geodata-wboe.xml#p6.2j13">Natschbach-Loipersbach</placeName>
          </usg>
        </form>
        <form type="dialect">
          <pron xml:lang="bar-AT">-flu</pron>
          <usg type="geo">
            <placeName type="gemeinde" ref="/geodata-wboe.xml#p6.3a15">Kautzen</placeName>
          </usg>
        </form>
        <form type="dialect">
          <pron xml:lang="bar-AT">-φlug</pron>
          <usg type="geo">
            <placeName type="gemeinde" ref="/geodata-wboe.xml#p6.3a15">Kautzen</placeName>
          </usg>
        </form>
        <form type="dialect">
          <pron xml:lang="bar-AT">-φlù̩g</pron>
          <usg type="geo">
            <placeName type="gemeinde" ref="/geodata-wboe.xml#p6.3c03">Bad Großpertholz</placeName>
          </usg>
        </form>
        <form type="dialect">
          <pron xml:lang="bar-AT">-fluᵍ</pron>
          <usg type="geo">
            <placeName type="kleinregion" ref="/geodata-wboe.xml#p6.4b">Pulkaut.</placeName>
          </usg>
        </form>
        <form type="dialect">
          <pron xml:lang="bar-AT">φlū</pron>
          <usg type="geo">
            <placeName type="gemeinde" ref="/geodata-wboe.xml#p6.4d03">Drasenhofen</placeName>
          </usg>
        </form>
        <form type="dialect">
          <pron xml:lang="bar-AT">-fluch</pron>
          <usg type="geo">
            <placeName type="gemeinde" ref="/geodata-wboe.xml#p6.4f12">Kreuttal</placeName>
          </usg>
        </form>
        <form type="dialect">
          <pron xml:lang="bar-AT">-fluch</pron>
          <usg type="geo">
            <placeName type="gemeinde" ref="/geodata-wboe.xml#p6.5i02">Lichtental</placeName>
          </usg>
        </form>
        <form type="dialect">
          <pron xml:lang="bar-AT">-flug̮</pron>
          <usg type="geo">
            <placeName type="gemeinde" ref="/geodata-wboe.xml#p6.5r01">Gersthof</placeName>
          </usg>
        </form>
        <form type="dialect">
          <pron xml:lang="bar-AT">φlū</pron>
          <usg type="geo">
            <placeName type="gemeinde" ref="/geodata-wboe.xml#p7.1e07">Mattersburg</placeName>
          </usg>
        </form>
        <form type="dialect">
          <pron xml:lang="bar-AT">flū</pron>
          <usg type="geo">
            <placeName type="gemeinde" ref="/geodata-wboe.xml#p7.2a08">Neckenmarkt</placeName>
          </usg>
          <ptr type="collection" subtype="lautung" target="/collections-wboe.xml#c10192"/>
        </form>
        <etym>
          <cit type="etymon">
            <lang>ahd.</lang>
            <form>
              <orth>flug</orth>
            </form>
          </cit>
          <seg type="desc">
            <date>
              <?comment richtig getaggt? ?>
              (10./11. Jh.)
            </date>,
          </seg>
          <cit type="etymon">
            <lang>mhd.</lang>
            <form>
              <orth>vluc</orth>
            </form>
            <def>Fortbewegung in der Luft</def>
          </cit>
          <seg type="desc">;</seg>
          <seg type="desc">Ableitung von dem unter</seg>
          <cit type="etymon">
            <xr type="lemma">
              <ref target="fliegen.xml#fliegen">fliegen</ref>
            </xr>
          </cit>
          <seg type="desc">behandelten Verb</seg>
          <ref type="bibl" target="#Kluge2011">
            <lbl>vgl.</lbl>Kluge 2011
            <citedRange>302</citedRange>
          </ref>
          <ref type="bibl" target="#Pfeifer2014">
            <lbl>vgl.</lbl>Pfeifer 2014
            <citedRange>360</citedRange>
          </ref>
        </etym>
        <sense>
          <sense>
            <sense>
              <def>Fliegen; Fortbewegung in der Luft</def>
              <usg type="geo">
                <placeName type="bundesland" ref="/geodata-wboe.xml#p1A">STir.</placeName>
              </usg>
              <usg type="geo">
                <placeName type="bundesland" ref="/geodata-wboe.xml#p1B">OTir.</placeName>
              </usg>
              <usg type="geo">
                <placeName type="bundesland" ref="/geodata-wboe.xml#p1C">NTir.</placeName>
              </usg>
              <usg type="geo">
                <placeName type="grossregion" ref="/geodata-wboe.xml#p2.2">MKtn.</placeName>
              </usg>
              <usg type="geo">
                <placeName type="bundesland" ref="/geodata-wboe.xml#p3">Stmk.</placeName>
              </usg>
              <usg type="geo">
                <placeName type="grossregion" ref="/geodata-wboe.xml#p4.2">Pinzg.</placeName>
              </usg>
              <usg type="geo">
                <placeName type="bundesland" ref="/geodata-wboe.xml#p5">OÖ</placeName>
              </usg>
              <usg type="geo">
                <placeName type="bundesland" ref="/geodata-wboe.xml#p6">NÖ</placeName>
              </usg>
              <usg type="geo">
                <placeName type="grossregion" ref="/geodata-wboe.xml#p6.5">Wien</placeName>
              </usg>
              <usg type="geo">
                <placeName type="grossregion" ref="/geodata-wboe.xml#p7.2">MBgl.</placeName>
              </usg>
              <cit type="example">
                <quote xml:lang="bar-AT">an̄ Flug seiⁿ</quote>
                <usg type="geo">
                  <placeName type="gemeinde" ref="/geodata-wboe.xml#p1C.3e06">Kufstein</placeName>
                </usg>
              </cit>
              <cit type="example">
                <quote xml:lang="bar-AT">an Flug schiəˢˢⁿ</quote>
                <usg type="geo">
                  <placeName type="gemeinde" ref="/geodata-wboe.xml#p1C.3b03">Thiersee</placeName>
                </usg>
              </cit>
              <cit type="example">
                <quote xml:lang="bar-AT">In Gaija háoni in Flug gschousn</quote>
                <usg type="geo">
                  <placeName type="gemeinde" ref="/geodata-wboe.xml#p3.1d03">Lobmingtal</placeName>
                </usg>
              </cit>
              <cit type="example">
                <quote xml:lang="bar-AT">a Dauᵇm håd an schnäln Flug</quote>
                <usg type="geo">
                  <placeName type="gemeinde" ref="/geodata-wboe.xml#p5.3b02">Gmunden</placeName>
                </usg>
              </cit>
              <cit type="example">
                <quote xml:lang="bar-AT">ėn ɒ̃mᵇ flug</quote>
                <usg type="geo">
                  <placeName type="gemeinde" ref="/geodata-wboe.xml#p5.4b13">Ulrichsberg</placeName>
                </usg>
              </cit>
              <cit type="example">
                <quote xml:lang="bar-AT">in Flug schiassn</quote>
                <usg type="geo">
                  <placeName type="gemeinde" ref="/geodata-wboe.xml#p6.1n02">Dunkelsteinerwald</placeName>
                </usg>
              </cit>
              <ptr type="collection" subtype="bedeutung" target="/collections-wboe.xml#c10251"/>
            </sense>
            <sense>
              <sense>
                <def>Schwarm; Schar (von Vögeln)</def>
                <usg type="geo">
                  <placeName type="grossregion" ref="/geodata-wboe.xml#p2.2">MKtn.</placeName>
                </usg>
                <usg type="geo">
                  <placeName type="grossregion" ref="/geodata-wboe.xml#p3.1">sbair.ObStmk.</placeName>
                </usg>
                <usg type="geo">
                  <placeName type="bundesland" ref="/geodata-wboe.xml#p5">OÖ</placeName>
                </usg>
                <usg type="geo">
                  <placeName type="grossregion" ref="/geodata-wboe.xml#p6.1">Mostv.</placeName>
                </usg>
                <usg type="geo">
                  <placeName type="grossregion" ref="/geodata-wboe.xml#p6.5">Wien</placeName>
                </usg>
                <cit type="example">
                  <quote xml:lang="bar-AT">an Flug Schnęgens hąⁿ ö gsę-a, åwəʳ hęomechtö</quote>
                  <usg type="geo">
                    <placeName type="gemeinde" ref="/geodata-wboe.xml#p5.3b02">Gmunden</placeName>
                  </usg>
                </cit>
                <cit type="example">
                  <quote xml:lang="bar-AT">a Flūg Hę̄-əʳn</quote>
                  <usg type="geo">
                    <placeName type="gemeinde" ref="/geodata-wboe.xml#p5.3b02">Gmunden</placeName>
                  </usg>
                </cit>
                <ptr type="collection" subtype="bedeutung" target="/collections-wboe.xml#c10246"/>
              </sense>
              <sense>
                <def>Flügel eines Insekts</def>
                <usg type="geo">
                  <placeName type="bundesland" ref="/geodata-wboe.xml#p5">OÖ</placeName>
                </usg>
                <ptr type="collection" subtype="bedeutung" target="/collections-wboe.xml#c10245"/>
              </sense>
            </sense>
          </sense>
          <sense>
            <sense>
              <def>Holzknechthütte</def>
              <usg type="geo">
                <placeName type="grossregion" ref="/geodata-wboe.xml#p3.2">mbair.ObStmk.</placeName>
              </usg>
              <usg type="geo">
                <placeName type="grossregion" ref="/geodata-wboe.xml#p5.3">Traunv.</placeName>
              </usg>
              <usg type="geo">
                <placeName type="grossregion" ref="/geodata-wboe.xml#p6.1">Mostv.</placeName>
              </usg>
              <ptr type="collection" subtype="bedeutung" target="/collections-wboe.xml#c10247"/>
            </sense>
            <sense>
              <def>breitere und somit flachere Seite eines Hausdachs, das durch einen nur einseitig erhaltenen Anbau ein ungleichseitiges Giebeldreieck bekommt</def>
              <usg type="geo">
                <placeName type="grossregion" ref="/geodata-wboe.xml#p1A.2">mSTir.</placeName>
              </usg>
              <ptr type="collection" subtype="bedeutung" target="/collections-wboe.xml#c10241"/>
            </sense>
          </sense>
          <sense>
            <sense>
              <sense>
                <def>Wollgras; Eriophorum L.</def>
                <usg type="geo">
                  <placeName type="bundesland" ref="/geodata-wboe.xml#p2">Ktn.</placeName>
                </usg>
                <ptr type="collection" subtype="bedeutung" target="/collections-wboe.xml#c10242"/>
              </sense>
              <sense>
                <def>haariger Kelch des Löwenzahns (Taraxacum officinale)</def>
                <usg type="geo">
                  <placeName type="grossregion" ref="/geodata-wboe.xml#p2.2">MKtn.</placeName>
                </usg>
                <ptr type="collection" subtype="bedeutung" target="/collections-wboe.xml#c10243"/>
              </sense>
            </sense>
            <sense>
              <sense>
                <def>Rotlauf; Wundrose; Erysipel</def>
                <usg type="geo">
                  <placeName type="bundesland" ref="/geodata-wboe.xml#p3">Stmk.</placeName>
                </usg>
                <usg type="geo">
                  <placeName type="grossregion" ref="/geodata-wboe.xml#p6.2">Industriev.</placeName>
                </usg>
                <usg type="geo">
                  <placeName type="grossregion" ref="/geodata-wboe.xml#p6.3">Waldv.</placeName>
                </usg>
                <ptr type="collection" subtype="bedeutung" target="/collections-wboe.xml#c10244"/>
              </sense>
              <sense>
                <def>Rauschbrand (Tierseuche)</def>
                <usg type="geo">
                  <placeName type="grossregion" ref="/geodata-wboe.xml#p4.3">Pong.</placeName>
                </usg>
                <cit type="example">
                  <quote xml:lang="bar-AT">s Vī̈ch håᵘt ãn Flug</quote>
                  <usg type="geo">
                    <placeName type="kleinregion" ref="/geodata-wboe.xml#p4.3d">Gr.Arlt.</placeName>
                  </usg>
                </cit>
                <ptr type="collection" subtype="bedeutung" target="/collections-wboe.xml#c10252"/>
              </sense>
            </sense>
          </sense>
          <sense>
            <def>Augenblick</def>
            <usg type="geo">
              <placeName type="grossregion" ref="/geodata-wboe.xml#p3.3">WStmk.</placeName>
            </usg>
            <ptr type="collection" subtype="bedeutung" target="/collections-wboe.xml#c10249"/>
          </sense>
          <sense>
            <def>leichtsinniges, flatterhaftes Mädchen</def>
            <usg type="geo">
              <placeName type="grossregion" ref="/geodata-wboe.xml#p3.3">WStmk.</placeName>
            </usg>
            <ptr type="collection" subtype="bedeutung" target="/collections-wboe.xml#c10250"/>
          </sense>
          <sense>
            <def>schlimme Gewohnheit</def>
            <usg type="geo">
              <placeName type="grossregion" ref="/geodata-wboe.xml#p1B.0">OTir.</placeName>
            </usg>
            <cit type="example">
              <quote xml:lang="bar-AT">si h­at â sou an fluck</quote>
              <ref type="bibl" target="#">
                <?comment richtig formatieren ?>
                <?comment Eintrag muss noch übernommen werden ?>
                <?comment nachprüfen ?>
                Hintner 1878
              
                <citedRange>61</citedRange>
              </ref>
              <usg type="geo">
                <placeName type="kleinregion" ref="/geodata-wboe.xml#p1B.0d">Def.</placeName>
              </usg>
            </cit>
            <ptr type="collection" subtype="bedeutung" target="/collections-wboe.xml#c10248"/>
          </sense>
        </sense>
        <re>
          <form subtype="compound" type="lemma">
            <orth>Anflug</orth>
          </form>
          <sense>
            <sense>
              <def>Spur; Hauch; Schimmer (im Zusammenhang mit dem Bartwuchs)</def>
              <usg type="geo">
                <placeName type="grossregion" ref="/geodata-wboe.xml#p1A.1">wSTir.</placeName>
              </usg>
              <usg type="geo">
                <placeName type="bundesland" ref="/geodata-wboe.xml#p1C">NTir.</placeName>
              </usg>
              <usg type="geo">
                <placeName type="grossregion" ref="/geodata-wboe.xml#p2.1">ObKtn.</placeName>
              </usg>
              <usg type="geo">
                <placeName type="grossregion" ref="/geodata-wboe.xml#p3.1">sbair.ObStmk.</placeName>
              </usg>
              <usg type="geo">
                <placeName type="grossregion" ref="/geodata-wboe.xml#p3.5">OStmk.</placeName>
              </usg>
              <usg type="geo">
                <placeName type="grossregion" ref="/geodata-wboe.xml#p4.2">Pinzg.</placeName>
              </usg>
              <usg type="geo">
                <placeName type="grossregion" ref="/geodata-wboe.xml#p5.1">Innv.</placeName>
              </usg>
              <usg type="geo">
                <placeName type="grossregion" ref="/geodata-wboe.xml#p5.3">Traunv.</placeName>
              </usg>
              <usg type="geo">
                <placeName type="grossregion" ref="/geodata-wboe.xml#p5.4">Mühlv.</placeName>
              </usg>
              <usg type="geo">
                <placeName type="bundesland" ref="/geodata-wboe.xml#p6">NÖ</placeName>
              </usg>
              <usg type="geo">
                <placeName type="grossregion" ref="/geodata-wboe.xml#p6.5">Wien</placeName>
              </usg>
              <cit type="example">
                <quote xml:lang="bar-AT">Bǫscht hǫst nu koan, ǫba ran schönn ʊ̄flug</quote>
                <usg type="geo">
                  <placeName type="gemeinde" ref="/geodata-wboe.xml#p1C.3e06">Kufstein</placeName>
                </usg>
              </cit>
              <cit type="example">
                <quote xml:lang="bar-AT">der hat schon an Anflug</quote>
                <usg type="geo">
                  <placeName type="gemeinde" ref="/geodata-wboe.xml#p5.1b07">Burgkirchen</placeName>
                </usg>
              </cit>
              <cit type="example">
                <quote xml:lang="bar-AT">a weng a ɒ̊ⁿflug</quote>
                <usg type="geo">
                  <placeName type="gemeinde" ref="/geodata-wboe.xml#p5.3g02">Bad Hall</placeName>
                </usg>
              </cit>
              <cit type="example">
                <quote xml:lang="bar-AT">gråd so a Auⁿfluch</quote>
                <usg type="geo">
                  <placeName type="gemeinde" ref="/geodata-wboe.xml#p6.2b20">Pfaffstätten</placeName>
                </usg>
              </cit>
              <cit type="example">
                <quote xml:lang="bar-AT">hod dę̄a ṣchau an schtoakn Ouflu</quote>
                <usg type="geo">
                  <placeName type="gemeinde" ref="/geodata-wboe.xml#p6.3a15">Kautzen</placeName>
                </usg>
              </cit>
              <cit type="example">
                <quote xml:lang="bar-AT">Eʳ håt erscht a bissl an Aⁿfluch</quote>
                <usg type="geo">
                  <placeName type="gemeinde" ref="/geodata-wboe.xml#p6.5i02">Lichtental</placeName>
                </usg>
              </cit>
              <ptr type="collection" subtype="bedeutung" target="/collections-wboe.xml#c10288"/>
            </sense>
            <sense>
              <sense>
                <sense>
                  <def>nicht angepflanzte, d. h. wild wachsende Gruppe von jungen Bäumen</def>
                  <usg type="geo">
                    <placeName type="grossregion" ref="/geodata-wboe.xml#p1C.3">öNTir.</placeName>
                  </usg>
                  <usg type="geo">
                    <placeName type="grossregion" ref="/geodata-wboe.xml#p2.1">ObKtn.</placeName>
                  </usg>
                  <usg type="geo">
                    <placeName type="grossregion" ref="/geodata-wboe.xml#p5.3">Traunv.</placeName>
                  </usg>
                  <usg type="geo">
                    <placeName type="grossregion" ref="/geodata-wboe.xml#p5.4">Mühlv.</placeName>
                  </usg>
                  <usg type="geo">
                    <placeName type="grossregion" ref="/geodata-wboe.xml#p6.1">Mostv.</placeName>
                  </usg>
                  <usg type="geo">
                    <placeName type="grossregion" ref="/geodata-wboe.xml#p6.3">Waldv.</placeName>
                  </usg>
                  <cit type="example">
                    <quote xml:lang="bar-AT">dǫ is a schǫna Uⁿflug</quote>
                    <usg type="geo">
                      <placeName type="gemeinde" ref="/geodata-wboe.xml#p1C.3b03">Thiersee</placeName>
                    </usg>
                  </cit>
                  <cit type="example">
                    <quote xml:lang="bar-AT">Daʳ W. fliəgt áⁿ ɒ̇ⁿflug</quote>
                    <usg type="geo">
                      <placeName type="gemeinde" ref="/geodata-wboe.xml#p6.1s06">Sitzenberg-Reidling</placeName>
                    </usg>
                  </cit>
                  <cit type="example">
                    <quote xml:lang="bar-AT">am Aouflū draußth</quote>
                    <usg type="geo">
                      <placeName type="gemeinde" ref="/geodata-wboe.xml#p6.3a15">Kautzen</placeName>
                    </usg>
                  </cit>
                  <ptr type="collection" subtype="bedeutung" target="/collections-wboe.xml#c10290"/>
                </sense>
                <sense>
                  <def>frisch wachsende Triebe auf abgesägten Baumstümpfen; kleine Ästchen</def>
                  <usg type="geo">
                    <placeName type="grossregion" ref="/geodata-wboe.xml#p6.4">Weinv.</placeName>
                  </usg>
                  <usg type="geo">
                    <placeName type="grossregion" ref="/geodata-wboe.xml#p6.5">Wien</placeName>
                  </usg>
                  <ptr type="collection" subtype="bedeutung" target="/collections-wboe.xml#c10293"/>
                </sense>
              </sense>
              <sense>
                <def>Wild, das dem Jäger zustreicht</def>
                <usg type="geo">
                  <placeName type="grossregion" ref="/geodata-wboe.xml#p6.1">Mostv.</placeName>
                </usg>
                <ptr type="collection" subtype="bedeutung" target="/collections-wboe.xml#c10289"/>
              </sense>
            </sense>
            <sense>
              <def>Stirnseite; Kopfende (eines Tisches)</def>
              <usg type="geo">
                <placeName type="grossregion" ref="/geodata-wboe.xml#p6.3">Waldv.</placeName>
              </usg>
              <cit type="example">
                <quote xml:lang="bar-AT">am Oⁿflug sizzn</quote>
                <usg type="geo">
                  <placeName type="gemeinde" ref="/geodata-wboe.xml#p6.3s04">Langenlois</placeName>
                </usg>
              </cit>
              <ptr type="collection" subtype="bedeutung" target="/collections-wboe.xml#c10291"/>
            </sense>
          </sense>
        </re>
        <re>
          <form subtype="compound" type="lemma">
            <orth>Augenflug</orth>
          </form>
          <sense>
            <sense>
              <def>Augenblick</def>
              <usg type="geo">
                <placeName type="bundesland" ref="/geodata-wboe.xml#p2">Ktn.</placeName>
              </usg>
              <ptr type="collection" subtype="bedeutung" target="/collections-wboe.xml#c10217"/>
            </sense>
          </sense>
        </re>
        <re>
          <form subtype="compound" type="lemma">
            <orth>Ausflug</orth>
          </form>
          <sense>
            <sense>
              <def>
                <?comment noch anhand von Quelle überprüfen ?>
                von der Schule organisierte Kurzreise; Klassenfahrt
              </def>
              <usg>(schülersprachlich)</usg>
              <usg type="geo">
                <placeName type="grossregion" ref="/geodata-wboe.xml#p6.5">Wien</placeName>
              </usg>
              <ptr type="collection" subtype="bedeutung" target="/collections-wboe.xml#c10294"/>
            </sense>
          </sense>
        </re>
        <re>
          <form subtype="compound" type="lemma">
            <orth>Badflug</orth>
          </form>
          <sense>
            <sense>
              <def>
                <?comment noch überprüfen ?>
                Frühlingsflug der Bienen
              </def>
              <usg type="geo">
                <placeName type="grossregion" ref="/geodata-wboe.xml#p2.1">ObKtn.</placeName>
              </usg>
              <ptr type="collection" subtype="bedeutung" target="/collections-wboe.xml#c10205"/>
            </sense>
          </sense>
        </re>
        <re>
          <form subtype="compound" type="lemma">
            <orth>Bartanflug</orth>
          </form>
          <sense>
            <sense>
              <def>Bartflaum</def>
              <usg type="geo">
                <placeName type="grossregion" ref="/geodata-wboe.xml#p1C.3">öNTir.</placeName>
              </usg>
              <usg type="geo">
                <placeName type="grossregion" ref="/geodata-wboe.xml#p3.2">mbair.ObStmk.</placeName>
              </usg>
              <usg type="geo">
                <placeName type="grossregion" ref="/geodata-wboe.xml#p6.3">Waldv.</placeName>
              </usg>
              <usg type="geo">
                <placeName type="grossregion" ref="/geodata-wboe.xml#p6.4">Weinv.</placeName>
              </usg>
              <usg type="geo">
                <placeName type="grossregion" ref="/geodata-wboe.xml#p6.5">Wien</placeName>
              </usg>
              <cit type="example">
                <quote xml:lang="bar-AT">a schwochchar Boaʳtonflug</quote>
                <usg type="geo">
                  <placeName type="gemeinde" ref="/geodata-wboe.xml#p6.4e06">Hollabrunn</placeName>
                </usg>
              </cit>
              <ptr type="collection" subtype="bedeutung" target="/collections-wboe.xml#c10206"/>
            </sense>
          </sense>
        </re>
        <re>
          <form subtype="compound" type="lemma">
            <orth>Befruchtungsausflug</orth>
          </form>
          <sense>
            <sense>
              <def>Flug der Bienenkönigin zum Zweck der Befruchtung</def>
              <usg type="geo">
                <placeName type="grossregion" ref="/geodata-wboe.xml#p1C.1">wNTir.</placeName>
              </usg>
              <usg type="geo">
                <placeName type="grossregion" ref="/geodata-wboe.xml#p5.2">Hausrv.</placeName>
              </usg>
              <usg type="geo">
                <placeName type="grossregion" ref="/geodata-wboe.xml#p6.1">Mostv.</placeName>
              </usg>
              <cit type="example">
                <quote xml:lang="bar-AT">Befruchtungsausflug der Königén</quote>
                <usg type="geo">
                  <placeName type="gemeinde" ref="/geodata-wboe.xml#p6.1f05">Purgstall an der Erlauf</placeName>
                </usg>
              </cit>
              <ptr type="collection" subtype="bedeutung" target="/collections-wboe.xml#c10195"/>
            </sense>
          </sense>
        </re>
        <re>
          <form subtype="compound" type="lemma">
            <orth>Begattungsausflug</orth>
          </form>
          <sense>
            <sense>
              <def>Flug der Bienenkönigin zum Zweck der Befruchtung</def>
              <usg type="geo">
                <placeName type="grossregion" ref="/geodata-wboe.xml#p2.2">MKtn.</placeName>
              </usg>
              <ptr type="collection" subtype="bedeutung" target="/collections-wboe.xml#c10196"/>
            </sense>
          </sense>
        </re>
        <re>
          <form subtype="compound" type="lemma">
            <orth>Betriebsausflug</orth>
          </form>
          <sense>
            <sense>
              <def>
                <?comment an Quelle überprüfen ?>
                Klassenfahrt
              </def>
              <usg>(schülersprachlich)</usg>
            </sense>
          </sense>
          <usg type="geo">
            <placeName type="grossregion" ref="/geodata-wboe.xml#p6.5">Wien</placeName>
          </usg>
          <ptr type="collection" subtype="wortbildung" target="/collections-wboe.xml#c10197"/>
        </re>
        <re>
          <form subtype="compound" type="lemma">
            <orth>Emmausausflug</orth>
          </form>
          <sense>
            <sense>
              <def>Ausflug am Nachmittag des Ostermontags</def>
              <usg type="geo">
                <placeName type="grossregion" ref="/geodata-wboe.xml#p4.5">Flachg.</placeName>
              </usg>
            </sense>
          </sense>
          <ptr type="collection" subtype="wortbildung" target="/collections-wboe.xml#c10198"/>
        </re>
        <re>
          <form subtype="compound" type="lemma">
            <orth>Entenflug</orth>
          </form>
          <sense>
            <sense>
              <def>paarweises Ausfliegen des jungen Landvolkes im Frühling</def>
              <usg type="geo">
                <placeName type="bundesland" ref="/geodata-wboe.xml#p1A">STir.</placeName>
              </usg>
              <ptr type="collection" subtype="bedeutung" target="/collections-wboe.xml#c10215"/>
            </sense>
          </sense>
        </re>
        <re>
          <form subtype="compound" type="lemma">
            <orth>Funkenflug</orth>
          </form>
          <sense>
            <sense>
              <def>anhaltendes Fortfliegen von Funken</def>
              <usg type="geo">
                <placeName type="grossregion" ref="/geodata-wboe.xml#p5.3">Traunv.</placeName>
              </usg>
              <usg type="geo">
                <placeName type="grossregion" ref="/geodata-wboe.xml#p6.1">Mostv.</placeName>
              </usg>
              <usg type="geo">
                <placeName type="grossregion" ref="/geodata-wboe.xml#p6.5">Wien</placeName>
              </usg>
            </sense>
          </sense>
          <ptr type="collection" subtype="wortbildung" target="/collections-wboe.xml#c10199"/>
        </re>
        <re>
          <form subtype="compound" type="lemma">
            <orth>Ganflug</orth>
          </form>
          <sense>
            <sense>
              <def>anhaltendes Fortfliegen von Funken</def>
              <usg type="geo">
                <placeName type="grossregion" ref="/geodata-wboe.xml#p2.1">ObKtn.</placeName>
              </usg>
            </sense>
          </sense>
          <ptr type="collection" subtype="wortbildung" target="/collections-wboe.xml#c10200"/>
        </re>
        <re>
          <form subtype="compound" type="lemma">
            <orth>Hochzeitsflug</orth>
          </form>
          <sense>
            <sense>
              <def>Flug der Bienenkönigin zum Zweck der Befruchtung</def>
              <usg type="geo">
                <placeName type="grossregion" ref="/geodata-wboe.xml#p2.1">ObKtn.</placeName>
              </usg>
              <usg type="geo">
                <placeName type="grossregion" ref="/geodata-wboe.xml#p2.2">MKtn.</placeName>
              </usg>
            </sense>
          </sense>
          <ptr type="collection" subtype="wortbildung" target="/collections-wboe.xml#c10201"/>
        </re>
        <re>
          <form subtype="compound" type="lemma">
            <orth>Kopfflug</orth>
          </form>
          <sense>
            <sense>
              <def>fast senkrechter Flug nach unten; Sturzflug</def>
              <usg type="geo">
                <placeName type="grossregion" ref="/geodata-wboe.xml#p1C.2">mNTir.</placeName>
              </usg>
            </sense>
          </sense>
          <ptr type="collection" subtype="wortbildung" target="/collections-wboe.xml#c10202"/>
        </re>
        <re>
          <form subtype="compound" type="lemma">
            <orth>Längesflug</orth>
          </form>
          <sense>
            <sense>
              <def>Frühlingsflug der Bienen</def>
              <usg type="geo">
                <placeName type="grossregion" ref="/geodata-wboe.xml#p2.1">ObKtn.</placeName>
              </usg>
            </sense>
          </sense>
          <ptr type="collection" subtype="wortbildung" target="/collections-wboe.xml#c10203"/>
        </re>
        <re>
          <form subtype="compound" type="lemma">
            <orth>Osterausflug</orth>
          </form>
          <sense>
            <sense>
              <def>
                <?comment Formulierung überlegen ?>
                Spaziergang zu Ostern auf einer Wiese, bei dem Kindern Eier, Gebäck oder Obst zugeworfen wird
              </def>
              <usg type="geo">
                <placeName type="grossregion" ref="/geodata-wboe.xml#p1C.1">wNTir.</placeName>
              </usg>
              <ptr type="collection" subtype="bedeutung" target="/collections-wboe.xml#c10216"/>
            </sense>
          </sense>
        </re>
        <re>
          <form subtype="compound" type="lemma">
            <orth>Reinigungsausflug</orth>
          </form>
          <form subtype="compound" type="lemma">
            <orth>Reinigungsflug</orth>
          </form>
          <sense>
            <sense>
              <def>Flug der Bienen zu Beginn des Frühlings oder an warmen Wintertagen</def>
              <usg type="geo">
                <placeName type="grossregion" ref="/geodata-wboe.xml#p1C.3">öNTir.</placeName>
              </usg>
              <usg type="geo">
                <placeName type="grossregion" ref="/geodata-wboe.xml#p2.2">MKtn.</placeName>
              </usg>
              <usg type="geo">
                <placeName type="grossregion" ref="/geodata-wboe.xml#p5.2">Hausrv.</placeName>
              </usg>
              <usg type="geo">
                <placeName type="grossregion" ref="/geodata-wboe.xml#p5.3">Traunv.</placeName>
              </usg>
              <usg type="geo">
                <placeName type="grossregion" ref="/geodata-wboe.xml#p6.1">Mostv.</placeName>
              </usg>
              <ptr type="collection" subtype="bedeutung" target="/collections-wboe.xml#c10207"/>
            </sense>
          </sense>
        </re>
        <re>
          <form subtype="compound" type="lemma">
            <orth>Schnurrbartanflug</orth>
          </form>
          <sense>
            <sense>
              <def>Schnurrbartflaum</def>
              <usg type="geo">
                <placeName type="grossregion" ref="/geodata-wboe.xml#p6.5">Wien</placeName>
              </usg>
              <ptr type="collection" subtype="bedeutung" target="/collections-wboe.xml#c10209"/>
            </sense>
          </sense>
        </re>
        <re>
          <form subtype="compound" type="lemma">
            <orth>Schulausflug</orth>
          </form>
          <sense>
            <sense>
              <def>
                <?comment noch abstimmen mit Ausflug etc. ?>
                Wandertag
              </def>
              <usg>(schülersprachlich)</usg>
              <usg type="geo">
                <placeName type="grossregion" ref="/geodata-wboe.xml#p6.5">Wien</placeName>
              </usg>
              <ptr type="collection" subtype="bedeutung" target="/collections-wboe.xml#c10210"/>
            </sense>
          </sense>
        </re>
        <re>
          <form subtype="compound" type="lemma">
            <orth>Selbstanflug</orth>
          </form>
          <sense>
            <sense>
              <def>nicht angepflanzte, d. h. wild wachsende Gruppe von jungen Bäumen</def>
              <usg type="geo">
                <placeName type="grossregion" ref="/geodata-wboe.xml#p2.2">MKtn.</placeName>
              </usg>
              <usg type="geo">
                <placeName type="grossregion" ref="/geodata-wboe.xml#p3.1">sbair.ObStmk.</placeName>
              </usg>
            </sense>
          </sense>
          <ptr type="collection" subtype="wortbildung" target="/collections-wboe.xml#c10212"/>
        </re>
        <re>
          <form subtype="compound" type="lemma">
            <orth>Sturzflug</orth>
          </form>
          <sense>
            <sense>
              <def>fast senkrechter Flug nach unten</def>
              <usg type="geo">
                <placeName type="grossregion" ref="/geodata-wboe.xml#p6.3">Waldv.</placeName>
              </usg>
            </sense>
          </sense>
          <ptr type="collection" subtype="wortbildung" target="/collections-wboe.xml#c10211"/>
        </re>
        <re>
          <form subtype="compound" type="lemma">
            <orth>Teufelsflug</orth>
          </form>
          <sense>
            <sense>
              <def>Johanniskraut; Hypericum perforatum</def>
              <usg type="geo">
                <placeName type="bundesland" ref="/geodata-wboe.xml#p3">Stmk.</placeName>
              </usg>
            </sense>
          </sense>
          <ptr type="collection" subtype="wortbildung" target="/collections-wboe.xml#c10213"/>
        </re>
        <re>
          <form subtype="compound" type="lemma">
            <orth>Weiselflug</orth>
          </form>
          <sense>
            <sense>
              <def>Flug der Bienenkönigin zum Zweck der Befruchtung</def>
              <usg type="geo">
                <placeName type="grossregion" ref="/geodata-wboe.xml#p1C.3">öNTir.</placeName>
              </usg>
            </sense>
          </sense>
          <ptr type="collection" subtype="wortbildung" target="/collections-wboe.xml#c10214"/>
        </re>
        <re type="redewendung">
          <form subtype="MWE" type="lemma">
            <orth>auf dem Flug sein</orth>
          </form>
          <sense>
            <def>außer Haus, nur nicht bei der Arbeit sein</def>
            <usg type="geo">
              <placeName type="bundesland" ref="/geodata-wboe.xml#p1A">STir.</placeName>
            </usg>
            <usg type="geo">
              <placeName type="bundesland" ref="/geodata-wboe.xml#p1B">OTir.</placeName>
            </usg>
            <usg type="geo">
              <placeName type="bundesland" ref="/geodata-wboe.xml#p1C">NTir.</placeName>
            </usg>
            <cit type="example">
              <quote xml:lang="bar-AT">aufn flûg sein</quote>
              <ref type="bibl" target="#TirolerWb">
                <?comment richtig formatieren mit (...) ?>
                Tiroler Wb.
              
                <citedRange>181</citedRange>
              </ref>
              <usg type="geo">
                <placeName type="bundesland" ref="/geodata-wboe.xml#p1C">NTir.</placeName>
              </usg>
            </cit>
          </sense>
          <ptr type="collection" subtype="MWE" target="/collections-wboe.xml#c10317"/>
        </re>
        <re type="redewendung">
          <form subtype="MWE" type="lemma">
            <orth>ein Flug sein</orth>
          </form>
          <sense>
            <def type="umschreibung">wird über Personen gesagt, die immer davonlaufen und nicht bei der Arbeit bleiben</def>
            <usg type="geo">
              <placeName type="bundesland" ref="/geodata-wboe.xml#p1A">STir.</placeName>
            </usg>
            <usg type="geo">
              <placeName type="bundesland" ref="/geodata-wboe.xml#p1B">OTir.</placeName>
            </usg>
            <usg type="geo">
              <placeName type="bundesland" ref="/geodata-wboe.xml#p1C">NTir.</placeName>
            </usg>
            <cit type="example">
              <quote xml:lang="bar-AT">er ist ein flûg</quote>
              <ref type="bibl" target="#TirolerWb">
                <?comment formatieren ?>
                Tiroler Wb.
              
                <citedRange>181</citedRange>
              </ref>
              <usg type="geo">
                <placeName type="bundesland" ref="/geodata-wboe.xml#p1B">OTir.</placeName>
              </usg>
            </cit>
          </sense>
          <ptr type="collection" subtype="MWE" target="/collections-wboe.xml#c10316"/>
        </re>
        <re type="redewendung">
          <form subtype="MWE" type="lemma">
            <orth>einen Flug haben</orth>
          </form>
          <sense>
            <def>nicht ganz richtig im Kopf sein</def>
            <usg type="geo">
              <placeName type="bundesland" ref="/geodata-wboe.xml#p1A">STir.</placeName>
            </usg>
            <usg type="geo">
              <placeName type="bundesland" ref="/geodata-wboe.xml#p1B">OTir.</placeName>
            </usg>
            <usg type="geo">
              <placeName type="bundesland" ref="/geodata-wboe.xml#p1C">NTir.</placeName>
            </usg>
            <cit type="example">
              <quote xml:lang="bar-AT">der hat einen fluk</quote>
              <ref type="bibl" target="#TirolerWb">
                <?comment formatieren ?>
                Tiroler Wb.
              
                <citedRange>181</citedRange>
              </ref>
              <usg type="geo">
                <placeName type="bundesland" ref="/geodata-wboe.xml#p1A">STir.</placeName>
              </usg>
            </cit>
          </sense>
          <ptr type="collection" subtype="MWE" target="/collections-wboe.xml#c10309"/>
        </re>
        <re type="redewendung">
          <form subtype="MWE" type="lemma">
            <orth>einen Flug machen</orth>
          </form>
          <sense>
            <def>auf und davon rennen</def>
            <usg type="geo">
              <placeName type="grossregion" ref="/geodata-wboe.xml#p7.1">NBgl.</placeName>
            </usg>
            <cit type="example">
              <quote xml:lang="bar-AT">ɒn φlū moχɒ</quote>
              <ref type="bibl" target="#Szmudits1961">
                <?comment Quelle überprüfen ?>
                Szmudits 1961
              
                <citedRange>79</citedRange>
              </ref>
              <usg type="geo">
                <placeName type="gemeinde" ref="/geodata-wboe.xml#p7.1e07">Mattersburg</placeName>
              </usg>
            </cit>
          </sense>
          <ptr type="collection" subtype="MWE" target="/collections-wboe.xml#c10315"/>
        </re>
        <re type="redewendung">
          <form subtype="MWE" type="lemma">
            <orth>Flüge machen</orth>
          </form>
          <sense>
            <def>sehr schnell mit weiten Sprüngen fliehen</def>
            <usg type="geo">
              <placeName type="grossregion" ref="/geodata-wboe.xml#p1C.3">öNTir.</placeName>
            </usg>
            <cit type="example">
              <quote xml:lang="bar-AT">Flüg måchn</quote>
              <usg type="geo">
                <placeName type="gemeinde" ref="/geodata-wboe.xml#p1C.3b03">Thiersee</placeName>
              </usg>
            </cit>
          </sense>
          <ptr type="collection" subtype="MWE" target="/collections-wboe.xml#c10310"/>
        </re>
        <re type="redewendung">
          <form subtype="MWE" type="lemma">
            <orth>im Flug</orth>
          </form>
          <sense>
            <def>sehr schnell; zu schnell</def>
            <usg type="geo">
              <placeName type="grossregion" ref="/geodata-wboe.xml#p2.2">MKtn.</placeName>
            </usg>
            <cit type="example">
              <quote xml:lang="bar-AT">d Zeit frge͜at m'r in Flug</quote>
              <usg type="geo">
                <placeName type="gemeinde" ref="/geodata-wboe.xml#p2.3b05">Straßburg</placeName>
              </usg>
            </cit>
          </sense>
          <ptr type="collection" subtype="MWE" target="/collections-wboe.xml#c10318"/>
        </re>
        <re type="redewendung">
          <form subtype="MWE" type="lemma">
            <orth>in einem Flug</orth>
          </form>
          <sense>
            <def>rasch; geschwind</def>
            <usg type="geo">
              <placeName type="grossregion" ref="/geodata-wboe.xml#p5.4">Mühlv.</placeName>
            </usg>
            <usg type="geo">
              <placeName type="grossregion" ref="/geodata-wboe.xml#p6.2">Industriev.</placeName>
            </usg>
            <usg type="geo">
              <placeName type="grossregion" ref="/geodata-wboe.xml#p6.5">Wien</placeName>
            </usg>
            <cit type="example">
              <quote xml:lang="bar-AT">in oan Flu kimmd a dahea</quote>
              <usg type="geo">
                <placeName type="gemeinde" ref="/geodata-wboe.xml#p6.2e03">Puchberg am Schneeberg</placeName>
              </usg>
            </cit>
            <cit type="example">
              <quote xml:lang="bar-AT">In an Flug war er scho wieder z'ruck</quote>
              <ref type="bibl" target="#Hügel1873">Hügel 1873
                <citedRange>61</citedRange>
              </ref>
              <usg type="geo">
                <placeName type="grossregion" ref="/geodata-wboe.xml#p6.5">Wien</placeName>
              </usg>
            </cit>
          </sense>
          <ptr type="collection" subtype="MWE" target="/collections-wboe.xml#c10313"/>
        </re>
        <re type="redewendung">
          <form subtype="MWE" type="lemma">
            <orth>keinen Glimm und keinen Flug haben</orth>
          </form>
          <sense>
            <def>bei der Arbeit kein Geschick und keinen Eifer zeigen</def>
            <usg type="geo">
              <placeName type="grossregion" ref="/geodata-wboe.xml#p1C.1">wNTir.</placeName>
            </usg>
            <cit type="example">
              <quote xml:lang="bar-AT">keinen glim und keinen fluk haben</quote>
              <ref type="bibl" target="#TirolerWb">Tiroler Wb.
                <citedRange>182</citedRange>
              </ref>
              <usg type="geo">
                <placeName type="kleinregion" ref="/geodata-wboe.xml#p1C.1d">obLecht.</placeName>
              </usg>
            </cit>
          </sense>
          <ptr type="collection" subtype="MWE" target="/collections-wboe.xml#c10311"/>
        </re>
        <re type="redewendung">
          <form subtype="MWE" type="lemma">
            <orth>nicht den rechten Flug zur Arbeit haben</orth>
          </form>
          <sense>
            <def>sich müde oder faul verhalten, wenn Arbeit zu leisten wäre</def>
            <usg type="geo">
              <placeName type="grossregion" ref="/geodata-wboe.xml#p1C.3">öNTir.</placeName>
            </usg>
            <cit type="example">
              <quote xml:lang="bar-AT">nöt den krachtn Flug hǫᵇm zo da ɒ̊rwad</quote>
              <usg type="geo">
                <placeName type="gemeinde" ref="/geodata-wboe.xml#p1C.3e06">Kufstein</placeName>
              </usg>
            </cit>
          </sense>
          <ptr type="collection" subtype="MWE" target="/collections-wboe.xml#c10312"/>
        </re>
      </entry>
    </body>
  </text>
</TEI>