<?xml version="1.0" encoding="UTF-8"?>
    <?xml-model href="http://www.tei-c.org/release/xml/tei/custom/schema/relaxng/tei_all.rng" type="application/xml" schematypens="http://purl.oclc.org/dsdl/schematron"?>
    <?xml-model href="../../803_RNG-schematron/WBOE-ODD.rnc" type="application/relax-ng-compact-syntax"?>
<?redaktionstool version="0.7.4" ?>
<?parser type="lioe" version="0.7.3" ?>
<TEI xmlns="http://www.tei-c.org/ns/1.0">
  <teiHeader>
    <fileDesc>
      <titleStmt>
        <title>Fläderling</title>
        <respStmt>
          <resp>Editor</resp>
          <name ref="#SW">Sabine Wahl</name>
        </respStmt>
        <respStmt>
          <resp>Encoding Scheme</resp>
          <name>Jack Bowers</name>
          <name>Daniel Schopper</name>
          <name>Omar Siam</name>
        </respStmt>
        <respStmt>
          <resp>DBOE Team</resp>
          <name xml:id="AL">Alexandra N. Lenz</name>
          <name xml:id="PhS">Philipp Stöckle</name>
          <name xml:id="AG">Andreas Gellan</name>
          <name xml:id="PZ">Patrick Zeitlhuber</name>
          <name xml:id="SW">Sabine Wahl</name>
          <name xml:id="SS">Sonja Schwaiger</name>
          <name xml:id="AB">Angela Bergermayer</name>
          <name xml:id="EW">Eva Wahlmüller</name>
          <name xml:id="DG">David Gschösser</name>
          <name xml:id="StS">Stefanie Schöberl</name>
          <name xml:id="FF">Fabian Fleißner</name>
        </respStmt>
        <respStmt>
          <resp>Student assistants</resp>
          <name>Susanna Muhr</name>
          <name>Manuela Stütz</name>
          <name>Christina Hemetsberger</name>
        </respStmt>
      </titleStmt>
      <publicationStmt>
        <p></p>
      </publicationStmt>
      <sourceDesc>
        <list>
          <item>
            <label>Geo-data</label>
            <ptr xml:id="geo-inventory-WBOE" target="../geodata-wboe.xml"/>
          </item>
          <item>
            <label>Bibliography</label>
            <ptr xml:id="bibliography-WBOE" target="../bibl-wboe.xml"/>
          </item>
          <item>
            <label>WBOE-Slips</label>
            <ptr xml:id="slips-WBOE" target="../slips-wboe.xml"/>
          </item>
          <item>
            <label>WBOE-Collections</label>
            <ptr xml:id="collections-WBOE" target="../collections-wboe.xml"/>
          </item>
        </list>
      </sourceDesc>
    </fileDesc>
    <revisionDesc>
      <listChange>
        <change status="in progress" when="2021-10-12" who="#SW">Datensatz erstellt</change>
        <change status="peer correction" when="2021-10-12" who="#SW">V1</change>
        <change status="peer correction" when="2022-01-11" who="#PZ">LK eingefügt</change>
        <change status="internal correction" when="2022-01-14" who="#SW">V2</change>
        <change status="external correction" when="2022-01-19" who="#SW">V2</change>
        <change status="finished" when="2022-01-26" who="#SW">V3</change>
      </listChange>
    </revisionDesc>
  </teiHeader>
  <text>
    <body>
      <entry>
        <form type="lemma" xml:id="Flaederling">
          <orth>Fläderling</orth>
        </form>
        <form type="lemma" xml:id="Fladerling">
          <orth>Fladerling</orth>
          <ptr type="collection" subtype="lemma" target="/collections-wboe.xml#c11286"/>
        </form>
        <gramGrp>
          <gram type="pos">Substantiv</gram>
          <gram type="gender">Maskulinum</gram>
        </gramGrp>
        <usg type="geo">
          <placeName type="grossregion" ref="/geodata-wboe.xml#p2.2">MKtn.</placeName>
        </usg>
        <usg type="geo">
          <placeName type="grossregion" ref="/geodata-wboe.xml#p3.1">sbair.ObStmk.</placeName>
        </usg>
        <usg type="geo">
          <placeName type="grossregion" ref="/geodata-wboe.xml#p3.2">mbair.ObStmk.</placeName>
        </usg>
        <usg type="geo">
          <placeName type="bundesland" ref="/geodata-wboe.xml#p4">Sbg.</placeName>
        </usg>
        <usg type="geo">
          <placeName type="grossregion" ref="/geodata-wboe.xml#p5.3">Traunv.</placeName>
        </usg>
        <usg type="geo">
          <placeName type="bundesland" ref="/geodata-wboe.xml#p6">NÖ</placeName>
        </usg>
        <usg type="geo">
          <placeName type="grossregion" ref="/geodata-wboe.xml#p6.5">Wien</placeName>
        </usg>
        <usg type="geo">
          <placeName type="grossregion" ref="/geodata-wboe.xml#p7.1">NBgl.</placeName>
        </usg>
        <note type="kommentar" resp="#PZ">In der Stammsilbe treten lange helle
          <c>a</c>-Monophthonge auf
          <xr>
            <ref>flādɒlįŋ</ref>
            <ref>flādɒləŋ</ref>
          </xr>. Parallel finden sich auf mhd.
          <c>a</c>zurückgehenden Stammvokale als zu
          <c>o</c>verdumpfte Monophthonge im östlichen Südbairischen sowie im Ostmittelbairischen
          <xr>
            <ref>flǭdɒlįŋ</ref>
            <ref>flǭdɒlɒn</ref>
          </xr>. Der Vokal der zweiten Silbe wurde im gesamten Verbreitungsgebiet reduziert und das
          <c>r</c>vokalisiert
          <xr>
            <ref>flādɒlįŋ</ref>
            <ref>pflādɒləŋ</ref>
          </xr>. Im Pinzgau wurde die mittlere Silbe gelegentlich gänzlich getilgt
          <xr>
            <ref>pflālįŋ</ref>
          </xr>. In der auslautenden Silbe kann der Vokal in unterschiedlichen Qalitäten vorkommen
          <xr>
            <ref>flǭdɒlįŋ</ref>
            <ref>flādɒləŋ</ref>
          </xr>, in der südbairischen Obersteiermark finden sich parallel alveolare Nasale im Auslaut
          <xr>
            <ref>flǭdɒlɒn</ref>
          </xr>. Im östlichen Südbairischen und im westlichen Südmittelbairischen wurde der Anlaut häufig durch Affrizierung gestärkt
          <xr>
            <ref>pflādɒləŋ</ref>
          </xr>.
        </note>
        <form type="dialect">
          <pron xml:lang="bar-AT">pfladerling</pron>
          <usg type="geo">
            <placeName type="gemeinde" ref="/geodata-wboe.xml#p2.2d02">Reichenau</placeName>
          </usg>
        </form>
        <form type="dialect">
          <pron xml:lang="bar-AT">-pflådalan</pron>
          <usg type="geo">
            <placeName type="gemeinde" ref="/geodata-wboe.xml#p3.1k01">Obdach</placeName>
          </usg>
        </form>
        <form type="dialect">
          <pron xml:lang="bar-AT">-fladaling</pron>
          <usg type="geo">
            <placeName type="gemeinde" ref="/geodata-wboe.xml#p3.2i03">Grundlsee</placeName>
          </usg>
        </form>
        <form type="dialect">
          <pron xml:lang="bar-AT">-pflaling</pron>
          <usg type="geo">
            <placeName type="gemeinde" ref="/geodata-wboe.xml#p4.2g01">Leogang</placeName>
          </usg>
        </form>
        <form type="dialect">
          <pron xml:lang="bar-AT">-pfladɒlė̃ŋ</pron>
          <usg type="geo">
            <placeName type="gemeinde" ref="/geodata-wboe.xml#p4.3d02">Großarl</placeName>
          </usg>
        </form>
        <form type="dialect">
          <pron xml:lang="bar-AT">φlá̄dɒlẹŋ</pron>
          <usg type="geo">
            <placeName type="gemeinde" ref="/geodata-wboe.xml#p4.5d06">Strobl</placeName>
          </usg>
        </form>
        <form type="dialect">
          <pron xml:lang="bar-AT">-fladerlin</pron>
          <usg type="geo">
            <placeName type="gemeinde" ref="/geodata-wboe.xml#p5.3o04">Losenstein</placeName>
          </usg>
        </form>
        <form type="dialect">
          <pron xml:lang="bar-AT">-φla·dɒlən</pron>
          <usg type="geo">
            <placeName type="kleinregion" ref="/geodata-wboe.xml#p6.1p">obTraisent.</placeName>
          </usg>
        </form>
        <form type="dialect">
          <pron xml:lang="bar-AT">-flōdalingn</pron>
          <usg type="geo">
            <placeName type="gemeinde" ref="/geodata-wboe.xml#p6.3a15">Kautzen</placeName>
          </usg>
        </form>
        <form type="dialect">
          <pron xml:lang="bar-AT">-fladerling</pron>
          <usg type="geo">
            <placeName type="grossregion" ref="/geodata-wboe.xml#p6.5">Wien</placeName>
          </usg>
        </form>
        <form type="dialect">
          <pron xml:lang="bar-AT">-flodaling</pron>
          <usg type="geo">
            <placeName type="gemeinde" ref="/geodata-wboe.xml#p7.1e10">Zemendorf-Stöttera</placeName>
          </usg>
          <ptr type="collection" subtype="lautung" target="/collections-wboe.xml#c22742"/>
        </form>
        <etym>
          <seg type="desc">Ableitung von</seg>
          <cit type="etymon">
            <xr type="lemma">
              <ref target="Fladen.xml#Fladen">Fladen</ref>
            </xr>
          </cit>
        </etym>
        <sense>
          <sense>
            <sense>
              <def>Kuhfladen</def>
              <usg type="geo">
                <placeName type="grossregion" ref="/geodata-wboe.xml#p3.2">mbair.ObStmk.</placeName>
              </usg>
              <usg type="geo">
                <placeName type="grossregion" ref="/geodata-wboe.xml#p4.5">Flachg.</placeName>
              </usg>
              <usg type="geo">
                <placeName type="grossregion" ref="/geodata-wboe.xml#p5.3">Traunv.</placeName>
              </usg>
              <usg type="geo">
                <placeName type="grossregion" ref="/geodata-wboe.xml#p6.1">Mostv.</placeName>
              </usg>
              <ptr type="collection" subtype="bedeutung" target="/collections-wboe.xml#c22720"/>
            </sense>
            <sense>
              <def>Schmutzfladen</def>
              <usg type="geo">
                <placeName type="bundesland" ref="/geodata-wboe.xml#p4">Sbg.</placeName>
              </usg>
              <ptr type="collection" subtype="bedeutung" target="/collections-wboe.xml#c22740"/>
            </sense>
          </sense>
          <sense>
            <def>großes Stück; große Menge</def>
            <usg type="geo">
              <placeName type="grossregion" ref="/geodata-wboe.xml#p2.2">MKtn.</placeName>
            </usg>
            <ptr type="collection" subtype="bedeutung" target="/collections-wboe.xml#c22739"/>
          </sense>
        </sense>
        <re>
          <form subtype="compound" type="lemma">
            <orth>Kuhfläderling</orth>
          </form>
          <sense>
            <sense>
              <def>Kuhfladen</def>
              <usg type="geo">
                <placeName type="grossregion" ref="/geodata-wboe.xml#p3.1">sbair.ObStmk.</placeName>
              </usg>
              <usg type="geo">
                <placeName type="grossregion" ref="/geodata-wboe.xml#p3.2">mbair.ObStmk.</placeName>
              </usg>
              <usg type="geo">
                <placeName type="grossregion" ref="/geodata-wboe.xml#p4.2">Pinzg.</placeName>
              </usg>
              <usg type="geo">
                <placeName type="grossregion" ref="/geodata-wboe.xml#p4.3">Pong.</placeName>
              </usg>
              <usg type="geo">
                <placeName type="grossregion" ref="/geodata-wboe.xml#p5.3">Traunv.</placeName>
              </usg>
              <usg type="geo">
                <placeName type="grossregion" ref="/geodata-wboe.xml#p6.1">Mostv.</placeName>
              </usg>
              <usg type="geo">
                <placeName type="grossregion" ref="/geodata-wboe.xml#p6.3">Waldv.</placeName>
              </usg>
              <usg type="geo">
                <placeName type="grossregion" ref="/geodata-wboe.xml#p6.5">Wien</placeName>
              </usg>
              <usg type="geo">
                <placeName type="grossregion" ref="/geodata-wboe.xml#p7.1">NBgl.</placeName>
              </usg>
              <ptr type="collection" subtype="bedeutung" target="/collections-wboe.xml#c22718"/>
            </sense>
            <sense>
              <def>Kuhpilz; Boletus bovinus</def>
              <usg type="geo">
                <placeName type="bundesland" ref="/geodata-wboe.xml#p6">NÖ</placeName>
              </usg>
              <ptr type="collection" subtype="bedeutung" target="/collections-wboe.xml#c22737"/>
            </sense>
          </sense>
        </re>
        <re>
          <form subtype="compound" type="lemma">
            <orth>Osterfläderling</orth>
          </form>
          <sense>
            <sense>
              <def>Person, die am Ostersonntag als letzte aufsteht</def>
              <usg type="geo">
                <placeName type="grossregion" ref="/geodata-wboe.xml#p4.2">Pinzg.</placeName>
              </usg>
              <ptr type="collection" subtype="bedeutung" target="/collections-wboe.xml#c22719"/>
            </sense>
          </sense>
        </re>
      </entry>
    </body>
  </text>
</TEI>