<?xml version="1.0" encoding="UTF-8"?>
    <?xml-model href="http://www.tei-c.org/release/xml/tei/custom/schema/relaxng/tei_all.rng" type="application/xml" schematypens="http://purl.oclc.org/dsdl/schematron"?>
    <?xml-model href="../../803_RNG-schematron/WBOE-ODD.rnc" type="application/relax-ng-compact-syntax"?>
<?redaktionstool version="0.8.1" ?>
<?parser type="lioe" version="0.8.0" ?>
<TEI xmlns="http://www.tei-c.org/ns/1.0">
  <teiHeader>
    <fileDesc>
      <titleStmt>
        <title>Flöte</title>
        <respStmt>
          <resp>Editor</resp>
          <name ref="#EW">Eva Wahlmüller</name>
        </respStmt>
        <respStmt>
          <resp>Encoding Scheme</resp>
          <name>Jack Bowers</name>
          <name>Daniel Schopper</name>
          <name>Omar Siam</name>
        </respStmt>
        <respStmt>
          <resp>DBOE Team</resp>
          <name xml:id="AL">Alexandra N. Lenz</name>
          <name xml:id="PhS">Philipp Stöckle</name>
          <name xml:id="AG">Andreas Gellan</name>
          <name xml:id="PZ">Patrick Zeitlhuber</name>
          <name xml:id="SW">Sabine Wahl</name>
          <name xml:id="SS">Sonja Schwaiger</name>
          <name xml:id="JD">Jan Braun</name>
          <name xml:id="AB">Angela Bergermayer</name>
          <name xml:id="EW">Eva Wahlmüller</name>
          <name xml:id="DG">David Gschösser</name>
          <name xml:id="StS">Stefanie Schöberl</name>
          <name xml:id="FF">Fabian Fleißner</name>
          <name xml:id="MK">Markus Kunzmann</name>
        </respStmt>
        <respStmt>
          <resp>Student assistants</resp>
          <name>Eva Wahlmüller</name>
          <name>Susanna Muhr</name>
          <name>Alexandra Grohe</name>
          <name>Klemens Wagner</name>
          <name>Manuela Stütz</name>
          <name>Christina Hemetsberger</name>
        </respStmt>
      </titleStmt>
      <publicationStmt>
        <p></p>
      </publicationStmt>
      <sourceDesc>
        <list>
          <item>
            <label>Geo-data</label>
            <ptr xml:id="geo-inventory-WBOE" target="../geodata-wboe.xml"/>
          </item>
          <item>
            <label>Bibliography</label>
            <ptr xml:id="bibliography-WBOE" target="../bibl-wboe.xml"/>
          </item>
          <item>
            <label>WBOE-Slips</label>
            <ptr xml:id="slips-WBOE" target="../slips-wboe.xml"/>
          </item>
          <item>
            <label>WBOE-Collections</label>
            <ptr xml:id="collections-WBOE" target="../collections-wboe.xml"/>
          </item>
        </list>
      </sourceDesc>
    </fileDesc>
    <revisionDesc>
      <listChange>
        <change status="external correction" when="2019-00-08" who="#EW">Datensatz erstellt</change>
        <change status="external correction" when="2020-04-27" who="#EW">Lautkommentar eingefügt+formale Korrekturen Etymologie (Kommata)</change>
        <change status="external correction" when="2020-05-08" who="#EW">Lautkommentar von JE abgesegne; Kommentar wegen zwei ref Tags beim LK</change>
        <change status="external correction" when="2020-07-21" who="#EW">Korrekturen</change>
        <change status="finished" when="2020-10-05" who="#EW">Checkliste Artikeloptimierung durchgegangen</change>
        <change status="finished" when="2022-05-17" who="#EW">online Korrekturen eingearbeitet</change>
      </listChange>
    </revisionDesc>
  </teiHeader>
  <text>
    <body>
      <entry>
        <form type="lemma" xml:id="Floete">
          <orth>Flöte</orth>
          <ptr type="collection" subtype="lemma" target="/collections-wboe.xml#c758"/>
        </form>
        <gramGrp>
          <gram type="pos">Substantiv</gram>
          <gram type="gender">Femininum</gram>
        </gramGrp>
        <form type="variant" subtype="diminutive" xml:id="Floetel">
          <orth>Flötel</orth>
          <orth>Flötelein</orth>
          <gramGrp>
            <gram type="gender">Neutrum</gram>
          </gramGrp>
        </form>
        <usg type="geo">
          <placeName type="bundesland" ref="/geodata-wboe.xml#p1A">STir.</placeName>
        </usg>
        <usg type="geo">
          <placeName type="bundesland" ref="/geodata-wboe.xml#p1B">OTir.</placeName>
        </usg>
        <usg type="geo">
          <placeName type="bundesland" ref="/geodata-wboe.xml#p1C">NTir.</placeName>
        </usg>
        <usg type="geo">
          <placeName type="bundesland" ref="/geodata-wboe.xml#p5">OÖ</placeName>
        </usg>
        <usg type="geo">
          <placeName type="bundesland" ref="/geodata-wboe.xml#p6">NÖ</placeName>
        </usg>
        <usg type="geo">
          <placeName type="bundesland" ref="/geodata-wboe.xml#p6.5">Wien</placeName>
        </usg>
        <usg type="geo">
          <placeName type="grossregion" ref="/geodata-wboe.xml#p7.1">NBgl.</placeName>
        </usg>
        <note type="kommentar" resp="#FF">Während im Mittelbairischen
          <c>e</c>-Monophthonge unterschiedlicher Qualität als Entrundungsprodukte vorliegen
          <xr>
            <ref>flēdn̥</ref>
          </xr>, lassen sich Südbairisch noch
          <c>ö</c>-Monophthonge finden
          <xr>
            <ref>ƒlȫtə</ref>
          </xr>, aber auch Diphthonge mit
          <c>o</c>- bzw.
          <c>ö</c>-haltigem Onset
          <xr>
            <ref>ƒlǫetə</ref>
            <ref>ƒlǫ̈etə</ref>
          </xr>oder entrundetem Onset
          <xr>
            <ref>ƒlaetə</ref>
          </xr>. Anstelle des anlautenden
          <c>f</c>treten im Südbairischen vereinzelt übermarkierte Affrikaten
          <xr>
            <ref>pflǫetə</ref>
          </xr>auf. Mit Ausnahme des Südbairischen und des bairisch-alemannischen Übergangsgebiets im westlichen Nordtirol, wo vokalische Nebensilben belegt sind
          <xr>
            <ref>ƒlǫetə</ref>
          </xr>, herrschen bairische
          <c>n</c>-haltige silbische Endungen vor
          <xr>
            <ref>ƒlēdn̥</ref>
          </xr>. Teilweise hat die Lenisierung von
          <c>t</c>im Mittelbairischen in Kombination mit der Nasalierung vor
          <c>n</c>bis zum Dentalschwund geführt
          <xr>
            <ref>flēn̥</ref>
          </xr>.
          <xr></xr>
        </note>
        <form type="dialect">
          <pron xml:lang="bar-AT">flȫtẹ</pron>
          <usg type="geo">
            <placeName type="gemeinde" ref="/geodata-wboe.xml#p1A.4c01">Lüsen</placeName>
          </usg>
        </form>
        <form type="dialect">
          <pron xml:lang="bar-AT">flȫtl</pron>
          <usg>[Dim.]</usg>
          <usg type="geo">
            <placeName type="gemeinde" ref="/geodata-wboe.xml#p1A.4c01">Lüsen</placeName>
          </usg>
        </form>
        <form type="dialect">
          <pron xml:lang="bar-AT">flötilẹ</pron>
          <usg>[Dim.]</usg>
          <usg type="geo">
            <placeName type="gemeinde" ref="/geodata-wboe.xml#p1A.4c01">Lüsen</placeName>
          </usg>
        </form>
        <form type="dialect">
          <pron xml:lang="bar-AT">‑flẹite</pron>
          <usg type="geo">
            <placeName type="gemeinde" ref="/geodata-wboe.xml#p1A.4f01">Rasen-Antholz</placeName>
          </usg>
        </form>
        <form type="dialect">
          <pron xml:lang="bar-AT">‑flöɩ̣te</pron>
          <usg type="geo">
            <placeName type="kleinregion" ref="/geodata-wboe.xml#p1B.0d">Def.</placeName>
          </usg>
        </form>
        <form type="dialect">
          <pron xml:lang="bar-AT">floịte</pron>
          <usg type="geo">
            <placeName type="kleinregion" ref="/geodata-wboe.xml#p1B.0d">Def.</placeName>
          </usg>
        </form>
        <form type="dialect">
          <pron xml:lang="bar-AT">pfloite</pron>
          <usg type="geo">
            <placeName type="gemeinde" ref="/geodata-wboe.xml#p1B.0h01">Kals am Großglockner</placeName>
          </usg>
        </form>
        <form type="dialect">
          <pron xml:lang="bar-AT">floitə</pron>
          <usg type="geo">
            <placeName type="gemeinde" ref="/geodata-wboe.xml#p1C.1m06">Nauders</placeName>
          </usg>
        </form>
        <form type="dialect">
          <pron xml:lang="bar-AT">floita</pron>
          <usg type="geo">
            <placeName type="gemeinde" ref="/geodata-wboe.xml#p1C.1m06">Nauders</placeName>
          </usg>
        </form>
        <form type="dialect">
          <pron xml:lang="bar-AT">floitə</pron>
          <usg type="geo">
            <placeName type="gemeinde" ref="/geodata-wboe.xml#p1C.2k09">Zell am Ziller</placeName>
          </usg>
        </form>
        <form type="dialect">
          <pron xml:lang="bar-AT">φlėn</pron>
          <usg type="geo">
            <placeName type="gemeinde" ref="/geodata-wboe.xml#p5.2b46">Weibern</placeName>
          </usg>
        </form>
        <form type="dialect">
          <pron xml:lang="bar-AT">flė'n</pron>
          <usg type="geo">
            <placeName type="gemeinde" ref="/geodata-wboe.xml#p5.4b13">Ulrichsberg</placeName>
          </usg>
        </form>
        <form type="dialect">
          <pron xml:lang="bar-AT">flẹttn</pron>
          <usg type="geo">
            <placeName type="gemeinde" ref="/geodata-wboe.xml#p6.1o01">Herzogenburg</placeName>
          </usg>
        </form>
        <form type="dialect">
          <pron xml:lang="bar-AT">fletn</pron>
          <usg type="geo">
            <placeName type="gemeinde" ref="/geodata-wboe.xml#p6.4d18">Poysdorf</placeName>
          </usg>
        </form>
        <form type="dialect">
          <pron xml:lang="bar-AT">fletn</pron>
          <usg type="geo">
            <placeName type="bundesland" ref="/geodata-wboe.xml#p6.5">Wien</placeName>
          </usg>
        </form>
        <form type="dialect">
          <pron xml:lang="bar-AT">flętn</pron>
          <usg type="geo">
            <placeName type="gemeinde" ref="/geodata-wboe.xml#p7.1d16">Pöttsching</placeName>
          </usg>
          <ptr type="collection" subtype="lautung" target="/collections-wboe.xml#c761"/>
        </form>
        <etym>
          <seg type="desc">entlehnt aus
            <lang>altfrz.</lang>
          </seg>
          <cit type="etymon">
            <form>
              <orth>flaüte</orth>
            </form>
          </cit>
          <cit type="etymon">
            <lang>mhd.</lang>
            <form>
              <orth>vloite</orth>
            </form>
            <form>
              <orth>floit</orth>
            </form>
            <form>
              <orth>flöute</orth>
            </form>
            <def>Flöte</def>
          </cit>
          <ref type="bibl" target="#">
            <lbl>vgl.</lbl>Lexer 1878 III
            <citedRange>411</citedRange>
          </ref>
          <ref type="bibl" target="#">Pfeifer 2014
            <citedRange>358</citedRange>
          </ref>
        </etym>
        <sense>
          <sense>
            <def>rohrförmiges Holzblasinstrument</def>
            <usg type="geo">
              <placeName type="bundesland" ref="/geodata-wboe.xml#p1A">STir.</placeName>
            </usg>
            <usg type="geo">
              <placeName type="bundesland" ref="/geodata-wboe.xml#p1B">OTir.</placeName>
            </usg>
            <usg type="geo">
              <placeName type="bundesland" ref="/geodata-wboe.xml#p1C">NTir.</placeName>
            </usg>
            <usg type="geo">
              <placeName type="grossregion" ref="/geodata-wboe.xml#p5.2">Hausrv.</placeName>
            </usg>
            <usg type="geo">
              <placeName type="grossregion" ref="/geodata-wboe.xml#p5.4">Mühlv.</placeName>
            </usg>
            <usg type="geo">
              <placeName type="bundesland" ref="/geodata-wboe.xml#p6">NÖ</placeName>
            </usg>
            <usg type="geo">
              <placeName type="bundesland" ref="/geodata-wboe.xml#p6.5">Wien</placeName>
            </usg>
            <usg type="geo">
              <placeName type="grossregion" ref="/geodata-wboe.xml#p7.1">NBgl.</placeName>
            </usg>
            <ptr type="collection" subtype="bedeutung" target="/collections-wboe.xml#c765"/>
          </sense>
          <sense>
            <def>nachlässig gekleidete Frau</def>
            <usg type="geo">
              <placeName type="grossregion" ref="/geodata-wboe.xml#p1C.1">wNTir.</placeName>
            </usg>
            <ptr type="collection" subtype="bedeutung" target="/collections-wboe.xml#c768"/>
          </sense>
        </sense>
        <re>
          <form subtype="compound" type="lemma">
            <orth>Eierflöte</orth>
          </form>
          <sense>
            <sense>
              <def type="umschreibung">Ostergebäck</def>
              <usg type="geo">
                <placeName type="bundesland" ref="/geodata-wboe.xml#p5">OÖ</placeName>
              </usg>
              <ptr type="collection" subtype="bedeutung" target="/collections-wboe.xml#c769"/>
            </sense>
          </sense>
        </re>
        <re>
          <form subtype="compound" type="lemma">
            <orth>Maiflöte, Maienflöte</orth>
          </form>
          <sense>
            <sense>
              <def>handgeschnitztes Blasinstrument aus jungem Holz</def>
              <usg type="geo">
                <placeName type="grossregion" ref="/geodata-wboe.xml#p1A.4">öSTir.</placeName>
              </usg>
              <usg type="geo">
                <placeName type="bundesland" ref="/geodata-wboe.xml#p1B">OTir.</placeName>
              </usg>
              <ptr type="collection" subtype="bedeutung" target="/collections-wboe.xml#c770"/>
            </sense>
          </sense>
        </re>
        <re>
          <form subtype="compound" type="lemma">
            <orth>Masenflöte</orth>
          </form>
          <sense>
            <sense>
              <def>handgeschnitztes Holzblasinstrument</def>
              <usg type="geo">
                <placeName type="bundesland" ref="/geodata-wboe.xml#p1B">OTir.</placeName>
              </usg>
              <ptr type="collection" subtype="bedeutung" target="/collections-wboe.xml#c771"/>
            </sense>
          </sense>
        </re>
        <re>
          <form subtype="compound" type="lemma">
            <orth>Osterflöte</orth>
          </form>
          <sense>
            <sense>
              <def type="umschreibung">Ostergebäck</def>
              <usg type="geo">
                <placeName type="bundesland" ref="/geodata-wboe.xml#p5">OÖ</placeName>
              </usg>
              <ptr type="collection" subtype="bedeutung" target="/collections-wboe.xml#c773"/>
            </sense>
          </sense>
        </re>
      </entry>
    </body>
  </text>
</TEI>