<?xml version="1.0" encoding="UTF-8"?>
    <?xml-model href="http://www.tei-c.org/release/xml/tei/custom/schema/relaxng/tei_all.rng" type="application/xml" schematypens="http://purl.oclc.org/dsdl/schematron"?>
    <?xml-model href="../../803_RNG-schematron/WBOE-ODD.rnc" type="application/relax-ng-compact-syntax"?>
<?redaktionstool version="0.6.6"?>
<TEI xmlns="http://www.tei-c.org/ns/1.0">
  <teiHeader>
    <fileDesc>
      <titleStmt>
        <title>Fopperei</title>
        <respStmt>
          <resp>Editor</resp>
          <name ref="#PZ">Patrick Zeitlhuber</name>
        </respStmt>
        <respStmt>
          <resp>Encoding Scheme</resp>
          <name>Jack Bowers</name>
          <name>Daniel Schopper</name>
          <name>Omar Siam</name>
        </respStmt>
        <respStmt>
          <resp>DBOE Team</resp>
          <name xml:id="AL">Alexandra N. Lenz</name>
          <name xml:id="PhS">Philipp Stöckle</name>
          <name xml:id="AG">Andreas Gellan</name>
          <name xml:id="PZ">Patrick Zeitlhuber</name>
          <name xml:id="SW">Sabine Wahl</name>
          <name xml:id="SS">Sonja Schwaiger</name>
          <name xml:id="AB">Angela Bergermayer</name>
          <name xml:id="EW">Eva Wahlmüller</name>
          <name xml:id="DG">David Gschösser</name>
          <name xml:id="StS">Stefanie Schöberl</name>
          <name xml:id="FF">Fabian Fleißner</name>
        </respStmt>
        <respStmt>
          <resp>Student assistants</resp>
          <name>Susanna Muhr</name>
          <name>Manuela Stütz</name>
          <name>Christina Hemetsberger</name>
        </respStmt>
      </titleStmt>
      <publicationStmt>
        <p></p>
      </publicationStmt>
      <sourceDesc>
        <list>
          <item>
            <label>Geo-data</label>
            <ptr xml:id="geo-inventory-WBOE" target="../geodata-wboe.xml"/>
          </item>
          <item>
            <label>Bibliography</label>
            <ptr xml:id="bibliography-WBOE" target="../bibl-wboe.xml"/>
          </item>
          <item>
            <label>WBOE-Slips</label>
            <ptr xml:id="slips-WBOE" target="../slips-wboe.xml"/>
          </item>
          <item>
            <label>WBOE-Collections</label>
            <ptr xml:id="collections-WBOE" target="../collections-wboe.xml"/>
          </item>
        </list>
      </sourceDesc>
    </fileDesc>
    <revisionDesc status="">
      <listChange>
        <change status="finished" when="2020-02-20" who="#PZ">Datensatz erstellt</change>
        <change status="finished" when="2020-06-02" who="#DG">Lautkommentar eingearbeitet</change>
        <change status="finished" when="2020-06-02" who="#DG">Collections verknüpft</change>
        <change status="finished" when="2020-10-08" who="#PZ">fertig für Release</change>
      </listChange>
    </revisionDesc>
  </teiHeader>
  <text>
    <body>
      <entry>
        <form type="lemma" xml:id="Fopperei">
          <orth>Fopperei</orth>
          <ptr type="collection" subtype="lemma" target="/collections-wboe.xml#c6332"/>
        </form>
        <gramGrp>
          <gram type="pos">Substantiv</gram>
          <gram type="gender">Femininum</gram>
        </gramGrp>
        <usg type="geo">
          <placeName type="grossregion" ref="/geodata-wboe.xml#p1A.2">mSTir.</placeName>
        </usg>
        <usg type="geo">
          <placeName type="grossregion" ref="/geodata-wboe.xml#p1C.3">öNTir.</placeName>
        </usg>
        <usg type="geo">
          <placeName type="grossregion" ref="/geodata-wboe.xml#p2.2">MKtn.</placeName>
        </usg>
        <usg type="geo">
          <placeName type="grossregion" ref="/geodata-wboe.xml#p3.4">MStmk.</placeName>
        </usg>
        <usg type="geo">
          <placeName type="grossregion" ref="/geodata-wboe.xml#p5.1">Innv.</placeName>
        </usg>
        <usg type="geo">
          <placeName type="grossregion" ref="/geodata-wboe.xml#p5.2">Hausrv.</placeName>
        </usg>
        <usg type="geo">
          <placeName type="grossregion" ref="/geodata-wboe.xml#p5.4">Mühlv.</placeName>
        </usg>
        <usg type="geo">
          <placeName type="grossregion" ref="/geodata-wboe.xml#p6.1">Mostv.</placeName>
        </usg>
        <usg type="geo">
          <placeName type="bundesland" ref="/geodata-wboe.xml#p6.5">Wien</placeName>
        </usg>
        <note type="kommentar" resp="#FF">Regelhaft liegen für den Stammvokal kurze
          <c>o</c>-Monophthonge vor, die in weiten Teilen des Untersuchungsgebiets ihre ursprüngliche Qualität und Quantität bewahrt oder wiedererlangt haben
          <xr>
            <ref>ƒǫpɒrae</ref>
          </xr>. Die initiale Silbe des Kollektivsuffixes -
          <c>erei</c>ist in den meisten Gegenden zu -
          <c>ɒ</c>vokalisiert worden, der Liquid wurde sekundär wieder hergestellt
          <xr>
            <ref>ƒǫpɒrae</ref>
          </xr>. Im Südbairischen sind mitunter noch geschlossenere
          <c>e</c>-Laute belegt
          <xr>
            <ref>ƒǫpərae</ref>
          </xr>.
        </note>
        <form type="dialect">
          <pron xml:lang="bar-AT">φopɒráe</pron>
          <usg type="geo">
            <placeName type="kleinregion" ref="/geodata-wboe.xml#p1C.3a">Achens.Beck.</placeName>
          </usg>
        </form>
        <form type="dialect">
          <pron xml:lang="bar-AT">fopɒráė</pron>
          <usg type="geo">
            <placeName type="gemeinde" ref="/geodata-wboe.xml#p5.1c07">Mühlheim am Inn</placeName>
          </usg>
        </form>
        <form type="dialect">
          <pron xml:lang="bar-AT">φopɒrá̄i</pron>
          <usg type="geo">
            <placeName type="gemeinde" ref="/geodata-wboe.xml#p5.2b28">Pichl bei Wels</placeName>
          </usg>
        </form>
        <form type="dialect">
          <pron xml:lang="bar-AT">fopɒraė</pron>
          <usg type="geo">
            <placeName type="gemeinde" ref="/geodata-wboe.xml#p5.4b13">Ulrichsberg</placeName>
          </usg>
        </form>
        <form type="dialect">
          <pron xml:lang="bar-AT">fọppɒrá̄i</pron>
          <usg type="geo">
            <placeName type="gemeinde" ref="/geodata-wboe.xml#p6.1o01">Herzogenburg</placeName>
          </usg>
          <ptr type="collection" subtype="lautung" target="/collections-wboe.xml#c6334"/>
        </form>
        <etym>
          <seg type="desc">Ableitung von</seg>
          <cit type="etymon">
            <xr type="lemma">
              <ref target="foppen.xml">foppen, focken</ref>
            </xr>
          </cit>
        </etym>
        <sense>
          <sense>
            <sense>
              <def>(scherzhafte) Täuschung</def>
              <usg type="geo">
                <placeName type="grossregion" ref="/geodata-wboe.xml#p5.1">Innv.</placeName>
              </usg>
              <usg type="geo">
                <placeName type="bundesland" ref="/geodata-wboe.xml#p6.5">Wien</placeName>
              </usg>
              <ptr type="collection" subtype="bedeutung" target="/collections-wboe.xml#c6335"/>
            </sense>
            <sense>
              <def>Hänselei; Neckerei</def>
              <usg type="geo">
                <placeName type="grossregion" ref="/geodata-wboe.xml#p1A.2">mSTir.</placeName>
              </usg>
              <usg type="geo">
                <placeName type="grossregion" ref="/geodata-wboe.xml#p2.2">MKtn.</placeName>
              </usg>
              <usg type="geo">
                <placeName type="grossregion" ref="/geodata-wboe.xml#p3.4">MStmk.</placeName>
              </usg>
              <usg type="geo">
                <placeName type="grossregion" ref="/geodata-wboe.xml#p5.2">Hausrv.</placeName>
              </usg>
              <usg type="geo">
                <placeName type="bundesland" ref="/geodata-wboe.xml#p6.5">Wien</placeName>
              </usg>
              <ptr type="collection" subtype="bedeutung" target="/collections-wboe.xml#c6336"/>
            </sense>
            <sense>
              <def>Prahlerei</def>
              <usg type="geo">
                <placeName type="grossregion" ref="/geodata-wboe.xml#p1C.3">öNTir.</placeName>
              </usg>
              <ptr type="collection" subtype="bedeutung" target="/collections-wboe.xml#c6338"/>
            </sense>
          </sense>
        </sense>
      </entry>
    </body>
  </text>
</TEI>