<?xml version="1.0" encoding="UTF-8"?>
    <?xml-model href="http://www.tei-c.org/release/xml/tei/custom/schema/relaxng/tei_all.rng" type="application/xml" schematypens="http://purl.oclc.org/dsdl/schematron"?>
    <?xml-model href="../../803_RNG-schematron/WBOE-ODD.rnc" type="application/relax-ng-compact-syntax"?>
<?redaktionstool version="0.6.6"?>
<TEI xmlns="http://www.tei-c.org/ns/1.0">
  <teiHeader>
    <fileDesc>
      <titleStmt>
        <title>Fotograf</title>
        <respStmt>
          <resp>Editor</resp>
          <name ref="#SW">Sabine Wahl</name>
        </respStmt>
        <respStmt>
          <resp>Encoding Scheme</resp>
          <name>Jack Bowers</name>
          <name>Daniel Schopper</name>
          <name>Omar Siam</name>
        </respStmt>
        <respStmt>
          <resp>DBOE Team</resp>
          <name xml:id="AL">Alexandra N. Lenz</name>
          <name xml:id="PhS">Philipp Stöckle</name>
          <name xml:id="AG">Andreas Gellan</name>
          <name xml:id="PZ">Patrick Zeitlhuber</name>
          <name xml:id="SW">Sabine Wahl</name>
          <name xml:id="SS">Sonja Schwaiger</name>
          <name xml:id="JD">Jan Braun</name>
          <name xml:id="AB">Angela Bergermayer</name>
          <name xml:id="EW">Eva Wahlmüller</name>
          <name xml:id="DG">David Gschösser</name>
          <name xml:id="StS">Stefanie Schöberl</name>
          <name xml:id="FF">Fabian Fleißner</name>
        </respStmt>
        <respStmt>
          <resp>Student assistants</resp>
          <name>Eva Wahlmüller</name>
          <name>Susanna Muhr</name>
          <name>Alexandra Grohe</name>
          <name>Klemens Wagner</name>
          <name>Manuela Stütz</name>
          <name>Christina Hemetsberger</name>
        </respStmt>
      </titleStmt>
      <publicationStmt>
        <p></p>
      </publicationStmt>
      <sourceDesc>
        <list>
          <item>
            <label>Geo-data</label>
            <ptr xml:id="geo-inventory-WBOE" target="../geodata-wboe.xml"/>
          </item>
          <item>
            <label>Bibliography</label>
            <ptr xml:id="bibliography-WBOE" target="../bibl-wboe.xml"/>
          </item>
          <item>
            <label>WBOE-Slips</label>
            <ptr xml:id="slips-WBOE" target="../slips-wboe.xml"/>
          </item>
          <item>
            <label>WBOE-Collections</label>
            <ptr xml:id="collections-WBOE" target="../collections-wboe.xml"/>
          </item>
        </list>
      </sourceDesc>
    </fileDesc>
    <revisionDesc>
      <listChange>
        <change status="external correction" when="2018-10-16" who="#SW">Datensatz erstellt</change>
        <change status="finished" when="2020-10-15" who="#SW">Artikeloptimierung durchgeführt</change>
      </listChange>
    </revisionDesc>
  </teiHeader>
  <text>
    <body>
      <entry>
        <form type="lemma" xml:id="Fotograf">
          <orth>Fotograf</orth>
          <ptr type="collection" subtype="lemma" target="/collections-wboe.xml#c877"/>
        </form>
        <gramGrp>
          <gram type="pos">Substantiv</gram>
          <gram type="gender">Maskulinum</gram>
        </gramGrp>
        <usg type="geo">
          <placeName type="grossregion" ref="/geodata-wboe.xml#p1C.1">wNTir.</placeName>
        </usg>
        <usg type="geo">
          <placeName type="grossregion" ref="/geodata-wboe.xml#p1C.3">öNTir.</placeName>
        </usg>
        <usg type="geo">
          <placeName type="grossregion" ref="/geodata-wboe.xml#p2.2">MKtn.</placeName>
        </usg>
        <usg type="geo">
          <placeName type="grossregion" ref="/geodata-wboe.xml#p3.1">sbair.ObStmk.</placeName>
        </usg>
        <usg type="geo">
          <placeName type="grossregion" ref="/geodata-wboe.xml#p3.5">OStmk.</placeName>
        </usg>
        <usg type="geo">
          <placeName type="grossregion" ref="/geodata-wboe.xml#p5.2">Hausrv.</placeName>
        </usg>
        <usg type="geo">
          <placeName type="grossregion" ref="/geodata-wboe.xml#p5.3">Traunv.</placeName>
        </usg>
        <usg type="geo">
          <placeName type="grossregion" ref="/geodata-wboe.xml#p6.1">Mostv.</placeName>
        </usg>
        <usg type="geo">
          <placeName type="grossregion" ref="/geodata-wboe.xml#p6.3">Waldv.</placeName>
        </usg>
        <usg type="geo">
          <placeName type="grossregion" ref="/geodata-wboe.xml#p6.4">Weinv.</placeName>
        </usg>
        <usg type="geo">
          <placeName type="grossregion" ref="/geodata-wboe.xml#p6.5">Wien</placeName>
        </usg>
        <usg type="geo">
          <placeName type="grossregion" ref="/geodata-wboe.xml#p7.2">MBgl.</placeName>
        </usg>
        <note type="kommentar" resp="#FF">Die Lautverhältnisse der einzelnen aus dem Griechischen entlehnten Kompositionsglieder wurden vielfach umgedeutet und abgewandelt. Der initiale geschlossene
          <c>o</c>-Monophthong des Stammvokals wird teilweise beibehalten
          <xr>
            <ref>ƒotǫgrāf</ref>
          </xr>oder wie ein historischer bairischer
          <c>o</c>-Laut behandelt, was sich etwa in steigenden
          <c>ou</c>-Diphthongen zeigt
          <xr>
            <ref>ƒǫutɒgrāf</ref>
          </xr>. Sehr häufig wird der Vokal als Bestandteil einer Verbindung mit
          <c>r</c>interpretiert, besonders im Mittelbairischen. Darauf weisen zunächst Formen mit eingeschobenem Liquid hin
          <xr>
            <ref>fǫrdɒgrāf</ref>
          </xr>. Angelehnt an ähnliche Entwicklungen wie bei
          <c>fort</c>oder
          <c>dort</c>sind auch typisch stadtsprachliche und den Altwiener Leselautgesetzen entsprungene Hebungen zu
          <c>u</c>vor
          <c>r</c>belegt
          <xr>
            <ref>fųrdɒgrāf</ref>
          </xr>. Der zweite Vokal des Wortstamms ist als unbetonte Nebensilbe interpretiert und entsprechend abgewandelt worden. Häufig liegt eine Abschwächung zu
          <c>ə</c>vor
          <xr>
            <ref>ƒotəgrāf</ref>
          </xr>. Auch hier wird vereinzelt eine Verbindung mit
          <c>r</c>angenommen, was die zahlreichen
          <c>ɒ</c>-Laute erklären würde, die als Abschwächung eines ehemaligen -
          <c>ər</c>- verstanden werden können
          <xr>
            <ref>ƒotɒgrāf</ref>
          </xr>. Im östlichen Südmittelbairischen und Südbairischen der Steiermark sind besonders die gehobenen Varianten mit
          <c>i</c>auffällig
          <xr>
            <ref>ƒotįgrāf</ref>
          </xr>. Hier sind auch übermarkierte Affrikaten im Anlaut häufig belegt
          <xr>
            <ref>pfotįgrāf</ref>
          </xr>.
        </note>
        <form type="dialect">
          <pron xml:lang="bar-AT">fortogrāf</pron>
          <usg type="geo">
            <placeName type="grossregion" ref="/geodata-wboe.xml#p1C.3">öNTir.</placeName>
          </usg>
        </form>
        <form type="dialect">
          <pron xml:lang="bar-AT">fotagraf</pron>
          <usg type="geo">
            <placeName type="gemeinde" ref="/geodata-wboe.xml#p1C.3c08">Kundl</placeName>
          </usg>
        </form>
        <form type="dialect">
          <pron xml:lang="bar-AT">fọtəgrāf</pron>
          <usg type="geo">
            <placeName type="gemeinde" ref="/geodata-wboe.xml#p2.3f01">Feldkirchen in Kärnten</placeName>
          </usg>
        </form>
        <form type="dialect">
          <pron xml:lang="bar-AT">fǫtəgrāf</pron>
          <usg type="geo">
            <placeName type="kleinregion" ref="/geodata-wboe.xml#p2.3g">Glant.</placeName>
          </usg>
        </form>
        <form type="dialect">
          <pron xml:lang="bar-AT">fotəgrāf</pron>
          <usg type="geo">
            <placeName type="gemeinde" ref="/geodata-wboe.xml#p2.3g01">Frauenstein</placeName>
          </usg>
        </form>
        <form type="dialect">
          <pron xml:lang="bar-AT">fotagraf</pron>
          <usg type="geo">
            <placeName type="gemeinde" ref="/geodata-wboe.xml#p3.1a05">Stadl-Predlitz</placeName>
          </usg>
        </form>
        <form type="dialect">
          <pron xml:lang="bar-AT">pfotigraf</pron>
          <usg type="geo">
            <placeName type="gemeinde" ref="/geodata-wboe.xml#p3.5k10">Gnas</placeName>
          </usg>
        </form>
        <form type="dialect">
          <pron xml:lang="bar-AT">pfotigraf</pron>
          <usg type="geo">
            <placeName type="gemeinde" ref="/geodata-wboe.xml#p3.5j12">Kirchberg an der Raab</placeName>
          </usg>
        </form>
        <form type="dialect">
          <pron xml:lang="bar-AT">fotogrāf</pron>
          <usg type="geo">
            <placeName type="gemeinde" ref="/geodata-wboe.xml#p5.2e01">Linz</placeName>
          </usg>
        </form>
        <form type="dialect">
          <pron xml:lang="bar-AT">fotəʳgrá̄f</pron>
          <usg type="geo">
            <placeName type="gemeinde" ref="/geodata-wboe.xml#p5.3b02">Gmunden</placeName>
          </usg>
        </form>
        <form type="dialect">
          <pron xml:lang="bar-AT">foaʳddagraf</pron>
          <usg type="geo">
            <placeName type="grossregion" ref="/geodata-wboe.xml#p6.1">Mostv.</placeName>
          </usg>
        </form>
        <form type="dialect">
          <pron xml:lang="bar-AT">foͧddagraf</pron>
          <pron xml:lang="bar-AT">foͧ͜iddagraf</pron>
          <usg type="geo">
            <placeName type="gemeinde" ref="/geodata-wboe.xml#p6.1n02">Dunkelsteinerwald</placeName>
          </usg>
        </form>
        <form type="dialect">
          <pron xml:lang="bar-AT">fọttọgrá̄f</pron>
          <usg type="geo">
            <placeName type="gemeinde" ref="/geodata-wboe.xml#p6.1o01">Herzogenburg</placeName>
          </usg>
        </form>
        <form type="dialect">
          <pron xml:lang="bar-AT">fo̩to̩gráf</pron>
          <pron xml:lang="bar-AT">fǫɒtɒgráf</pron>
          <usg type="geo">
            <placeName type="kleinregion" ref="/geodata-wboe.xml#p6.4b">Pulkaut.</placeName>
          </usg>
        </form>
        <form type="dialect">
          <pron xml:lang="bar-AT">foddagraf</pron>
          <usg type="geo">
            <placeName type="kleinregion" ref="/geodata-wboe.xml#p6.4j">nwMarchfd.</placeName>
          </usg>
        </form>
        <form type="dialect">
          <pron xml:lang="bar-AT">fotokráf</pron>
          <pron xml:lang="bar-AT">furtagrāf</pron>
          <pron xml:lang="bar-AT">furtᵉrgrāf</pron>
          <usg type="geo">
            <placeName type="grossregion" ref="/geodata-wboe.xml#p6.5">Wien</placeName>
          </usg>
          <ptr type="collection" subtype="lautung" target="/collections-wboe.xml#c878"/>
        </form>
        <etym>
          <seg type="desc">Fremdwortbildung aus
            <lang>griech.</lang>
          </seg>
          <cit type="etymon">
            <form>
              <orth>phṓs</orth>
            </form>
            <form>
              <orth>phōtós</orth>
            </form>
          </cit>
          <seg type="desc">(Genitiv)</seg>
          <cit type="etymon">
            <def>Licht</def>
          </cit>
          <seg type="desc">und</seg>
          <cit type="etymon">
            <form>
              <orth>-graph</orth>
            </form>
            <def>-(be)schreiber</def>
          </cit>
          <seg type="desc">, der ins Deutsche integrierten Form von
            <lang>griech.</lang>
          </seg>
          <cit type="etymon">
            <form>
              <orth>-gráphos</orth>
            </form>
          </cit>
          <seg type="desc">, das von</seg>
          <seg type="desc">
            <lang>griech.</lang>
          </seg>
          <cit type="etymon">
            <form>
              <orth>gráphein</orth>
            </form>
            <def>einritzen; zeichnen; schreiben</def>
          </cit>
          <seg type="desc">abgeleitet ist
            <ref type="bibl" target="#Pfeifer2014">
              <lbl>vgl.</lbl>Pfeifer 2014
              <citedRange>469f., 1006</citedRange>
            </ref>; siehe auch
          </seg>
          <cit type="etymon">
            <xr type="lemma">
              <ref target="Fotografie.xml#Fotografie">Fotografie</ref>
            </xr>
          </cit>
        </etym>
        <sense>
          <sense>
            <def>Person, die (berufsmäßig) Fotografien anfertigt</def>
            <usg type="geo">
              <placeName type="grossregion" ref="/geodata-wboe.xml#p1C.1">wNTir.</placeName>
            </usg>
            <usg type="geo">
              <placeName type="grossregion" ref="/geodata-wboe.xml#p1C.3">öNTir.</placeName>
            </usg>
            <usg type="geo">
              <placeName type="grossregion" ref="/geodata-wboe.xml#p2.2">MKtn.</placeName>
            </usg>
            <usg type="geo">
              <placeName type="grossregion" ref="/geodata-wboe.xml#p3.1">sbair.ObStmk.</placeName>
            </usg>
            <usg type="geo">
              <placeName type="grossregion" ref="/geodata-wboe.xml#p3.5">OStmk.</placeName>
            </usg>
            <usg type="geo">
              <placeName type="grossregion" ref="/geodata-wboe.xml#p5.2">Hausrv.</placeName>
            </usg>
            <usg type="geo">
              <placeName type="grossregion" ref="/geodata-wboe.xml#p5.3">Traunv.</placeName>
            </usg>
            <usg type="geo">
              <placeName type="grossregion" ref="/geodata-wboe.xml#p6.1">Mostv.</placeName>
            </usg>
            <usg type="geo">
              <placeName type="grossregion" ref="/geodata-wboe.xml#p6.3">Waldv.</placeName>
            </usg>
            <usg type="geo">
              <placeName type="grossregion" ref="/geodata-wboe.xml#p6.4">Weinv.</placeName>
            </usg>
            <usg type="geo">
              <placeName type="grossregion" ref="/geodata-wboe.xml#p6.5">Wien</placeName>
            </usg>
            <usg type="geo">
              <placeName type="grossregion" ref="/geodata-wboe.xml#p7.2">MBgl.</placeName>
            </usg>
            <cit type="example">
              <quote xml:lang="bar-AT">Geh'n ma zum Furtagraf'n!</quote>
              <usg type="geo">
                <placeName type="grossregion" ref="/geodata-wboe.xml#p6.5">Wien</placeName>
              </usg>
            </cit>
            <ptr type="collection" subtype="bedeutung" target="/collections-wboe.xml#c879"/>
          </sense>
        </sense>
        <re>
          <form subtype="compound" type="lemma">
            <orth>Amateurfotograf</orth>
          </form>
          <sense>
            <sense>
              <def>Person, die nicht berufsmäßig Fotografien anfertigt</def>
              <usg type="geo">
                <placeName type="grossregion" ref="/geodata-wboe.xml#p1C.3">öNTir.</placeName>
              </usg>
              <usg type="geo">
                <placeName type="grossregion" ref="/geodata-wboe.xml#p6.3">Waldv.</placeName>
              </usg>
              <ptr type="collection" subtype="bedeutung" target="/collections-wboe.xml#c880"/>
            </sense>
          </sense>
        </re>
        <re>
          <form subtype="compound" type="lemma">
            <orth>Berufsfotograf</orth>
          </form>
          <sense>
            <sense>
              <def>Person, die berufsmäßig Fotografien anfertigt</def>
              <usg type="geo">
                <placeName type="grossregion" ref="/geodata-wboe.xml#p6.3">Waldv.</placeName>
              </usg>
              <ptr type="collection" subtype="bedeutung" target="/collections-wboe.xml#c881"/>
            </sense>
          </sense>
        </re>
      </entry>
    </body>
  </text>
</TEI>