<?xml version="1.0" encoding="UTF-8"?>
    <?xml-model href="http://www.tei-c.org/release/xml/tei/custom/schema/relaxng/tei_all.rng" type="application/xml" schematypens="http://purl.oclc.org/dsdl/schematron"?>
    <?xml-model href="../../803_RNG-schematron/WBOE-ODD.rnc" type="application/relax-ng-compact-syntax"?>
<?redaktionstool version="0.8.1" ?>
<?parser type="lioe" version="0.8.0" ?>
<TEI xmlns="http://www.tei-c.org/ns/1.0">
  <teiHeader>
    <fileDesc>
      <titleStmt>
        <title>Frack²</title>
        <respStmt>
          <resp>Editor</resp>
          <name ref="#AG">Andreas Gellan</name>
        </respStmt>
        <respStmt>
          <resp>Encoding Scheme</resp>
          <name>Jack Bowers</name>
          <name>Daniel Schopper</name>
          <name>Omar Siam</name>
        </respStmt>
        <respStmt>
          <resp>DBOE Team</resp>
          <name xml:id="AL">Alexandra N. Lenz</name>
          <name xml:id="PhS">Philipp Stöckle</name>
          <name xml:id="AG">Andreas Gellan</name>
          <name xml:id="PZ">Patrick Zeitlhuber</name>
          <name xml:id="SW">Sabine Wahl</name>
          <name xml:id="SS">Sonja Schwaiger</name>
          <name xml:id="AB">Angela Bergermayer</name>
          <name xml:id="EW">Eva Wahlmüller</name>
          <name xml:id="DG">David Gschösser</name>
          <name xml:id="StS">Stefanie Schöberl</name>
          <name xml:id="FF">Fabian Fleißner</name>
          <name xml:id="MK">Markus Kunzmann</name>
        </respStmt>
        <respStmt>
          <resp>Student assistants</resp>
          <name>Susanna Muhr</name>
          <name>Manuela Stütz</name>
          <name>Christina Hemetsberger</name>
        </respStmt>
      </titleStmt>
      <publicationStmt>
        <p></p>
      </publicationStmt>
      <sourceDesc>
        <list>
          <item>
            <label>Geo-data</label>
            <ptr xml:id="geo-inventory-WBOE" target="../geodata-wboe.xml"/>
          </item>
          <item>
            <label>Bibliography</label>
            <ptr xml:id="bibliography-WBOE" target="../bibl-wboe.xml"/>
          </item>
          <item>
            <label>WBOE-Slips</label>
            <ptr xml:id="slips-WBOE" target="../slips-wboe.xml"/>
          </item>
          <item>
            <label>WBOE-Collections</label>
            <ptr xml:id="collections-WBOE" target="../collections-wboe.xml"/>
          </item>
        </list>
      </sourceDesc>
    </fileDesc>
    <revisionDesc>
      <listChange>
        <change status="in progress" when="2020-04-02" who="#AG">Datensatz erstellt</change>
        <change status="peer correction" when="2020-04-07" who="#AG">fertiggestellt, in interne Korrektur verschoben</change>
        <change status="internal correction" when="2020-07-06" who="#AG">Änderungen der 1. Korr eingearbeitet</change>
        <change status="external correction" when="2020-08-22" who="#AG">Anm. MG eingearbeitet, LK fehlt noch</change>
        <change status="external correction" when="2020-12-03" who="#DG">LK unformatiert eingefügt</change>
        <change status="finished" when="2020-12-04" who="#AG">Artikel fertig, an JE weitergeleitet</change>
        <change status="finished" when="2022-01-07" who="#AG">Final Version</change>
      </listChange>
    </revisionDesc>
  </teiHeader>
  <text>
    <body>
      <entry>
        <form type="lemma" xml:id="Frack_">
          <orth>Frack²</orth>
          <ptr type="collection" subtype="lemma" target="/collections-wboe.xml#c4318"/>
        </form>
        <gramGrp>
          <gram type="pos">Substantiv</gram>
          <gram type="gender">Maskulinum</gram>
        </gramGrp>
        <form type="variant" subtype="diminutive" xml:id="Fraeckel">
          <orth>Fräckel</orth>
          <gramGrp>
            <gram type="gender">Neutrum</gram>
          </gramGrp>
        </form>
        <form type="variant" subtype="diminutive" xml:id="Fraeckerl">
          <orth>Fräckerl</orth>
          <gramGrp>
            <gram type="gender">Neutrum</gram>
          </gramGrp>
        </form>
        <form type="variant" subtype="diminutive" xml:id="Flaeckerl">
          <orth>Fläckerl</orth>
          <gramGrp>
            <gram type="gender">Neutrum</gram>
          </gramGrp>
        </form>
        <form type="variant" subtype="diminutive" xml:id="Fraeckelein">
          <orth>Fräckelein</orth>
          <gramGrp>
            <gram type="gender">Neutrum</gram>
          </gramGrp>
        </form>
        <form type="variant" subtype="diminutive" xml:id="Flaeckelein">
          <orth>Fläckelein</orth>
          <gramGrp>
            <gram type="gender">Neutrum</gram>
          </gramGrp>
        </form>
        <usg type="geo">
          <placeName type="bundesland" ref="/geodata-wboe.xml#p1A">STir.</placeName>
        </usg>
        <usg type="geo">
          <placeName type="grossregion" ref="/geodata-wboe.xml#p1B.0">OTir.</placeName>
        </usg>
        <usg type="geo">
          <placeName type="bundesland" ref="/geodata-wboe.xml#p1C">NTir.</placeName>
        </usg>
        <usg type="geo">
          <placeName type="bundesland" ref="/geodata-wboe.xml#p2">Ktn.</placeName>
        </usg>
        <usg type="geo">
          <placeName type="bundesland" ref="/geodata-wboe.xml#p3">Stmk.</placeName>
        </usg>
        <usg type="geo">
          <placeName type="bundesland" ref="/geodata-wboe.xml#p4">Sbg.</placeName>
        </usg>
        <usg type="geo">
          <placeName type="bundesland" ref="/geodata-wboe.xml#p6">NÖ</placeName>
        </usg>
        <usg type="geo">
          <placeName type="grossregion" ref="/geodata-wboe.xml#p6.5">Wien</placeName>
        </usg>
        <note type="kommentar" resp="#DG">
          <xr></xr>Der kurze, helle
          <c>a</c>-Monophthong des bis auf Oberösterreich im gesamten Untersuchungsgebiet verbreiteten französischen Lehnwortes wird in den fast nur als Diminutiv belegten Formen beibehalten
          <xr></xr>
          <xr>
            <ref>frakələ</ref>
            <ref>frakɒl</ref>
          </xr>, im Südbairischen Ober- und Mittelkärntens und im Mittelbairischen mitunter gedehnt
          <xr>
            <ref>frākələ</ref>
            <ref>frākɒl</ref>
          </xr>. Aus dem Diminutiv zurückgebildete Formen mit ausgebliebener
          <c>a</c>-Verdumpfung sind teilweise im Pongau und in Wien belegt
          <xr>
            <ref>frak</ref>
            <ref>frāk</ref>
          </xr>. Der Lateral
          <c>l</c>im Anlaut des Etymons wurde aufgrund der häufigen
          <c>l</c>-haltigen Diminutivendungen überall zum Vibranten
          <c>r</c>dissimiliert
          <xr>
            <ref>frak</ref>
            <ref>frakɒl</ref>
          </xr>, ursprüngliches
          <c>l</c>ist nur noch teilweise in Oberkärnten und der mittelbairischen Obersteiermark erhalten
          <xr>
            <ref>flakələ</ref>
            <ref>flakɒl</ref>
          </xr>. Für den inlautenden velaren Plosiv sind in Süd-, Ost- und Nordtirol sowie im Pongau vereinzelt übermarkierte Affrikaten belegt
          <xr>
            <ref>frakχələ</ref>
            <ref>frakχl̥</ref>
          </xr>. Die Realisierung der Diminutivendungen ist mannigfaltig. Im bairisch-alemannischen Übergangsgebiet im westlichen Nordtirol und im Südbairischen sind meistens Formen mit erhaltener Mittelsilbe mit Qualitätsschwankungen im Nebenton zu finden
          <xr>
            <ref>frakələ</ref>
            <ref>frakəlį</ref>
            <ref>frakįlə</ref>
            <ref>frakɒlə</ref>
          </xr>, im mittleren Nordtirol, östlichen Südmittelbairischen und Mittelbairischen mit Apokope
          <xr>
            <ref>frakɒl</ref>
            <ref>frākɒl</ref>
          </xr>. Im westlichen Südmittelbairischen werden diese Formen zu steigenden Diphthongen vokalisiert
          <xr>
            <ref>frakai</ref>
            <ref>frakaö</ref>
          </xr>, die im östlichen Nordtirol mitunter wieder monophthongiert werden
          <xr>
            <ref>frakę</ref>
          </xr>. Im mittleren Nordtirol treten vereinzelt einfache vokalhaltige
          <xr>
            <ref>frakɒ</ref>
          </xr>, im Pongau infolge von Synkope silbische liquidhaltige Endungen auf
          <xr>
            <ref>frakχl̥</ref>
          </xr>.
          <xr></xr>
        </note>
        <form type="dialect">
          <pron xml:lang="bar-AT">fraggėlė</pron>
          <usg>[Dim.]</usg>
          <usg type="geo">
            <placeName type="gemeinde" ref="/geodata-wboe.xml#p1A.3b01">Sarntal</placeName>
          </usg>
        </form>
        <form type="dialect">
          <pron xml:lang="bar-AT">frakele</pron>
          <usg>[Dim.]</usg>
          <usg type="geo">
            <placeName type="gemeinde" ref="/geodata-wboe.xml#p1A.3g01">Brixen</placeName>
          </usg>
        </form>
        <form type="dialect">
          <pron xml:lang="bar-AT">frágilö</pron>
          <usg>[Dim.]</usg>
          <usg type="geo">
            <placeName type="gemeinde" ref="/geodata-wboe.xml#p1B.0b01">Außervillgraten</placeName>
          </usg>
        </form>
        <form type="dialect">
          <pron xml:lang="bar-AT">fraggeli</pron>
          <usg>[Dim.]</usg>
          <usg type="geo">
            <placeName type="gemeinde" ref="/geodata-wboe.xml#p1C.1n05">Landeck</placeName>
          </usg>
        </form>
        <form type="dialect">
          <pron xml:lang="bar-AT">fraggal</pron>
          <usg>[Dim.]</usg>
          <usg type="geo">
            <placeName type="gemeinde" ref="/geodata-wboe.xml#p1C.2k09">Zell am Ziller</placeName>
          </usg>
        </form>
        <form type="dialect">
          <pron xml:lang="bar-AT">fraggę̄</pron>
          <usg>[Dim.]</usg>
          <usg type="geo">
            <placeName type="gemeinde" ref="/geodata-wboe.xml#p1C.3e06">Kufstein</placeName>
          </usg>
        </form>
        <form type="dialect">
          <pron xml:lang="bar-AT">fraggei</pron>
          <usg>[Dim.]</usg>
          <usg type="geo">
            <placeName type="gemeinde" ref="/geodata-wboe.xml#p1C.3e12">Schwoich</placeName>
          </usg>
        </form>
        <form type="dialect">
          <pron xml:lang="bar-AT">frákįlḙ</pron>
          <usg>[Dim.]</usg>
          <usg type="geo">
            <placeName type="gemeinde" ref="/geodata-wboe.xml#p2.1g01">Kötschach-Mauthen</placeName>
          </usg>
        </form>
        <form type="dialect">
          <pron xml:lang="bar-AT">frāggele</pron>
          <usg>[Dim.]</usg>
          <usg type="geo">
            <placeName type="gemeinde" ref="/geodata-wboe.xml#p2.1h02">Hermagor-Pressegger See</placeName>
          </usg>
        </form>
        <form type="dialect">
          <pron xml:lang="bar-AT">flaggₑle</pron>
          <usg>[Dim.]</usg>
          <usg type="geo">
            <placeName type="gemeinde" ref="/geodata-wboe.xml#p2.1h02">Hermagor-Pressegger See</placeName>
          </usg>
        </form>
        <form type="dialect">
          <pron xml:lang="bar-AT">fʀakkəl</pron>
          <usg>[Dim.]</usg>
          <usg type="geo">
            <placeName type="gemeinde" ref="/geodata-wboe.xml#p2.2i07">Villach</placeName>
          </usg>
        </form>
        <form type="dialect">
          <pron xml:lang="bar-AT">frakkɒr̭lę</pron>
          <usg>[Dim.]</usg>
          <usg type="geo">
            <placeName type="gemeinde" ref="/geodata-wboe.xml#p2.3f01">Feldkirchen in Kärnten</placeName>
          </usg>
        </form>
        <form type="dialect">
          <pron xml:lang="bar-AT">frakərl</pron>
          <usg>[Dim.]</usg>
          <usg type="geo">
            <placeName type="gemeinde" ref="/geodata-wboe.xml#p3.2b05">Wald am Schoberpaß</placeName>
          </usg>
        </form>
        <form type="dialect">
          <pron xml:lang="bar-AT">frākərl</pron>
          <usg>[Dim.]</usg>
          <usg type="geo">
            <placeName type="grossregion" ref="/geodata-wboe.xml#p3.3">WStmk.</placeName>
          </usg>
        </form>
        <form type="dialect">
          <pron xml:lang="bar-AT">flakɒl</pron>
          <usg>[Dim.]</usg>
          <usg type="geo">
            <placeName type="gemeinde" ref="/geodata-wboe.xml#p3.5d20">Vorau</placeName>
          </usg>
        </form>
        <form type="dialect">
          <pron xml:lang="bar-AT">fragei</pron>
          <usg>[Dim.]</usg>
          <usg type="geo">
            <placeName type="grossregion" ref="/geodata-wboe.xml#p4.1">Lung.</placeName>
          </usg>
        </form>
        <form type="dialect">
          <pron xml:lang="bar-AT">frakei</pron>
          <usg>[Dim.]</usg>
          <usg type="geo">
            <placeName type="gemeinde" ref="/geodata-wboe.xml#p4.2c01">Fusch an der Großglocknerstraße</placeName>
          </usg>
        </form>
        <form type="dialect">
          <pron xml:lang="bar-AT">frakaɔ̈</pron>
          <usg>[Dim.]</usg>
          <usg type="geo">
            <placeName type="gemeinde" ref="/geodata-wboe.xml#p4.2a06">Niedernsill</placeName>
          </usg>
        </form>
        <form type="dialect">
          <pron xml:lang="bar-AT">frágκ</pron>
          <usg type="geo">
            <placeName type="kleinregion" ref="/geodata-wboe.xml#p4.3d">Gr.Arlt.</placeName>
          </usg>
        </form>
        <form type="dialect">
          <pron xml:lang="bar-AT">φrakkaė</pron>
          <usg>[Dim.]</usg>
          <usg type="geo">
            <placeName type="kleinregion" ref="/geodata-wboe.xml#p4.3d">Gr.Arlt.</placeName>
          </usg>
        </form>
        <form type="dialect">
          <pron xml:lang="bar-AT">frakχl̥</pron>
          <usg>[Dim.]</usg>
          <usg type="geo">
            <placeName type="kleinregion" ref="/geodata-wboe.xml#p4.3d">Gr.Arlt.</placeName>
          </usg>
        </form>
        <form type="dialect">
          <pron xml:lang="bar-AT">frakrḷ</pron>
          <usg>[Dim.]</usg>
          <usg type="geo">
            <placeName type="kleinregion" ref="/geodata-wboe.xml#p4.3d">Gr.Arlt.</placeName>
          </usg>
        </form>
        <form type="dialect">
          <pron xml:lang="bar-AT">frakkɒɫ</pron>
          <usg>[Dim.]</usg>
          <usg type="geo">
            <placeName type="gemeinde" ref="/geodata-wboe.xml#p6.1o01">Herzogenburg</placeName>
          </usg>
        </form>
        <form type="dialect">
          <pron xml:lang="bar-AT">frakɒl</pron>
          <usg>[Dim.]</usg>
          <usg type="geo">
            <placeName type="gemeinde" ref="/geodata-wboe.xml#p6.3a15">Kautzen</placeName>
          </usg>
        </form>
        <form type="dialect">
          <pron xml:lang="bar-AT">frak</pron>
          <usg type="geo">
            <placeName type="grossregion" ref="/geodata-wboe.xml#p6.5">Wien</placeName>
          </usg>
        </form>
        <form type="dialect">
          <pron xml:lang="bar-AT">frá̆kaʳl</pron>
          <usg>[Dim.]</usg>
          <usg type="geo">
            <placeName type="grossregion" ref="/geodata-wboe.xml#p6.5">Wien</placeName>
          </usg>
        </form>
        <form type="dialect">
          <pron xml:lang="bar-AT">frāgg</pron>
          <usg type="geo">
            <placeName type="gemeinde" ref="/geodata-wboe.xml#p6.5w06">Mauer</placeName>
          </usg>
        </form>
        <form type="dialect">
          <pron xml:lang="bar-AT">frāggᵃˡ</pron>
          <usg>[Dim.]</usg>
          <usg type="geo">
            <placeName type="gemeinde" ref="/geodata-wboe.xml#p6.5w06">Mauer</placeName>
          </usg>
          <ptr type="collection" subtype="lautung" target="/collections-wboe.xml#c4686"/>
        </form>
        <etym>
          <seg type="desc">entlehnt aus
            <lang>frz.</lang>
          </seg>
          <cit type="etymon">
            <form>
              <orth>flacon</orth>
            </form>
            <def>Flakon; Fläschchen</def>
          </cit>
          <seg type="desc">; Im Bairischen in Südtirol und Österreich ist vermehrt ein Wechsel von</seg>
          <cit type="etymon">
            <form>
              <orth>l</orth>
            </form>
          </cit>
          <seg type="desc">zu</seg>
          <cit type="etymon">
            <form>
              <orth>r</orth>
            </form>
          </cit>
          <seg type="desc">eingetreten</seg>
          <ref type="bibl" target="#KärntischesWb1862">
            <lbl>vgl.</lbl>Kärntisches Wb. 1862
            <citedRange>101</citedRange>
          </ref>
          <seg type="desc">, besagtes</seg>
          <cit type="etymon">
            <form>
              <orth>l</orth>
            </form>
          </cit>
          <seg type="desc">ist in anderen Teilen des Bairischen noch erhalten geblieben
            <ref type="bibl" target="#Schmeller1872I">
              <lbl>vgl.</lbl>Schmeller 1872 I
              <citedRange>786, 806</citedRange>
            </ref>
          </seg>
          <seg type="desc">. Der Wechsel von</seg>
          <cit type="etymon">
            <form>
              <orth>r</orth>
            </form>
          </cit>
          <seg type="desc">zu</seg>
          <cit type="etymon">
            <form>
              <orth>l</orth>
            </form>
          </cit>
          <seg type="desc">ist vermutlich auf einen Dissimilationsprozess mit den Diminutiv-Suffixen -</seg>
          <cit type="etymon">
            <form>
              <orth>el</orth>
            </form>
          </cit>
          <seg type="desc">, -</seg>
          <cit type="etymon">
            <form>
              <orth>erl</orth>
            </form>
          </cit>
          <seg type="desc">und -</seg>
          <cit type="etymon">
            <form>
              <orth>elein</orth>
            </form>
          </cit>
          <seg type="desc">zurückzuführen. Die Grundform</seg>
          <cit type="etymon">
            <form>
              <orth>Frack</orth>
            </form>
          </cit>
          <seg type="desc">ist demnach eine Rückbildung aus einer urspünglicheren Diminutivform.</seg>
        </etym>
        <sense>
          <sense>
            <def>Hohlmaß für Flüssigkeiten (meist für Spirituosen; 1/8 einer alten Maß (1,4l), aber auch für 1/8l, 1/4l oder 1/2l gebräuchlich)</def>
            <usg type="geo">
              <placeName type="bundesland" ref="/geodata-wboe.xml#p1A">STir.</placeName>
            </usg>
            <usg type="geo">
              <placeName type="grossregion" ref="/geodata-wboe.xml#p1B.0">OTir.</placeName>
            </usg>
            <usg type="geo">
              <placeName type="bundesland" ref="/geodata-wboe.xml#p1C">NTir.</placeName>
            </usg>
            <usg type="geo">
              <placeName type="bundesland" ref="/geodata-wboe.xml#p2">Ktn.</placeName>
            </usg>
            <usg type="geo">
              <placeName type="bundesland" ref="/geodata-wboe.xml#p3">Stmk.</placeName>
            </usg>
            <usg type="geo">
              <placeName type="grossregion" ref="/geodata-wboe.xml#p4.1">Lung.</placeName>
            </usg>
            <usg type="geo">
              <placeName type="grossregion" ref="/geodata-wboe.xml#p4.2">Pinzg.</placeName>
            </usg>
            <usg type="geo">
              <placeName type="grossregion" ref="/geodata-wboe.xml#p4.3">Pong.</placeName>
            </usg>
            <usg type="geo">
              <placeName type="grossregion" ref="/geodata-wboe.xml#p6.3">Waldv.</placeName>
            </usg>
            <cit type="example">
              <quote xml:lang="bar-AT">trinkst a Fraggele Mariazeller Mogntropfn und nimmst zugleich a hoaßes Fueßbod</quote>
              <ref type="bibl" target="#">Rudl 1920
                <citedRange>168</citedRange>
              </ref>
              <usg type="geo">
                <placeName type="gemeinde" ref="/geodata-wboe.xml#p1A.1h04">Meran</placeName>
                <placeName type="bundesland" ref="/geodata-wboe.xml#p1A">STir.</placeName>
              </usg>
            </cit>
            <cit type="example">
              <quote xml:lang="bar-AT">a fraggele Schnåps</quote>
              <usg type="geo">
                <placeName type="gemeinde" ref="/geodata-wboe.xml#p1A.3b01">Sarntal</placeName>
              </usg>
            </cit>
            <cit type="example">
              <quote xml:lang="bar-AT">Bring ma a Fraggei Schnops</quote>
              <usg type="geo">
                <placeName type="grossregion" ref="/geodata-wboe.xml#p4.2">Pinzg.</placeName>
              </usg>
            </cit>
            <cit type="example">
              <quote xml:lang="bar-AT">ān Fraκ Schnåπσ</quote>
              <usg type="geo">
                <placeName type="kleinregion" ref="/geodata-wboe.xml#p4.3d">Gr.Arlt.</placeName>
              </usg>
            </cit>
            <cit type="example">
              <quote xml:lang="bar-AT">ɒ Frakɒl ligę́a</quote>
              <usg type="geo">
                <placeName type="gemeinde" ref="/geodata-wboe.xml#p6.3a15">Kautzen</placeName>
              </usg>
            </cit>
            <ptr type="collection" subtype="bedeutung" target="/collections-wboe.xml#c4736"/>
          </sense>
          <sense>
            <sense>
              <xr type="lemma">
                <lbl>nur</lbl>
                <ref>Fräckerl</ref>
              </xr>
              <usg>,</usg>
              <xr type="lemma">
                <ref>Fräckelein</ref>
              </xr>
              <usg>(Diminutiv)</usg>
              <def>kleine Glasflasche für Spirituosen (meist mit einem Fassungsvermögen von 1/8 einer alten Maß (1,4l) bzw. 1/8l)</def>
              <usg type="geo">
                <placeName type="grossregion" ref="/geodata-wboe.xml#p1A.2">mSTir.</placeName>
              </usg>
              <usg type="geo">
                <placeName type="grossregion" ref="/geodata-wboe.xml#p1A.4">öSTir.</placeName>
              </usg>
              <usg type="geo">
                <placeName type="grossregion" ref="/geodata-wboe.xml#p1C.1">wNTir.</placeName>
              </usg>
              <usg type="geo">
                <placeName type="grossregion" ref="/geodata-wboe.xml#p2.1">ObKtn.</placeName>
              </usg>
              <usg type="geo">
                <placeName type="grossregion" ref="/geodata-wboe.xml#p2.2">MKtn.</placeName>
              </usg>
              <usg type="geo">
                <placeName type="bundesland" ref="/geodata-wboe.xml#p3">Stmk.</placeName>
              </usg>
              <usg type="geo">
                <placeName type="grossregion" ref="/geodata-wboe.xml#p4.2">Pinzg.</placeName>
              </usg>
              <usg type="geo">
                <placeName type="grossregion" ref="/geodata-wboe.xml#p4.3">Pong.</placeName>
              </usg>
              <usg type="geo">
                <placeName type="bundesland" ref="/geodata-wboe.xml#p6">NÖ</placeName>
              </usg>
              <usg type="geo">
                <placeName type="grossregion" ref="/geodata-wboe.xml#p6.5">Wien</placeName>
              </usg>
              <cit type="example">
                <quote xml:lang="bar-AT">ɒ flakɒl šnǫps</quote>
                <usg type="geo">
                  <placeName type="gemeinde" ref="/geodata-wboe.xml#p3.2m02">Rottenmann</placeName>
                </usg>
              </cit>
              <ptr type="collection" subtype="bedeutung" target="/collections-wboe.xml#c4754"/>
            </sense>
            <sense>
              <def>kleines Schnapsglas bzw. die darin enthaltene Spirituose; Stamperl</def>
              <usg type="geo">
                <placeName type="grossregion" ref="/geodata-wboe.xml#p1A.2">mSTir.</placeName>
              </usg>
              <usg type="geo">
                <placeName type="grossregion" ref="/geodata-wboe.xml#p1A.4">öSTir.</placeName>
              </usg>
              <usg type="geo">
                <placeName type="grossregion" ref="/geodata-wboe.xml#p2.1">ObKtn.</placeName>
              </usg>
              <usg type="geo">
                <placeName type="grossregion" ref="/geodata-wboe.xml#p2.2">MKtn.</placeName>
              </usg>
              <usg type="geo">
                <placeName type="bundesland" ref="/geodata-wboe.xml#p3">Stmk.</placeName>
              </usg>
              <usg type="geo">
                <placeName type="grossregion" ref="/geodata-wboe.xml#p4.2">Pinzg.</placeName>
              </usg>
              <usg type="geo">
                <placeName type="grossregion" ref="/geodata-wboe.xml#p4.3">Pong.</placeName>
              </usg>
              <usg type="geo">
                <placeName type="grossregion" ref="/geodata-wboe.xml#p6.5">Wien</placeName>
              </usg>
              <cit type="example">
                <quote xml:lang="bar-AT">ɒ frakχl šnǫpß</quote>
                <usg type="geo">
                  <placeName type="kleinregion" ref="/geodata-wboe.xml#p4.3d">Gr.Arlt.</placeName>
                </usg>
              </cit>
              <cit type="example">
                <quote xml:lang="bar-AT">Trink ma no' an Frackerl Schligawitz</quote>
                <usg type="geo">
                  <placeName type="grossregion" ref="/geodata-wboe.xml#p6.5">Wien</placeName>
                </usg>
              </cit>
              <ptr type="collection" subtype="bedeutung" target="/collections-wboe.xml#c4753"/>
            </sense>
          </sense>
          <sense>
            <usg>nur</usg>
            <xr type="lemma">
              <ref>Fräckerl</ref>
            </xr>
            <usg>(Diminutiv)</usg>
            <def>kleiner Mensch</def>
            <usg>(gaunersprachlich)</usg>
            <usg type="geo">
              <placeName type="grossregion" ref="/geodata-wboe.xml#p6.5">Wien</placeName>
            </usg>
            <ptr type="collection" subtype="bedeutung" target="/collections-wboe.xml#c4739"/>
          </sense>
        </sense>
        <re>
          <form subtype="compound" type="lemma">
            <orth>Schnapsfräckerl</orth>
          </form>
          <sense>
            <sense>
              <usg>(Diminutiv)</usg>
              <def>ein kleines Fläschchen für Spirituosen (1/8 Liter)</def>
            </sense>
          </sense>
          <usg type="geo">
            <placeName type="grossregion" ref="/geodata-wboe.xml#p3.1">sbair.ObStmk.</placeName>
          </usg>
          <ptr type="collection" subtype="wortbildung" target="/collections-wboe.xml#c4740"/>
        </re>
      </entry>
    </body>
  </text>
</TEI>