<?xml version="1.0" encoding="UTF-8"?>
    <?xml-model href="http://www.tei-c.org/release/xml/tei/custom/schema/relaxng/tei_all.rng" type="application/xml" schematypens="http://purl.oclc.org/dsdl/schematron"?>
    <?xml-model href="../../803_RNG-schematron/WBOE-ODD.rnc" type="application/relax-ng-compact-syntax"?>
<?redaktionstool version="0.8.1" ?>
<?parser type="lioe" version="0.8.0" ?>
<TEI xmlns="http://www.tei-c.org/ns/1.0">
  <teiHeader>
    <fileDesc>
      <titleStmt>
        <title>Frage</title>
        <respStmt>
          <resp>Editor</resp>
          <name ref="#EW">Eva Wahlmüller</name>
        </respStmt>
        <respStmt>
          <resp>Encoding Scheme</resp>
          <name>Jack Bowers</name>
          <name>Daniel Schopper</name>
          <name>Omar Siam</name>
        </respStmt>
        <respStmt>
          <resp>DBOE Team</resp>
          <name xml:id="AL">Alexandra N. Lenz</name>
          <name xml:id="PhS">Philipp Stöckle</name>
          <name xml:id="AG">Andreas Gellan</name>
          <name xml:id="PZ">Patrick Zeitlhuber</name>
          <name xml:id="SW">Sabine Wahl</name>
          <name xml:id="SS">Sonja Schwaiger</name>
          <name xml:id="AB">Angela Bergermayer</name>
          <name xml:id="EW">Eva Wahlmüller</name>
          <name xml:id="DG">David Gschösser</name>
          <name xml:id="StS">Stefanie Schöberl</name>
          <name xml:id="FF">Fabian Fleißner</name>
          <name xml:id="MK">Markus Kunzmann</name>
        </respStmt>
        <respStmt>
          <resp>Student assistants</resp>
          <name>Susanna Muhr</name>
          <name>Manuela Stütz</name>
          <name>Christina Hemetsberger</name>
        </respStmt>
      </titleStmt>
      <publicationStmt>
        <p></p>
      </publicationStmt>
      <sourceDesc>
        <list>
          <item>
            <label>Geo-data</label>
            <ptr xml:id="geo-inventory-WBOE" target="../geodata-wboe.xml"/>
          </item>
          <item>
            <label>Bibliography</label>
            <ptr xml:id="bibliography-WBOE" target="../bibl-wboe.xml"/>
          </item>
          <item>
            <label>WBOE-Slips</label>
            <ptr xml:id="slips-WBOE" target="../slips-wboe.xml"/>
          </item>
          <item>
            <label>WBOE-Collections</label>
            <ptr xml:id="collections-WBOE" target="../collections-wboe.xml"/>
          </item>
        </list>
      </sourceDesc>
    </fileDesc>
    <revisionDesc>
      <listChange>
        <change status="in progress" when="2021-02-01" who="#EW">Datensatz erstellt</change>
        <change status="peer correction" when="2021-02-02" who="#EW">Simplexbedeutungen+Redewendungen</change>
        <change status="internal correction" when="2021-02-18" who="#EW">überarbeitet nach int. Korr. AG</change>
        <change status="internal correction" when="2021-02-22" who="#EW">überarbeitet nach Korr. Manzi</change>
        <change status="external correction" when="2021-03-24" who="#PZ">LK formatiert eingefügt</change>
        <change status="finished" when="2021-04-08" who="#EW">keine Anmerkungen IG</change>
      </listChange>
    </revisionDesc>
  </teiHeader>
  <text>
    <body>
      <entry>
        <form type="lemma" xml:id="Frage">
          <orth>Frage</orth>
          <ptr type="collection" subtype="lemma" target="/collections-wboe.xml#c13848"/>
        </form>
        <gramGrp>
          <gram type="pos">Substantiv</gram>
          <gram type="gender">Femininum</gram>
        </gramGrp>
        <form type="variant" subtype="diminutive" xml:id="Fragelein">
          <orth>Fragelein</orth>
          <gramGrp>
            <gram type="gender">Neutrum</gram>
          </gramGrp>
        </form>
        <usg type="geo">
          <placeName type="bundesland" ref="/geodata-wboe.xml#p1A">STir.</placeName>
        </usg>
        <usg type="geo">
          <placeName type="grossregion" ref="/geodata-wboe.xml#p1B.0">OTir.</placeName>
        </usg>
        <usg type="geo">
          <placeName type="bundesland" ref="/geodata-wboe.xml#p1C">NTir.</placeName>
        </usg>
        <usg type="geo">
          <placeName type="grossregion" ref="/geodata-wboe.xml#p2.1">ObKtn.</placeName>
        </usg>
        <usg type="geo">
          <placeName type="grossregion" ref="/geodata-wboe.xml#p2.2">MKtn.</placeName>
        </usg>
        <usg type="geo">
          <placeName type="grossregion" ref="/geodata-wboe.xml#p3.1">sbair.ObStmk.</placeName>
        </usg>
        <usg type="geo">
          <placeName type="grossregion" ref="/geodata-wboe.xml#p3.3">WStmk.</placeName>
        </usg>
        <usg type="geo">
          <placeName type="grossregion" ref="/geodata-wboe.xml#p3.5">OStmk.</placeName>
        </usg>
        <usg type="geo">
          <placeName type="grossregion" ref="/geodata-wboe.xml#p4.1">Lung.</placeName>
        </usg>
        <usg type="geo">
          <placeName type="grossregion" ref="/geodata-wboe.xml#p4.2">Pinzg.</placeName>
        </usg>
        <usg type="geo">
          <placeName type="grossregion" ref="/geodata-wboe.xml#p4.3">Pong.</placeName>
        </usg>
        <usg type="geo">
          <placeName type="bundesland" ref="/geodata-wboe.xml#p5">OÖ</placeName>
        </usg>
        <usg type="geo">
          <placeName type="bundesland" ref="/geodata-wboe.xml#p6">NÖ</placeName>
        </usg>
        <usg type="geo">
          <placeName type="grossregion" ref="/geodata-wboe.xml#p6.5">Wien</placeName>
        </usg>
        <usg type="geo">
          <placeName type="grossregion" ref="/geodata-wboe.xml#p7.2">MBgl.</placeName>
        </usg>
        <usg type="geo">
          <placeName type="grossregion" ref="/geodata-wboe.xml#p7.3">SBgl.</placeName>
        </usg>
        <note type="kommentar" resp="#PZ">Der auf mhd.
          <c>ā</c>zurückgehende Stammvokal wurde im gesamten Untersuchungsgebiet verdumpft und tritt nahezu überall als offener langer
          <c>o</c>-Monophthong auf
          <xr>
            <ref>frǭgə</ref>
            <ref>frǭg</ref>
          </xr>. Im Südmittelbairischen der Obersteiermark, des Pongaus, des Industrieviertels und Mittelburgenlands ist Diphthongierung zu steigendem
          <c>ou</c>belegt
          <xr>
            <ref>frǫųg</ref>
            <ref>froų</ref>
          </xr>. Im Südbairischen Süd- und Osttirols sowie im bairisch-alemannischen Übergangsgebiet des westlichen Nordtirols wurden auslautende Vokale in unterschiedlicher Ausprägung erhalten
          <xr>
            <ref>frǭgə</ref>
            <ref>frǭgẹ</ref>
            <ref>frǭgɒ</ref>
          </xr>. Im restlichen Verbreitungsgebiet sowie parallel in Osttirol wurden diese getilgt. Mit Ausnahme der Steiermark treten im Auslaut velare Plosive auf
          <xr>
            <ref>frǭg</ref>
            <ref>frǫųg</ref>
          </xr>, die in Wien und im Mittelburgenland auch frikativiert werden können
          <xr>
            <ref>frǭx</ref>
            <ref>froųx</ref>
          </xr>. Weiterführend ist Plosivschwund in der südbairischen Ober-, West- und Oststeiermark sowie im Industrie- und Waldviertel eingetreten
          <xr>
            <ref>frǭ</ref>
            <ref>frǫų</ref>
          </xr>. Unregelhafte Varianten mit Triphthong und auslautendem Nasal sind für das Mittelburgenland belegt
          <xr>
            <ref>frǫəųŋ</ref>
          </xr>.
        </note>
        <form type="dialect">
          <pron xml:lang="bar-AT">frōgẹ</pron>
          <usg type="geo">
            <placeName type="gemeinde" ref="/geodata-wboe.xml#p1A.4c01">Lüsen</placeName>
          </usg>
        </form>
        <form type="dialect">
          <pron xml:lang="bar-AT">frōgɛ</pron>
          <usg type="geo">
            <placeName type="kleinregion" ref="/geodata-wboe.xml#p1A.4c">Lüsenert.</placeName>
          </usg>
        </form>
        <form type="dialect">
          <pron xml:lang="bar-AT">frōge</pron>
          <usg type="geo">
            <placeName type="gemeinde" ref="/geodata-wboe.xml#p1C.1m02">Fendels</placeName>
          </usg>
        </form>
        <form type="dialect">
          <pron xml:lang="bar-AT">frǭg</pron>
          <usg type="geo">
            <placeName type="gemeinde" ref="/geodata-wboe.xml#p1C.1n01">Imst</placeName>
          </usg>
        </form>
        <form type="dialect">
          <pron xml:lang="bar-AT">fråga</pron>
          <usg type="geo">
            <placeName type="gemeinde" ref="/geodata-wboe.xml#p1C.1r01">Sölden</placeName>
          </usg>
        </form>
        <form type="dialect">
          <pron xml:lang="bar-AT">frog</pron>
          <usg type="geo">
            <placeName type="gemeinde" ref="/geodata-wboe.xml#p1C.2a19">Schwaz</placeName>
          </usg>
        </form>
        <form type="dialect">
          <pron xml:lang="bar-AT">frǭg</pron>
          <usg type="geo">
            <placeName type="gemeinde" ref="/geodata-wboe.xml#p1C.2a29">Weer</placeName>
          </usg>
        </form>
        <form type="dialect">
          <pron xml:lang="bar-AT">frǫg</pron>
          <pron xml:lang="bar-AT">-frag</pron>
          <usg type="geo">
            <placeName type="gemeinde" ref="/geodata-wboe.xml#p1C.3e06">Kufstein</placeName>
          </usg>
        </form>
        <form type="dialect">
          <pron xml:lang="bar-AT">fråg</pron>
          <usg type="geo">
            <placeName type="gemeinde" ref="/geodata-wboe.xml#p2.1b04">Rangersdorf</placeName>
          </usg>
        </form>
        <form type="dialect">
          <pron xml:lang="bar-AT">frǭg</pron>
          <usg type="geo">
            <placeName type="gemeinde" ref="/geodata-wboe.xml#p2.3g01">Frauenstein</placeName>
          </usg>
        </form>
        <form type="dialect">
          <pron xml:lang="bar-AT">fråg</pron>
          <usg type="geo">
            <placeName type="kleinregion" ref="/geodata-wboe.xml#p2.2d">obstGurkt.</placeName>
          </usg>
        </form>
        <form type="dialect">
          <pron xml:lang="bar-AT">frog</pron>
          <usg type="geo">
            <placeName type="gemeinde" ref="/geodata-wboe.xml#p3.1d03">Lobmingtal</placeName>
          </usg>
        </form>
        <form type="dialect">
          <pron xml:lang="bar-AT">frō</pron>
          <usg type="geo">
            <placeName type="gemeinde" ref="/geodata-wboe.xml#p3.5g05">Fürstenfeld</placeName>
          </usg>
        </form>
        <form type="dialect">
          <pron xml:lang="bar-AT">frōu</pron>
          <usg type="geo">
            <placeName type="kleinregion" ref="/geodata-wboe.xml#p3.5d">nördl.steir.Lafnitzt.</placeName>
          </usg>
        </form>
        <form type="dialect">
          <pron xml:lang="bar-AT">frǭg</pron>
          <usg type="geo">
            <placeName type="grossregion" ref="/geodata-wboe.xml#p4.1">Lung.</placeName>
          </usg>
        </form>
        <form type="dialect">
          <pron xml:lang="bar-AT">-fråg</pron>
          <usg type="geo">
            <placeName type="gemeinde" ref="/geodata-wboe.xml#p4.2c01">Fusch an der Großglocknerstraße</placeName>
          </usg>
        </form>
        <form type="dialect">
          <pron xml:lang="bar-AT">fraog</pron>
          <usg type="geo">
            <placeName type="gemeinde" ref="/geodata-wboe.xml#p4.2g02">Saalfelden am Steinernen Meer</placeName>
          </usg>
        </form>
        <form type="dialect">
          <pron xml:lang="bar-AT">frǫug</pron>
          <usg type="geo">
            <placeName type="kleinregion" ref="/geodata-wboe.xml#p4.3d">Gr.Arlt.</placeName>
          </usg>
        </form>
        <form type="dialect">
          <pron xml:lang="bar-AT">fråg</pron>
          <usg type="geo">
            <placeName type="kleinregion" ref="/geodata-wboe.xml#p5.1b">nördl.obInnv.</placeName>
          </usg>
        </form>
        <form type="dialect">
          <pron xml:lang="bar-AT">frǫg</pron>
          <usg type="geo">
            <placeName type="gemeinde" ref="/geodata-wboe.xml#p5.1c07">Mühlheim am Inn</placeName>
          </usg>
        </form>
        <form type="dialect">
          <pron xml:lang="bar-AT">φʀǭg</pron>
          <usg type="geo">
            <placeName type="gemeinde" ref="/geodata-wboe.xml#p5.2d06">Mondsee</placeName>
          </usg>
        </form>
        <form type="dialect">
          <pron xml:lang="bar-AT">fråg</pron>
          <usg type="geo">
            <placeName type="gemeinde" ref="/geodata-wboe.xml#p5.2e01">Linz</placeName>
          </usg>
        </form>
        <form type="dialect">
          <pron xml:lang="bar-AT">fråg</pron>
          <usg type="geo">
            <placeName type="gemeinde" ref="/geodata-wboe.xml#p5.3b02">Gmunden</placeName>
          </usg>
        </form>
        <form type="dialect">
          <pron xml:lang="bar-AT">-frǫg</pron>
          <usg type="geo">
            <placeName type="gemeinde" ref="/geodata-wboe.xml#p5.3g05">Kremsmünster</placeName>
          </usg>
        </form>
        <form type="dialect">
          <pron xml:lang="bar-AT">frǫg</pron>
          <usg type="geo">
            <placeName type="gemeinde" ref="/geodata-wboe.xml#p5.4b13">Ulrichsberg</placeName>
          </usg>
        </form>
        <form type="dialect">
          <pron xml:lang="bar-AT">fråŏg</pron>
          <usg type="geo">
            <placeName type="gemeinde" ref="/geodata-wboe.xml#p5.4c04">Gramastetten</placeName>
          </usg>
        </form>
        <form type="dialect">
          <pron xml:lang="bar-AT">fråg</pron>
          <usg type="geo">
            <placeName type="gemeinde" ref="/geodata-wboe.xml#p5.4h02">Dimbach</placeName>
          </usg>
        </form>
        <form type="dialect">
          <pron xml:lang="bar-AT">frō̩g</pron>
          <usg type="geo">
            <placeName type="gemeinde" ref="/geodata-wboe.xml#p6.1d01">Allhartsberg</placeName>
          </usg>
        </form>
        <form type="dialect">
          <pron xml:lang="bar-AT">frȧg</pron>
          <usg type="geo">
            <placeName type="gemeinde" ref="/geodata-wboe.xml#p6.1s06">Sitzenberg-Reidling</placeName>
          </usg>
        </form>
        <form type="dialect">
          <pron xml:lang="bar-AT">frog</pron>
          <pron xml:lang="bar-AT">frōu</pron>
          <usg type="geo">
            <placeName type="gemeinde" ref="/geodata-wboe.xml#p6.2e03">Puchberg am Schneeberg</placeName>
          </usg>
        </form>
        <form type="dialect">
          <pron xml:lang="bar-AT">frå̄h</pron>
          <usg type="geo">
            <placeName type="gemeinde" ref="/geodata-wboe.xml#p6.2j15">Pottendorf</placeName>
          </usg>
        </form>
        <form type="dialect">
          <pron xml:lang="bar-AT">frǭ</pron>
          <usg type="geo">
            <placeName type="gemeinde" ref="/geodata-wboe.xml#p6.3b02">Geras</placeName>
          </usg>
        </form>
        <form type="dialect">
          <pron xml:lang="bar-AT">φrō̩g</pron>
          <usg type="geo">
            <placeName type="gemeinde" ref="/geodata-wboe.xml#p6.3c03">Bad Großpertholz</placeName>
          </usg>
        </form>
        <form type="dialect">
          <pron xml:lang="bar-AT">fråg</pron>
          <usg type="geo">
            <placeName type="gemeinde" ref="/geodata-wboe.xml#p6.4d18">Poysdorf</placeName>
          </usg>
        </form>
        <form type="dialect">
          <pron xml:lang="bar-AT">frå̄ch</pron>
          <pron xml:lang="bar-AT">frō̩g</pron>
          <usg type="geo">
            <placeName type="grossregion" ref="/geodata-wboe.xml#p6.5">Wien</placeName>
          </usg>
        </form>
        <form type="dialect">
          <pron xml:lang="bar-AT">frōeuŋ̈</pron>
          <usg type="geo">
            <placeName type="gemeinde" ref="/geodata-wboe.xml#p7.2a08">Neckenmarkt</placeName>
          </usg>
        </form>
        <form type="dialect">
          <pron xml:lang="bar-AT">frou(ch)</pron>
          <usg type="geo">
            <placeName type="gemeinde" ref="/geodata-wboe.xml#p7.2b08">Pilgersdorf</placeName>
          </usg>
        </form>
        <form type="dialect">
          <pron xml:lang="bar-AT">frog</pron>
          <usg type="geo">
            <placeName type="gemeinde" ref="/geodata-wboe.xml#p7.3g07">Stegersbach</placeName>
          </usg>
          <ptr type="collection" subtype="lautung" target="/collections-wboe.xml#c14160"/>
        </form>
        <etym>
          <cit type="etymon">
            <lang>ahd.</lang>
            <form>
              <orth>frāga</orth>
            </form>
          </cit>
          <seg type="desc">
            <date>(9. Jh.)</date>;
          </seg>
          <cit type="etymon">
            <lang>mhd.</lang>
            <form>
              <orth>vrāge</orth>
            </form>
            <def>Frage; Nachfrage; Forschung</def>
          </cit>
          <ref type="bibl" target="#Lexer1878III">
            <lbl>vgl.</lbl>Lexer 1878 III
            <citedRange>487</citedRange>
          </ref>
          <ref type="bibl" target="#Pfeifer2014">Pfeifer 2014
            <citedRange>369</citedRange>
          </ref>
        </etym>
        <sense>
          <sense>
            <def>eine Antwort, Auskunft, Erklärung, Entscheidung fordernde Äußerung</def>
            <usg type="geo">
              <placeName type="bundesland" ref="/geodata-wboe.xml#p1A">STir.</placeName>
            </usg>
            <usg type="geo">
              <placeName type="grossregion" ref="/geodata-wboe.xml#p1B.0">OTir.</placeName>
            </usg>
            <usg type="geo">
              <placeName type="bundesland" ref="/geodata-wboe.xml#p1C">NTir.</placeName>
            </usg>
            <usg type="geo">
              <placeName type="grossregion" ref="/geodata-wboe.xml#p2.1">ObKtn.</placeName>
            </usg>
            <usg type="geo">
              <placeName type="grossregion" ref="/geodata-wboe.xml#p2.2">MKtn.</placeName>
            </usg>
            <usg type="geo">
              <placeName type="grossregion" ref="/geodata-wboe.xml#p3.1">sbair.ObStmk.</placeName>
            </usg>
            <usg type="geo">
              <placeName type="grossregion" ref="/geodata-wboe.xml#p3.3">WStmk.</placeName>
            </usg>
            <usg type="geo">
              <placeName type="grossregion" ref="/geodata-wboe.xml#p3.5">OStmk.</placeName>
            </usg>
            <usg type="geo">
              <placeName type="grossregion" ref="/geodata-wboe.xml#p4.1">Lung.</placeName>
            </usg>
            <usg type="geo">
              <placeName type="bundesland" ref="/geodata-wboe.xml#p5">OÖ</placeName>
            </usg>
            <usg type="geo">
              <placeName type="bundesland" ref="/geodata-wboe.xml#p6">NÖ</placeName>
            </usg>
            <usg type="geo">
              <placeName type="grossregion" ref="/geodata-wboe.xml#p6.5">Wien</placeName>
            </usg>
            <usg type="geo">
              <placeName type="grossregion" ref="/geodata-wboe.xml#p7.2">MBgl.</placeName>
            </usg>
            <usg type="geo">
              <placeName type="grossregion" ref="/geodata-wboe.xml#p7.3">SBgl.</placeName>
            </usg>
            <cit type="example">
              <quote xml:lang="bar-AT">dęs iš nou di frōgẹ</quote>
              <usg type="geo">
                <placeName type="gemeinde" ref="/geodata-wboe.xml#p1A.4c01">Lüsen</placeName>
              </usg>
            </cit>
            <cit type="example">
              <quote xml:lang="bar-AT">dō iš gōr kχǫa frōgẹ</quote>
              <usg type="geo">
                <placeName type="gemeinde" ref="/geodata-wboe.xml#p1A.4c01">Lüsen</placeName>
              </usg>
            </cit>
            <cit type="example">
              <quote xml:lang="bar-AT">dȫs išt kχǫa frǭg</quote>
              <usg type="geo">
                <placeName type="gemeinde" ref="/geodata-wboe.xml#p1C.2a29">Weer</placeName>
              </usg>
            </cit>
            <cit type="example">
              <quote xml:lang="bar-AT">a Frǭg is ǫǫ̈weu dalap!</quote>
              <usg type="geo">
                <placeName type="gemeinde" ref="/geodata-wboe.xml#p1C.3e06">Kufstein</placeName>
              </usg>
            </cit>
            <cit type="example">
              <quote xml:lang="bar-AT">Dås is ko͜a Fråg!</quote>
              <usg type="geo">
                <placeName type="kleinregion" ref="/geodata-wboe.xml#p2.2d">obstGurkt.</placeName>
              </usg>
            </cit>
            <cit type="example">
              <quote xml:lang="bar-AT">Iatz habn s' nach dá Zeitung dö allererst Frag</quote>
              <usg type="geo">
                <placeName type="gemeinde" ref="/geodata-wboe.xml#p5.1b02">Aspach</placeName>
              </usg>
            </cit>
            <cit type="example">
              <quote xml:lang="bar-AT">gå khǫaⁿ Frå̩g</quote>
              <usg type="geo">
                <placeName type="gemeinde" ref="/geodata-wboe.xml#p5.3b02">Gmunden</placeName>
              </usg>
            </cit>
            <cit type="example">
              <quote xml:lang="bar-AT">Dąŋg dəʳ Fråg</quote>
              <usg type="geo">
                <placeName type="gemeinde" ref="/geodata-wboe.xml#p5.3b02">Gmunden</placeName>
              </usg>
            </cit>
            <cit type="example">
              <quote xml:lang="bar-AT">mit solchi Frågn daher kema</quote>
              <usg type="geo">
                <placeName type="gemeinde" ref="/geodata-wboe.xml#p6.2h28">Warth</placeName>
              </usg>
            </cit>
            <cit type="example">
              <quote xml:lang="bar-AT">A Fråg is jǫ dalaubt</quote>
              <usg type="geo">
                <placeName type="gemeinde" ref="/geodata-wboe.xml#p6.4d18">Poysdorf</placeName>
              </usg>
            </cit>
            <cit type="example">
              <quote xml:lang="bar-AT">Daß i' kumm', dës is' jå går kañ Frå̄ch nët!</quote>
              <usg type="geo">
                <placeName type="grossregion" ref="/geodata-wboe.xml#p6.5">Wien</placeName>
              </usg>
            </cit>
            <cit type="example">
              <quote xml:lang="bar-AT">añ Fråg' (Fråch') aufwerfen</quote>
              <usg type="geo">
                <placeName type="grossregion" ref="/geodata-wboe.xml#p6.5">Wien</placeName>
              </usg>
            </cit>
            <ptr type="collection" subtype="bedeutung" target="/collections-wboe.xml#c14182"/>
          </sense>
          <sense>
            <def>Aufgebot; Ankündigung einer Hochzeit</def>
            <usg type="geo">
              <placeName type="grossregion" ref="/geodata-wboe.xml#p5.3">Traunv.</placeName>
            </usg>
            <cit type="example">
              <quote xml:lang="bar-AT">haiⁿd hąms füˡ Fråᵍŋ khåd</quote>
              <usg type="geo">
                <placeName type="gemeinde" ref="/geodata-wboe.xml#p5.3b02">Gmunden</placeName>
              </usg>
            </cit>
            <ptr type="collection" subtype="bedeutung" target="/collections-wboe.xml#c14216"/>
          </sense>
        </sense>
        <re>
          <form subtype="compound" type="lemma">
            <orth>Anfrage</orth>
          </form>
          <sense>
            <sense>
              <def>Ersuchen; Bitte um Auskunft</def>
              <usg type="geo">
                <placeName type="bundesland" ref="/geodata-wboe.xml#p1C">NTir.</placeName>
              </usg>
              <usg type="geo">
                <placeName type="grossregion" ref="/geodata-wboe.xml#p2.1">ObKtn.</placeName>
              </usg>
              <usg type="geo">
                <placeName type="grossregion" ref="/geodata-wboe.xml#p2.2">MKtn.</placeName>
              </usg>
              <usg type="geo">
                <placeName type="grossregion" ref="/geodata-wboe.xml#p3.1">sbair.ObStmk.</placeName>
              </usg>
              <usg type="geo">
                <placeName type="grossregion" ref="/geodata-wboe.xml#p4.2">Pinzg.</placeName>
              </usg>
              <usg type="geo">
                <placeName type="grossregion" ref="/geodata-wboe.xml#p4.3">Pong.</placeName>
              </usg>
              <usg type="geo">
                <placeName type="bundesland" ref="/geodata-wboe.xml#p5">OÖ</placeName>
              </usg>
              <usg type="geo">
                <placeName type="grossregion" ref="/geodata-wboe.xml#p6.1">Mostv.</placeName>
              </usg>
              <usg type="geo">
                <placeName type="grossregion" ref="/geodata-wboe.xml#p6.2">Industriev.</placeName>
              </usg>
              <usg type="geo">
                <placeName type="grossregion" ref="/geodata-wboe.xml#p6.3">Waldv.</placeName>
              </usg>
              <cit type="example">
                <quote xml:lang="bar-AT">An Uⁿfrăg is woi ăwa i wea da nid 's Khrecht săgn khinna</quote>
                <usg type="geo">
                  <placeName type="gemeinde" ref="/geodata-wboe.xml#p1C.3f02">Hopfgarten im Brixental</placeName>
                </usg>
              </cit>
              <cit type="example">
                <quote xml:lang="bar-AT">i brǫwíɒs mid ɒrɒn ąⁿfrǫg</quote>
                <usg type="geo">
                  <placeName type="gemeinde" ref="/geodata-wboe.xml#p5.1c07">Mühlheim am Inn</placeName>
                </usg>
              </cit>
              <ptr type="collection" subtype="bedeutung" target="/collections-wboe.xml#c14172"/>
            </sense>
          </sense>
        </re>
        <re>
          <form subtype="compound" type="lemma">
            <orth>Gefrage</orth>
          </form>
          <sense>
            <sense>
              <def>zudringliches Fragen</def>
              <usg type="geo">
                <placeName type="grossregion" ref="/geodata-wboe.xml#p1C.3">öNTir.</placeName>
              </usg>
              <ptr type="collection" subtype="bedeutung" target="/collections-wboe.xml#c14175"/>
            </sense>
          </sense>
        </re>
        <re>
          <form subtype="compound" type="lemma">
            <orth>Nachfrage</orth>
          </form>
          <sense>
            <sense>
              <def>Frage nach etwas oder jemandem</def>
              <usg type="geo">
                <placeName type="grossregion" ref="/geodata-wboe.xml#p1C.2">mNTir.</placeName>
              </usg>
              <usg type="geo">
                <placeName type="grossregion" ref="/geodata-wboe.xml#p1C.3">öNTir.</placeName>
              </usg>
              <usg type="geo">
                <placeName type="grossregion" ref="/geodata-wboe.xml#p5.3">Traunv.</placeName>
              </usg>
              <usg type="geo">
                <placeName type="grossregion" ref="/geodata-wboe.xml#p6.2">Industriev.</placeName>
              </usg>
              <cit type="example">
                <quote xml:lang="bar-AT">dǫŋkχ dər nǭχfrǭg</quote>
                <usg type="geo">
                  <placeName type="gemeinde" ref="/geodata-wboe.xml#p1C.2a29">Weer</placeName>
                </usg>
              </cit>
              <cit type="example">
                <quote xml:lang="bar-AT">əs išt kχǫa nǭχfrǭg</quote>
                <usg type="geo">
                  <placeName type="gemeinde" ref="/geodata-wboe.xml#p1C.2a29">Weer</placeName>
                </usg>
              </cit>
              <cit type="example">
                <quote xml:lang="bar-AT">dąŋk tɒ nǫ́χfrǫg</quote>
                <usg type="geo">
                  <placeName type="gemeinde" ref="/geodata-wboe.xml#p5.3g05">Kremsmünster</placeName>
                </usg>
              </cit>
              <cit type="example">
                <quote xml:lang="bar-AT">ēs īs kāᷠ Nåhfråh drum</quote>
                <usg type="geo">
                  <placeName type="gemeinde" ref="/geodata-wboe.xml#p6.2j15">Pottendorf</placeName>
                </usg>
              </cit>
              <cit type="example">
                <quote xml:lang="bar-AT">Dånk dăʳ Nåhfråh, 's gēd măʳ gu͡ad</quote>
                <usg type="geo">
                  <placeName type="gemeinde" ref="/geodata-wboe.xml#p6.2j15">Pottendorf</placeName>
                </usg>
              </cit>
              <ptr type="collection" subtype="bedeutung" target="/collections-wboe.xml#c14176"/>
            </sense>
          </sense>
        </re>
        <re>
          <form subtype="compound" type="lemma">
            <orth>Umfrage</orth>
          </form>
          <sense>
            <sense>
              <def>Befragung einer größeren Anzahl von Personen nach ihrer Meinung zu einer bestimmten Sache</def>
              <usg type="geo">
                <placeName type="grossregion" ref="/geodata-wboe.xml#p1C.3">öNTir.</placeName>
              </usg>
              <usg type="geo">
                <placeName type="grossregion" ref="/geodata-wboe.xml#p5.1">Innv.</placeName>
              </usg>
              <usg type="geo">
                <placeName type="grossregion" ref="/geodata-wboe.xml#p6.1">Mostv.</placeName>
              </usg>
              <cit type="example">
                <quote xml:lang="bar-AT">Umfrǫg hǫǫ̈tn</quote>
                <usg type="geo">
                  <placeName type="gemeinde" ref="/geodata-wboe.xml#p1C.3e06">Kufstein</placeName>
                </usg>
              </cit>
              <cit type="example">
                <quote xml:lang="bar-AT">ɒn úmfrǫg dǫɒⁿ</quote>
                <usg type="geo">
                  <placeName type="gemeinde" ref="/geodata-wboe.xml#p5.1c07">Mühlheim am Inn</placeName>
                </usg>
              </cit>
              <ptr type="collection" subtype="bedeutung" target="/collections-wboe.xml#c14171"/>
            </sense>
          </sense>
        </re>
        <re type="redewendung">
          <form subtype="MWE" type="lemma">
            <orth>eine Frage ist/steht frei</orth>
          </form>
          <sense>
            <def>eine Frage darf einem nicht übelgenommen werden; eine Frage ist erlaubt; eine unverbindliche Anfrage</def>
            <usg type="geo">
              <placeName type="grossregion" ref="/geodata-wboe.xml#p4.2">Pinzg.</placeName>
            </usg>
            <usg type="geo">
              <placeName type="grossregion" ref="/geodata-wboe.xml#p4.3">Pong.</placeName>
            </usg>
            <usg type="geo">
              <placeName type="bundesland" ref="/geodata-wboe.xml#p5">OÖ</placeName>
            </usg>
            <usg type="geo">
              <placeName type="grossregion" ref="/geodata-wboe.xml#p6.1">Mostv.</placeName>
            </usg>
            <cit type="example">
              <quote xml:lang="bar-AT">A Fraog is frei</quote>
              <usg type="geo">
                <placeName type="gemeinde" ref="/geodata-wboe.xml#p4.2g02">Saalfelden am Steinernen Meer</placeName>
              </usg>
            </cit>
            <cit type="example">
              <quote xml:lang="bar-AT">a Frǫug is frei</quote>
              <usg type="geo">
                <placeName type="kleinregion" ref="/geodata-wboe.xml#p4.3d">Gr.Arlt.</placeName>
              </usg>
            </cit>
            <cit type="example">
              <quote xml:lang="bar-AT">ɒ frǫg is fraė</quote>
              <usg type="geo">
                <placeName type="gemeinde" ref="/geodata-wboe.xml#p5.1c07">Mühlheim am Inn</placeName>
              </usg>
            </cit>
            <cit type="example">
              <quote xml:lang="bar-AT">a Fråg is frei</quote>
              <usg type="geo">
                <placeName type="gemeinde" ref="/geodata-wboe.xml#p5.2a39">Traun</placeName>
              </usg>
            </cit>
            <cit type="example">
              <quote xml:lang="bar-AT">a Fråg is frai</quote>
              <usg type="geo">
                <placeName type="gemeinde" ref="/geodata-wboe.xml#p5.3b02">Gmunden</placeName>
              </usg>
            </cit>
            <cit type="example">
              <quote xml:lang="bar-AT">a Fråg steht frei</quote>
              <usg type="geo">
                <placeName type="gemeinde" ref="/geodata-wboe.xml#p5.4b13">Ulrichsberg</placeName>
              </usg>
            </cit>
            <cit type="example">
              <quote xml:lang="bar-AT">ɒ̃ frǭg īs frāi</quote>
              <usg type="geo">
                <placeName type="gemeinde" ref="/geodata-wboe.xml#p6.1o01">Herzogenburg</placeName>
              </usg>
            </cit>
            <ptr type="collection" subtype="bedeutung" target="/collections-wboe.xml#c14217"/>
          </sense>
        </re>
        <re type="redewendung">
          <form subtype="MWE" type="lemma">
            <orth>Ist das eine Frage?</orth>
          </form>
          <sense>
            <def type="umschreibung">Ausdruck der Verwunderung</def>
            <usg type="geo">
              <placeName type="grossregion" ref="/geodata-wboe.xml#p2.2">MKtn.</placeName>
            </usg>
            <usg type="geo">
              <placeName type="grossregion" ref="/geodata-wboe.xml#p6.1">Mostv.</placeName>
            </usg>
            <cit type="example">
              <quote xml:lang="bar-AT">Is dås a Fråg!</quote>
              <usg type="geo">
                <placeName type="kleinregion" ref="/geodata-wboe.xml#p2.2d">obstGurkt.</placeName>
              </usg>
            </cit>
            <cit type="example">
              <quote xml:lang="bar-AT">Is dės a Frag?</quote>
              <usg type="geo">
                <placeName type="gemeinde" ref="/geodata-wboe.xml#p6.1s06">Sitzenberg-Reidling</placeName>
              </usg>
            </cit>
            <ptr type="collection" subtype="bedeutung" target="/collections-wboe.xml#c14220"/>
          </sense>
        </re>
        <re type="redewendung">
          <form subtype="MWE" type="lemma">
            <orth>zweite Frage</orth>
          </form>
          <sense>
            <def>„zweite Verkündigung der Ehekandidaten von der Kanzel“</def>
            <usg type="geo">
              <placeName type="bundesland" ref="/geodata-wboe.xml#p5">OÖ</placeName>
            </usg>
            <cit type="example">
              <quote xml:lang="bar-AT">zweite Frág</quote>
              <ref type="bibl" target="#OöWb2014">Oö. Wb. 2014
                <citedRange>347</citedRange>
              </ref>
              <usg type="geo">
                <placeName type="bundesland" ref="/geodata-wboe.xml#p5">OÖ</placeName>
              </usg>
            </cit>
            <ptr type="collection" subtype="bedeutung" target="/collections-wboe.xml#c14219"/>
          </sense>
        </re>
      </entry>
    </body>
  </text>
</TEI>