<?xml version="1.0" encoding="UTF-8"?>
    <?xml-model href="http://www.tei-c.org/release/xml/tei/custom/schema/relaxng/tei_all.rng" type="application/xml" schematypens="http://purl.oclc.org/dsdl/schematron"?>
    <?xml-model href="../../803_RNG-schematron/WBOE-ODD.rnc" type="application/relax-ng-compact-syntax"?>
<?redaktionstool version="0.7.2" ?>
<?parser type="lioe" version="0.7.0" ?>
<TEI xmlns="http://www.tei-c.org/ns/1.0">
  <teiHeader>
    <fileDesc>
      <titleStmt>
        <title>Franziskaner</title>
        <respStmt>
          <resp>Editor</resp>
          <name ref="#AB">Angela Bergermayer</name>
        </respStmt>
        <respStmt>
          <resp>Encoding Scheme</resp>
          <name>Jack Bowers</name>
          <name>Daniel Schopper</name>
          <name>Omar Siam</name>
        </respStmt>
        <respStmt>
          <resp>DBOE Team</resp>
          <name xml:id="AL">Alexandra N. Lenz</name>
          <name xml:id="PhS">Philipp Stöckle</name>
          <name xml:id="AG">Andreas Gellan</name>
          <name xml:id="PZ">Patrick Zeitlhuber</name>
          <name xml:id="SW">Sabine Wahl</name>
          <name xml:id="SS">Sonja Schwaiger</name>
          <name xml:id="AB">Angela Bergermayer</name>
          <name xml:id="EW">Eva Wahlmüller</name>
          <name xml:id="DG">David Gschösser</name>
          <name xml:id="StS">Stefanie Schöberl</name>
          <name xml:id="FF">Fabian Fleißner</name>
        </respStmt>
        <respStmt>
          <resp>Student assistants</resp>
          <name>Susanna Muhr</name>
          <name>Manuela Stütz</name>
          <name>Christina Hemetsberger</name>
        </respStmt>
      </titleStmt>
      <publicationStmt>
        <p></p>
      </publicationStmt>
      <sourceDesc>
        <list>
          <item>
            <label>Geo-data</label>
            <ptr xml:id="geo-inventory-WBOE" target="../geodata-wboe.xml"/>
          </item>
          <item>
            <label>Bibliography</label>
            <ptr xml:id="bibliography-WBOE" target="../bibl-wboe.xml"/>
          </item>
          <item>
            <label>WBOE-Slips</label>
            <ptr xml:id="slips-WBOE" target="../slips-wboe.xml"/>
          </item>
          <item>
            <label>WBOE-Collections</label>
            <ptr xml:id="collections-WBOE" target="../collections-wboe.xml"/>
          </item>
        </list>
      </sourceDesc>
    </fileDesc>
    <revisionDesc>
      <listChange>
        <change status="internal correction" when="2020-11-16" who="#AB">Datensatz erstellt</change>
        <change status="internal correction" when="2021-02-05" who="#DG">LK unformatiert eingefügt</change>
        <change status="external correction" when="2021-02-05" who="#AB">LK korrekturgelesen, getaggt, formatiert; freigegeben f. ext. Korr.</change>
        <change status="external correction" when="2021-02-12" who="#DG">LK leicht ausgebessert</change>
        <change status="finished" when="2021-02-25" who="#AB">keine Anmerkungen; Abschlussredaktion</change>
      </listChange>
    </revisionDesc>
  </teiHeader>
  <text>
    <body>
      <entry>
        <form type="lemma" xml:id="Franziskaner">
          <orth>Franziskaner</orth>
          <ptr type="collection" subtype="lemma" target="/collections-wboe.xml#c12242"/>
        </form>
        <gramGrp>
          <gram type="pos">Substantiv</gram>
          <gram type="gender">Maskulinum</gram>
        </gramGrp>
        <usg type="geo">
          <placeName type="grossregion" ref="/geodata-wboe.xml#p1C.3">öNTir.</placeName>
        </usg>
        <usg type="geo">
          <placeName type="grossregion" ref="/geodata-wboe.xml#p2.1">ObKtn.</placeName>
        </usg>
        <usg type="geo">
          <placeName type="grossregion" ref="/geodata-wboe.xml#p3.1">sbair.ObStmk.</placeName>
        </usg>
        <usg type="geo">
          <placeName type="grossregion" ref="/geodata-wboe.xml#p3.5">OStmk.</placeName>
        </usg>
        <usg type="geo">
          <placeName type="grossregion" ref="/geodata-wboe.xml#p5.1">Innv.</placeName>
        </usg>
        <usg type="geo">
          <placeName type="grossregion" ref="/geodata-wboe.xml#p5.2">Hausrv.</placeName>
        </usg>
        <usg type="geo">
          <placeName type="grossregion" ref="/geodata-wboe.xml#p5.4">Mühlv.</placeName>
        </usg>
        <usg type="geo">
          <placeName type="grossregion" ref="/geodata-wboe.xml#p6.1">Mostv.</placeName>
        </usg>
        <usg type="geo">
          <placeName type="grossregion" ref="/geodata-wboe.xml#p6.4">Weinv.</placeName>
        </usg>
        <usg type="geo">
          <placeName type="grossregion" ref="/geodata-wboe.xml#p6.5">Wien</placeName>
        </usg>
        <usg type="geo">
          <placeName type="grossregion" ref="/geodata-wboe.xml#p7.2">MBgl.</placeName>
        </usg>
        <note type="kommentar" resp="#DG">Die Lautverhältnisse des lateinischen Lehnwortes wurden nur vereinzelt und ohne klare räumliche Verteilung abgewandelt, die Betonungsverhältnisse wurden bewahrt. Im gesamten Verbreitungsgebiet liegen für Lehnwörter typische helle
          <c>a</c>-Monophthonge vor, im Hauptton lange und im Nebenton kurze
          <xr>
            <ref>fràntsįß̌kā́nɒ</ref>
          </xr>. Neben dem häufigen Erhalt des Vokals der unbetonten Mittelsilbe kommt es auch zu Qualitätsschwankungen und Schwund. Im Mostviertel wurde der Vokal mitunter leicht
          <xr>
            <ref>fràndsẹsghā́nɒ</ref>
          </xr>und in der südbairischen Obersteiermark stark geöffnet
          <xr>
            <ref>fràntsɒß̌kā́nɒ</ref>
          </xr>sowie in der Oststeiermark zwischen den beiden Sibilanten getilgt
          <xr>
            <ref>flàndšgā́nɒ</ref>
          </xr>. In letzterer Form ist zudem ein spontaner Liquidwechsel zu beobachten. Der Sibilant in der für das Bairische ungewöhnlichen Lautfolge -
          <c>sk</c>- wurde fast überall palatalisiert
          <xr>
            <ref>fràntsįß̌kā́nɒ</ref>
          </xr>. Im Mühlviertel und teilweise im Mostviertel treten aber ursprüngliche oder wiederhergestellte Formen auf
          <xr>
            <ref>fràndsįßkhā́nɒ</ref>
          </xr>. In Oberkärnten ist zudem die Metathese der beiden Sibilanten belegt
          <xr>
            <ref>fràntšįßkxā́nɒ</ref>
          </xr>. Der einfache inlautende velare Plosiv des Lehnwortes ist weitestgehend erhalten
          <xr>
            <ref>fràntsįß̌kā́nɒ</ref>
          </xr>. Er erscheint nur im Mittelbairischen des Innviertels, Mühlviertels und teilweise im Mostviertel aspiriert
          <xr>
            <ref>fràndsįß̌khā́nɒ</ref>
          </xr>, im Südbairischen Oberkärntens dagegen affriziert
          <xr>
            <ref>fràntsįß̌kxā́nɒ</ref>
          </xr>. Das Suffix -
          <c>er</c>wurde überall vokalisiert
          <xr>
            <ref>fràntsįß̌kā́nɒ</ref>
          </xr>.
        </note>
        <form type="dialect">
          <pron xml:lang="bar-AT">franziŝganər</pron>
          <usg type="geo">
            <placeName type="gemeinde" ref="/geodata-wboe.xml#p1C.3b03">Thiersee</placeName>
          </usg>
        </form>
        <form type="dialect">
          <pron xml:lang="bar-AT">frãntßiš̩kx̩á̄na̭</pron>
          <usg type="geo">
            <placeName type="gemeinde" ref="/geodata-wboe.xml#p2.1f01">Lesachtal</placeName>
          </usg>
        </form>
        <form type="dialect">
          <pron xml:lang="bar-AT">flantschkana</pron>
          <usg type="geo">
            <placeName type="gemeinde" ref="/geodata-wboe.xml#p3.5j12">Kirchberg an der Raab</placeName>
          </usg>
        </form>
        <form type="dialect">
          <pron xml:lang="bar-AT">frantsiškhánɒ</pron>
          <usg type="geo">
            <placeName type="gemeinde" ref="/geodata-wboe.xml#p5.1c07">Mühlheim am Inn</placeName>
          </usg>
        </form>
        <form type="dialect">
          <pron xml:lang="bar-AT">frãndsiskhãnɒ</pron>
          <usg type="geo">
            <placeName type="gemeinde" ref="/geodata-wboe.xml#p5.4b13">Ulrichsberg</placeName>
          </usg>
        </form>
        <form type="dialect">
          <pron xml:lang="bar-AT">franzėskhãna</pron>
          <usg type="geo">
            <placeName type="gemeinde" ref="/geodata-wboe.xml#p6.1n02">Dunkelsteinerwald</placeName>
          </usg>
        </form>
        <form type="dialect">
          <pron xml:lang="bar-AT">frãnntsišká̃̄nɒ</pron>
          <usg type="geo">
            <placeName type="gemeinde" ref="/geodata-wboe.xml#p6.1o01">Herzogenburg</placeName>
          </usg>
        </form>
        <form type="dialect">
          <pron xml:lang="bar-AT">frantsiškánɒ</pron>
          <usg type="geo">
            <placeName type="grossregion" ref="/geodata-wboe.xml#p6.5">Wien</placeName>
          </usg>
        </form>
        <form type="dialect">
          <pron xml:lang="bar-AT">frantsiškanɒ</pron>
          <usg type="geo">
            <placeName type="gemeinde" ref="/geodata-wboe.xml#p7.2b08">Pilgersdorf</placeName>
          </usg>
          <ptr type="collection" subtype="lautung" target="/collections-wboe.xml#c12294"/>
        </form>
        <etym>
          <seg type="desc">Ableitung von</seg>
          <cit type="etymon">
            <lang>lat.</lang>
            <form>
              <orth>franciscānus</orth>
            </form>
            <def>von Franziskus bzw. zu Franziskus gehörig</def>
          </cit>
        </etym>
        <sense>
          <sense>
            <def>Angehöriger des Ordens der Minderen Brüder, eines katholischen Reformordens, der auf die Gründung durch Franziskus von Assisi zurückgeht und sich an dessen Ordensregel orientiert</def>
            <usg type="geo">
              <placeName type="grossregion" ref="/geodata-wboe.xml#p1C.3">öNTir.</placeName>
            </usg>
            <usg type="geo">
              <placeName type="grossregion" ref="/geodata-wboe.xml#p2.1">ObKtn.</placeName>
            </usg>
            <usg type="geo">
              <placeName type="grossregion" ref="/geodata-wboe.xml#p3.1">sbair.ObStmk.</placeName>
            </usg>
            <usg type="geo">
              <placeName type="grossregion" ref="/geodata-wboe.xml#p3.5">OStmk.</placeName>
            </usg>
            <usg type="geo">
              <placeName type="grossregion" ref="/geodata-wboe.xml#p5.1">Innv.</placeName>
            </usg>
            <usg type="geo">
              <placeName type="grossregion" ref="/geodata-wboe.xml#p5.2">Hausrv.</placeName>
            </usg>
            <usg type="geo">
              <placeName type="grossregion" ref="/geodata-wboe.xml#p5.4">Mühlv.</placeName>
            </usg>
            <usg type="geo">
              <placeName type="grossregion" ref="/geodata-wboe.xml#p6.1">Mostv.</placeName>
            </usg>
            <usg type="geo">
              <placeName type="grossregion" ref="/geodata-wboe.xml#p6.4">Weinv.</placeName>
            </usg>
            <usg type="geo">
              <placeName type="bundesland" ref="/geodata-wboe.xml#p6.5">Wien</placeName>
            </usg>
            <usg type="geo">
              <placeName type="grossregion" ref="/geodata-wboe.xml#p7.2">MBgl.</placeName>
            </usg>
            <ptr type="collection" subtype="bedeutung" target="/collections-wboe.xml#c12354"/>
          </sense>
        </sense>
      </entry>
    </body>
  </text>
</TEI>