<?xml version="1.0" encoding="UTF-8"?>
    <?xml-model href="http://www.tei-c.org/release/xml/tei/custom/schema/relaxng/tei_all.rng" type="application/xml" schematypens="http://purl.oclc.org/dsdl/schematron"?>
    <?xml-model href="../../803_RNG-schematron/WBOE-ODD.rnc" type="application/relax-ng-compact-syntax"?>
<?redaktionstool version="0.8.0" ?>
<?parser type="lioe" version="0.8.0" ?>
<TEI xmlns="http://www.tei-c.org/ns/1.0">
  <teiHeader>
    <fileDesc>
      <titleStmt>
        <title>Fratz</title>
        <respStmt>
          <resp>Editor</resp>
          <name ref="#AB">Angela Bergermayer</name>
        </respStmt>
        <respStmt>
          <resp>Encoding Scheme</resp>
          <name>Jack Bowers</name>
          <name>Daniel Schopper</name>
          <name>Omar Siam</name>
        </respStmt>
        <respStmt>
          <resp>DBOE Team</resp>
          <name xml:id="AL">Alexandra N. Lenz</name>
          <name xml:id="PhS">Philipp Stöckle</name>
          <name xml:id="AG">Andreas Gellan</name>
          <name xml:id="PZ">Patrick Zeitlhuber</name>
          <name xml:id="SW">Sabine Wahl</name>
          <name xml:id="SS">Sonja Schwaiger</name>
          <name xml:id="AB">Angela Bergermayer</name>
          <name xml:id="EW">Eva Wahlmüller</name>
          <name xml:id="DG">David Gschösser</name>
          <name xml:id="StS">Stefanie Schöberl</name>
          <name xml:id="FF">Fabian Fleißner</name>
          <name xml:id="MK">Markus Kunzmann</name>
        </respStmt>
        <respStmt>
          <resp>Student assistants</resp>
          <name>Susanna Muhr</name>
          <name>Manuela Stütz</name>
          <name>Christina Hemetsberger</name>
        </respStmt>
      </titleStmt>
      <publicationStmt>
        <p></p>
      </publicationStmt>
      <sourceDesc>
        <list>
          <item>
            <label>Geo-data</label>
            <ptr xml:id="geo-inventory-WBOE" target="../geodata-wboe.xml"/>
          </item>
          <item>
            <label>Bibliography</label>
            <ptr xml:id="bibliography-WBOE" target="../bibl-wboe.xml"/>
          </item>
          <item>
            <label>WBOE-Slips</label>
            <ptr xml:id="slips-WBOE" target="../slips-wboe.xml"/>
          </item>
          <item>
            <label>WBOE-Collections</label>
            <ptr xml:id="collections-WBOE" target="../collections-wboe.xml"/>
          </item>
        </list>
      </sourceDesc>
    </fileDesc>
    <revisionDesc>
      <listChange>
        <change status="in progress" when="2021-10-13" who="#AB">Datensatz angelegt</change>
        <change status="internal correction" when="2021-10-28" who="#AB">freigegeben f. int. Korr.</change>
        <change status="internal correction" when="2022-01-19" who="#AB">Versionsupdate; kl. Bed.zusammenfassung</change>
        <change status="internal correction" when="2022-03-04" who="#PZ">LK eingefügt</change>
        <change status="external correction" when="2022-03-04" who="#AB">LK korr.; freigegeben f. ext. Korr.</change>
        <change status="external correction" when="2022-05-02" who="#PZ">LK korrigiert</change>
        <change status="finished" when="2022-05-04" who="#AB">Abschlussredaktion</change>
      </listChange>
    </revisionDesc>
  </teiHeader>
  <text>
    <body>
      <entry>
        <form type="lemma" xml:id="Fratz">
          <orth>Fratz</orth>
          <ptr type="collection" subtype="lemma" target="/collections-wboe.xml#c17351"/>
        </form>
        <gramGrp>
          <gram type="pos">Substantiv</gram>
          <gram type="gender">Maskulinum</gram>
        </gramGrp>
        <form type="variant" subtype="diminutive" xml:id="Fraetzel">
          <orth>Frätzel</orth>
          <gramGrp>
            <gram type="gender">Neutrum</gram>
          </gramGrp>
        </form>
        <form type="variant" subtype="diminutive" xml:id="Fraetzerl">
          <orth>Frätzerl</orth>
          <gramGrp>
            <gram type="gender">Neutrum</gram>
          </gramGrp>
        </form>
        <form type="variant" subtype="diminutive" xml:id="Fratzerl">
          <orth>Fratzerl</orth>
          <gramGrp>
            <gram type="gender">Neutrum</gram>
          </gramGrp>
        </form>
        <form type="variant" subtype="diminutive" xml:id="Fraetzelein">
          <orth>Frätzelein</orth>
          <gramGrp>
            <gram type="gender">Neutrum</gram>
          </gramGrp>
        </form>
        <form type="variant" subtype="diminutive" xml:id="Fraetzeli">
          <orth>Frätzeli</orth>
          <gramGrp>
            <gram type="gender">Neutrum</gram>
          </gramGrp>
        </form>
        <usg type="geo">
          <placeName type="bundesland" ref="/geodata-wboe.xml#p1A">STir.</placeName>
        </usg>
        <usg type="geo">
          <placeName type="bundesland" ref="/geodata-wboe.xml#p1B">OTir.</placeName>
        </usg>
        <usg type="geo">
          <placeName type="bundesland" ref="/geodata-wboe.xml#p1C">NTir.</placeName>
        </usg>
        <usg type="geo">
          <placeName type="bundesland" ref="/geodata-wboe.xml#p2">Ktn.</placeName>
        </usg>
        <usg type="geo">
          <placeName type="bundesland" ref="/geodata-wboe.xml#p3">Stmk.</placeName>
        </usg>
        <usg type="geo">
          <placeName type="bundesland" ref="/geodata-wboe.xml#p4">Sbg.</placeName>
        </usg>
        <usg type="geo">
          <placeName type="bundesland" ref="/geodata-wboe.xml#p5">OÖ</placeName>
        </usg>
        <usg type="geo">
          <placeName type="bundesland" ref="/geodata-wboe.xml#p6">NÖ</placeName>
        </usg>
        <usg type="geo">
          <placeName type="bundesland" ref="/geodata-wboe.xml#p6.5">Wien</placeName>
        </usg>
        <usg type="geo">
          <placeName type="grossregion" ref="/geodata-wboe.xml#p7.2">MBgl.</placeName>
        </usg>
        <note type="kommentar" resp="#PZ">Der Stammvokal dieses früh aus dem Italienischen entlehnten Wortes verhält sich wie mhd.
          <c>a</c>und wurde im gesamten Verbreitungsgebiet zu offenem
          <c>o</c>verdumpft
          <xr>
            <ref>frǫtß</ref>
            <ref>frǫtßẹ</ref>
          </xr>. In Kärnten trat häufig Dehnung ein
          <xr>
            <ref>frǭtß</ref>
            <ref>frǭds</ref>
          </xr>. Die inlautende Affrikate wird überall als Fortis realisiert
          <xr>
            <ref>frǫtß</ref>
            <ref>frǫtßẹ</ref>
            <ref>frǭtß</ref>
          </xr>, im Mittelbairischen parallel als Lenis
          <xr>
            <ref>frǭds</ref>
          </xr>. Während das Lexem überall einsilbig ist
          <xr>
            <ref>frǫtß</ref>
            <ref>frǭtß</ref>
            <ref>frǭds</ref>
          </xr>, kommen daneben im westlichen Südbairischen auch auf Vokal auslautende Zweisilber vor
          <xr>
            <ref>frǫtßẹ</ref>
          </xr>.
        </note>
        <form type="dialect">
          <pron xml:lang="bar-AT">frątz</pron>
          <usg type="geo">
            <placeName type="bundesland" ref="/geodata-wboe.xml#p1A">STir.</placeName>
          </usg>
        </form>
        <form type="dialect">
          <pron xml:lang="bar-AT">frǫtsɛ</pron>
          <usg type="geo">
            <placeName type="kleinregion" ref="/geodata-wboe.xml#p1A.4c">Lüsenert.</placeName>
          </usg>
        </form>
        <form type="dialect">
          <pron xml:lang="bar-AT">frǫtsẹ</pron>
          <usg type="geo">
            <placeName type="gemeinde" ref="/geodata-wboe.xml#p1A.4c01">Lüsen</placeName>
          </usg>
        </form>
        <form type="dialect">
          <pron xml:lang="bar-AT">frątz</pron>
          <usg type="geo">
            <placeName type="bundesland" ref="/geodata-wboe.xml#p1B">OTir.</placeName>
          </usg>
        </form>
        <form type="dialect">
          <pron xml:lang="bar-AT">frǫts</pron>
          <usg type="geo">
            <placeName type="gemeinde" ref="/geodata-wboe.xml#p1B.0a05">Sillian</placeName>
          </usg>
        </form>
        <form type="dialect">
          <pron xml:lang="bar-AT">frątse</pron>
          <usg type="geo">
            <placeName type="kleinregion" ref="/geodata-wboe.xml#p1B.0c">östl.OTir.Pustert.</placeName>
          </usg>
        </form>
        <form type="dialect">
          <pron xml:lang="bar-AT">froᵃtz</pron>
          <usg type="geo">
            <placeName type="gemeinde" ref="/geodata-wboe.xml#p1C.1m02">Fendels</placeName>
          </usg>
        </form>
        <form type="dialect">
          <pron xml:lang="bar-AT">frǫts</pron>
          <usg type="geo">
            <placeName type="gemeinde" ref="/geodata-wboe.xml#p1C.1m10">Serfaus</placeName>
          </usg>
        </form>
        <form type="dialect">
          <pron xml:lang="bar-AT">fråtza</pron>
          <usg type="geo">
            <placeName type="gemeinde" ref="/geodata-wboe.xml#p1C.1m11">Spiss</placeName>
          </usg>
        </form>
        <form type="dialect">
          <pron xml:lang="bar-AT">fråz</pron>
          <usg type="geo">
            <placeName type="gemeinde" ref="/geodata-wboe.xml#p2.1h02">Hermagor-Pressegger See</placeName>
          </usg>
        </form>
        <form type="dialect">
          <pron xml:lang="bar-AT">frǫts</pron>
          <usg type="geo">
            <placeName type="gemeinde" ref="/geodata-wboe.xml#p2.3f01">Feldkirchen in Kärnten</placeName>
          </usg>
        </form>
        <form type="dialect">
          <pron xml:lang="bar-AT">frᵃoz</pron>
          <pron xml:lang="bar-AT">froz</pron>
          <usg type="geo">
            <placeName type="gemeinde" ref="/geodata-wboe.xml#p3.1d03">Lobmingtal</placeName>
          </usg>
        </form>
        <form type="dialect">
          <pron xml:lang="bar-AT">frǭts</pron>
          <usg type="geo">
            <placeName type="gemeinde" ref="/geodata-wboe.xml#p3.1f02">Pölstal</placeName>
          </usg>
        </form>
        <form type="dialect">
          <pron xml:lang="bar-AT">frǫts</pron>
          <usg type="geo">
            <placeName type="gemeinde" ref="/geodata-wboe.xml#p3.2f03">Kindberg</placeName>
          </usg>
        </form>
        <form type="dialect">
          <pron xml:lang="bar-AT">φro̩tß</pron>
          <usg type="geo">
            <placeName type="gemeinde" ref="/geodata-wboe.xml#p4.2d01">Rauris</placeName>
          </usg>
        </form>
        <form type="dialect">
          <pron xml:lang="bar-AT">frǫtß</pron>
          <usg type="geo">
            <placeName type="gemeinde" ref="/geodata-wboe.xml#p4.2i01">Dienten am Hochkönig</placeName>
          </usg>
        </form>
        <form type="dialect">
          <pron xml:lang="bar-AT">-frá̊ᵘτß</pron>
          <usg type="geo">
            <placeName type="kleinregion" ref="/geodata-wboe.xml#p4.3d">Gr.Arlt.</placeName>
          </usg>
        </form>
        <form type="dialect">
          <pron xml:lang="bar-AT">frǫts</pron>
          <usg type="geo">
            <placeName type="gemeinde" ref="/geodata-wboe.xml#p5.1c07">Mühlheim am Inn</placeName>
          </usg>
        </form>
        <form type="dialect">
          <pron xml:lang="bar-AT">φʀo̩tß</pron>
          <usg type="geo">
            <placeName type="gemeinde" ref="/geodata-wboe.xml#p5.3c03">Steinbach am Ziehberg</placeName>
          </usg>
        </form>
        <form type="dialect">
          <pron xml:lang="bar-AT">fro̩tß</pron>
          <usg type="geo">
            <placeName type="gemeinde" ref="/geodata-wboe.xml#p5.4b13">Ulrichsberg</placeName>
          </usg>
        </form>
        <form type="dialect">
          <pron xml:lang="bar-AT">fro̩tß</pron>
          <usg type="geo">
            <placeName type="gemeinde" ref="/geodata-wboe.xml#p6.1d01">Allhartsberg</placeName>
          </usg>
        </form>
        <form type="dialect">
          <pron xml:lang="bar-AT">frǫds</pron>
          <usg type="geo">
            <placeName type="gemeinde" ref="/geodata-wboe.xml#p6.3f01">Allentsteig</placeName>
          </usg>
        </form>
        <form type="dialect">
          <pron xml:lang="bar-AT">φro̩ds</pron>
          <usg type="geo">
            <placeName type="gemeinde" ref="/geodata-wboe.xml#p6.4f06">Ernstbrunn</placeName>
          </usg>
        </form>
        <form type="dialect">
          <pron xml:lang="bar-AT">frá̊̆z</pron>
          <pron xml:lang="bar-AT">φrǫtß</pron>
          <usg type="geo">
            <placeName type="grossregion" ref="/geodata-wboe.xml#p6.5">Wien</placeName>
          </usg>
        </form>
        <form type="dialect">
          <pron xml:lang="bar-AT">fråz</pron>
          <usg type="geo">
            <placeName type="gemeinde" ref="/geodata-wboe.xml#p6.5r01">Gersthof</placeName>
          </usg>
        </form>
        <form type="dialect">
          <pron xml:lang="bar-AT">frotz</pron>
          <pron xml:lang="bar-AT">-frottz</pron>
          <usg type="geo">
            <placeName type="gemeinde" ref="/geodata-wboe.xml#p7.2b08">Pilgersdorf</placeName>
          </usg>
          <ptr type="collection" subtype="lautung" target="/collections-wboe.xml#c23029"/>
        </form>
        <etym>
          <seg type="desc">wohl entlehnt aus
            <lang>ital.</lang>
          </seg>
          <cit type="etymon">
            <form>
              <orth>frasca</orth>
            </form>
            <def>Laubast; eitler, unnützer, possenhafter Kerl; ausgelassener Mensch</def>
          </cit>
          <ref type="bibl" target="#DWB1878IV/I/1">
            <lbl>vgl.</lbl>DWB 1878 IV/I/1
            <citedRange>68f.</citedRange>
          </ref>
          <ref type="bibl" target="#Kluge2011">
            <lbl>vgl.</lbl>Kluge 2011
            <citedRange>314</citedRange>
          </ref>
          <ref type="bibl" subtype="online">DWB Neub. online A-F
            <xr type="lemma">
              <ref>Fratz</ref>
              <date type="accessed">18.10.2021</date>
            </xr>
          </ref>
        </etym>
        <sense>
          <sense>
            <sense>
              <sense>
                <def>lustiges Kind</def>
                <usg>(Kosewort)</usg>
                <usg type="geo">
                  <placeName type="grossregion" ref="/geodata-wboe.xml#p6.5">Wien</placeName>
                </usg>
                <ptr type="collection" subtype="bedeutung" target="/collections-wboe.xml#c23181"/>
              </sense>
              <sense>
                <def>schlimmes, ungezogenes, unartiges, ungeratenes, boshaftes Kind</def>
                <usg>(oft als Scheltwort, in Wien auch Kosewort)</usg>
                <usg type="geo">
                  <placeName type="bundesland" ref="/geodata-wboe.xml#p1A">STir.</placeName>
                </usg>
                <usg type="geo">
                  <placeName type="bundesland" ref="/geodata-wboe.xml#p1B">OTir.</placeName>
                </usg>
                <usg type="geo">
                  <placeName type="bundesland" ref="/geodata-wboe.xml#p1C">NTir.</placeName>
                </usg>
                <usg type="geo">
                  <placeName type="bundesland" ref="/geodata-wboe.xml#p2">Ktn.</placeName>
                </usg>
                <usg type="geo">
                  <placeName type="grossregion" ref="/geodata-wboe.xml#p3.1">sbair.ObStmk.</placeName>
                </usg>
                <usg type="geo">
                  <placeName type="grossregion" ref="/geodata-wboe.xml#p3.5">OStmk.</placeName>
                </usg>
                <usg type="geo">
                  <placeName type="grossregion" ref="/geodata-wboe.xml#p4.2">Pinzg.</placeName>
                </usg>
                <usg type="geo">
                  <placeName type="grossregion" ref="/geodata-wboe.xml#p4.5">Flachg.</placeName>
                </usg>
                <usg type="geo">
                  <placeName type="bundesland" ref="/geodata-wboe.xml#p5">OÖ</placeName>
                </usg>
                <usg type="geo">
                  <placeName type="grossregion" ref="/geodata-wboe.xml#p6.1">Mostv.</placeName>
                </usg>
                <usg type="geo">
                  <placeName type="grossregion" ref="/geodata-wboe.xml#p6.2">Industriev.</placeName>
                </usg>
                <usg type="geo">
                  <placeName type="grossregion" ref="/geodata-wboe.xml#p6.4">Weinv.</placeName>
                </usg>
                <usg type="geo">
                  <placeName type="grossregion" ref="/geodata-wboe.xml#p6.5">Wien</placeName>
                </usg>
                <cit type="example">
                  <quote xml:lang="bar-AT">dös frǫtßn, dös tsiwidra</quote>
                  <usg type="geo">
                    <placeName type="gemeinde" ref="/geodata-wboe.xml#p1A.4c01">Lüsen</placeName>
                  </usg>
                </cit>
                <cit type="example">
                  <quote xml:lang="bar-AT">Schiacha Frotz</quote>
                  <usg type="geo">
                    <placeName type="gemeinde" ref="/geodata-wboe.xml#p3.5h07">Hartberg</placeName>
                  </usg>
                </cit>
                <cit type="example">
                  <quote xml:lang="bar-AT">Fråtz, schäwicha, lausiga, dreckicha</quote>
                  <usg type="geo">
                    <placeName type="gemeinde" ref="/geodata-wboe.xml#p6.4d18">Poysdorf</placeName>
                  </usg>
                </cit>
                <cit type="example">
                  <quote xml:lang="bar-AT">du ölendicha Fråtz!</quote>
                  <usg type="geo">
                    <placeName type="grossregion" ref="/geodata-wboe.xml#p6.5">Wien</placeName>
                  </usg>
                </cit>
                <ptr type="collection" subtype="bedeutung" target="/collections-wboe.xml#c23182"/>
              </sense>
              <sense>
                <def>(kleines) Kind</def>
                <usg>(des öfteren verächtlich)</usg>
                <usg type="geo">
                  <placeName type="bundesland" ref="/geodata-wboe.xml#p1A">STir.</placeName>
                </usg>
                <usg type="geo">
                  <placeName type="bundesland" ref="/geodata-wboe.xml#p1B">OTir.</placeName>
                </usg>
                <usg type="geo">
                  <placeName type="bundesland" ref="/geodata-wboe.xml#p1C">NTir.</placeName>
                </usg>
                <usg type="geo">
                  <placeName type="grossregion" ref="/geodata-wboe.xml#p2.1">ObKtn.</placeName>
                </usg>
                <usg type="geo">
                  <placeName type="grossregion" ref="/geodata-wboe.xml#p2.2">MKtn.</placeName>
                </usg>
                <usg type="geo">
                  <placeName type="grossregion" ref="/geodata-wboe.xml#p3.1">sbair.ObStmk.</placeName>
                </usg>
                <usg type="geo">
                  <placeName type="grossregion" ref="/geodata-wboe.xml#p3.2">mbair.ObStmk.</placeName>
                </usg>
                <usg type="geo">
                  <placeName type="grossregion" ref="/geodata-wboe.xml#p3.3">WStmk.</placeName>
                </usg>
                <usg type="geo">
                  <placeName type="grossregion" ref="/geodata-wboe.xml#p5.1">Innv.</placeName>
                </usg>
                <usg type="geo">
                  <placeName type="grossregion" ref="/geodata-wboe.xml#p5.2">Hausrv.</placeName>
                </usg>
                <usg type="geo">
                  <placeName type="grossregion" ref="/geodata-wboe.xml#p6.1">Mostv.</placeName>
                </usg>
                <usg type="geo">
                  <placeName type="grossregion" ref="/geodata-wboe.xml#p6.2">Industriev.</placeName>
                </usg>
                <usg type="geo">
                  <placeName type="grossregion" ref="/geodata-wboe.xml#p6.3">Waldv.</placeName>
                </usg>
                <cit type="example">
                  <quote xml:lang="bar-AT">drei Fråtzn</quote>
                  <usg type="geo">
                    <placeName type="gemeinde" ref="/geodata-wboe.xml#p2.2f02">Arriach</placeName>
                  </usg>
                </cit>
                <cit type="example">
                  <quote xml:lang="bar-AT">Meina Fråtzn san in da Schual</quote>
                  <usg type="geo">
                    <placeName type="gemeinde" ref="/geodata-wboe.xml#p3.3c08">Stainz</placeName>
                  </usg>
                </cit>
                <ptr type="collection" subtype="bedeutung" target="/collections-wboe.xml#c23183"/>
              </sense>
            </sense>
            <sense>
              <def>(junges) Mädchen</def>
              <usg type="geo">
                <placeName type="grossregion" ref="/geodata-wboe.xml#p4.2">Pinzg.</placeName>
              </usg>
              <usg type="geo">
                <placeName type="grossregion" ref="/geodata-wboe.xml#p6.3">Waldv.</placeName>
              </usg>
              <usg type="geo">
                <placeName type="grossregion" ref="/geodata-wboe.xml#p6.5">Wien</placeName>
              </usg>
              <cit type="example">
                <quote xml:lang="bar-AT">du frotz du glouana</quote>
                <usg type="geo">
                  <placeName type="gemeinde" ref="/geodata-wboe.xml#p6.3a15">Kautzen</placeName>
                </usg>
              </cit>
              <ptr type="collection" subtype="bedeutung" target="/collections-wboe.xml#c23184"/>
            </sense>
            <sense>
              <def>uneheliches Kind</def>
              <usg>[pejorativ]</usg>
              <usg type="geo">
                <placeName type="grossregion" ref="/geodata-wboe.xml#p1C.3">öNTir.</placeName>
              </usg>
              <usg type="geo">
                <placeName type="grossregion" ref="/geodata-wboe.xml#p5.3">Traunv.</placeName>
              </usg>
              <ptr type="collection" subtype="bedeutung" target="/collections-wboe.xml#c23185"/>
            </sense>
          </sense>
        </sense>
        <re>
          <form subtype="compound" type="lemma">
            <orth>Dreckfratz</orth>
          </form>
          <sense>
            <sense>
              <def type="umschreibung">Intensivierung der negativen Bedeutungen des Wortes bzw. Schimpfwortes „Fratz“</def>
              <usg type="geo">
                <placeName type="grossregion" ref="/geodata-wboe.xml#p6.4">Weinv.</placeName>
              </usg>
              <ptr type="collection" subtype="bedeutung" target="/collections-wboe.xml#c22913"/>
            </sense>
          </sense>
        </re>
        <re>
          <form subtype="compound" type="lemma">
            <orth>Hurensfratzen</orth>
            <gramGrp>
              <usg>(Plural)</usg>
            </gramGrp>
          </form>
          <sense>
            <sense>
              <def>vor- bzw. uneheliche Kinder</def>
              <usg>[pejorativ]</usg>
              <usg type="geo">
                <placeName type="grossregion" ref="/geodata-wboe.xml#p6.1">Mostv.</placeName>
              </usg>
              <ptr type="collection" subtype="bedeutung" target="/collections-wboe.xml#c22914"/>
            </sense>
          </sense>
        </re>
        <re>
          <form subtype="compound" type="lemma">
            <orth>Lausfratz</orth>
          </form>
          <sense>
            <sense>
              <def>schlimmes Kind</def>
              <usg>(Scheltwort)</usg>
              <usg type="geo">
                <placeName type="grossregion" ref="/geodata-wboe.xml#p1A.4">öSTir.</placeName>
              </usg>
              <usg type="geo">
                <placeName type="grossregion" ref="/geodata-wboe.xml#p1C.2">mNTir.</placeName>
              </usg>
              <cit type="example">
                <quote xml:lang="bar-AT">dös lausfrǫtsn, dös drökχiga</quote>
                <usg type="geo">
                  <placeName type="gemeinde" ref="/geodata-wboe.xml#p1A.4c01">Lüsen</placeName>
                </usg>
              </cit>
              <ptr type="collection" subtype="bedeutung" target="/collections-wboe.xml#c22915"/>
            </sense>
          </sense>
        </re>
        <re>
          <form subtype="compound" type="lemma">
            <orth>Ludersfratz</orth>
          </form>
          <sense>
            <sense>
              <def>ungezogenes Kind</def>
              <usg>(Scheltwort)</usg>
              <usg type="geo">
                <placeName type="grossregion" ref="/geodata-wboe.xml#p2.2">MKtn.</placeName>
              </usg>
              <ptr type="collection" subtype="bedeutung" target="/collections-wboe.xml#c22916"/>
            </sense>
          </sense>
        </re>
        <re>
          <form subtype="compound" type="lemma">
            <orth>Mistfratz</orth>
          </form>
          <sense>
            <sense>
              <def>unartiges, schlimmes Kind</def>
              <usg>(Schimpfwort)</usg>
              <usg type="geo">
                <placeName type="grossregion" ref="/geodata-wboe.xml#p1C.3">öNTir.</placeName>
              </usg>
              <usg type="geo">
                <placeName type="grossregion" ref="/geodata-wboe.xml#p2.2">MKtn.</placeName>
              </usg>
              <usg type="geo">
                <placeName type="bundesland" ref="/geodata-wboe.xml#p5">OÖ</placeName>
              </usg>
              <usg type="geo">
                <placeName type="grossregion" ref="/geodata-wboe.xml#p6.4">Weinv.</placeName>
              </usg>
              <usg type="geo">
                <placeName type="grossregion" ref="/geodata-wboe.xml#p6.5">Wien</placeName>
              </usg>
              <usg type="geo">
                <placeName type="grossregion" ref="/geodata-wboe.xml#p7.2">MBgl.</placeName>
              </usg>
              <cit type="example">
                <quote xml:lang="bar-AT">Du Mistfratz, du garstiger</quote>
                <ref type="bibl" target="#Resl1929">Resl 1929
                  <citedRange>143</citedRange>
                </ref>
                <usg type="geo">
                  <placeName type="bundesland" ref="/geodata-wboe.xml#p5">OÖ</placeName>
                </usg>
              </cit>
              <ptr type="collection" subtype="bedeutung" target="/collections-wboe.xml#c22917"/>
            </sense>
          </sense>
        </re>
        <re>
          <form subtype="compound" type="lemma">
            <orth>Rotzfratz</orth>
          </form>
          <sense>
            <sense>
              <def type="umschreibung">Intensivierung der negativen Bedeutungen des Wortes bzw. Schimpfwortes „Fratz“</def>
              <usg type="geo">
                <placeName type="grossregion" ref="/geodata-wboe.xml#p1A.1">wSTir.</placeName>
              </usg>
              <usg type="geo">
                <placeName type="grossregion" ref="/geodata-wboe.xml#p1C.2">mNTir.</placeName>
              </usg>
              <usg type="geo">
                <placeName type="grossregion" ref="/geodata-wboe.xml#p1C.3">öNTir.</placeName>
              </usg>
              <ptr type="collection" subtype="bedeutung" target="/collections-wboe.xml#c22918"/>
            </sense>
          </sense>
        </re>
        <re>
          <form subtype="compound" type="lemma">
            <orth>Saufratz</orth>
          </form>
          <sense>
            <sense>
              <def>schlimmes, unartiges, sehr unfolgsames Kind</def>
              <usg>(Scheltwort)</usg>
              <usg type="geo">
                <placeName type="grossregion" ref="/geodata-wboe.xml#p1A.4">öSTir.</placeName>
              </usg>
              <usg type="geo">
                <placeName type="grossregion" ref="/geodata-wboe.xml#p1C.2">mNTir.</placeName>
              </usg>
              <usg type="geo">
                <placeName type="grossregion" ref="/geodata-wboe.xml#p2.2">MKtn.</placeName>
              </usg>
              <usg type="geo">
                <placeName type="grossregion" ref="/geodata-wboe.xml#p4.3">Pong.</placeName>
              </usg>
              <usg type="geo">
                <placeName type="grossregion" ref="/geodata-wboe.xml#p4.5">Flachg.</placeName>
              </usg>
              <usg type="geo">
                <placeName type="grossregion" ref="/geodata-wboe.xml#p5.3">Traunv.</placeName>
              </usg>
              <usg type="geo">
                <placeName type="grossregion" ref="/geodata-wboe.xml#p6.2">Industriev.</placeName>
              </usg>
              <usg type="geo">
                <placeName type="grossregion" ref="/geodata-wboe.xml#p6.4">Weinv.</placeName>
              </usg>
              <usg type="geo">
                <placeName type="grossregion" ref="/geodata-wboe.xml#p6.5">Wien</placeName>
              </usg>
              <ptr type="collection" subtype="bedeutung" target="/collections-wboe.xml#c22919"/>
            </sense>
          </sense>
        </re>
        <re>
          <form subtype="compound" type="lemma">
            <orth>Scheißfratz</orth>
          </form>
          <sense>
            <sense>
              <def>unartiges Kind</def>
              <usg>(Scheltwort)</usg>
              <usg type="geo">
                <placeName type="grossregion" ref="/geodata-wboe.xml#p2.2">MKtn.</placeName>
              </usg>
              <ptr type="collection" subtype="bedeutung" target="/collections-wboe.xml#c22920"/>
            </sense>
          </sense>
        </re>
        <re>
          <form subtype="compound" type="lemma">
            <orth>Schneiderfratzen</orth>
            <gramGrp>
              <usg>(Plural)</usg>
            </gramGrp>
          </form>
          <sense>
            <sense>
              <def>Kinder des Schneiders bzw. der Schneiderin</def>
              <usg>(verächtlich)</usg>
              <usg type="geo">
                <placeName type="grossregion" ref="/geodata-wboe.xml#p4.5">Flachg.</placeName>
              </usg>
              <ptr type="collection" subtype="bedeutung" target="/collections-wboe.xml#c22921"/>
            </sense>
          </sense>
        </re>
        <re>
          <form subtype="compound" type="lemma">
            <orth>Schößelfratz</orth>
          </form>
          <sense>
            <sense>
              <def>kleines Kind, das in besonderem Maße verwöhnt wird; verzärteltes, verhätscheltes Kind</def>
              <usg type="geo">
                <placeName type="grossregion" ref="/geodata-wboe.xml#p6.3">Waldv.</placeName>
              </usg>
              <ptr type="collection" subtype="bedeutung" target="/collections-wboe.xml#c22924"/>
            </sense>
          </sense>
        </re>
        <re>
          <form subtype="compound" type="lemma">
            <orth>Schülerfratzen</orth>
            <gramGrp>
              <usg>(Plural)</usg>
            </gramGrp>
          </form>
          <sense>
            <sense>
              <def>Schulkinder</def>
              <usg type="geo">
                <placeName type="grossregion" ref="/geodata-wboe.xml#p3.1">sbair.ObStmk.</placeName>
              </usg>
              <ptr type="collection" subtype="bedeutung" target="/collections-wboe.xml#c22923"/>
            </sense>
          </sense>
        </re>
        <re>
          <form subtype="compound" type="lemma">
            <orth>Schulfratz</orth>
          </form>
          <sense>
            <sense>
              <def>Schulkind</def>
              <usg type="geo">
                <placeName type="bundesland" ref="/geodata-wboe.xml#p1C">NTir.</placeName>
              </usg>
              <cit type="example">
                <quote xml:lang="bar-AT">dǫ bin i hoɫt nuⁿ a so a Schulfråtz gwösn</quote>
                <usg type="geo">
                  <placeName type="gemeinde" ref="/geodata-wboe.xml#p1C.3b03">Thiersee</placeName>
                </usg>
              </cit>
              <ptr type="collection" subtype="bedeutung" target="/collections-wboe.xml#c22922"/>
            </sense>
          </sense>
        </re>
        <re>
          <form subtype="compound" type="lemma">
            <orth>Teufelsfratzen</orth>
            <gramGrp>
              <usg>(Plural)</usg>
            </gramGrp>
          </form>
          <sense>
            <sense>
              <def>verteufelte Kinder</def>
              <usg>[pejorativ]</usg>
              <usg type="geo">
                <placeName type="grossregion" ref="/geodata-wboe.xml#p1C.2">mNTir.</placeName>
              </usg>
              <cit type="example">
                <quote xml:lang="bar-AT">dö taiflsfrǫtsṇ!</quote>
                <usg type="geo">
                  <placeName type="gemeinde" ref="/geodata-wboe.xml#p1C.2a29">Weer</placeName>
                </usg>
              </cit>
              <ptr type="collection" subtype="bedeutung" target="/collections-wboe.xml#c22925"/>
            </sense>
          </sense>
        </re>
        <re type="redewendung">
          <form subtype="MWE" type="lemma">
            <orth>eine Stube voll Fratzen</orth>
          </form>
          <sense>
            <def>eine Stube voll Kinder</def>
            <def type="umschreibung">wird in Hinblick auf eine kinderreiche Ehe bzw. Familie gesagt</def>
            <usg type="geo">
              <placeName type="grossregion" ref="/geodata-wboe.xml#p1C.2">mNTir.</placeName>
            </usg>
            <usg type="geo">
              <placeName type="grossregion" ref="/geodata-wboe.xml#p1C.3">öNTir.</placeName>
            </usg>
            <cit type="example">
              <quote xml:lang="bar-AT">a Schtum vaⁱ Frotzn</quote>
              <usg type="geo">
                <placeName type="gemeinde" ref="/geodata-wboe.xml#p1C.2a19">Schwaz</placeName>
              </usg>
            </cit>
            <cit type="example">
              <quote xml:lang="bar-AT">A Schtuᵇm foi Fråtzn</quote>
              <usg type="geo">
                <placeName type="gemeinde" ref="/geodata-wboe.xml#p1C.3i03">Kitzbühel</placeName>
              </usg>
            </cit>
          </sense>
          <ptr type="collection" subtype="MWE" target="/collections-wboe.xml#c23042"/>
        </re>
        <re type="redewendung">
          <form subtype="MWE" type="lemma">
            <orth>Fratzen ein mehreres</orth>
          </form>
          <sense>
            <def>mehrere bzw. viele Kinder</def>
            <def type="umschreibung">wird in Hinblick auf eine kinderreiche Ehe bzw. Familie gesagt</def>
            <usg type="geo">
              <placeName type="grossregion" ref="/geodata-wboe.xml#p1C.3">öNTir.</placeName>
            </usg>
            <cit type="example">
              <quote xml:lang="bar-AT">fràtzn a mearass</quote>
              <usg type="geo">
                <placeName type="gemeinde" ref="/geodata-wboe.xml#p1C.3i03">Kitzbühel</placeName>
              </usg>
            </cit>
          </sense>
          <ptr type="collection" subtype="MWE" target="/collections-wboe.xml#c23043"/>
        </re>
        <re type="redewendung">
          <form subtype="MWE" type="lemma">
            <orth>gemusste Fratzen</orth>
          </form>
          <sense>
            <def>Kinder aus der Ehe</def>
            <usg type="geo">
              <placeName type="grossregion" ref="/geodata-wboe.xml#p3.2">mbair.ObStmk.</placeName>
            </usg>
            <cit type="example">
              <quote xml:lang="bar-AT">gmiastė Fråzn</quote>
              <usg type="geo">
                <placeName type="gemeinde" ref="/geodata-wboe.xml#p3.2o03">Landl</placeName>
              </usg>
            </cit>
          </sense>
          <ptr type="collection" subtype="MWE" target="/collections-wboe.xml#c23044"/>
        </re>
      </entry>
    </body>
  </text>
</TEI>