<?xml version="1.0" encoding="UTF-8"?>
    <?xml-model href="http://www.tei-c.org/release/xml/tei/custom/schema/relaxng/tei_all.rng" type="application/xml" schematypens="http://purl.oclc.org/dsdl/schematron"?>
    <?xml-model href="../../803_RNG-schematron/WBOE-ODD.rnc" type="application/relax-ng-compact-syntax"?>
<?redaktionstool version="0.6.6"?>
<TEI xmlns="http://www.tei-c.org/ns/1.0">
  <teiHeader>
    <fileDesc>
      <titleStmt>
        <title>Frechtling</title>
        <respStmt>
          <resp>Editor</resp>
          <name ref="#EW">Eva Wahlmüller</name>
        </respStmt>
        <respStmt>
          <resp>Encoding Scheme</resp>
          <name>Jack Bowers</name>
          <name>Daniel Schopper</name>
          <name>Omar Siam</name>
        </respStmt>
        <respStmt>
          <resp>DBOE Team</resp>
          <name xml:id="AL">Alexandra N. Lenz</name>
          <name xml:id="PhS">Philipp Stöckle</name>
          <name xml:id="AG">Andreas Gellan</name>
          <name xml:id="PZ">Patrick Zeitlhuber</name>
          <name xml:id="SW">Sabine Wahl</name>
          <name xml:id="SS">Sonja Schwaiger</name>
          <name xml:id="JD">Jan Braun</name>
          <name xml:id="AB">Angela Bergermayer</name>
          <name xml:id="EW">Eva Wahlmüller</name>
          <name xml:id="DG">David Gschösser</name>
          <name xml:id="StS">Stefanie Schöberl</name>
          <name xml:id="FF">Fabian Fleißner</name>
        </respStmt>
        <respStmt>
          <resp>Student assistants</resp>
          <name>Eva Wahlmüller</name>
          <name>Susanna Muhr</name>
          <name>Alexandra Grohe</name>
          <name>Klemens Wagner</name>
          <name>Manuela Stütz</name>
          <name>Christina Hemetsberger</name>
        </respStmt>
      </titleStmt>
      <publicationStmt>
        <p></p>
      </publicationStmt>
      <sourceDesc>
        <list>
          <item>
            <label>Geo-data</label>
            <ptr xml:id="geo-inventory-WBOE" target="../geodata-wboe.xml"/>
          </item>
          <item>
            <label>Bibliography</label>
            <ptr xml:id="bibliography-WBOE" target="../bibl-wboe.xml"/>
          </item>
          <item>
            <label>WBOE-Slips</label>
            <ptr xml:id="slips-WBOE" target="../slips-wboe.xml"/>
          </item>
          <item>
            <label>WBOE-Collections</label>
            <ptr xml:id="collections-WBOE" target="../collections-wboe.xml"/>
          </item>
        </list>
      </sourceDesc>
    </fileDesc>
    <revisionDesc>
      <listChange>
        <change status="external correction" when="2019-00-10" who="#EW">Datensatz erstellt</change>
        <change status="finished" when="2020-04-27" who="#EW">Lautkommentar eingefügt</change>
        <change status="finished" when="2020-04-29" who="#EW">Link zu Frechting eingefügt</change>
        <change status="finished" when="2020-05-08" who="#EW">Lautkommentar von JE abgesegnet; Kommentar wegen hochgestelltem R</change>
        <change status="finished" when="2020-10-05" who="#EW">Checkliste Artikeloptimierung durchgegangen</change>
      </listChange>
    </revisionDesc>
  </teiHeader>
  <text>
    <body>
      <entry>
        <form type="lemma" xml:id="Frechtling">
          <orth>Frechtling</orth>
          <ptr type="collection" subtype="lemma" target="/collections-wboe.xml#c935"/>
        </form>
        <gramGrp>
          <gram type="pos">Substantiv</gram>
          <gram type="gender">Maskulinum</gram>
        </gramGrp>
        <usg type="geo">
          <placeName type="bundesland" ref="/geodata-wboe.xml#p4">Sbg.</placeName>
        </usg>
        <note type="kommentar" resp="#FF">Insgesamt herrscht hinsichtlich der Vokalqualität hohe Variation vor, wobei steigende Diphthonge
          <xr>
            <ref>ƒręixtlįŋ</ref>
          </xr>gegenüber fallenden
          <xr>
            <ref>ƒręɒxtlįŋ</ref>
          </xr>und
          <c>e</c>-Monophthongen
          <xr>
            <ref>ƒręxtlįŋ</ref>
          </xr>zu dominieren scheinen. Auch aufgrund der nicht völlig geklärten Etymologie fällt es schwer, die Qualität der unterschiedlichen Stammkonsonanten richtig einzuordnen. Neben den häufigeren
          <c>x</c>-Lauten treten vereinzelt auch
          <c>s</c>-haltige Formen auf
          <xr>
            <ref>ƒręißtlįŋ</ref>
          </xr>.
        </note>
        <form type="dialect">
          <pron xml:lang="bar-AT">freχtle͂ŋ</pron>
          <usg type="geo">
            <placeName type="gemeinde" ref="/geodata-wboe.xml#p4.1d02">Lessach</placeName>
          </usg>
        </form>
        <form type="dialect">
          <pron xml:lang="bar-AT">frē̩əʀχtle͂ŋ</pron>
          <usg type="geo">
            <placeName type="gemeinde" ref="/geodata-wboe.xml#p4.2a08">Stuhlfelden</placeName>
          </usg>
        </form>
        <form type="dialect">
          <pron xml:lang="bar-AT">frę̄iχτlĩŋ</pron>
          <usg type="geo">
            <placeName type="gemeinde" ref="/geodata-wboe.xml#p4.2i01">Dienten am Hochkönig</placeName>
          </usg>
        </form>
        <form type="dialect">
          <pron xml:lang="bar-AT">frɛ̩iχtlĩŋ</pron>
          <usg type="geo">
            <placeName type="gemeinde" ref="/geodata-wboe.xml#p4.2i01">Dienten am Hochkönig</placeName>
          </usg>
        </form>
        <form type="dialect">
          <pron xml:lang="bar-AT">φręiχτlė˜ŋ</pron>
          <usg type="geo">
            <placeName type="gemeinde" ref="/geodata-wboe.xml#p4.3d01">Hüttschlag</placeName>
          </usg>
        </form>
        <form type="dialect">
          <pron xml:lang="bar-AT">frɛ̨isτḷĩŋ</pron>
          <usg type="geo">
            <placeName type="gemeinde" ref="/geodata-wboe.xml#p4.3f01">Hüttau</placeName>
          </usg>
        </form>
        <form type="dialect">
          <pron xml:lang="bar-AT">frē̩htlĩŋ</pron>
          <usg type="geo">
            <placeName type="gemeinde" ref="/geodata-wboe.xml#p4.4d03">Rußbach am Paß</placeName>
          </usg>
          <ptr type="collection" subtype="lautung" target="/collections-wboe.xml#c936"/>
        </form>
        <etym>
          <seg type="desc">vermutlich verwandt mit
            <lang>ahd.</lang>
          </seg>
          <cit type="etymon">
            <form>
              <orth>frêht</orth>
            </form>
            <def>Verdienst; gute Tat, durch die man etwas verdient</def>
          </cit>
          <ref type="bibl" target="#">
            <lbl>vgl.</lbl>AWB 1985 III
            <citedRange>1232ff.</citedRange>
          </ref>
          <seg type="desc">oder
            <lang>ahd.</lang>
          </seg>
          <cit type="etymon">
            <form>
              <orth>freisa</orth>
            </form>
            <def>Gefahr; gefahrbringende, bedrohliche Lage; Gefährdung</def>
          </cit>
          <seg type="desc">
            <ref type="bibl" target="#">
              <lbl>vgl.</lbl>AWB 1985 III
              <citedRange>1236ff.</citedRange>
            </ref>
          </seg>
          <cit type="etymon">
            <lang>mhd.</lang>
            <form>
              <orth>vrêise</orth>
            </form>
          </cit>
          <seg type="desc">bzw. dessen Nebenform</seg>
          <cit type="etymon">
            <form>
              <orth>vrêse</orth>
            </form>
            <def>Gefährdung; Gefahr; Verderben</def>
          </cit>
          <seg type="desc">
            <ref type="bibl" target="#">
              <lbl>vgl.</lbl>Lexer 1878 III
              <citedRange>497f.</citedRange>
            </ref>Siehe auch
          </seg>
          <cit type="etymon">
            <xr type="lemma">
              <ref target="Frechting.xml">Frechting</ref>
            </xr>
          </cit>
        </etym>
        <sense>
          <sense>
            <def>Nachgeburt beim Vieh</def>
            <usg type="geo">
              <placeName type="bundesland" ref="/geodata-wboe.xml#p4">Sbg.</placeName>
            </usg>
            <ptr type="collection" subtype="bedeutung" target="/collections-wboe.xml#c937"/>
          </sense>
          <sense>
            <def>Gebärmutter beim Vieh</def>
            <usg type="geo">
              <placeName type="grossregion" ref="/geodata-wboe.xml#p4.2">Pinzg.</placeName>
            </usg>
            <usg type="geo">
              <placeName type="grossregion" ref="/geodata-wboe.xml#p4.3">Pong.</placeName>
            </usg>
            <usg type="geo">
              <placeName type="grossregion" ref="/geodata-wboe.xml#p4.4">Tenneng.</placeName>
            </usg>
            <ptr type="collection" subtype="bedeutung" target="/collections-wboe.xml#c938"/>
          </sense>
          <sense>
            <def>Eihaut</def>
            <usg type="geo">
              <placeName type="grossregion" ref="/geodata-wboe.xml#p4.3">Pong.</placeName>
            </usg>
            <ptr type="collection" subtype="bedeutung" target="/collections-wboe.xml#c939"/>
          </sense>
        </sense>
      </entry>
    </body>
  </text>
</TEI>