<?xml version="1.0" encoding="UTF-8"?>
    <?xml-model href="http://www.tei-c.org/release/xml/tei/custom/schema/relaxng/tei_all.rng" type="application/xml" schematypens="http://purl.oclc.org/dsdl/schematron"?>
    <?xml-model href="../../803_RNG-schematron/WBOE-ODD.rnc" type="application/relax-ng-compact-syntax"?>
<?redaktionstool version="0.7.4" ?>
<?parser type="lioe" version="0.7.3" ?>
<TEI xmlns="http://www.tei-c.org/ns/1.0">
  <teiHeader>
    <fileDesc>
      <titleStmt>
        <title>Freiung</title>
        <respStmt>
          <resp>Editor</resp>
          <name ref="#AG">Andreas Gellan</name>
        </respStmt>
        <respStmt>
          <resp>Encoding Scheme</resp>
          <name>Jack Bowers</name>
          <name>Daniel Schopper</name>
          <name>Omar Siam</name>
        </respStmt>
        <respStmt>
          <resp>DBOE Team</resp>
          <name xml:id="AL">Alexandra N. Lenz</name>
          <name xml:id="PhS">Philipp Stöckle</name>
          <name xml:id="AG">Andreas Gellan</name>
          <name xml:id="PZ">Patrick Zeitlhuber</name>
          <name xml:id="SW">Sabine Wahl</name>
          <name xml:id="SS">Sonja Schwaiger</name>
          <name xml:id="AB">Angela Bergermayer</name>
          <name xml:id="EW">Eva Wahlmüller</name>
          <name xml:id="DG">David Gschösser</name>
          <name xml:id="StS">Stefanie Schöberl</name>
          <name xml:id="FF">Fabian Fleißner</name>
        </respStmt>
        <respStmt>
          <resp>Student assistants</resp>
          <name>Susanna Muhr</name>
          <name>Manuela Stütz</name>
          <name>Christina Hemetsberger</name>
        </respStmt>
      </titleStmt>
      <publicationStmt>
        <p></p>
      </publicationStmt>
      <sourceDesc>
        <list>
          <item>
            <label>Geo-data</label>
            <ptr xml:id="geo-inventory-WBOE" target="../geodata-wboe.xml"/>
          </item>
          <item>
            <label>Bibliography</label>
            <ptr xml:id="bibliography-WBOE" target="../bibl-wboe.xml"/>
          </item>
          <item>
            <label>WBOE-Slips</label>
            <ptr xml:id="slips-WBOE" target="../slips-wboe.xml"/>
          </item>
          <item>
            <label>WBOE-Collections</label>
            <ptr xml:id="collections-WBOE" target="../collections-wboe.xml"/>
          </item>
        </list>
      </sourceDesc>
    </fileDesc>
    <revisionDesc>
      <listChange>
        <change status="in progress" when="2020-11-19" who="#AG">Datensatz erstellt</change>
        <change status="peer correction" when="2020-11-19" who="#AG">in interne Korr. verschoben</change>
        <change status="internal correction" when="2021-01-27" who="#AG">an Manzi weitergeleitet</change>
        <change status="external correction" when="2021-02-18" who="#AG">Anm. Eingearbeitet, LK fehlt noch</change>
        <change status="external correction" when="2021-03-10" who="#AG">LK eingefügt. Weiter an JE</change>
        <change status="finished" when="2021-03-15" who="#AG">finished</change>
        <change status="finished" when="2022-01-11" who="#AG">Final Version</change>
      </listChange>
    </revisionDesc>
  </teiHeader>
  <text>
    <body>
      <entry>
        <form type="lemma" xml:id="Freiung">
          <orth>Freiung</orth>
          <ptr type="collection" subtype="lemma" target="/collections-wboe.xml#c4372"/>
        </form>
        <gramGrp>
          <gram type="pos">Substantiv</gram>
          <gram type="gender">Femininum</gram>
        </gramGrp>
        <usg type="geo">
          <placeName type="grossregion" ref="/geodata-wboe.xml#p2.2">MKtn.</placeName>
        </usg>
        <usg type="geo">
          <placeName type="bundesland" ref="/geodata-wboe.xml#p3">Stmk.</placeName>
        </usg>
        <usg type="geo">
          <placeName type="bundesland" ref="/geodata-wboe.xml#p4">Sbg.</placeName>
        </usg>
        <usg type="geo">
          <placeName type="grossregion" ref="/geodata-wboe.xml#p6.1">Mostv.</placeName>
        </usg>
        <usg type="geo">
          <placeName type="grossregion" ref="/geodata-wboe.xml#p6.4">Weinv.</placeName>
        </usg>
        <note type="kommentar" resp="#DG">
          <xr></xr>Im gesamten Verbreitungsgebiet liegen für mhd.
          <c>ī</c>im Stammvokal regelhaft
          <c>ai</c>-Diphthonge vor
          <xr>
            <ref>fraiųŋ</ref>
            <ref>fraiįŋ</ref>
          </xr>. Unterschiede zeigen sich nur im Suffix -
          <c>ung</c>. Während sich in der Steiermark sowie im Most- und Weinviertel
          <c>u</c>-haltige Formen finden
          <xr>
            <ref>fraiųŋ</ref>
          </xr>, sind im Weinviertel mitunter auch geschlossene
          <c>i</c>-haltige
          <xr>
            <ref>fraiįŋ</ref>
          </xr>bzw. im Pongau und Flachgau ausschließlich geöffnetere Formen belegt
          <xr>
            <ref>fraiẹŋ</ref>
          </xr>. Daneben treten in der südbairischen Obersteiermark vereinzelt Formen mit ganz geöffnetem Vokal und alveolarem Nasal auf
          <xr>
            <ref>fraiɒn</ref>
          </xr>.
        </note>
        <form type="dialect">
          <pron xml:lang="bar-AT">-frá̄īung</pron>
          <pron xml:lang="bar-AT">-fráijan</pron>
          <usg type="geo">
            <placeName type="gemeinde" ref="/geodata-wboe.xml#p3.1d03">Lobmingtal</placeName>
          </usg>
        </form>
        <form type="dialect">
          <pron xml:lang="bar-AT">-freiun</pron>
          <usg type="geo">
            <placeName type="gemeinde" ref="/geodata-wboe.xml#p3.3c08">Stainz</placeName>
          </usg>
        </form>
        <form type="dialect">
          <pron xml:lang="bar-AT">-fraiė̄ŋ</pron>
          <usg type="geo">
            <placeName type="kleinregion" ref="/geodata-wboe.xml#p4.3d">Gr.Arlt.</placeName>
          </usg>
        </form>
        <form type="dialect">
          <pron xml:lang="bar-AT">frai̯uŋ́</pron>
          <usg type="geo">
            <placeName type="gemeinde" ref="/geodata-wboe.xml#p4.5b08">Nußdorf am Haunsberg</placeName>
          </usg>
        </form>
        <form type="dialect">
          <pron xml:lang="bar-AT">-frá̄īũŋ</pron>
          <usg type="geo">
            <placeName type="gemeinde" ref="/geodata-wboe.xml#p6.1o01">Herzogenburg</placeName>
          </usg>
        </form>
        <form type="dialect">
          <pron xml:lang="bar-AT">freiing</pron>
          <usg type="geo">
            <placeName type="gemeinde" ref="/geodata-wboe.xml#p6.4e09">Röschitz</placeName>
          </usg>
          <ptr type="collection" subtype="lautung" target="/collections-wboe.xml#c12463"/>
        </form>
        <etym>
          <seg type="desc">
            <lang>mhd.</lang>
          </seg>
          <cit type="etymon">
            <form>
              <orth>vrīunge</orth>
            </form>
            <def>Befreiung von bestimmten Beschränkungen im Handel oder bei Abgaben (Markt-, Maut-, Zollfreiheit); Privileg</def>
          </cit>
          <ref type="bibl" target="#BMZ1861III">
            <lbl>vgl.</lbl>BMZ 1861 III
            <citedRange>404a</citedRange>
          </ref>
          <ref type="bibl" target="#Lexer1878III">Lexer 1878 III
            <citedRange>525</citedRange>
          </ref>
          <cit type="etymon"></cit>
          <cit type="etymon"></cit>
          <seg type="desc">Ableitung von</seg>
          <cit type="etymon">
            <xr type="lemma">
              <ref target="frei.xml">frei</ref>
            </xr>
          </cit>
        </etym>
        <sense>
          <sense>
            <sense>
              <def>Freistätte, wo arme Leute ihre Tiere grasen lassen können</def>
              <usg type="geo">
                <placeName type="grossregion" ref="/geodata-wboe.xml#p6.4">Weinv.</placeName>
              </usg>
              <ptr type="collection" subtype="bedeutung" target="/collections-wboe.xml#c12487"/>
            </sense>
            <sense>
              <def>gesicherter Grundbesitz eines Dorfes oder Hofes</def>
              <usg type="geo">
                <placeName type="grossregion" ref="/geodata-wboe.xml#p6.4">Weinv.</placeName>
              </usg>
              <ptr type="collection" subtype="bedeutung" target="/collections-wboe.xml#c12488"/>
            </sense>
          </sense>
          <sense>
            <sense>
              <def>Holzgebilde, das eine Hand darstellt, die ein Schwert aufrecht hält, als Zeichen der kaiserlichen Markterlaubnis</def>
              <usg type="geo">
                <placeName type="grossregion" ref="/geodata-wboe.xml#p3.1">sbair.ObStmk.</placeName>
              </usg>
              <usg type="geo">
                <placeName type="grossregion" ref="/geodata-wboe.xml#p2.2">MKtn.</placeName>
              </usg>
              <ptr type="collection" subtype="bedeutung" target="/collections-wboe.xml#c12462"/>
            </sense>
          </sense>
        </sense>
        <re>
          <form subtype="compound" type="lemma">
            <orth>Marktfreiung</orth>
          </form>
          <sense>
            <sense>
              <def>Holzgebilde, das eine Hand darstellt, die ein Schwert aufrecht hält, als Zeichen der kaiserlichen Markterlaubnis</def>
              <usg type="geo">
                <placeName type="bundesland" ref="/geodata-wboe.xml#p4">Sbg.</placeName>
              </usg>
              <ptr type="collection" subtype="bedeutung" target="/collections-wboe.xml#c12490"/>
            </sense>
          </sense>
        </re>
        <re>
          <form subtype="compound" type="lemma">
            <orth>Schulbefreiung</orth>
          </form>
          <sense>
            <sense>
              <def>Freistellung vom Schulunterricht</def>
              <usg type="geo">
                <placeName type="grossregion" ref="/geodata-wboe.xml#p4.3">Pong.</placeName>
              </usg>
              <usg type="geo">
                <placeName type="grossregion" ref="/geodata-wboe.xml#p4.5">Flachg.</placeName>
              </usg>
              <ptr type="collection" subtype="bedeutung" target="/collections-wboe.xml#c12491"/>
            </sense>
          </sense>
        </re>
        <re>
          <form subtype="compound" type="lemma">
            <orth>Sommerbefreiung</orth>
          </form>
          <sense>
            <sense>
              <def>Freistellung vom Schulunterreicht während der Sommermonate, um daheim bei der Arbeit helfen zu können</def>
              <usg type="geo">
                <placeName type="grossregion" ref="/geodata-wboe.xml#p3.3">WStmk.</placeName>
              </usg>
              <ptr type="collection" subtype="bedeutung" target="/collections-wboe.xml#c12461"/>
            </sense>
          </sense>
        </re>
      </entry>
    </body>
  </text>
</TEI>