<?xml version="1.0" encoding="UTF-8"?>
    <?xml-model href="http://www.tei-c.org/release/xml/tei/custom/schema/relaxng/tei_all.rng" type="application/xml" schematypens="http://purl.oclc.org/dsdl/schematron"?>
    <?xml-model href="../../803_RNG-schematron/WBOE-ODD.rnc" type="application/relax-ng-compact-syntax"?>
<?redaktionstool version="0.7.2" ?>
<?parser type="lioe" version="0.7.0" ?>
<TEI xmlns="http://www.tei-c.org/ns/1.0">
  <teiHeader>
    <fileDesc>
      <titleStmt>
        <title>Freiheit</title>
        <respStmt>
          <resp>Editor</resp>
          <name ref="#SW">Sabine Wahl</name>
        </respStmt>
        <respStmt>
          <resp>Encoding Scheme</resp>
          <name>Jack Bowers</name>
          <name>Daniel Schopper</name>
          <name>Omar Siam</name>
        </respStmt>
        <respStmt>
          <resp>DBOE Team</resp>
          <name xml:id="AL">Alexandra N. Lenz</name>
          <name xml:id="PhS">Philipp Stöckle</name>
          <name xml:id="AG">Andreas Gellan</name>
          <name xml:id="PZ">Patrick Zeitlhuber</name>
          <name xml:id="SW">Sabine Wahl</name>
          <name xml:id="SS">Sonja Schwaiger</name>
          <name xml:id="AB">Angela Bergermayer</name>
          <name xml:id="EW">Eva Wahlmüller</name>
          <name xml:id="DG">David Gschösser</name>
          <name xml:id="StS">Stefanie Schöberl</name>
          <name xml:id="FF">Fabian Fleißner</name>
        </respStmt>
        <respStmt>
          <resp>Student assistants</resp>
          <name>Susanna Muhr</name>
          <name>Manuela Stütz</name>
          <name>Christina Hemetsberger</name>
        </respStmt>
      </titleStmt>
      <publicationStmt>
        <p></p>
      </publicationStmt>
      <sourceDesc>
        <list>
          <item>
            <label>Geo-data</label>
            <ptr xml:id="geo-inventory-WBOE" target="../geodata-wboe.xml"/>
          </item>
          <item>
            <label>Bibliography</label>
            <ptr xml:id="bibliography-WBOE" target="../bibl-wboe.xml"/>
          </item>
          <item>
            <label>WBOE-Slips</label>
            <ptr xml:id="slips-WBOE" target="../slips-wboe.xml"/>
          </item>
          <item>
            <label>WBOE-Collections</label>
            <ptr xml:id="collections-WBOE" target="../collections-wboe.xml"/>
          </item>
        </list>
      </sourceDesc>
    </fileDesc>
    <revisionDesc>
      <listChange>
        <change status="in progress" when="2021-04-27" who="#SW">Datensatz erstellt</change>
        <change status="peer correction" when="2021-04-27" who="#SW">V1</change>
        <change status="internal correction" when="2021-05-03" who="#SW">V2</change>
        <change status="external correction" when="2021-05-05" who="#SW">V3</change>
        <change status="external correction" when="2021-06-02" who="#DG">LK unformatiert eingefügt</change>
        <change status="external correction" when="2021-06-02" who="#SW">V4</change>
        <change status="finished" when="2021-06-15" who="#SW">V4</change>
      </listChange>
    </revisionDesc>
  </teiHeader>
  <text>
    <body>
      <entry>
        <form type="lemma" xml:id="Freiheit">
          <orth>Freiheit</orth>
          <ptr type="collection" subtype="lemma" target="/collections-wboe.xml#c15118"/>
        </form>
        <gramGrp>
          <gram type="pos">Substantiv</gram>
          <gram type="gender">Femininum</gram>
        </gramGrp>
        <usg type="geo">
          <placeName type="grossregion" ref="/geodata-wboe.xml#p1C.3">öNTir.</placeName>
        </usg>
        <usg type="geo">
          <placeName type="bundesland" ref="/geodata-wboe.xml#p3">Stmk.</placeName>
        </usg>
        <usg type="geo">
          <placeName type="grossregion" ref="/geodata-wboe.xml#p5.1">Innv.</placeName>
        </usg>
        <usg type="geo">
          <placeName type="grossregion" ref="/geodata-wboe.xml#p5.4">Mühlv.</placeName>
        </usg>
        <usg type="geo">
          <placeName type="bundesland" ref="/geodata-wboe.xml#p6">NÖ</placeName>
        </usg>
        <usg type="geo">
          <placeName type="grossregion" ref="/geodata-wboe.xml#p6.5">Wien</placeName>
        </usg>
        <note type="kommentar" resp="#DG">Regelhaft liegen für das nur im Mittelbairischen belegte Lexem für mhd.
          <c>ī</c>im Stammvokal steigende
          <c>ai</c>-Diphthonge vor
          <xr>
            <ref>fraihaid</ref>
          </xr>, deren Glieder sich in und um Wien angenähert haben
          <xr>
            <ref>fræihæid</ref>
          </xr>oder schließlich zu einem Monophthong verschmolzen sind
          <xr>
            <ref>frǣhǣd</ref>
          </xr>. Das mhd.
          <c>ei</c>der Nebentonsilbe ist dabei wohl unter schriftsprachlichem Einfluss lautgleich mit dem Vokal der Haupttonsilbe und meistens voll erhalten. Selten dagegen finden sich reduzierte Formen
          <xr>
            <ref>fraihɒd</ref>
          </xr>.
        </note>
        <form type="dialect">
          <pron xml:lang="bar-AT">-freiheit</pron>
          <usg type="geo">
            <placeName type="gemeinde" ref="/geodata-wboe.xml#p1C.3e06">Kufstein</placeName>
          </usg>
        </form>
        <form type="dialect">
          <pron xml:lang="bar-AT">fraihait</pron>
          <usg type="geo">
            <placeName type="kleinregion" ref="/geodata-wboe.xml#p5.1b">nördl.obInnv.</placeName>
          </usg>
        </form>
        <form type="dialect">
          <pron xml:lang="bar-AT">fraėhaėd</pron>
          <usg type="geo">
            <placeName type="gemeinde" ref="/geodata-wboe.xml#p5.4b13">Ulrichsberg</placeName>
          </usg>
        </form>
        <form type="dialect">
          <pron xml:lang="bar-AT">fraęhaęd</pron>
          <usg type="geo">
            <placeName type="gemeinde" ref="/geodata-wboe.xml#p6.1d01">Allhartsberg</placeName>
          </usg>
        </form>
        <form type="dialect">
          <pron xml:lang="bar-AT">φrähäd</pron>
          <usg type="geo">
            <placeName type="gemeinde" ref="/geodata-wboe.xml#p6.4b05">Pulkau</placeName>
          </usg>
        </form>
        <form type="dialect">
          <pron xml:lang="bar-AT">freihăt</pron>
          <usg type="geo">
            <placeName type="gemeinde" ref="/geodata-wboe.xml#p6.4e09">Röschitz</placeName>
          </usg>
        </form>
        <form type="dialect">
          <pron xml:lang="bar-AT">-fräⁱhäⁱt</pron>
          <usg type="geo">
            <placeName type="grossregion" ref="/geodata-wboe.xml#p6.5">Wien</placeName>
          </usg>
          <ptr type="collection" subtype="lautung" target="/collections-wboe.xml#c17102"/>
        </form>
        <etym>
          <cit type="etymon">
            <lang>ahd.</lang>
            <form>
              <orth>frīheit</orth>
            </form>
            <def>persönliche Freiheit und Unabhängigkeit (für den Stand der Freien); geistige, innere Freiheit der Entscheidung</def>
          </cit>
          <cit type="etymon">
            <lang>mhd.</lang>
            <form>
              <orth>vrīheit</orth>
            </form>
            <def>Freiheit; Stand eines Freien, Edeln; Immunität; Privileg; privilegierte Örtlichkeit; privilegierter Bezirk; Asyl</def>
          </cit>
          <ref type="bibl" target="#AWB1985III">
            <lbl>vgl.</lbl>AWB 1985 III
            <citedRange>1262</citedRange>
          </ref>
          <ref type="bibl" target="#Lexer1878III">
            <lbl>vgl.</lbl>Lexer 1878 III
            <citedRange>517</citedRange>
          </ref>
          <ref type="bibl" target="#Pfeifer2014">
            <lbl>vgl.</lbl>Pfeifer 2014
            <citedRange>372</citedRange>
          </ref>
          <seg type="desc">; Ableitung von</seg>
          <cit type="etymon">
            <xr type="lemma">
              <ref target="frei.xml#frei">frei</ref>
            </xr>
          </cit>
        </etym>
        <sense>
          <sense>
            <def>Ungebundenheit</def>
            <usg type="geo">
              <placeName type="grossregion" ref="/geodata-wboe.xml#p5.1">Innv.</placeName>
            </usg>
            <cit type="example">
              <quote xml:lang="bar-AT">ȇ bissl ȇ fraihait, / häd God da weit göm, / doa s ābe nöd z weit' kimd / dös liȇderlö löm!</quote>
              <usg type="geo">
                <placeName type="kleinregion" ref="/geodata-wboe.xml#p5.1b">nördl.obInnv.</placeName>
              </usg>
            </cit>
            <ptr type="collection" subtype="bedeutung" target="/collections-wboe.xml#c17111"/>
          </sense>
          <sense>
            <def>Gemeindegrund; Gemeindegebiet</def>
            <usg type="geo">
              <placeName type="bundesland" ref="/geodata-wboe.xml#p6">NÖ</placeName>
            </usg>
            <cit type="example">
              <quote xml:lang="bar-AT">bis dohęɒ gęt pfraėhaėd gɒ Priɒ</quote>
              <usg type="geo">
                <placeName type="gemeinde" ref="/geodata-wboe.xml#p6.3a15">Kautzen</placeName>
              </usg>
            </cit>
            <cit type="example">
              <quote xml:lang="bar-AT">deaʳ Ogga ligt in da Puacha freiheit</quote>
              <usg type="geo">
                <placeName type="gemeinde" ref="/geodata-wboe.xml#p6.3a22">Waidhofen an der Thaya</placeName>
              </usg>
            </cit>
            <ptr type="collection" subtype="bedeutung" target="/collections-wboe.xml#c17108"/>
          </sense>
          <sense>
            <def>Abschied; Urlaub</def>
            <usg type="geo">
              <placeName type="grossregion" ref="/geodata-wboe.xml#p6.4">Weinv.</placeName>
            </usg>
            <ptr type="collection" subtype="bedeutung" target="/collections-wboe.xml#c17112"/>
          </sense>
        </sense>
        <re>
          <form subtype="compound" type="lemma">
            <orth>Bauernfreiheit</orth>
          </form>
          <sense>
            <sense>
              <def>zum Bauern Gehörendes</def>
              <usg type="geo">
                <placeName type="grossregion" ref="/geodata-wboe.xml#p1C.3">öNTir.</placeName>
              </usg>
              <ptr type="collection" subtype="bedeutung" target="/collections-wboe.xml#c17106"/>
            </sense>
          </sense>
        </re>
        <re>
          <form subtype="compound" type="lemma">
            <orth>Gemeindefreiheit</orth>
          </form>
          <sense>
            <sense>
              <def>der ganze zu einer Katastralgemeinde gehörende Grund</def>
              <usg type="geo">
                <placeName type="grossregion" ref="/geodata-wboe.xml#p6.1">Mostv.</placeName>
              </usg>
              <ptr type="collection" subtype="bedeutung" target="/collections-wboe.xml#c17107"/>
            </sense>
          </sense>
        </re>
        <re type="redewendung">
          <form subtype="MWE" type="lemma">
            <orth>das Um-die-Freiheit-Gehen</orth>
          </form>
          <sense>
            <def>Grenzbegehung</def>
            <usg type="geo">
              <placeName type="grossregion" ref="/geodata-wboe.xml#p6.1">Mostv.</placeName>
            </usg>
            <cit type="example">
              <quote xml:lang="bar-AT">Das um d' Freiheit gėhⁿ</quote>
              <usg type="geo">
                <placeName type="gemeinde" ref="/geodata-wboe.xml#p6.1s06">Sitzenberg-Reidling</placeName>
              </usg>
            </cit>
            <ptr type="collection" subtype="bedeutung" target="/collections-wboe.xml#c17132"/>
          </sense>
        </re>
        <re type="redewendung">
          <form subtype="MWE" type="lemma">
            <orth>einen Acker/Grund in der Freiheit haben</orth>
          </form>
          <form subtype="MWE" type="lemma">
            <orth>einen Acker/Grund in einer fremden Freiheit haben</orth>
          </form>
          <sense>
            <def type="umschreibung">Ausdruck, wenn jemand ein Feld in fremder Gemeinde besitzt</def>
          </sense>
          <usg type="geo">
            <placeName type="grossregion" ref="/geodata-wboe.xml#p6.4">Weinv.</placeName>
          </usg>
          <cit type="example">
            <quote xml:lang="bar-AT">hot an Ocka in a fremdn freiheit</quote>
            <usg type="geo">
              <placeName type="gemeinde" ref="/geodata-wboe.xml#p6.4e04">Heldenberg</placeName>
            </usg>
          </cit>
          <cit type="example">
            <quote xml:lang="bar-AT">der håt in der Freiheit an Grund</quote>
            <usg type="geo">
              <placeName type="gemeinde" ref="/geodata-wboe.xml#p6.4e08">Ravelsbach</placeName>
            </usg>
          </cit>
          <ptr type="collection" subtype="MWE" target="/collections-wboe.xml#c17133"/>
        </re>
        <re type="redewendung">
          <form subtype="MWE" type="lemma">
            <orth>in der Freiheit</orth>
          </form>
          <sense>
            <def>im Ackergelände</def>
            <usg type="geo">
              <placeName type="grossregion" ref="/geodata-wboe.xml#p6.1">Mostv.</placeName>
            </usg>
            <usg type="geo">
              <placeName type="grossregion" ref="/geodata-wboe.xml#p6.3">Waldv.</placeName>
            </usg>
            <usg type="geo">
              <placeName type="grossregion" ref="/geodata-wboe.xml#p6.5">Wien</placeName>
            </usg>
            <cit type="example">
              <quote xml:lang="bar-AT">In der Freiheit</quote>
              <usg type="geo">
                <placeName type="kleinregion" ref="/geodata-wboe.xml#p6.1m">sWachau</placeName>
              </usg>
            </cit>
            <ptr type="collection" subtype="bedeutung" target="/collections-wboe.xml#c17131"/>
          </sense>
        </re>
      </entry>
    </body>
  </text>
</TEI>