<?xml version="1.0" encoding="UTF-8"?>
    <?xml-model href="http://www.tei-c.org/release/xml/tei/custom/schema/relaxng/tei_all.rng" type="application/xml" schematypens="http://purl.oclc.org/dsdl/schematron"?>
    <?xml-model href="../../803_RNG-schematron/WBOE-ODD.rnc" type="application/relax-ng-compact-syntax"?>
<?redaktionstool version="0.8.1" ?>
<?parser type="lioe" version="0.8.0" ?>
<TEI xmlns="http://www.tei-c.org/ns/1.0">
  <teiHeader>
    <fileDesc>
      <titleStmt>
        <title>Fresse</title>
        <respStmt>
          <resp>Editor</resp>
          <name ref="#SW">Sabine Wahl</name>
        </respStmt>
        <respStmt>
          <resp>Encoding Scheme</resp>
          <name>Jack Bowers</name>
          <name>Daniel Schopper</name>
          <name>Omar Siam</name>
        </respStmt>
        <respStmt>
          <resp>DBOE Team</resp>
          <name xml:id="AL">Alexandra N. Lenz</name>
          <name xml:id="PhS">Philipp Stöckle</name>
          <name xml:id="AG">Andreas Gellan</name>
          <name xml:id="PZ">Patrick Zeitlhuber</name>
          <name xml:id="SW">Sabine Wahl</name>
          <name xml:id="SS">Sonja Schwaiger</name>
          <name xml:id="AB">Angela Bergermayer</name>
          <name xml:id="EW">Eva Wahlmüller</name>
          <name xml:id="DG">David Gschösser</name>
          <name xml:id="StS">Stefanie Schöberl</name>
          <name xml:id="FF">Fabian Fleißner</name>
          <name xml:id="MK">Markus Kunzmann</name>
        </respStmt>
        <respStmt>
          <resp>Student assistants</resp>
          <name>Susanna Muhr</name>
          <name>Manuela Stütz</name>
          <name>Christina Hemetsberger</name>
        </respStmt>
      </titleStmt>
      <publicationStmt>
        <p></p>
      </publicationStmt>
      <sourceDesc>
        <list>
          <item>
            <label>Geo-data</label>
            <ptr xml:id="geo-inventory-WBOE" target="../geodata-wboe.xml"/>
          </item>
          <item>
            <label>Bibliography</label>
            <ptr xml:id="bibliography-WBOE" target="../bibl-wboe.xml"/>
          </item>
          <item>
            <label>WBOE-Slips</label>
            <ptr xml:id="slips-WBOE" target="../slips-wboe.xml"/>
          </item>
          <item>
            <label>WBOE-Collections</label>
            <ptr xml:id="collections-WBOE" target="../collections-wboe.xml"/>
          </item>
        </list>
      </sourceDesc>
    </fileDesc>
    <revisionDesc>
      <listChange>
        <change status="in progress" when="2021-01-11" who="#SW">Datensatz erstellt</change>
        <change status="peer correction" when="2021-01-12" who="#SW">V1</change>
        <change status="peer correction" when="2021-08-07" who="#SW">LK hinzugefügt</change>
        <change status="internal correction" when="2022-05-09" who="#SW">V2</change>
        <change status="internal correction" when="2022-05-16" who="#DG">LK bearbeitet</change>
        <change status="external correction" when="2022-05-16" who="#SW">V3</change>
        <change status="finished" when="2022-05-24" who="#SW">online</change>
      </listChange>
    </revisionDesc>
  </teiHeader>
  <text>
    <body>
      <entry>
        <form type="lemma" xml:id="Fresse">
          <orth>Fresse</orth>
          <ptr type="collection" subtype="lemma" target="/collections-wboe.xml#c12633"/>
        </form>
        <gramGrp>
          <gram type="pos">Substantiv</gram>
          <gram type="gender">Femininum</gram>
        </gramGrp>
        <usg type="geo">
          <placeName type="bundesland" ref="/geodata-wboe.xml#p1A">STir.</placeName>
        </usg>
        <usg type="geo">
          <placeName type="grossregion" ref="/geodata-wboe.xml#p1B.0">OTir.</placeName>
        </usg>
        <usg type="geo">
          <placeName type="bundesland" ref="/geodata-wboe.xml#p1C">NTir.</placeName>
        </usg>
        <usg type="geo">
          <placeName type="bundesland" ref="/geodata-wboe.xml#p2">Ktn.</placeName>
        </usg>
        <usg type="geo">
          <placeName type="grossregion" ref="/geodata-wboe.xml#p3.1">sbair.ObStmk.</placeName>
        </usg>
        <usg type="geo">
          <placeName type="grossregion" ref="/geodata-wboe.xml#p3.2">mbair.ObStmk.</placeName>
        </usg>
        <usg type="geo">
          <placeName type="grossregion" ref="/geodata-wboe.xml#p3.4">MStmk.</placeName>
        </usg>
        <usg type="geo">
          <placeName type="grossregion" ref="/geodata-wboe.xml#p4.2">Pinzg.</placeName>
        </usg>
        <usg type="geo">
          <placeName type="grossregion" ref="/geodata-wboe.xml#p5.1">Innv.</placeName>
        </usg>
        <usg type="geo">
          <placeName type="grossregion" ref="/geodata-wboe.xml#p5.2">Hausrv.</placeName>
        </usg>
        <usg type="geo">
          <placeName type="grossregion" ref="/geodata-wboe.xml#p5.4">Mühlv.</placeName>
        </usg>
        <usg type="geo">
          <placeName type="bundesland" ref="/geodata-wboe.xml#p6">NÖ</placeName>
        </usg>
        <usg type="geo">
          <placeName type="grossregion" ref="/geodata-wboe.xml#p6.5">Wien</placeName>
        </usg>
        <usg type="geo">
          <placeName type="grossregion" ref="/geodata-wboe.xml#p7.2">MBgl.</placeName>
        </usg>
        <note type="kommentar" resp="#DG">Für mhd.
          <c>ë</c>im Stammvokal liegen im gesamten Untersuchungsgebiet größtenteils geschlossene
          <c>e</c>-Monophthonge vor
          <xr>
            <ref>frẹßə</ref>
            <ref>frẹßn̥</ref>
          </xr>, die im östlichen Südbairischen auch gedehnt auftreten
          <xr>
            <ref>frẹ̄sn̥</ref>
          </xr>. Zudem erscheinen diphthongierte Formen mit geschlossenem Erstglied im Süd- und östlichen Südmittelbairischen
          <xr>
            <ref>frẹißə</ref>
            <ref>frẹißn̥</ref>
          </xr>, die in letzterem neben Formen mit offenem Erstglied stehen
          <xr>
            <ref>fręißn̥</ref>
          </xr>. Sporadisch finden sich mancherorts offene
          <c>e</c>-Monophthonge
          <xr>
            <ref>fręßn̥</ref>
          </xr>. Während im Südbairischen der auslautende Vokal meistens noch reduziert
          <xr>
            <ref>frẹßə</ref>
          </xr>bzw. im bairisch-alemannischen Übergangsgebiet zudem gesenkt erhalten ist
          <xr>
            <ref>frẹßɒ</ref>
          </xr>, wurde er im westlichen Süd- bzw. gesamten Südmittelbairischen vereinzelt apokopiert
          <xr>
            <ref>frẹß</ref>
          </xr>. Im Mittelbairischen durchgängig sowie mitunter im restlichen Untersuchungsgebiet sind dagegen aus dem Obliquus übernommene und synkopierte Endungen verbreitet
          <xr>
            <ref>frẹßn̥</ref>
          </xr>.
        </note>
        <form type="dialect">
          <pron xml:lang="bar-AT">frössẹ</pron>
          <usg type="geo">
            <placeName type="gemeinde" ref="/geodata-wboe.xml#p1A.4c01">Lüsen</placeName>
          </usg>
        </form>
        <form type="dialect">
          <pron xml:lang="bar-AT">frösse</pron>
          <pron xml:lang="bar-AT">fr­ess'n</pron>
          <pron xml:lang="bar-AT">fr­ess'</pron>
          <usg type="geo">
            <placeName type="kleinregion" ref="/geodata-wboe.xml#p1B.0f">obIselt.</placeName>
          </usg>
        </form>
        <form type="dialect">
          <pron xml:lang="bar-AT">frėssə</pron>
          <usg type="geo">
            <placeName type="gemeinde" ref="/geodata-wboe.xml#p1B.0d02">St. Jakob in Defereggen</placeName>
          </usg>
        </form>
        <form type="dialect">
          <pron xml:lang="bar-AT">frössa</pron>
          <usg type="geo">
            <placeName type="gemeinde" ref="/geodata-wboe.xml#p1C.1g02">St. Anton am Arlberg</placeName>
          </usg>
        </form>
        <form type="dialect">
          <pron xml:lang="bar-AT">fressa</pron>
          <usg type="geo">
            <placeName type="gemeinde" ref="/geodata-wboe.xml#p1C.1m06">Nauders</placeName>
          </usg>
        </form>
        <form type="dialect">
          <pron xml:lang="bar-AT">frössn</pron>
          <usg type="geo">
            <placeName type="gemeinde" ref="/geodata-wboe.xml#p1C.1s01">Längenfeld</placeName>
          </usg>
        </form>
        <form type="dialect">
          <pron xml:lang="bar-AT">fröß</pron>
          <usg type="geo">
            <placeName type="gemeinde" ref="/geodata-wboe.xml#p1C.2a19">Schwaz</placeName>
          </usg>
        </form>
        <form type="dialect">
          <pron xml:lang="bar-AT">frǫ̈ssn</pron>
          <usg type="geo">
            <placeName type="gemeinde" ref="/geodata-wboe.xml#p1C.3e06">Kufstein</placeName>
          </usg>
        </form>
        <form type="dialect">
          <pron xml:lang="bar-AT">freß</pron>
          <usg type="geo">
            <placeName type="gemeinde" ref="/geodata-wboe.xml#p1C.3f02">Hopfgarten im Brixental</placeName>
          </usg>
        </form>
        <form type="dialect">
          <pron xml:lang="bar-AT">fröß</pron>
          <usg type="geo">
            <placeName type="gemeinde" ref="/geodata-wboe.xml#p1C.3b03">Thiersee</placeName>
          </usg>
        </form>
        <form type="dialect">
          <pron xml:lang="bar-AT">frößn</pron>
          <usg type="geo">
            <placeName type="gemeinde" ref="/geodata-wboe.xml#p2.1h02">Hermagor-Pressegger See</placeName>
          </usg>
        </form>
        <form type="dialect">
          <pron xml:lang="bar-AT">freïßn</pron>
          <usg type="geo">
            <placeName type="gemeinde" ref="/geodata-wboe.xml#p2.1d03">Greifenburg</placeName>
          </usg>
        </form>
        <form type="dialect">
          <pron xml:lang="bar-AT">frẹsə</pron>
          <pron xml:lang="bar-AT">frẹsn</pron>
          <usg type="geo">
            <placeName type="gemeinde" ref="/geodata-wboe.xml#p2.1i01">Gitschtal</placeName>
          </usg>
        </form>
        <form type="dialect">
          <pron xml:lang="bar-AT">frȫsn</pron>
          <usg type="geo">
            <placeName type="gemeinde" ref="/geodata-wboe.xml#p2.3f01">Feldkirchen in Kärnten</placeName>
          </usg>
        </form>
        <form type="dialect">
          <pron xml:lang="bar-AT">frö̤sn</pron>
          <usg type="geo">
            <placeName type="gemeinde" ref="/geodata-wboe.xml#p2.4a01">Hüttenberg</placeName>
          </usg>
        </form>
        <form type="dialect">
          <pron xml:lang="bar-AT">fręssn</pron>
          <usg type="geo">
            <placeName type="gemeinde" ref="/geodata-wboe.xml#p3.1c09">Oberwölz</placeName>
          </usg>
        </form>
        <form type="dialect">
          <pron xml:lang="bar-AT">frėß</pron>
          <usg type="geo">
            <placeName type="gemeinde" ref="/geodata-wboe.xml#p3.2b05">Wald am Schoberpaß</placeName>
          </usg>
        </form>
        <form type="dialect">
          <pron xml:lang="bar-AT">frößen</pron>
          <usg type="geo">
            <placeName type="gemeinde" ref="/geodata-wboe.xml#p3.2e05">Thörl</placeName>
          </usg>
        </form>
        <form type="dialect">
          <pron xml:lang="bar-AT">frėissn</pron>
          <usg type="geo">
            <placeName type="gemeinde" ref="/geodata-wboe.xml#p3.2f02">Kapfenberg</placeName>
          </usg>
        </form>
        <form type="dialect">
          <pron xml:lang="bar-AT">fräißn</pron>
          <usg type="geo">
            <placeName type="gemeinde" ref="/geodata-wboe.xml#p3.4b14">Hitzendorf</placeName>
          </usg>
        </form>
        <form type="dialect">
          <pron xml:lang="bar-AT">freß</pron>
          <usg type="geo">
            <placeName type="gemeinde" ref="/geodata-wboe.xml#p4.2a03">Krimml</placeName>
          </usg>
        </form>
        <form type="dialect">
          <pron xml:lang="bar-AT">frössn</pron>
          <usg type="geo">
            <placeName type="kleinregion" ref="/geodata-wboe.xml#p5.1b">nördl.obInnv.</placeName>
          </usg>
        </form>
        <form type="dialect">
          <pron xml:lang="bar-AT">frėssn</pron>
          <usg type="geo">
            <placeName type="gemeinde" ref="/geodata-wboe.xml#p5.1c07">Mühlheim am Inn</placeName>
          </usg>
        </form>
        <form type="dialect">
          <pron xml:lang="bar-AT">fręssn</pron>
          <usg type="geo">
            <placeName type="gemeinde" ref="/geodata-wboe.xml#p5.2e01">Linz</placeName>
          </usg>
        </form>
        <form type="dialect">
          <pron xml:lang="bar-AT">freßn̥</pron>
          <usg type="geo">
            <placeName type="gemeinde" ref="/geodata-wboe.xml#p5.4e04">Gallneukirchen</placeName>
          </usg>
        </form>
        <form type="dialect">
          <pron xml:lang="bar-AT">frösse</pron>
          <usg type="geo">
            <placeName type="gemeinde" ref="/geodata-wboe.xml#p5.4d13">St. Veit im Mühlkreis</placeName>
          </usg>
        </form>
        <form type="dialect">
          <pron xml:lang="bar-AT">frė̄̆ßn</pron>
          <usg type="geo">
            <placeName type="gemeinde" ref="/geodata-wboe.xml#p6.1d01">Allhartsberg</placeName>
          </usg>
        </form>
        <form type="dialect">
          <pron xml:lang="bar-AT">freßn</pron>
          <usg type="geo">
            <placeName type="gemeinde" ref="/geodata-wboe.xml#p6.2i30">Moosbrunn</placeName>
          </usg>
        </form>
        <form type="dialect">
          <pron xml:lang="bar-AT">fressn</pron>
          <usg type="geo">
            <placeName type="gemeinde" ref="/geodata-wboe.xml#p6.3t04">Krems an der Donau</placeName>
          </usg>
        </form>
        <form type="dialect">
          <pron xml:lang="bar-AT">frẹßn</pron>
          <usg type="geo">
            <placeName type="gemeinde" ref="/geodata-wboe.xml#p6.4e06">Hollabrunn</placeName>
          </usg>
        </form>
        <form type="dialect">
          <pron xml:lang="bar-AT">frėssn</pron>
          <pron xml:lang="bar-AT">fressən</pron>
          <usg type="geo">
            <placeName type="grossregion" ref="/geodata-wboe.xml#p6.5">Wien</placeName>
          </usg>
        </form>
        <form type="dialect">
          <pron xml:lang="bar-AT">-freissn</pron>
          <gramGrp>
            <usg>[Pl.]</usg>
          </gramGrp>
          <usg type="geo">
            <placeName type="gemeinde" ref="/geodata-wboe.xml#p7.2b03">Lockenhaus</placeName>
          </usg>
          <ptr type="collection" subtype="lautung" target="/collections-wboe.xml#c13580"/>
        </form>
        <etym>
          <cit type="etymon">
            <def>derber und kräftiger Ausdruck für das Maul, den Mund</def>
          </cit>
          <seg type="desc">
            <date>(16. Jh.)</date>, dieselbe Wortform ist auch belegt in der Bedeutung
          </seg>
          <cit type="etymon">
            <def>genäschige Frau, die heimlich aus der Hand, aus der Tasche isst</def>
          </cit>
          <ref type="bibl" target="#DWB1878IV/I/1">
            <lbl>vgl.</lbl>DWB 1878 IV/I/1
            <citedRange>132</citedRange>
          </ref>
          <ref type="bibl" target="#Pfeifer2014">
            <lbl>vgl.</lbl>Pfeifer 2014
            <citedRange>374</citedRange>
          </ref>
          <seg type="desc">; Ableitung von</seg>
          <cit type="etymon">
            <xr type="lemma">
              <ref target="fressen.xml#fressen">fressen</ref>
            </xr>
          </cit>
        </etym>
        <sense>
          <sense>
            <sense>
              <def>(großer, breiter) Mund; Maul</def>
              <usg type="geo">
                <placeName type="bundesland" ref="/geodata-wboe.xml#p1A">STir.</placeName>
              </usg>
              <usg type="geo">
                <placeName type="grossregion" ref="/geodata-wboe.xml#p1B.0">OTir.</placeName>
              </usg>
              <usg type="geo">
                <placeName type="bundesland" ref="/geodata-wboe.xml#p1C">NTir.</placeName>
              </usg>
              <usg type="geo">
                <placeName type="bundesland" ref="/geodata-wboe.xml#p2">Ktn.</placeName>
              </usg>
              <usg type="geo">
                <placeName type="grossregion" ref="/geodata-wboe.xml#p3.1">sbair.ObStmk.</placeName>
              </usg>
              <usg type="geo">
                <placeName type="grossregion" ref="/geodata-wboe.xml#p3.2">mbair.ObStmk.</placeName>
              </usg>
              <usg type="geo">
                <placeName type="grossregion" ref="/geodata-wboe.xml#p3.4">MStmk.</placeName>
              </usg>
              <usg type="geo">
                <placeName type="grossregion" ref="/geodata-wboe.xml#p4.2">Pinzg.</placeName>
              </usg>
              <usg type="geo">
                <placeName type="grossregion" ref="/geodata-wboe.xml#p5.1">Innv.</placeName>
              </usg>
              <usg type="geo">
                <placeName type="grossregion" ref="/geodata-wboe.xml#p5.2">Hausrv.</placeName>
              </usg>
              <usg type="geo">
                <placeName type="grossregion" ref="/geodata-wboe.xml#p5.4">Mühlv.</placeName>
              </usg>
              <usg type="geo">
                <placeName type="bundesland" ref="/geodata-wboe.xml#p6">NÖ</placeName>
              </usg>
              <usg type="geo">
                <placeName type="grossregion" ref="/geodata-wboe.xml#p6.5">Wien</placeName>
              </usg>
              <cit type="example">
                <quote xml:lang="bar-AT">tū̇ə au dai Frėssə</quote>
                <usg type="geo">
                  <placeName type="gemeinde" ref="/geodata-wboe.xml#p1B.0d02">St. Jakob in Defereggen</placeName>
                </usg>
              </cit>
              <cit type="example">
                <quote xml:lang="bar-AT">Deaʳ håt ā Fress</quote>
                <usg type="geo">
                  <placeName type="gemeinde" ref="/geodata-wboe.xml#p1C.3i05">St. Johann in Tirol</placeName>
                </usg>
              </cit>
              <ptr type="collection" subtype="bedeutung" target="/collections-wboe.xml#c13534"/>
            </sense>
            <sense>
              <def>Gesicht</def>
              <usg type="geo">
                <placeName type="bundesland" ref="/geodata-wboe.xml#p1A">STir.</placeName>
              </usg>
              <usg type="geo">
                <placeName type="grossregion" ref="/geodata-wboe.xml#p1B.0">OTir.</placeName>
              </usg>
              <usg type="geo">
                <placeName type="bundesland" ref="/geodata-wboe.xml#p1C">NTir.</placeName>
              </usg>
              <usg type="geo">
                <placeName type="grossregion" ref="/geodata-wboe.xml#p3.2">mbair.ObStmk.</placeName>
              </usg>
              <usg type="geo">
                <placeName type="grossregion" ref="/geodata-wboe.xml#p3.4">MStmk.</placeName>
              </usg>
              <usg type="geo">
                <placeName type="grossregion" ref="/geodata-wboe.xml#p5.2">Hausrv.</placeName>
              </usg>
              <usg type="geo">
                <placeName type="grossregion" ref="/geodata-wboe.xml#p5.4">Mühlv.</placeName>
              </usg>
              <usg type="geo">
                <placeName type="grossregion" ref="/geodata-wboe.xml#p6.1">Mostv.</placeName>
              </usg>
              <usg type="geo">
                <placeName type="grossregion" ref="/geodata-wboe.xml#p6.5">Wien</placeName>
              </usg>
              <ptr type="collection" subtype="bedeutung" target="/collections-wboe.xml#c13533"/>
            </sense>
            <sense>
              <def>Fresswerkzeug; Kauwerkzeuge</def>
              <usg type="geo">
                <placeName type="grossregion" ref="/geodata-wboe.xml#p1A.4">öSTir.</placeName>
              </usg>
              <usg type="geo">
                <placeName type="grossregion" ref="/geodata-wboe.xml#p5.4">Mühlv.</placeName>
              </usg>
              <ptr type="collection" subtype="bedeutung" target="/collections-wboe.xml#c13537"/>
            </sense>
            <sense>
              <def>Lippe</def>
              <usg>(derb)</usg>
              <usg type="geo">
                <placeName type="grossregion" ref="/geodata-wboe.xml#p6.3">Waldv.</placeName>
              </usg>
              <ptr type="collection" subtype="bedeutung" target="/collections-wboe.xml#c13539"/>
            </sense>
          </sense>
          <sense>
            <def>Frau, die viel isst</def>
            <usg>(abwertend)</usg>
            <usg type="geo">
              <placeName type="grossregion" ref="/geodata-wboe.xml#p1A.4">öSTir.</placeName>
            </usg>
            <ptr type="collection" subtype="bedeutung" target="/collections-wboe.xml#c13538"/>
          </sense>
        </sense>
        <re>
          <form subtype="compound" type="lemma">
            <orth>Hundsfressen</orth>
            <gramGrp>
              <usg>(Plural)</usg>
            </gramGrp>
          </form>
          <sense>
            <sense>
              <def>schlechtes Essen, das für einen Hund gut genug ist</def>
              <usg type="geo">
                <placeName type="grossregion" ref="/geodata-wboe.xml#p7.2">MBgl.</placeName>
              </usg>
              <ptr type="collection" subtype="bedeutung" target="/collections-wboe.xml#c13510"/>
            </sense>
          </sense>
        </re>
        <re>
          <form subtype="compound" type="lemma">
            <orth>Speckfresse</orth>
          </form>
          <sense>
            <sense>
              <def type="umschreibung">abwertender Ausdruck für einen Menschen mit Doppelkinn / für ein Doppelkinn</def>
              <usg type="geo">
                <placeName type="grossregion" ref="/geodata-wboe.xml#p3.4">MStmk.</placeName>
              </usg>
              <ptr type="collection" subtype="bedeutung" target="/collections-wboe.xml#c13511"/>
            </sense>
          </sense>
        </re>
        <re type="redewendung">
          <form subtype="MWE" type="lemma">
            <orth>Der Schuh reißt die Fresse auf</orth>
          </form>
          <sense>
            <def>der Schuh ist zwischen Sohle und Oberleder zerrissen</def>
          </sense>
          <usg type="geo">
            <placeName type="grossregion" ref="/geodata-wboe.xml#p1C.3">öNTir.</placeName>
          </usg>
          <cit type="example">
            <quote xml:lang="bar-AT">da Schuach reißt d Fress auf</quote>
            <usg type="geo">
              <placeName type="gemeinde" ref="/geodata-wboe.xml#p1C.3e12">Schwoich</placeName>
            </usg>
          </cit>
          <ptr type="collection" subtype="MWE" target="/collections-wboe.xml#c13515"/>
        </re>
        <re type="redewendung">
          <form subtype="MWE" type="lemma">
            <orth>die Fresse allweil offen haben</orth>
          </form>
          <sense>
            <def>überall dreinreden</def>
            <usg type="geo">
              <placeName type="grossregion" ref="/geodata-wboe.xml#p1C.3">öNTir.</placeName>
            </usg>
            <cit type="example">
              <quote xml:lang="bar-AT">Dea hăd do d' Freß ăiwai off</quote>
              <usg type="geo">
                <placeName type="gemeinde" ref="/geodata-wboe.xml#p1C.3f02">Hopfgarten im Brixental</placeName>
              </usg>
            </cit>
            <ptr type="collection" subtype="bedeutung" target="/collections-wboe.xml#c13517"/>
          </sense>
        </re>
        <re type="redewendung">
          <form subtype="MWE" type="lemma">
            <orth>eine neue Fresse haben</orth>
          </form>
          <sense>
            <def>künstliche Zähne, ein künstliches Gebiss haben</def>
            <usg type="geo">
              <placeName type="grossregion" ref="/geodata-wboe.xml#p1C.3">öNTir.</placeName>
            </usg>
            <cit type="example">
              <quote xml:lang="bar-AT">dear håt a nuia Freß</quote>
              <usg type="geo">
                <placeName type="gemeinde" ref="/geodata-wboe.xml#p1C.3i03">Kitzbühel</placeName>
              </usg>
            </cit>
            <ptr type="collection" subtype="bedeutung" target="/collections-wboe.xml#c13516"/>
          </sense>
        </re>
        <re type="redewendung">
          <form subtype="MWE" type="lemma">
            <orth>Halt die Fresse!</orth>
          </form>
          <sense>
            <def>Sei still!</def>
            <usg type="geo">
              <placeName type="bundesland" ref="/geodata-wboe.xml#p1A">STir.</placeName>
            </usg>
            <usg type="geo">
              <placeName type="grossregion" ref="/geodata-wboe.xml#p1B.0">OTir.</placeName>
            </usg>
            <usg type="geo">
              <placeName type="bundesland" ref="/geodata-wboe.xml#p1C">NTir.</placeName>
            </usg>
            <cit type="example">
              <quote xml:lang="bar-AT">hąlt di fressɛ!</quote>
              <ref type="bibl" target="#TirolerWb">Tiroler Wb.
                <citedRange>189</citedRange>
              </ref>
              <usg type="geo">
                <placeName type="grossregion" ref="/geodata-wboe.xml#p1B.0">OTir.</placeName>
              </usg>
            </cit>
            <ptr type="collection" subtype="bedeutung" target="/collections-wboe.xml#c13513"/>
          </sense>
        </re>
        <re type="redewendung">
          <form subtype="MWE" type="lemma">
            <orth>jemandem eine Fresse anhängen</orth>
          </form>
          <sense>
            <def>jemandem eine sehr ungehörige, unhöfliche Antwort geben</def>
            <usg type="geo">
              <placeName type="grossregion" ref="/geodata-wboe.xml#p1C.3">öNTir.</placeName>
            </usg>
            <cit type="example">
              <quote xml:lang="bar-AT">ǫan a Fröss uⁿheŋa</quote>
              <usg type="geo">
                <placeName type="gemeinde" ref="/geodata-wboe.xml#p1C.3b03">Thiersee</placeName>
              </usg>
            </cit>
            <ptr type="collection" subtype="bedeutung" target="/collections-wboe.xml#c13518"/>
          </sense>
        </re>
        <re type="redewendung">
          <form subtype="MWE" type="lemma">
            <orth>jemandem eine in die Fresse einhinhauen</orth>
          </form>
          <sense>
            <def>jemanden auf den Mund schlagen</def>
            <usg type="geo">
              <placeName type="grossregion" ref="/geodata-wboe.xml#p6.5">Wien</placeName>
            </usg>
            <cit type="example">
              <quote xml:lang="bar-AT">I hau dr͜ ani in d' Frėssn eini!</quote>
              <usg type="geo">
                <placeName type="grossregion" ref="/geodata-wboe.xml#p6.5">Wien</placeName>
              </usg>
            </cit>
            <ptr type="collection" subtype="bedeutung" target="/collections-wboe.xml#c13522"/>
          </sense>
        </re>
        <re type="redewendung">
          <form subtype="MWE" type="lemma">
            <orth>jemandem eine/eins in die Fresse geben</orth>
          </form>
          <sense>
            <def>jemandem einen heftigen Schlag ins Gesicht versetzen</def>
            <usg type="geo">
              <placeName type="grossregion" ref="/geodata-wboe.xml#p1C.3">öNTir.</placeName>
            </usg>
            <usg type="geo">
              <placeName type="grossregion" ref="/geodata-wboe.xml#p2.2">MKtn.</placeName>
            </usg>
            <cit type="example">
              <quote xml:lang="bar-AT">Gib eam oanö a d'Freß</quote>
              <usg type="geo">
                <placeName type="gemeinde" ref="/geodata-wboe.xml#p1C.3f02">Hopfgarten im Brixental</placeName>
              </usg>
            </cit>
            <cit type="example">
              <quote xml:lang="bar-AT">Ans in di Frösn göbn</quote>
              <usg type="geo">
                <placeName type="gemeinde" ref="/geodata-wboe.xml#p2.3f01">Feldkirchen in Kärnten</placeName>
              </usg>
            </cit>
            <ptr type="collection" subtype="bedeutung" target="/collections-wboe.xml#c13512"/>
          </sense>
        </re>
        <re type="redewendung">
          <form subtype="MWE" type="lemma">
            <orth>jemandem eine in die Fresse hauen</orth>
          </form>
          <sense>
            <def>jemanden ins Gesicht schlagen</def>
            <usg type="geo">
              <placeName type="grossregion" ref="/geodata-wboe.xml#p6.5">Wien</placeName>
            </usg>
            <cit type="example">
              <quote xml:lang="bar-AT">anė in d' Fressən hå̄ᵘn</quote>
              <usg type="geo">
                <placeName type="grossregion" ref="/geodata-wboe.xml#p6.5">Wien</placeName>
              </usg>
            </cit>
            <ptr type="collection" subtype="bedeutung" target="/collections-wboe.xml#c13523"/>
          </sense>
        </re>
        <re type="redewendung">
          <form subtype="MWE" type="lemma">
            <orth>jemandem eine in seine Fresse geben</orth>
          </form>
          <sense>
            <def>jemanden heftig auf den Mund schlagen</def>
          </sense>
          <usg type="geo">
            <placeName type="grossregion" ref="/geodata-wboe.xml#p6.3">Waldv.</placeName>
          </usg>
          <cit type="example">
            <quote xml:lang="bar-AT">i gib da ani in dein' Fressn</quote>
            <usg type="geo">
              <placeName type="gemeinde" ref="/geodata-wboe.xml#p6.3t04">Krems an der Donau</placeName>
            </usg>
          </cit>
          <ptr type="collection" subtype="MWE" target="/collections-wboe.xml#c13521"/>
        </re>
        <re type="redewendung">
          <form subtype="MWE" type="lemma">
            <orth>jemandem eins in die Fresse einhingeben, dass sie ihm auf der anderen Seite hängt</orth>
          </form>
          <sense>
            <def type="umschreibung">Ausdruck für einen heftigen Schlag ins Gesicht</def>
          </sense>
          <usg type="geo">
            <placeName type="grossregion" ref="/geodata-wboe.xml#p2.2">MKtn.</placeName>
          </usg>
          <cit type="example">
            <quote xml:lang="bar-AT">i gib dr ans aine ən dö Frȫsn, das se dr af dr åndrn Saitn heŋkcht</quote>
            <usg type="geo">
              <placeName type="gemeinde" ref="/geodata-wboe.xml#p2.3f01">Feldkirchen in Kärnten</placeName>
            </usg>
          </cit>
          <ptr type="collection" subtype="MWE" target="/collections-wboe.xml#c13520"/>
        </re>
        <re type="redewendung">
          <form subtype="MWE" type="lemma">
            <orth>jemandem eins über die Fresse einhinhauen</orth>
          </form>
          <sense>
            <def>jemandem eine Ohrfeige geben</def>
          </sense>
          <usg type="geo">
            <placeName type="grossregion" ref="/geodata-wboe.xml#p3.2">mbair.ObStmk.</placeName>
          </usg>
          <cit type="example">
            <quote xml:lang="bar-AT">zīmt håt mī, i muaß ęam ǫans ainihaun übəʳ di Frėß!</quote>
            <usg type="geo">
              <placeName type="gemeinde" ref="/geodata-wboe.xml#p3.2b05">Wald am Schoberpaß</placeName>
            </usg>
          </cit>
          <ptr type="collection" subtype="MWE" target="/collections-wboe.xml#c13524"/>
        </re>
        <re type="redewendung">
          <form subtype="MWE" type="lemma">
            <orth>jemandem in die Fresse einhinhauen</orth>
          </form>
          <sense>
            <def>jemanden ins Gesicht schlagen</def>
          </sense>
          <usg type="geo">
            <placeName type="grossregion" ref="/geodata-wboe.xml#p6.1">Mostv.</placeName>
          </usg>
          <cit type="example">
            <quote xml:lang="bar-AT">I hau di e͡ⁱni in d Fres̄n</quote>
            <usg type="geo">
              <placeName type="gemeinde" ref="/geodata-wboe.xml#p6.1s08">Zeiselmauer-Wolfpassing</placeName>
            </usg>
          </cit>
        </re>
        <re type="redewendung">
          <form subtype="MWE" type="lemma">
            <orth>jemandem oft eine Fresse haben wie nun einmal eine Sau</orth>
          </form>
          <sense>
            <def>unziemlich reden</def>
            <usg type="geo">
              <placeName type="grossregion" ref="/geodata-wboe.xml#p1C.3">öNTir.</placeName>
            </usg>
            <cit type="example">
              <quote xml:lang="bar-AT">åft hǫt ər dər
                <cit type="translation">
                  <quote xml:lang="de">dir</quote>
                </cit>a Fröss wiə nu a mǫl a Sau
              </quote>
              <usg type="geo">
                <placeName type="gemeinde" ref="/geodata-wboe.xml#p1C.3b03">Thiersee</placeName>
              </usg>
            </cit>
            <ptr type="collection" subtype="bedeutung" target="/collections-wboe.xml#c13519"/>
          </sense>
        </re>
        <re type="redewendung">
          <form subtype="MWE" type="lemma">
            <orth>seine Fresse überall drin haben</orth>
          </form>
          <sense>
            <def>überall mitreden wollen</def>
            <usg type="geo">
              <placeName type="bundesland" ref="/geodata-wboe.xml#p2">Ktn.</placeName>
            </usg>
            <cit type="example">
              <quote xml:lang="bar-AT">seina frésse überall drin h­ab·n</quote>
              <ref type="bibl" target="#KärntischesWb1862">Kärntisches Wb. 1862
                <citedRange>102</citedRange>
              </ref>
              <usg type="geo">
                <placeName type="bundesland" ref="/geodata-wboe.xml#p2">Ktn.</placeName>
              </usg>
            </cit>
            <ptr type="collection" subtype="bedeutung" target="/collections-wboe.xml#c13514"/>
          </sense>
        </re>
      </entry>
    </body>
  </text>
</TEI>