<?xml version="1.0" encoding="UTF-8"?>
    <?xml-model href="http://www.tei-c.org/release/xml/tei/custom/schema/relaxng/tei_all.rng" type="application/xml" schematypens="http://purl.oclc.org/dsdl/schematron"?>
    <?xml-model href="../../803_RNG-schematron/WBOE-ODD.rnc" type="application/relax-ng-compact-syntax"?>
<?redaktionstool version="0.7.2" ?>
<?parser type="lioe" version="0.7.0" ?>
<TEI xmlns="http://www.tei-c.org/ns/1.0">
  <teiHeader>
    <fileDesc>
      <titleStmt>
        <title>Friedrich</title>
        <respStmt>
          <resp>Editor</resp>
          <name ref="#AB">Angela Bergermayer</name>
        </respStmt>
        <respStmt>
          <resp>Encoding Scheme</resp>
          <name>Jack Bowers</name>
          <name>Daniel Schopper</name>
          <name>Omar Siam</name>
        </respStmt>
        <respStmt>
          <resp>DBOE Team</resp>
          <name xml:id="AL">Alexandra N. Lenz</name>
          <name xml:id="PhS">Philipp Stöckle</name>
          <name xml:id="AG">Andreas Gellan</name>
          <name xml:id="PZ">Patrick Zeitlhuber</name>
          <name xml:id="SW">Sabine Wahl</name>
          <name xml:id="SS">Sonja Schwaiger</name>
          <name xml:id="AB">Angela Bergermayer</name>
          <name xml:id="EW">Eva Wahlmüller</name>
          <name xml:id="DG">David Gschösser</name>
          <name xml:id="StS">Stefanie Schöberl</name>
          <name xml:id="FF">Fabian Fleißner</name>
        </respStmt>
        <respStmt>
          <resp>Student assistants</resp>
          <name>Susanna Muhr</name>
          <name>Manuela Stütz</name>
          <name>Christina Hemetsberger</name>
        </respStmt>
      </titleStmt>
      <publicationStmt>
        <p></p>
      </publicationStmt>
      <sourceDesc>
        <list>
          <item>
            <label>Geo-data</label>
            <ptr xml:id="geo-inventory-WBOE" target="../geodata-wboe.xml"/>
          </item>
          <item>
            <label>Bibliography</label>
            <ptr xml:id="bibliography-WBOE" target="../bibl-wboe.xml"/>
          </item>
          <item>
            <label>WBOE-Slips</label>
            <ptr xml:id="slips-WBOE" target="../slips-wboe.xml"/>
          </item>
          <item>
            <label>WBOE-Collections</label>
            <ptr xml:id="collections-WBOE" target="../collections-wboe.xml"/>
          </item>
        </list>
      </sourceDesc>
    </fileDesc>
    <revisionDesc>
      <listChange>
        <change status="in progress" when="2021-06-17" who="#AB">Datensatz erstellt</change>
        <change status="internal correction" when="2021-06-18" who="#AB">freigegeben f. int. Korr.</change>
        <change status="external correction" when="2021-06-28" who="#AB">freigegeben f. LK</change>
        <change status="external correction" when="2021-07-07" who="#DG">LK unformatiert eingefügt</change>
        <change status="external correction" when="2021-07-07" who="#AB">LK korrekturgelesen, getaggt, formatiert; freigegeben f. ext. Korr.</change>
        <change status="finished" when="2021-07-14" who="#AB">Abschlussredaktion</change>
      </listChange>
    </revisionDesc>
  </teiHeader>
  <text>
    <body>
      <entry>
        <form type="lemma" xml:id="Friedrich">
          <orth>Friedrich</orth>
          <ptr type="collection" subtype="lemma" target="/collections-wboe.xml#c17399"/>
        </form>
        <gramGrp>
          <gram type="pos">Substantiv</gram>
          <gram type="gender">Maskulinum</gram>
        </gramGrp>
        <gramGrp>
          <gram type="pos">Name</gram>
        </gramGrp>
        <form type="variant" subtype="diminuierte kurzform" xml:id="Friedel">
          <orth>Friedel</orth>
          <gramGrp>
            <gram type="gender">Maskulinum</gram>
          </gramGrp>
        </form>
        <usg type="geo">
          <placeName type="bundesland" ref="/geodata-wboe.xml#p1A">STir.</placeName>
        </usg>
        <usg type="geo">
          <placeName type="bundesland" ref="/geodata-wboe.xml#p1C">NTir.</placeName>
        </usg>
        <usg type="geo">
          <placeName type="grossregion" ref="/geodata-wboe.xml#p2.1">ObKtn.</placeName>
        </usg>
        <usg type="geo">
          <placeName type="grossregion" ref="/geodata-wboe.xml#p3.1">sbair.ObStmk.</placeName>
        </usg>
        <usg type="geo">
          <placeName type="grossregion" ref="/geodata-wboe.xml#p3.3">WStmk.</placeName>
        </usg>
        <usg type="geo">
          <placeName type="grossregion" ref="/geodata-wboe.xml#p3.5">OStmk.</placeName>
        </usg>
        <usg type="geo">
          <placeName type="grossregion" ref="/geodata-wboe.xml#p4.4">Tenneng.</placeName>
        </usg>
        <usg type="geo">
          <placeName type="grossregion" ref="/geodata-wboe.xml#p4.5">Flachg.</placeName>
        </usg>
        <usg type="geo">
          <placeName type="grossregion" ref="/geodata-wboe.xml#p5.2">Hausrv.</placeName>
        </usg>
        <usg type="geo">
          <placeName type="grossregion" ref="/geodata-wboe.xml#p5.4">Mühlv.</placeName>
        </usg>
        <usg type="geo">
          <placeName type="grossregion" ref="/geodata-wboe.xml#p6.1">Mostv.</placeName>
        </usg>
        <usg type="geo">
          <placeName type="grossregion" ref="/geodata-wboe.xml#p6.5">Wien</placeName>
        </usg>
        <usg type="geo">
          <placeName type="grossregion" ref="/geodata-wboe.xml#p7.2">MBgl.</placeName>
        </usg>
        <note type="kommentar" resp="#DG">Für mhd.
          <c>i</c>in der Stammsilbe des meist als Diminutiv belegten Lexems liegen nach Dehnung in offener Tonsilbe regelhaft lange
          <c>i</c>-Monophthonge vor
          <xr>
            <ref>frīdrįx</ref>
            <ref>frīdl̥</ref>
          </xr>, die im Ostmittelbairischen auch geöffneter auftreten können
          <xr>
            <ref>frẹ̄dl̥</ref>
            <ref>frę̄dl̥</ref>
          </xr>. Hier ist auch die mitunter dreisilbige Grundform auffällig
          <xr>
            <ref>frīdərįx</ref>
          </xr>. Im gesamten Untersuchungsgebiet sind Diminutive auf synkopiertes
          <c>-el</c>vorherrschend
          <xr>
            <ref>frīdl̥</ref>
            <ref>frę̄dl̥</ref>
          </xr>, das nach Alveolar nirgends vokalisiert wurde. Daneben stehen seltener Formen mit geschwundenem
          <c>d</c>vor
          <c>l</c>
          <xr>
            <ref>frīl</ref>
          </xr>.
        </note>
        <form type="dialect">
          <pron xml:lang="bar-AT">fridl</pron>
          <usg>[dim. Kurzf.]</usg>
          <usg type="geo">
            <placeName type="gemeinde" ref="/geodata-wboe.xml#p1A.1n02">Proveis</placeName>
          </usg>
        </form>
        <form type="dialect">
          <pron xml:lang="bar-AT">fridl</pron>
          <usg>[dim. Kurzf.]</usg>
          <usg type="geo">
            <placeName type="gemeinde" ref="/geodata-wboe.xml#p1C.2g01">Gries am Brenner</placeName>
          </usg>
        </form>
        <form type="dialect">
          <pron xml:lang="bar-AT">frīᵈl</pron>
          <usg>[dim. Kurzf.]</usg>
          <usg type="geo">
            <placeName type="gemeinde" ref="/geodata-wboe.xml#p3.1i01">Weißkirchen in Steiermark</placeName>
          </usg>
        </form>
        <form type="dialect">
          <pron xml:lang="bar-AT">fridl</pron>
          <usg>[dim. Kurzf.]</usg>
          <usg type="geo">
            <placeName type="gemeinde" ref="/geodata-wboe.xml#p3.3c08">Stainz</placeName>
          </usg>
        </form>
        <form type="dialect">
          <pron xml:lang="bar-AT">fridl̥</pron>
          <usg>[dim. Kurzf.]</usg>
          <usg type="geo">
            <placeName type="gemeinde" ref="/geodata-wboe.xml#p3.5d20">Vorau</placeName>
          </usg>
        </form>
        <form type="dialect">
          <pron xml:lang="bar-AT">friᵈl</pron>
          <usg>[dim. Kurzf.]</usg>
          <usg type="geo">
            <placeName type="gemeinde" ref="/geodata-wboe.xml#p5.2e01">Linz</placeName>
          </usg>
        </form>
        <form type="dialect">
          <pron xml:lang="bar-AT">frędl</pron>
          <usg>[dim. Kurzf.]</usg>
          <usg type="geo">
            <placeName type="gemeinde" ref="/geodata-wboe.xml#p5.4b13">Ulrichsberg</placeName>
          </usg>
        </form>
        <form type="dialect">
          <pron xml:lang="bar-AT">friedl</pron>
          <pron xml:lang="bar-AT">frėdl</pron>
          <usg>[dim. Kurzf.]</usg>
          <usg type="geo">
            <placeName type="gemeinde" ref="/geodata-wboe.xml#p6.1p06">Lilienfeld</placeName>
          </usg>
        </form>
        <form type="dialect">
          <pron xml:lang="bar-AT">frīdərich</pron>
          <usg type="geo">
            <placeName type="gemeinde" ref="/geodata-wboe.xml#p6.5r01">Gersthof</placeName>
          </usg>
        </form>
        <form type="dialect">
          <pron xml:lang="bar-AT">fri(d)l</pron>
          <usg>[dim. Kurzf.]</usg>
          <usg type="geo">
            <placeName type="gemeinde" ref="/geodata-wboe.xml#p7.2b08">Pilgersdorf</placeName>
          </usg>
          <ptr type="collection" subtype="lautung" target="/collections-wboe.xml#c18740"/>
        </form>
        <etym>
          <seg type="desc">zusammengesetzter Personenname aus dem Erstglied</seg>
          <cit type="etymon">
            <form>
              <orth>Fried-</orth>
            </form>
            <def>Friede; Zustand der Freundschaft</def>
          </cit>
          <seg type="desc">(</seg>
          <cit type="etymon">
            <lang>ahd.</lang>
            <form>
              <orth>fridu</orth>
            </form>
          </cit>
          <seg type="desc">) und dem Zweitglied</seg>
          <cit type="etymon">
            <form>
              <orth>-rich</orth>
            </form>
            <def>herrscherlich; mächtig</def>
          </cit>
          <seg type="desc">(</seg>
          <cit type="etymon">
            <lang>ahd.</lang>
            <form>
              <orth>rīhhi</orth>
            </form>
          </cit>
          <seg type="desc">)</seg>
          <seg type="desc">, ein seit alters beliebter Herrschername; auch die diminuierte Kurz- bzw. Koseform</seg>
          <cit type="etymon">
            <form>
              <orth>Friedel</orth>
            </form>
          </cit>
          <seg type="desc">ist im deutschen Sprachraum seit dem
            <date>beginnenden 15. Jh.</date>sehr häufig belegt
          </seg>
          <ref type="bibl" target="#Seibicke1998II">
            <lbl>vgl.</lbl>Seibicke 1998 II
            <citedRange>82, 92-94</citedRange>
          </ref>
          <ref type="bibl" target="#Kluge2011">
            <lbl>vgl.</lbl>Kluge 2011
            <citedRange>755</citedRange>
          </ref>
        </etym>
        <sense>
          <sense>
            <sense>
              <def type="umschreibung">Ruf- bzw. Vorname</def>
              <usg type="geo">
                <placeName type="bundesland" ref="/geodata-wboe.xml#p1A">STir.</placeName>
              </usg>
              <usg type="geo">
                <placeName type="bundesland" ref="/geodata-wboe.xml#p1C">NTir.</placeName>
              </usg>
              <usg type="geo">
                <placeName type="grossregion" ref="/geodata-wboe.xml#p2.1">ObKtn.</placeName>
              </usg>
              <usg type="geo">
                <placeName type="grossregion" ref="/geodata-wboe.xml#p3.1">sbair.ObStmk.</placeName>
              </usg>
              <usg type="geo">
                <placeName type="grossregion" ref="/geodata-wboe.xml#p3.3">WStmk.</placeName>
              </usg>
              <usg type="geo">
                <placeName type="grossregion" ref="/geodata-wboe.xml#p3.5">OStmk.</placeName>
              </usg>
              <usg type="geo">
                <placeName type="grossregion" ref="/geodata-wboe.xml#p4.4">Tenneng.</placeName>
              </usg>
              <usg type="geo">
                <placeName type="grossregion" ref="/geodata-wboe.xml#p4.5">Flachg.</placeName>
              </usg>
              <usg type="geo">
                <placeName type="grossregion" ref="/geodata-wboe.xml#p5.2">Hausrv.</placeName>
              </usg>
              <usg type="geo">
                <placeName type="grossregion" ref="/geodata-wboe.xml#p5.4">Mühlv.</placeName>
              </usg>
              <usg type="geo">
                <placeName type="grossregion" ref="/geodata-wboe.xml#p6.1">Mostv.</placeName>
              </usg>
              <usg type="geo">
                <placeName type="grossregion" ref="/geodata-wboe.xml#p6.5">Wien</placeName>
              </usg>
              <usg type="geo">
                <placeName type="grossregion" ref="/geodata-wboe.xml#p7.2">MBgl.</placeName>
              </usg>
              <ptr type="collection" subtype="bedeutung" target="/collections-wboe.xml#c18741"/>
            </sense>
          </sense>
        </sense>
        <re type="redewendung">
          <form subtype="MWE" type="lemma">
            <orth>Arsch und Friedrich</orth>
          </form>
          <sense>
            <def>gleichgültig; keine Rolle spielend; unwesentlich</def>
            <usg type="geo">
              <placeName type="grossregion" ref="/geodata-wboe.xml#p6.5">Wien</placeName>
            </usg>
            <cit type="example">
              <quote xml:lang="bar-AT">ɒ̊ərß̌ und Frīdərich</quote>
              <usg type="geo">
                <placeName type="gemeinde" ref="/geodata-wboe.xml#p6.5r01">Gersthof</placeName>
              </usg>
            </cit>
          </sense>
          <ptr type="collection" subtype="MWE" target="/collections-wboe.xml#c18742"/>
        </re>
        <re type="redewendung">
          <form subtype="MWE" type="lemma">
            <orth>Das ist alles Arsch und Friedrich</orth>
          </form>
          <sense>
            <def>das ist alles für nichts; das ist alles vergeblich; das bringt alles nichts</def>
            <usg type="geo">
              <placeName type="grossregion" ref="/geodata-wboe.xml#p3.3">WStmk.</placeName>
            </usg>
            <cit type="example">
              <quote xml:lang="bar-AT">Dös is ålls ɒ̊rsch und Friedrich</quote>
              <usg type="geo">
                <placeName type="gemeinde" ref="/geodata-wboe.xml#p3.3c08">Stainz</placeName>
              </usg>
            </cit>
          </sense>
          <ptr type="collection" subtype="MWE" target="/collections-wboe.xml#c18743"/>
        </re>
        <re type="redewendung">
          <form subtype="MWE" type="lemma">
            <orth>der Friedel mit der leeren Tasche</orth>
          </form>
          <sense>
            <def type="umschreibung">wird in Anlehnung an Friedrich IV. scherzhaft über jemanden gesagt, dem es an „Geld-Überfluss“ mangelt („mit der leeren Tasche“ war/ist der populäre Beiname von Friedrich IV., dem ersten Habsburger, der dauerhaft in Tirol residierte, und um den sich zahlreiche Sagen und Legenden ranken - ursprünglich soll „Friedl mit der leeren Tasche“ sein Spottname gewesen sein)</def>
            <usg type="geo">
              <placeName type="grossregion" ref="/geodata-wboe.xml#p1C.3">öNTir.</placeName>
            </usg>
            <cit type="example">
              <quote xml:lang="bar-AT">Dös is da Friedl mit da laaʳn Tasch!</quote>
              <usg type="geo">
                <placeName type="gemeinde" ref="/geodata-wboe.xml#p1C.3e06">Kufstein</placeName>
              </usg>
            </cit>
          </sense>
          <ptr type="collection" subtype="MWE" target="/collections-wboe.xml#c18744"/>
        </re>
      </entry>
    </body>
  </text>
</TEI>