<?xml version="1.0" encoding="UTF-8"?>
    <?xml-model href="http://www.tei-c.org/release/xml/tei/custom/schema/relaxng/tei_all.rng" type="application/xml" schematypens="http://purl.oclc.org/dsdl/schematron"?>
    <?xml-model href="../../803_RNG-schematron/WBOE-ODD.rnc" type="application/relax-ng-compact-syntax"?>
<?redaktionstool version="0.7.2" ?>
<?parser type="lioe" version="0.7.0" ?>
<TEI xmlns="http://www.tei-c.org/ns/1.0">
  <teiHeader>
    <fileDesc>
      <titleStmt>
        <title>Frischel</title>
        <respStmt>
          <resp>Editor</resp>
          <name ref="#SW">Sabine Wahl</name>
        </respStmt>
        <respStmt>
          <resp>Encoding Scheme</resp>
          <name>Jack Bowers</name>
          <name>Daniel Schopper</name>
          <name>Omar Siam</name>
        </respStmt>
        <respStmt>
          <resp>DBOE Team</resp>
          <name xml:id="AL">Alexandra N. Lenz</name>
          <name xml:id="PhS">Philipp Stöckle</name>
          <name xml:id="AG">Andreas Gellan</name>
          <name xml:id="PZ">Patrick Zeitlhuber</name>
          <name xml:id="SW">Sabine Wahl</name>
          <name xml:id="SS">Sonja Schwaiger</name>
          <name xml:id="AB">Angela Bergermayer</name>
          <name xml:id="EW">Eva Wahlmüller</name>
          <name xml:id="DG">David Gschösser</name>
          <name xml:id="StS">Stefanie Schöberl</name>
          <name xml:id="FF">Fabian Fleißner</name>
        </respStmt>
        <respStmt>
          <resp>Student assistants</resp>
          <name>Susanna Muhr</name>
          <name>Manuela Stütz</name>
          <name>Christina Hemetsberger</name>
        </respStmt>
      </titleStmt>
      <publicationStmt>
        <p></p>
      </publicationStmt>
      <sourceDesc>
        <list>
          <item>
            <label>Geo-data</label>
            <ptr xml:id="geo-inventory-WBOE" target="../geodata-wboe.xml"/>
          </item>
          <item>
            <label>Bibliography</label>
            <ptr xml:id="bibliography-WBOE" target="../bibl-wboe.xml"/>
          </item>
          <item>
            <label>WBOE-Slips</label>
            <ptr xml:id="slips-WBOE" target="../slips-wboe.xml"/>
          </item>
          <item>
            <label>WBOE-Collections</label>
            <ptr xml:id="collections-WBOE" target="../collections-wboe.xml"/>
          </item>
        </list>
      </sourceDesc>
    </fileDesc>
    <revisionDesc status="">
      <listChange>
        <change status="external correction" when="2020-02-20" who="#SW">Datensatz erstellt</change>
        <change status="finished" when="2020-10-16" who="#SW">Artikeloptimierung durchgeführt</change>
      </listChange>
    </revisionDesc>
  </teiHeader>
  <text>
    <body>
      <entry>
        <form type="lemma" xml:id="Frischel">
          <orth>Frischel</orth>
          <ptr type="collection" subtype="lemma" target="/collections-wboe.xml#c2533"/>
        </form>
        <gramGrp>
          <gram type="pos">Substantiv</gram>
          <gram type="gender">Neutrum</gram>
          <gram type="gender">Maskulinum</gram>
        </gramGrp>
        <usg type="geo">
          <placeName type="grossregion" ref="/geodata-wboe.xml#p2.1">ObKtn.</placeName>
        </usg>
        <usg type="geo">
          <placeName type="grossregion" ref="/geodata-wboe.xml#p2.2">MKtn.</placeName>
        </usg>
        <usg type="geo">
          <placeName type="grossregion" ref="/geodata-wboe.xml#p3.2">mbair.ObStmk.</placeName>
        </usg>
        <usg type="geo">
          <placeName type="grossregion" ref="/geodata-wboe.xml#p3.5">OStmk.</placeName>
        </usg>
        <usg type="geo">
          <placeName type="grossregion" ref="/geodata-wboe.xml#p5.2">Hausrv.</placeName>
        </usg>
        <usg type="geo">
          <placeName type="bundesland" ref="/geodata-wboe.xml#p6">NÖ</placeName>
        </usg>
        <usg type="geo">
          <placeName type="bundesland" ref="/geodata-wboe.xml#p6.5">Wien</placeName>
        </usg>
        <note type="kommentar" resp="#FF">Regelhaft liegen im gesamten Untersuchungsgebiet für den Stammvokal aus mhd.
          <c>i</c>entstandene
          <c>i</c>-Monophthonge vor
          <xr>
            <ref>ƒrįß̌l̥</ref>
          </xr>, im Ostmittelbairischen häufig geschlossener und mit schwankender Quantität
          <xr>
            <ref>frišl̥</ref>
            <ref>frīšl̥</ref>
          </xr>. Überall liegen infolge von
          <c>e</c>-Synkope silbische liquidhaltige Endungen vor
          <xr>
            <ref>ƒrįß̌l̥</ref>
          </xr>.
        </note>
        <form type="dialect">
          <pron xml:lang="bar-AT">φriß̌ɫ</pron>
          <usg type="geo">
            <placeName type="bundesland" ref="/geodata-wboe.xml#p6.5">Wien</placeName>
          </usg>
          <ptr type="collection" subtype="lautung" target="/collections-wboe.xml#c7301"/>
        </form>
        <etym>
          <seg type="desc">Ableitung von</seg>
          <cit type="etymon">
            <xr type="lemma">
              <ref target="frisch.xml#frisch">frisch</ref>
            </xr>
          </cit>
        </etym>
        <sense>
          <sense>
            <sense>
              <sense>
                <def>(angemachter) Vorteig für Schwarzbrot (aus Mehl, Wasser und Hefe)</def>
                <usg type="geo">
                  <placeName type="grossregion" ref="/geodata-wboe.xml#p2.1">ObKtn.</placeName>
                </usg>
                <usg type="geo">
                  <placeName type="grossregion" ref="/geodata-wboe.xml#p3.2">mbair.ObStmk.</placeName>
                </usg>
                <usg type="geo">
                  <placeName type="grossregion" ref="/geodata-wboe.xml#p6.1">Mostv.</placeName>
                </usg>
                <usg type="geo">
                  <placeName type="bundesland" ref="/geodata-wboe.xml#p6.5">Wien</placeName>
                </usg>
                <ptr type="collection" subtype="bedeutung" target="/collections-wboe.xml#c7301"/>
              </sense>
              <sense>
                <def>kleine Menge Sauerteig, die mit Hefe angesetzt wird und nach dem Aufgehen mit dem eigentlichen Teig vermischt wird; Sauerteigdampfl</def>
                <usg type="geo">
                  <placeName type="grossregion" ref="/geodata-wboe.xml#p2.1">ObKtn.</placeName>
                </usg>
                <ptr type="collection" subtype="bedeutung" target="/collections-wboe.xml#c7306"/>
              </sense>
            </sense>
            <sense>
              <sense>
                <def>Sauerteig</def>
                <usg type="geo">
                  <placeName type="grossregion" ref="/geodata-wboe.xml#p3.5">OStmk.</placeName>
                </usg>
                <usg type="geo">
                  <placeName type="grossregion" ref="/geodata-wboe.xml#p6.3">Waldv.</placeName>
                </usg>
                <ptr type="collection" subtype="bedeutung" target="/collections-wboe.xml#c7307"/>
              </sense>
              <sense>
                <def>„aufgeweichter Sauerteig“</def>
                <usg type="geo">
                  <placeName type="bundesland" ref="/geodata-wboe.xml#p6.5">Wien</placeName>
                </usg>
                <ptr type="collection" subtype="bedeutung" target="/collections-wboe.xml#c7304"/>
              </sense>
              <sense>
                <def>aufbewahrter Sauerteig</def>
                <usg type="geo">
                  <placeName type="bundesland" ref="/geodata-wboe.xml#p6">NÖ</placeName>
                </usg>
                <ptr type="collection" subtype="bedeutung" target="/collections-wboe.xml#c7305"/>
              </sense>
            </sense>
            <sense>
              <def>Reste vom Schwarzteig, vom Kornmehlteig</def>
              <usg type="geo">
                <placeName type="grossregion" ref="/geodata-wboe.xml#p2.2">MKtn.</placeName>
              </usg>
              <ptr type="collection" subtype="bedeutung" target="/collections-wboe.xml#c7303"/>
            </sense>
          </sense>
        </sense>
        <re type="redewendung">
          <form subtype="MWE" type="lemma">
            <orth>Frischel machen</orth>
          </form>
          <sense>
            <sense>
              <def>mit Sauerteig versetzen</def>
              <usg>(fachsprachlich)</usg>
              <usg type="geo">
                <placeName type="grossregion" ref="/geodata-wboe.xml#p2.2">MKtn.</placeName>
              </usg>
              <cit type="example">
                <quote xml:lang="bar-AT">Frischl måchn</quote>
                <usg type="geo">
                  <placeName type="grossregion" ref="/geodata-wboe.xml#p2.2">MKtn.</placeName>
                </usg>
              </cit>
              <ptr type="collection" subtype="bedeutung" target="/collections-wboe.xml#c7308"/>
            </sense>
            <sense>
              <def>nach dem Gären des Sauerteigs Wasser und Mehl hinzufügen</def>
              <usg>(fachsprachlich)</usg>
              <usg type="geo">
                <placeName type="grossregion" ref="/geodata-wboe.xml#p6.1">Mostv.</placeName>
              </usg>
              <cit type="example">
                <quote xml:lang="bar-AT">Frẹ̄schˡ mocha</quote>
                <usg type="geo">
                  <placeName type="gemeinde" ref="/geodata-wboe.xml#p6.1n02">Dunkelsteinerwald</placeName>
                </usg>
              </cit>
              <ptr type="collection" subtype="bedeutung" target="/collections-wboe.xml#c7309"/>
            </sense>
          </sense>
        </re>
      </entry>
    </body>
  </text>
</TEI>