<?xml version="1.0" encoding="UTF-8"?>
    <?xml-model href="http://www.tei-c.org/release/xml/tei/custom/schema/relaxng/tei_all.rng" type="application/xml" schematypens="http://purl.oclc.org/dsdl/schematron"?>
    <?xml-model href="../../803_RNG-schematron/WBOE-ODD.rnc" type="application/relax-ng-compact-syntax"?>
<?redaktionstool version="0.8.1" ?>
<?parser type="lioe" version="0.8.2" ?>
<TEI xmlns="http://www.tei-c.org/ns/1.0">
  <teiHeader>
    <fileDesc>
      <titleStmt>
        <title>Frnak</title>
        <respStmt>
          <resp>Editor</resp>
          <name ref="#SW">Sabine Wahl</name>
        </respStmt>
        <respStmt>
          <resp>Encoding Scheme</resp>
          <name>Jack Bowers</name>
          <name>Daniel Schopper</name>
          <name>Omar Siam</name>
        </respStmt>
        <respStmt>
          <resp>DBOE Team</resp>
          <name xml:id="AL">Alexandra N. Lenz</name>
          <name xml:id="PhS">Philipp Stöckle</name>
          <name xml:id="AG">Andreas Gellan</name>
          <name xml:id="PZ">Patrick Zeitlhuber</name>
          <name xml:id="SW">Sabine Wahl</name>
          <name xml:id="SS">Sonja Schwaiger</name>
          <name xml:id="AB">Angela Bergermayer</name>
          <name xml:id="EW">Eva Wahlmüller</name>
          <name xml:id="DG">David Gschösser</name>
          <name xml:id="StS">Stefanie Schöberl</name>
          <name xml:id="FF">Fabian Fleißner</name>
          <name xml:id="MK">Markus Kunzmann</name>
          <name xml:id="AK">Agnes Kim</name>
          <name xml:id="IG">Ingeborg Geyer</name>
          <name xml:id="MG">Manfred Glauninger</name>
        </respStmt>
        <respStmt>
          <resp>Student assistants</resp>
          <name>Susanna Muhr</name>
          <name>Manuela Stütz</name>
          <name>Christina Hemetsberger</name>
        </respStmt>
      </titleStmt>
      <publicationStmt>
        <p></p>
      </publicationStmt>
      <sourceDesc>
        <list>
          <item>
            <label>Geo-data</label>
            <ptr xml:id="geo-inventory-WBOE" target="../geodata-wboe.xml"/>
          </item>
          <item>
            <label>Bibliography</label>
            <ptr xml:id="bibliography-WBOE" target="../bibl-wboe.xml"/>
          </item>
          <item>
            <label>WBOE-Slips</label>
            <ptr xml:id="slips-WBOE" target="../slips-wboe.xml"/>
          </item>
          <item>
            <label>WBOE-Collections</label>
            <ptr xml:id="collections-WBOE" target="../collections-wboe.xml"/>
          </item>
        </list>
      </sourceDesc>
    </fileDesc>
    <revisionDesc>
      <listChange>
        <change status="in progress" when="2021-03-22" who="#SW">Datensatz erstellt</change>
        <change status="peer correction" when="2021-03-22" who="#SW">V1</change>
        <change status="internal correction" when="2021-03-24" who="#SW">V2</change>
        <change status="external correction" when="2021-05-03" who="#PZ">LK eingefügt</change>
        <change status="external correction" when="2021-05-03" who="#SW">V3</change>
        <change status="finished" when="2021-05-28" who="#SW">V4</change>
      </listChange>
    </revisionDesc>
  </teiHeader>
  <text>
    <body>
      <entry>
        <form type="lemma" xml:id="Frnak">
          <orth>Frnak</orth>
          <ptr type="collection" subtype="lemma" target="/collections-wboe.xml#c14906"/>
        </form>
        <gramGrp>
          <gram type="pos">Substantiv</gram>
          <gram type="gender">Maskulinum</gram>
        </gramGrp>
        <usg type="geo">
          <placeName type="grossregion" ref="/geodata-wboe.xml#p2.2">MKtn.</placeName>
        </usg>
        <usg type="geo">
          <placeName type="grossregion" ref="/geodata-wboe.xml#p6.3">Waldv.</placeName>
        </usg>
        <usg type="geo">
          <placeName type="grossregion" ref="/geodata-wboe.xml#p6.4">Weinv.</placeName>
        </usg>
        <usg type="geo">
          <placeName type="grossregion" ref="/geodata-wboe.xml#p6.5">Wien</placeName>
        </usg>
        <note type="kommentar" resp="#PZ">Dieses aus zwei Silben bestehende tschechische Lehnwort wurde unterschiedlich an den Lautstand des Bairischen angepasst. In Mittelkärnten, im Wald- und Weinviertel als auch in Wien finden sich im Anlaut einfache labiodentale Frikative
          <xr>
            <ref>fŕ̥nak</ref>
          </xr>, die im Wald- und Weinviertel sowie in Wien parallel auch durch Affrizierung gestärkt auftreten
          <xr>
            <ref>pfŕ̥nak</ref>
          </xr>. Die Betonung fällt zumeist auf die erste Silbe. Der im Tschechischen silbische Liquid wurde als solcher im Wald- und Weinviertel und in Wien beibehalten
          <xr>
            <ref>fŕ̥nak</ref>
            <ref>pfŕ̥nak</ref>
          </xr>. In Mittelkärnten und Wien wurden vor oder nach dem Liquid kurze
          <c>u</c>-Monophthonge eingeschoben
          <xr>
            <ref>fúrnjak</ref>
            <ref>pfrúnag</ref>
          </xr>. Der palatale Nasal des Tschechischen wurde in Mittelkärnten und Wien durch die Lautkombination
          <c>nj</c>nachgeahmt
          <xr>
            <ref>pfŕ̥njag</ref>
            <ref>fúrnjak</ref>
          </xr>, in Wien auch als
          <c>jn</c>
          <xr>
            <ref>fŕ̥jnag</ref>
          </xr>. Im Wald- und Weinviertel sowie mitunter in Wien finden sich ansonsten alveolare Nasale
          <xr>
            <ref>fŕ̥nak</ref>
            <ref>fúrnjak</ref>
          </xr>. Abweichende Varianten kommen außerdem in Wien vor, wo vor dem Liquid ein reduzierter Vokal eingefügt und das lange
          <c>a</c>der zweiten Silbe erhalten wurde, auf welches folglich die Hauptbetonung fiel
          <xr>
            <ref>pfərnā́k</ref>
          </xr>. Der auslautende Plosiv wird überall als Fortis realisiert
          <xr>
            <ref>fŕ̥nak</ref>
            <ref>fúrnjak</ref>
          </xr>, in Wien teilweise auch als Lenis
          <xr>
            <ref>fŕ̥nag</ref>
            <ref>pfrúnag</ref>
          </xr>.
        </note>
        <form type="dialect">
          <pron xml:lang="bar-AT">fúrnjak</pron>
          <usg type="geo">
            <placeName type="gemeinde" ref="/geodata-wboe.xml#p2.3n01">Klagenfurt</placeName>
          </usg>
        </form>
        <form type="dialect">
          <pron xml:lang="bar-AT">πφŕ̥n­àk</pron>
          <usg type="geo">
            <placeName type="gemeinde" ref="/geodata-wboe.xml#p6.3c03">Bad Großpertholz</placeName>
          </usg>
        </form>
        <form type="dialect">
          <pron xml:lang="bar-AT">φṟ̇́nɒk</pron>
          <pron xml:lang="bar-AT">frrjnag</pron>
          <pron xml:lang="bar-AT">pfrrnjag</pron>
          <usg type="geo">
            <placeName type="grossregion" ref="/geodata-wboe.xml#p6.5">Wien</placeName>
          </usg>
        </form>
        <form type="dialect">
          <pron xml:lang="bar-AT">bbfə̇rnāk</pron>
          <usg type="geo">
            <placeName type="gemeinde" ref="/geodata-wboe.xml#p6.5r01">Gersthof</placeName>
          </usg>
        </form>
        <form type="dialect">
          <pron xml:lang="bar-AT">(π) φrũ᪸nag</pron>
          <usg type="geo">
            <placeName type="gemeinde" ref="/geodata-wboe.xml#p6.5u06">Leopoldau</placeName>
          </usg>
          <ptr type="collection" subtype="lautung" target="/collections-wboe.xml#c15813"/>
        </form>
        <etym>
          <seg type="desc">entlehnt aus
            <lang>tschech.</lang>
          </seg>
          <cit type="etymon">
            <form>
              <orth>frňák</orth>
            </form>
            <def>große Nase; der Schmecker; der Riecher</def>
          </cit>
          <ref type="bibl" target="#Jungmann1835I">
            <lbl>vgl.</lbl>Jungmann 1835 I
            <citedRange>555</citedRange>
          </ref>
        </etym>
        <sense>
          <sense>
            <sense>
              <def>(große) Nase</def>
              <usg type="geo">
                <placeName type="grossregion" ref="/geodata-wboe.xml#p2.2">MKtn.</placeName>
              </usg>
              <usg type="geo">
                <placeName type="grossregion" ref="/geodata-wboe.xml#p6.3">Waldv.</placeName>
              </usg>
              <usg type="geo">
                <placeName type="grossregion" ref="/geodata-wboe.xml#p6.4">Weinv.</placeName>
              </usg>
              <usg type="geo">
                <placeName type="grossregion" ref="/geodata-wboe.xml#p6.5">Wien</placeName>
              </usg>
              <cit type="example">
                <quote xml:lang="bar-AT">hå̄t dęaʳ an bē̇mischn Fúrnjak</quote>
                <usg type="geo">
                  <placeName type="gemeinde" ref="/geodata-wboe.xml#p2.3n01">Klagenfurt</placeName>
                </usg>
              </cit>
              <ptr type="collection" subtype="bedeutung" target="/collections-wboe.xml#c15810"/>
            </sense>
            <sense>
              <def>aufgebogene, „böhmische“ Nase</def>
              <usg type="geo">
                <placeName type="grossregion" ref="/geodata-wboe.xml#p6.5">Wien</placeName>
              </usg>
              <ptr type="collection" subtype="bedeutung" target="/collections-wboe.xml#c15812"/>
            </sense>
          </sense>
        </sense>
      </entry>
    </body>
  </text>
</TEI>