<?xml version="1.0" encoding="UTF-8"?>
    <?xml-model href="http://www.tei-c.org/release/xml/tei/custom/schema/relaxng/tei_all.rng" type="application/xml" schematypens="http://purl.oclc.org/dsdl/schematron"?>
    <?xml-model href="../../803_RNG-schematron/WBOE-ODD.rnc" type="application/relax-ng-compact-syntax"?>
<?redaktionstool version="0.6.8"?>
<TEI xmlns="http://www.tei-c.org/ns/1.0">
  <teiHeader>
    <fileDesc>
      <titleStmt>
        <title>Fucketzer</title>
        <respStmt>
          <resp>Editor</resp>
          <name ref="#PZ">Patrick Zeitlhuber</name>
        </respStmt>
        <respStmt>
          <resp>Encoding Scheme</resp>
          <name>Jack Bowers</name>
          <name>Daniel Schopper</name>
          <name>Omar Siam</name>
        </respStmt>
        <respStmt>
          <resp>DBOE Team</resp>
          <name xml:id="AL">Alexandra N. Lenz</name>
          <name xml:id="PhS">Philipp Stöckle</name>
          <name xml:id="AG">Andreas Gellan</name>
          <name xml:id="PZ">Patrick Zeitlhuber</name>
          <name xml:id="SW">Sabine Wahl</name>
          <name xml:id="SS">Sonja Schwaiger</name>
          <name xml:id="AB">Angela Bergermayer</name>
          <name xml:id="EW">Eva Wahlmüller</name>
          <name xml:id="DG">David Gschösser</name>
          <name xml:id="StS">Stefanie Schöberl</name>
          <name xml:id="FF">Fabian Fleißner</name>
        </respStmt>
        <respStmt>
          <resp>Student assistants</resp>
          <name>Susanna Muhr</name>
          <name>Manuela Stütz</name>
          <name>Christina Hemetsberger</name>
        </respStmt>
      </titleStmt>
      <publicationStmt>
        <p></p>
      </publicationStmt>
      <sourceDesc>
        <list>
          <item>
            <label>Geo-data</label>
            <ptr xml:id="geo-inventory-WBOE" target="../geodata-wboe.xml"/>
          </item>
          <item>
            <label>Bibliography</label>
            <ptr xml:id="bibliography-WBOE" target="../bibl-wboe.xml"/>
          </item>
          <item>
            <label>WBOE-Slips</label>
            <ptr xml:id="slips-WBOE" target="../slips-wboe.xml"/>
          </item>
          <item>
            <label>WBOE-Collections</label>
            <ptr xml:id="collections-WBOE" target="../collections-wboe.xml"/>
          </item>
        </list>
      </sourceDesc>
    </fileDesc>
    <revisionDesc>
      <listChange>
        <change status="in progress" when="2020-09-23" who="#PZ">Datensatz erstellt</change>
        <change status="external correction" when="2020-11-04" who="#PZ">externe Korrektur ausständig</change>
        <change status="external correction" when="2020-11-17" who="#PZ">Collections verknüpft</change>
        <change status="external correction" when="2021-03-11" who="#PZ">LK formatiert eingefügt</change>
        <change status="finished" when="2021-04-07" who="#PZ">ext. Korr. keine Anmerkungen</change>
      </listChange>
    </revisionDesc>
  </teiHeader>
  <text>
    <body>
      <entry>
        <form type="lemma" xml:id="Fucketzer">
          <orth>Fucketzer</orth>
          <ptr type="collection" subtype="lemma" target="/collections-wboe.xml#c11677"/>
        </form>
        <gramGrp>
          <gram type="pos">Substantiv</gram>
          <gram type="gender">Maskulinum</gram>
        </gramGrp>
        <usg type="geo">
          <placeName type="grossregion" ref="/geodata-wboe.xml#p2.2">MKtn.</placeName>
        </usg>
        <usg type="geo">
          <placeName type="bundesland" ref="/geodata-wboe.xml#p3">Stmk.</placeName>
        </usg>
        <note type="kommentar" resp="#DG">Für das nur in Mittelkärnten und der Steiermark belegte Lexem liegen ausschließlich kurze
          <c>u</c>-Monophthonge sowie velare Fortis-Plosive vor
          <xr>
            <ref>fųkətsr̥</ref>
            <ref>pfųkətsɒ</ref>
          </xr>. Anlautendes
          <c>f</c>erscheint im gesamten Verbreitungsgebiet mitunter als übermarkierte Affrikate
          <xr>
            <ref>fųkətsr̥</ref>
            <ref>pfųkətsɒ</ref>
          </xr>Das Suffix -
          <c>etzer</c>findet sich in Mittelkärnten und der Steiermark noch mit
          <c>e</c>-Schwa
          <xr>
            <ref>fųkətsr̥</ref>
            <ref>pfųkətsɒ</ref>
          </xr>, in Mittelkärnten auch mit gesenktem
          <c>a</c>-Schwa
          <xr>
            <ref>fųkɒtsr̥</ref>
          </xr>. Infolge von
          <c>e</c>-Synkope sind in Mittelkärnten silbische liquidhaltige Endungen vertreten
          <xr>
            <ref>fųkətsr̥</ref>
            <ref>fųkɒtsr̥</ref>
          </xr>.
        </note>
        <form type="dialect">
          <pron xml:lang="bar-AT">fuggᵃzr</pron>
          <usg type="geo">
            <placeName type="gemeinde" ref="/geodata-wboe.xml#p2.3b05">Straßburg</placeName>
          </usg>
        </form>
        <form type="dialect">
          <pron xml:lang="bar-AT">pfukkətsr</pron>
          <usg type="geo">
            <placeName type="kleinregion" ref="/geodata-wboe.xml#p2.3g">Glant.</placeName>
          </usg>
          <ptr type="collection" subtype="lautung" target="/collections-wboe.xml#c11678"/>
        </form>
        <etym>
          <seg type="desc">Ableitung von</seg>
          <cit type="etymon">
            <xr type="lemma">
              <ref target="fucketzen.xml">fucketzen</ref>
            </xr>
          </cit>
        </etym>
        <sense>
          <sense>
            <sense>
              <def>einmalige, rasche Bewegung</def>
              <usg type="geo">
                <placeName type="grossregion" ref="/geodata-wboe.xml#p2.2">MKtn.</placeName>
              </usg>
              <ptr type="collection" subtype="bedeutung" target="/collections-wboe.xml#c11680"/>
            </sense>
            <sense>
              <def>„vor einem engen Loche rasche Hin- und Herbewegungen ausführen“</def>
              <usg type="geo">
                <placeName type="grossregion" ref="/geodata-wboe.xml#p2.2">MKtn.</placeName>
              </usg>
              <cit type="example">
                <quote xml:lang="bar-AT">Fuggᵃzr måchn</quote>
                <usg type="geo">
                  <placeName type="gemeinde" ref="/geodata-wboe.xml#p2.3b05">Straßburg</placeName>
                </usg>
              </cit>
              <ptr type="collection" subtype="bedeutung" target="/collections-wboe.xml#c11682"/>
            </sense>
          </sense>
          <sense>
            <sense>
              <def>Mann, der eine rasche Bewegung macht (mit dem Finger, der Hand, dem Gesäß etc.)</def>
              <usg type="geo">
                <placeName type="grossregion" ref="/geodata-wboe.xml#p2.2">MKtn.</placeName>
              </usg>
              <ptr type="collection" subtype="bedeutung" target="/collections-wboe.xml#c11681"/>
            </sense>
            <sense>
              <def>unruhige, sich ständig bewegende Person</def>
              <usg type="geo">
                <placeName type="grossregion" ref="/geodata-wboe.xml#p2.2">MKtn.</placeName>
              </usg>
              <cit type="example">
                <quote xml:lang="bar-AT">is dås a Fuggᵃzr!</quote>
                <usg type="geo">
                  <placeName type="gemeinde" ref="/geodata-wboe.xml#p2.3b05">Straßburg</placeName>
                </usg>
              </cit>
              <ptr type="collection" subtype="bedeutung" target="/collections-wboe.xml#c11683"/>
            </sense>
          </sense>
          <sense>
            <def>Blasebalg</def>
            <usg type="geo">
              <placeName type="bundesland" ref="/geodata-wboe.xml#p3">Stmk.</placeName>
            </usg>
            <ptr type="collection" subtype="bedeutung" target="/collections-wboe.xml#c11679"/>
          </sense>
        </sense>
      </entry>
    </body>
  </text>
</TEI>