<?xml version="1.0" encoding="UTF-8"?>
    <?xml-model href="http://www.tei-c.org/release/xml/tei/custom/schema/relaxng/tei_all.rng" type="application/xml" schematypens="http://purl.oclc.org/dsdl/schematron"?>
    <?xml-model href="../../803_RNG-schematron/WBOE-ODD.rnc" type="application/relax-ng-compact-syntax"?>
<?redaktionstool version="0.6.6"?>
<TEI xmlns="http://www.tei-c.org/ns/1.0">
  <teiHeader>
    <fileDesc>
      <titleStmt>
        <title>Fuge</title>
        <respStmt>
          <resp>Editor</resp>
          <name ref="#DG">David Gschösser</name>
        </respStmt>
        <respStmt>
          <resp>Encoding Scheme</resp>
          <name>Jack Bowers</name>
          <name>Daniel Schopper</name>
          <name>Omar Siam</name>
        </respStmt>
        <respStmt>
          <resp>DBOE Team</resp>
          <name xml:id="AL">Alexandra N. Lenz</name>
          <name xml:id="PhS">Philipp Stöckle</name>
          <name xml:id="AG">Andreas Gellan</name>
          <name xml:id="PZ">Patrick Zeitlhuber</name>
          <name xml:id="SW">Sabine Wahl</name>
          <name xml:id="SS">Sonja Schwaiger</name>
          <name xml:id="AB">Angela Bergermayer</name>
          <name xml:id="EW">Eva Wahlmüller</name>
          <name xml:id="DG">David Gschösser</name>
          <name xml:id="StS">Stefanie Schöberl</name>
          <name xml:id="FF">Fabian Fleißner</name>
        </respStmt>
        <respStmt>
          <resp>Student assistants</resp>
          <name>Susanna Muhr</name>
          <name>Manuela Stütz</name>
          <name>Christina Hemetsberger</name>
        </respStmt>
      </titleStmt>
      <publicationStmt>
        <p></p>
      </publicationStmt>
      <sourceDesc>
        <list>
          <item>
            <label>Geo-data</label>
            <ptr xml:id="geo-inventory-WBOE" target="../geodata-wboe.xml"/>
          </item>
          <item>
            <label>Bibliography</label>
            <ptr xml:id="bibliography-WBOE" target="../bibl-wboe.xml"/>
          </item>
          <item>
            <label>WBOE-Slips</label>
            <ptr xml:id="slips-WBOE" target="../slips-wboe.xml"/>
          </item>
          <item>
            <label>WBOE-Collections</label>
            <ptr xml:id="collections-WBOE" target="../collections-wboe.xml"/>
          </item>
        </list>
      </sourceDesc>
    </fileDesc>
    <revisionDesc>
      <listChange>
        <change status="finished" when="2020-05-13" who="#DG">Datensatz erstellt</change>
        <change status="finished" when="2020-06-02" who="#DG">Lautkommentar eingearbeitet</change>
        <change status="finished" when="2020-08-10" who="#DG">Fug f. eingearbeitet</change>
        <change status="finished" when="2020-08-02" who="#DG">Artikel fertig</change>
      </listChange>
    </revisionDesc>
  </teiHeader>
  <text>
    <body>
      <entry>
        <form type="lemma" xml:id="Fuge">
          <orth>Fuge</orth>
          <ptr type="collection" subtype="lemma" target="/collections-wboe.xml#c4394"/>
        </form>
        <gramGrp>
          <gram type="pos">Substantiv</gram>
          <gram type="gender">Femininum</gram>
        </gramGrp>
        <usg type="geo">
          <placeName type="bundesland" ref="/geodata-wboe.xml#p1A">STir.</placeName>
        </usg>
        <usg type="geo">
          <placeName type="grossregion" ref="/geodata-wboe.xml#p1B.0">OTir.</placeName>
        </usg>
        <usg type="geo">
          <placeName type="bundesland" ref="/geodata-wboe.xml#p1C">NTir.</placeName>
        </usg>
        <usg type="geo">
          <placeName type="grossregion" ref="/geodata-wboe.xml#p2.1">ObKtn.</placeName>
        </usg>
        <usg type="geo">
          <placeName type="grossregion" ref="/geodata-wboe.xml#p2.2">MKtn.</placeName>
        </usg>
        <usg type="geo">
          <placeName type="bundesland" ref="/geodata-wboe.xml#p3">Stmk.</placeName>
        </usg>
        <usg type="geo">
          <placeName type="grossregion" ref="/geodata-wboe.xml#p4.4">Tenneng.</placeName>
        </usg>
        <usg type="geo">
          <placeName type="grossregion" ref="/geodata-wboe.xml#p4.5">Flachg.</placeName>
        </usg>
        <usg type="geo">
          <placeName type="bundesland" ref="/geodata-wboe.xml#p5">OÖ</placeName>
        </usg>
        <usg type="geo">
          <placeName type="bundesland" ref="/geodata-wboe.xml#p6">NÖ</placeName>
        </usg>
        <usg type="geo">
          <placeName type="grossregion" ref="/geodata-wboe.xml#p6.5">Wien</placeName>
        </usg>
        <usg type="geo">
          <placeName type="bundesland" ref="/geodata-wboe.xml#p7">Bgl.</placeName>
        </usg>
        <note type="kommentar" resp="#FF">Im gesamten Untersuchungsgebiet herrscht im Stammvokalismus hohe Variation vor, die vor allem auf die heterogenen zugrundeliegenden historischen Lautverhältnisse zurückzuführen ist. Bereits im Mittelhochdeutschen müssen mindestens zwei Typen unterschieden werden, deren moderne Lautstände nicht immer leicht zu unterscheiden sind und auch vermischt wurden: basale
          <c>uo</c>-Diphthonge und umgelautete
          <c>üe</c>-Diphthonge. Mhd.
          <c>uo</c>wurde im Bairischen zunächst als stark mittelgaumiger
          <c>üe</c>-Diphthong weitergeführt, der den meisten heutigen Lautformen zugrundeliegt und nicht mit dem artikulatorisch ähnlichen Umlaut verwechselt werden darf. Im konservativsten Südbairischen in Südtirol lassen sich noch entsprechende palatalisierte Formen finden, vereinzelt auch im Südburgenland
          <xr>
            <ref>ƒų̈egə</ref>
          </xr>. Ansonsten liegen im gesamten Untersuchungsgebiet
          <c>ue</c>- und modernere
          <c>uɒ</c>-Diphthonge vor, die diesem Typ angehören
          <xr>
            <ref>ƒųegn̥</ref>
            <ref>ƒųɒgŋ̥</ref>
          </xr>. Dem zweiten Typ entsprechen Fortsetzer eines älteren mhd.
          <c>üe</c>-Diphthongs, die ein entrundetes Onset aufweisen: Neben älterem südbairischen
          <c>ie</c>betrifft das vor allem die im Mittelbairischen und Südmittelbairischen häufigen jüngeren
          <c>iɒ</c>-Diphthonge
          <xr>
            <ref>ƒįɒgŋ̥</ref>
          </xr>. Außerhalb dieser Systematik stehen vereinzelte und in allen Gebieten belegte
          <c>u</c>-Monophthonge
          <xr>
            <ref>ƒūgn̥</ref>
            <ref>ƒūk</ref>
          </xr>und
          <c>i</c>-Monophthonge, die auf ehemaliges
          <c>ü</c>hinweisen
          <xr>
            <ref>ƒīŋ̥</ref>
          </xr>. In beiden Fällen liegt vielleicht eine erneute spätere Ableitung vor. Fast überall sind silbische nasale feminine Endungen belegt, meistens wurde der Nasallaut der Endung infolge von partieller Assimilation velarisiert
          <xr>
            <ref>ƒįɒgŋ̥</ref>
          </xr>. Im Mittelbairischen, seltener auch in anderen Gebieten, führte die Assimilation oft bis zum Schwund des ersten Plosivs
          <xr>
            <ref>fįɒŋ̥</ref>
          </xr>. Im Südbairischen liegen noch alveolare Nasale
          <xr>
            <ref>ƒųɒgn̥</ref>
          </xr>, vereinzelt auch ohne Synkope
          <xr>
            <ref>ƒųɒgən</ref>
          </xr>. Daneben existieren weitere Endungstypen. Nicht synkopierte
          <c>e</c>-Endungen ohne Nasal lassen sich im Südbairischen finden
          <xr>
            <ref>ƒųegə</ref>
          </xr>, darüber hinaus auch apokopierte Endungen ohne Nasal, die sowohl im Südbairischen als auch im westlichen Südmittelbairischen belegt sind
          <xr>
            <ref>ƒūk</ref>
            <ref>ƒųek</ref>
          </xr>.
        </note>
        <form type="dialect">
          <pron xml:lang="bar-AT">füege</pron>
          <usg type="geo">
            <placeName type="gemeinde" ref="/geodata-wboe.xml#p1A.4a01">Ahrntal</placeName>
          </usg>
        </form>
        <form type="dialect">
          <pron xml:lang="bar-AT">fûg</pron>
          <usg type="geo">
            <placeName type="gemeinde" ref="/geodata-wboe.xml#p1A.4i03">Olang</placeName>
          </usg>
        </form>
        <form type="dialect">
          <pron xml:lang="bar-AT">fugen</pron>
          <usg type="geo">
            <placeName type="gemeinde" ref="/geodata-wboe.xml#p1B.0c01">Assling</placeName>
          </usg>
        </form>
        <form type="dialect">
          <pron xml:lang="bar-AT">fuag</pron>
          <usg type="geo">
            <placeName type="gemeinde" ref="/geodata-wboe.xml#p1C.1g02">St. Anton am Arlberg</placeName>
          </usg>
        </form>
        <form type="dialect">
          <pron xml:lang="bar-AT">fuəgə</pron>
          <usg type="geo">
            <placeName type="gemeinde" ref="/geodata-wboe.xml#p1C.1n01">Imst</placeName>
          </usg>
        </form>
        <form type="dialect">
          <pron xml:lang="bar-AT">fuᵃgn</pron>
          <usg type="geo">
            <placeName type="gemeinde" ref="/geodata-wboe.xml#p1C.2d01">Gschnitz</placeName>
          </usg>
        </form>
        <form type="dialect">
          <pron xml:lang="bar-AT">fuəg</pron>
          <usg type="geo">
            <placeName type="gemeinde" ref="/geodata-wboe.xml#p1C.2m01">Innsbruck</placeName>
          </usg>
        </form>
        <form type="dialect">
          <pron xml:lang="bar-AT">-fuəŋ</pron>
          <usg type="geo">
            <placeName type="kleinregion" ref="/geodata-wboe.xml#p1C.3c">wUInnt.</placeName>
          </usg>
          <usg type="geo">
            <placeName type="kleinregion" ref="/geodata-wboe.xml#p1C.3e">öUInnt.</placeName>
          </usg>
        </form>
        <form type="dialect">
          <pron xml:lang="bar-AT">fuag</pron>
          <usg type="geo">
            <placeName type="gemeinde" ref="/geodata-wboe.xml#p1C.3b01">Brandenberg</placeName>
          </usg>
          <usg type="geo">
            <placeName type="gemeinde" ref="/geodata-wboe.xml#p1C.3c12">Reith im Alpbachtal</placeName>
          </usg>
        </form>
        <form type="dialect">
          <pron xml:lang="bar-AT">fugen</pron>
          <usg type="geo">
            <placeName type="gemeinde" ref="/geodata-wboe.xml#p1C.3k01">Fieberbrunn</placeName>
          </usg>
        </form>
        <form type="dialect">
          <pron xml:lang="bar-AT">fuegn</pron>
          <usg type="geo">
            <placeName type="gemeinde" ref="/geodata-wboe.xml#p2.1b06">Winklern</placeName>
          </usg>
        </form>
        <form type="dialect">
          <pron xml:lang="bar-AT">fuge</pron>
          <usg type="geo">
            <placeName type="gemeinde" ref="/geodata-wboe.xml#p2.1f01">Lesachtal</placeName>
          </usg>
        </form>
        <form type="dialect">
          <pron xml:lang="bar-AT">fuəgŋ</pron>
          <usg type="geo">
            <placeName type="kleinregion" ref="/geodata-wboe.xml#p2.3g">Glant.</placeName>
          </usg>
        </form>
        <form type="dialect">
          <pron xml:lang="bar-AT">fugn</pron>
          <usg type="geo">
            <placeName type="gemeinde" ref="/geodata-wboe.xml#p2.3h01">Maria Saal</placeName>
          </usg>
        </form>
        <form type="dialect">
          <pron xml:lang="bar-AT">fugŋ</pron>
          <usg type="geo">
            <placeName type="gemeinde" ref="/geodata-wboe.xml#p2.3n01">Klagenfurt</placeName>
          </usg>
        </form>
        <form type="dialect">
          <pron xml:lang="bar-AT">fuag</pron>
          <usg type="geo">
            <placeName type="gemeinde" ref="/geodata-wboe.xml#p3.1b01">Neumarkt in der Steiermark</placeName>
          </usg>
        </form>
        <form type="dialect">
          <pron xml:lang="bar-AT">fugn</pron>
          <usg type="geo">
            <placeName type="gemeinde" ref="/geodata-wboe.xml#p3.2l01">Irdning-Donnersbachtal</placeName>
          </usg>
          <usg type="geo">
            <placeName type="gemeinde" ref="/geodata-wboe.xml#p3.2q01">Eisenerz</placeName>
          </usg>
        </form>
        <form type="dialect">
          <pron xml:lang="bar-AT">feaⁿg</pron>
          <usg type="geo">
            <placeName type="gemeinde" ref="/geodata-wboe.xml#p3.2o03">Landl</placeName>
          </usg>
        </form>
        <form type="dialect">
          <pron xml:lang="bar-AT">fiag͡n</pron>
          <usg type="geo">
            <placeName type="gemeinde" ref="/geodata-wboe.xml#p3.2o03">Landl</placeName>
          </usg>
        </form>
        <form type="dialect">
          <pron xml:lang="bar-AT">fuag</pron>
          <usg type="geo">
            <placeName type="gemeinde" ref="/geodata-wboe.xml#p3.2s03">Wildalpen</placeName>
          </usg>
        </form>
        <form type="dialect">
          <pron xml:lang="bar-AT">füag</pron>
          <usg type="geo">
            <placeName type="gemeinde" ref="/geodata-wboe.xml#p3.3c08">Stainz</placeName>
          </usg>
        </form>
        <form type="dialect">
          <pron xml:lang="bar-AT">vigen</pron>
          <usg type="geo">
            <placeName type="gemeinde" ref="/geodata-wboe.xml#p3.3d01">Deutschlandsberg</placeName>
          </usg>
        </form>
        <form type="dialect">
          <pron xml:lang="bar-AT">fiagn</pron>
          <usg type="geo">
            <placeName type="gemeinde" ref="/geodata-wboe.xml#p3.4b28">Thal</placeName>
          </usg>
        </form>
        <form type="dialect">
          <pron xml:lang="bar-AT">fiagn</pron>
          <usg type="geo">
            <placeName type="gemeinde" ref="/geodata-wboe.xml#p3.5d04">Greinbach</placeName>
          </usg>
        </form>
        <form type="dialect">
          <pron xml:lang="bar-AT">fugn</pron>
          <usg type="geo">
            <placeName type="gemeinde" ref="/geodata-wboe.xml#p3.5d04">Greinbach</placeName>
          </usg>
        </form>
        <form type="dialect">
          <pron xml:lang="bar-AT">fiagn</pron>
          <usg type="geo">
            <placeName type="gemeinde" ref="/geodata-wboe.xml#p3.5d20">Vorau</placeName>
          </usg>
        </form>
        <form type="dialect">
          <pron xml:lang="bar-AT">fuagn</pron>
          <usg type="geo">
            <placeName type="gemeinde" ref="/geodata-wboe.xml#p3.5d20">Vorau</placeName>
          </usg>
        </form>
        <form type="dialect">
          <pron xml:lang="bar-AT">füaḡn̄</pron>
          <usg type="geo">
            <placeName type="gemeinde" ref="/geodata-wboe.xml#p3.5d22">Waldbach-Mönichwald</placeName>
          </usg>
        </form>
        <form type="dialect">
          <pron xml:lang="bar-AT">-fuəgn</pron>
          <usg type="geo">
            <placeName type="gemeinde" ref="/geodata-wboe.xml#p4.4d01">Abtenau</placeName>
          </usg>
        </form>
        <form type="dialect">
          <pron xml:lang="bar-AT">fiaŋ</pron>
          <usg type="geo">
            <placeName type="gemeinde" ref="/geodata-wboe.xml#p4.5c02">Köstendorf</placeName>
          </usg>
        </form>
        <form type="dialect">
          <pron xml:lang="bar-AT">fuagn</pron>
          <usg type="geo">
            <placeName type="gemeinde" ref="/geodata-wboe.xml#p5.1d08">Lohnsburg am Kobernaußerwald</placeName>
          </usg>
          <usg type="geo">
            <placeName type="gemeinde" ref="/geodata-wboe.xml#p5.1d10">Mettmach</placeName>
          </usg>
        </form>
        <form type="dialect">
          <pron xml:lang="bar-AT">fũagn</pron>
          <usg type="geo">
            <placeName type="gemeinde" ref="/geodata-wboe.xml#p5.2a20">Michaelnbach</placeName>
          </usg>
        </form>
        <form type="dialect">
          <pron xml:lang="bar-AT">firgnər</pron>
          <usg type="geo">
            <placeName type="gemeinde" ref="/geodata-wboe.xml#p5.2b18">Lambach</placeName>
          </usg>
        </form>
        <form type="dialect">
          <pron xml:lang="bar-AT">φįɒŋ</pron>
          <usg type="geo">
            <placeName type="gemeinde" ref="/geodata-wboe.xml#p5.2d06">Mondsee</placeName>
          </usg>
        </form>
        <form type="dialect">
          <pron xml:lang="bar-AT">fiᵃgn</pron>
          <usg type="geo">
            <placeName type="gemeinde" ref="/geodata-wboe.xml#p5.3a01">Ebensee</placeName>
          </usg>
        </form>
        <form type="dialect">
          <pron xml:lang="bar-AT">fiəg</pron>
          <usg type="geo">
            <placeName type="gemeinde" ref="/geodata-wboe.xml#p5.3b02">Gmunden</placeName>
          </usg>
        </form>
        <form type="dialect">
          <pron xml:lang="bar-AT">fuag</pron>
          <usg type="geo">
            <placeName type="gemeinde" ref="/geodata-wboe.xml#p5.3i08">Thalheim bei Wels</placeName>
          </usg>
        </form>
        <form type="dialect">
          <pron xml:lang="bar-AT">fugn</pron>
          <usg type="geo">
            <placeName type="gemeinde" ref="/geodata-wboe.xml#p5.3i08">Thalheim bei Wels</placeName>
          </usg>
        </form>
        <form type="dialect">
          <pron xml:lang="bar-AT">fuɒg</pron>
          <usg type="geo">
            <placeName type="gemeinde" ref="/geodata-wboe.xml#p5.4b13">Ulrichsberg</placeName>
          </usg>
        </form>
        <form type="dialect">
          <pron xml:lang="bar-AT">fuɒŋ</pron>
          <usg type="geo">
            <placeName type="gemeinde" ref="/geodata-wboe.xml#p6.1d01">Allhartsberg</placeName>
          </usg>
        </form>
        <form type="dialect">
          <pron xml:lang="bar-AT">füag</pron>
          <usg type="geo">
            <placeName type="gemeinde" ref="/geodata-wboe.xml#p6.1i07">Ybbsitz</placeName>
          </usg>
        </form>
        <form type="dialect">
          <pron xml:lang="bar-AT">fuaⁿg</pron>
          <usg type="geo">
            <placeName type="gemeinde" ref="/geodata-wboe.xml#p6.1q07">Stössing</placeName>
          </usg>
        </form>
        <form type="dialect">
          <pron xml:lang="bar-AT">fuagn</pron>
          <usg type="geo">
            <placeName type="gemeinde" ref="/geodata-wboe.xml#p6.2d08">Waidmannsfeld</placeName>
          </usg>
          <usg type="geo">
            <placeName type="gemeinde" ref="/geodata-wboe.xml#p6.2e06">Schwarzau im Gebirge</placeName>
          </usg>
        </form>
        <form type="dialect">
          <pron xml:lang="bar-AT">füagn</pron>
          <usg type="geo">
            <placeName type="gemeinde" ref="/geodata-wboe.xml#p6.2e04">Rohr im Gebirge</placeName>
          </usg>
        </form>
        <form type="dialect">
          <pron xml:lang="bar-AT">fugn</pron>
          <usg type="geo">
            <placeName type="gemeinde" ref="/geodata-wboe.xml#p6.2f01">Payerbach</placeName>
          </usg>
        </form>
        <form type="dialect">
          <pron xml:lang="bar-AT">dbfouangn</pron>
          <usg>[+Art.]</usg>
          <usg type="geo">
            <placeName type="gemeinde" ref="/geodata-wboe.xml#p6.3a15">Kautzen</placeName>
          </usg>
        </form>
        <form type="dialect">
          <pron xml:lang="bar-AT">fuaŋa</pron>
          <usg>[Pl.]</usg>
          <usg type="geo">
            <placeName type="gemeinde" ref="/geodata-wboe.xml#p6.3a22">Waidhofen an der Thaya</placeName>
          </usg>
        </form>
        <form type="dialect">
          <pron xml:lang="bar-AT">fuaŋ</pron>
          <usg type="geo">
            <placeName type="gemeinde" ref="/geodata-wboe.xml#p6.3s04">Langenlois</placeName>
          </usg>
        </form>
        <form type="dialect">
          <pron xml:lang="bar-AT">fugn</pron>
          <usg type="geo">
            <placeName type="gemeinde" ref="/geodata-wboe.xml#p6.4d02">Bernhardsthal</placeName>
          </usg>
          <usg type="geo">
            <placeName type="gemeinde" ref="/geodata-wboe.xml#p6.4l06">Lassee</placeName>
          </usg>
          <usg type="geo">
            <placeName type="gemeinde" ref="/geodata-wboe.xml#p6.4n02">Eckartsau</placeName>
          </usg>
        </form>
        <form type="dialect">
          <pron xml:lang="bar-AT">-fuəŋ</pron>
          <usg type="geo">
            <placeName type="gemeinde" ref="/geodata-wboe.xml#p6.5r01">Gersthof</placeName>
          </usg>
        </form>
        <form type="dialect">
          <pron xml:lang="bar-AT">fūŋ</pron>
          <usg type="geo">
            <placeName type="gemeinde" ref="/geodata-wboe.xml#p6.5r01">Gersthof</placeName>
          </usg>
        </form>
        <form type="dialect">
          <pron xml:lang="bar-AT">fugn</pron>
          <usg type="geo">
            <placeName type="gemeinde" ref="/geodata-wboe.xml#p7.1b01">Gols</placeName>
          </usg>
          <usg type="geo">
            <placeName type="gemeinde" ref="/geodata-wboe.xml#p7.1c05">Pamhagen</placeName>
          </usg>
          <usg type="geo">
            <placeName type="gemeinde" ref="/geodata-wboe.xml#p7.1e15">St. Margarethen im Burgenland</placeName>
          </usg>
        </form>
        <form type="dialect">
          <pron xml:lang="bar-AT">fugn</pron>
          <usg type="geo">
            <placeName type="gemeinde" ref="/geodata-wboe.xml#p7.2a15">Sieggraben</placeName>
          </usg>
          <usg type="geo">
            <placeName type="gemeinde" ref="/geodata-wboe.xml#p7.2a16">Stoob</placeName>
          </usg>
        </form>
        <form type="dialect">
          <pron xml:lang="bar-AT">fuᵍŋ</pron>
          <usg type="geo">
            <placeName type="gemeinde" ref="/geodata-wboe.xml#p7.3d02">Bernstein</placeName>
          </usg>
        </form>
        <form type="dialect">
          <pron xml:lang="bar-AT">fugn</pron>
          <usg type="geo">
            <placeName type="gemeinde" ref="/geodata-wboe.xml#p7.3m01">Minihof-Liebau</placeName>
          </usg>
          <ptr type="collection" subtype="lautung" target="/collections-wboe.xml#c5984"/>
        </form>
        <etym>
          <seg type="desc">Ableitung von</seg>
          <cit type="etymon">
            <xr type="lemma">
              <ref target="fugen.xml">fugen, fügen</ref>
            </xr>
          </cit>
          <cit type="etymon">
            <lang>ahd.</lang>
            <form>
              <orth>fuogî</orth>
            </form>
            <gramGrp>
              <gram type="gender">Femininum</gram>
            </gramGrp>
            <def>Verbindung; Zusammensetzung; Verbindungsstelle</def>
          </cit>
          <cit type="etymon">
            <lang>mhd.</lang>
            <form>
              <orth>vuoge</orth>
            </form>
            <gramGrp>
              <gram type="gender">Femininum</gram>
            </gramGrp>
            <def>Zusammenfügung; Stelle eingreifender Verbindung zueinander; Schicklichkeit; passende Gelegenheit; Kunstfertigkeit</def>
          </cit>
          <ref type="bibl" target="#Pfeifer2014">
            <lbl>vgl.</lbl>Pfeifer 2014
            <citedRange>382</citedRange>
          </ref>
        </etym>
        <sense>
          <sense>
            <sense>
              <def>Spalt zwischen/in Brettern, im Pflaster des Backofens, zwischen Mühlsteinen</def>
              <usg type="geo">
                <placeName type="bundesland" ref="/geodata-wboe.xml#p1A">STir.</placeName>
              </usg>
              <usg type="geo">
                <placeName type="grossregion" ref="/geodata-wboe.xml#p1B.0">OTir.</placeName>
              </usg>
              <usg type="geo">
                <placeName type="bundesland" ref="/geodata-wboe.xml#p1C">NTir.</placeName>
              </usg>
              <usg type="geo">
                <placeName type="grossregion" ref="/geodata-wboe.xml#p2.1">ObKtn.</placeName>
              </usg>
              <usg type="geo">
                <placeName type="grossregion" ref="/geodata-wboe.xml#p2.2">MKtn.</placeName>
              </usg>
              <usg type="geo">
                <placeName type="bundesland" ref="/geodata-wboe.xml#p3">Stmk.</placeName>
              </usg>
              <usg type="geo">
                <placeName type="grossregion" ref="/geodata-wboe.xml#p4.5">Flachg.</placeName>
              </usg>
              <usg type="geo">
                <placeName type="bundesland" ref="/geodata-wboe.xml#p5">OÖ</placeName>
              </usg>
              <usg type="geo">
                <placeName type="bundesland" ref="/geodata-wboe.xml#p6">NÖ</placeName>
              </usg>
              <usg type="geo">
                <placeName type="bundesland" ref="/geodata-wboe.xml#p7">Bgl.</placeName>
              </usg>
              <cit type="example">
                <quote xml:lang="bar-AT">Fuagn zwischn d' Stõã</quote>
                <usg type="geo">
                  <placeName type="gemeinde" ref="/geodata-wboe.xml#p1C.3e06">Kufstein</placeName>
                </usg>
              </cit>
              <cit type="example">
                <quote xml:lang="bar-AT">d' Fiəg węⁱnd ausgschdricha mid Lǫam u[nd] Khåʳn-Gradn bmischt</quote>
                <usg type="geo">
                  <placeName type="gemeinde" ref="/geodata-wboe.xml#p5.3b02">Gmunden</placeName>
                </usg>
              </cit>
              <cit type="example">
                <quote xml:lang="bar-AT">zan Fiəᵍŋ aus-šdrai-a nimd maⁿ Lǫam; intəʳ den duəd maⁿ Khåʳn-Gradn, waö aʳ då bössəʳ håbt (håpt)</quote>
                <usg type="geo">
                  <placeName type="gemeinde" ref="/geodata-wboe.xml#p5.3b02">Gmunden</placeName>
                </usg>
              </cit>
              <cit type="example">
                <quote xml:lang="bar-AT">Bei da Flötz gibts kaanö Fuagn, noh und noh kemen wohl Glumsn</quote>
                <usg type="geo">
                  <placeName type="gemeinde" ref="/geodata-wboe.xml#p5.4d13">St. Veit im Mühlkreis</placeName>
                </usg>
              </cit>
              <cit type="example">
                <quote xml:lang="bar-AT">d' Fuaŋa zwischen döi Bocho(u)faziagln</quote>
                <usg type="geo">
                  <placeName type="gemeinde" ref="/geodata-wboe.xml#p6.3a22">Waidhofen an der Thaya</placeName>
                </usg>
              </cit>
              <ptr type="collection" subtype="bedeutung" target="/collections-wboe.xml#c6010"/>
            </sense>
            <sense>
              <def>Verbindungsstelle zwischen Brettern, Fassdauben, Teilen der Wagenradfelge</def>
              <usg>(auch fachsprachlich)</usg>
              <usg type="geo">
                <placeName type="grossregion" ref="/geodata-wboe.xml#p1C.2">mNTir.</placeName>
              </usg>
              <usg type="geo">
                <placeName type="grossregion" ref="/geodata-wboe.xml#p5.3">Traunv.</placeName>
              </usg>
              <usg type="geo">
                <placeName type="grossregion" ref="/geodata-wboe.xml#p6.1">Mostv.</placeName>
              </usg>
              <ptr type="collection" subtype="bedeutung" target="/collections-wboe.xml#c6239"/>
            </sense>
          </sense>
        </sense>
        <re>
          <form subtype="compound" type="lemma">
            <orth>Backofenfuge</orth>
          </form>
          <sense>
            <sense>
              <def>Spalt im Pflaster des Backofes</def>
              <usg type="geo">
                <placeName type="grossregion" ref="/geodata-wboe.xml#p1C.3">öNTir.</placeName>
              </usg>
              <ptr type="collection" subtype="bedeutung" target="/collections-wboe.xml#c6241"/>
            </sense>
          </sense>
        </re>
        <re>
          <form subtype="compound" type="lemma">
            <orth>Felgenfuge</orth>
          </form>
          <sense>
            <sense>
              <def>Verbindungsstelle zwischen Teilen einer Wagenradfelge</def>
              <usg type="geo">
                <placeName type="grossregion" ref="/geodata-wboe.xml#p1C.3">öNTir.</placeName>
              </usg>
              <usg type="geo">
                <placeName type="grossregion" ref="/geodata-wboe.xml#p5.2">Hausrv.</placeName>
              </usg>
              <ptr type="collection" subtype="bedeutung" target="/collections-wboe.xml#c6243"/>
            </sense>
          </sense>
        </re>
        <re>
          <form subtype="compound" type="lemma">
            <orth>Lagerfuge</orth>
          </form>
          <sense>
            <sense>
              <def>waagrechter Spalt zwischen Ziegeln</def>
              <usg type="geo">
                <placeName type="grossregion" ref="/geodata-wboe.xml#p6.5">Wien</placeName>
              </usg>
              <ptr type="collection" subtype="bedeutung" target="/collections-wboe.xml#c6245"/>
            </sense>
          </sense>
        </re>
        <re>
          <form subtype="compound" type="lemma">
            <orth>Pflasterfuge</orth>
          </form>
          <sense>
            <sense>
              <def>Spalt im Pflaster des Backofens</def>
              <usg type="geo">
                <placeName type="grossregion" ref="/geodata-wboe.xml#p3.2">mbair.ObStmk.</placeName>
              </usg>
              <usg type="geo">
                <placeName type="grossregion" ref="/geodata-wboe.xml#p4.4">Tenneng.</placeName>
              </usg>
              <usg type="geo">
                <placeName type="grossregion" ref="/geodata-wboe.xml#p6.1">Mostv.</placeName>
              </usg>
              <ptr type="collection" subtype="bedeutung" target="/collections-wboe.xml#c6246"/>
            </sense>
          </sense>
        </re>
        <re>
          <form subtype="compound" type="lemma">
            <orth>Radfuge</orth>
          </form>
          <sense>
            <sense>
              <def>Verbindungsstelle zwischen Teilen einer Wagenradfelge</def>
              <usg type="geo">
                <placeName type="grossregion" ref="/geodata-wboe.xml#p6.5">Wien</placeName>
              </usg>
              <ptr type="collection" subtype="bedeutung" target="/collections-wboe.xml#c6247"/>
            </sense>
          </sense>
        </re>
        <re>
          <form subtype="compound" type="lemma">
            <orth>Stoßfuge</orth>
          </form>
          <sense>
            <sense>
              <def>senkrechter Spalt zwischen Ziegeln</def>
              <usg type="geo">
                <placeName type="grossregion" ref="/geodata-wboe.xml#p6.5">Wien</placeName>
              </usg>
              <ptr type="collection" subtype="bedeutung" target="/collections-wboe.xml#c6248"/>
            </sense>
          </sense>
        </re>
        <re type="redewendung">
          <form subtype="MWE" type="lemma">
            <orth>auf der Fuge sein</orth>
          </form>
          <sense>
            <def>hinter etwas her sein</def>
            <usg type="geo">
              <placeName type="grossregion" ref="/geodata-wboe.xml#p1A.4">öSTir.</placeName>
            </usg>
            <cit type="example">
              <quote xml:lang="bar-AT">auf der fûg sein</quote>
              <ref type="bibl" target="#Fink1972">Fink 1972
                <citedRange>88</citedRange>
              </ref>
              <usg type="geo">
                <placeName type="gemeinde" ref="/geodata-wboe.xml#p1A.4i03">Olang</placeName>
              </usg>
            </cit>
            <ptr type="collection" subtype="bedeutung" target="/collections-wboe.xml#c5973"/>
          </sense>
        </re>
      </entry>
    </body>
  </text>
</TEI>