<?xml version="1.0" encoding="UTF-8"?>
    <?xml-model href="http://www.tei-c.org/release/xml/tei/custom/schema/relaxng/tei_all.rng" type="application/xml" schematypens="http://purl.oclc.org/dsdl/schematron"?>
    <?xml-model href="../../803_RNG-schematron/WBOE-ODD.rnc" type="application/relax-ng-compact-syntax"?>
<?redaktionstool version="0.7.2" ?>
<?parser type="lioe" version="0.7.0" ?>
<TEI xmlns="http://www.tei-c.org/ns/1.0">
  <teiHeader>
    <fileDesc>
      <titleStmt>
        <title>Fum</title>
        <respStmt>
          <resp>Editor</resp>
          <name ref="#EW">Eva Wahlmüller</name>
        </respStmt>
        <respStmt>
          <resp>Encoding Scheme</resp>
          <name>Jack Bowers</name>
          <name>Daniel Schopper</name>
          <name>Omar Siam</name>
        </respStmt>
        <respStmt>
          <resp>DBOE Team</resp>
          <name xml:id="AL">Alexandra N. Lenz</name>
          <name xml:id="PhS">Philipp Stöckle</name>
          <name xml:id="AG">Andreas Gellan</name>
          <name xml:id="PZ">Patrick Zeitlhuber</name>
          <name xml:id="SW">Sabine Wahl</name>
          <name xml:id="SS">Sonja Schwaiger</name>
          <name xml:id="AB">Angela Bergermayer</name>
          <name xml:id="EW">Eva Wahlmüller</name>
          <name xml:id="DG">David Gschösser</name>
          <name xml:id="StS">Stefanie Schöberl</name>
          <name xml:id="FF">Fabian Fleißner</name>
        </respStmt>
        <respStmt>
          <resp>Student assistants</resp>
          <name>Susanna Muhr</name>
          <name>Manuela Stütz</name>
          <name>Christina Hemetsberger</name>
        </respStmt>
      </titleStmt>
      <publicationStmt>
        <p></p>
      </publicationStmt>
      <sourceDesc>
        <list>
          <item>
            <label>Geo-data</label>
            <ptr xml:id="geo-inventory-WBOE" target="../geodata-wboe.xml"/>
          </item>
          <item>
            <label>Bibliography</label>
            <ptr xml:id="bibliography-WBOE" target="../bibl-wboe.xml"/>
          </item>
          <item>
            <label>WBOE-Slips</label>
            <ptr xml:id="slips-WBOE" target="../slips-wboe.xml"/>
          </item>
          <item>
            <label>WBOE-Collections</label>
            <ptr xml:id="collections-WBOE" target="../collections-wboe.xml"/>
          </item>
        </list>
      </sourceDesc>
    </fileDesc>
    <revisionDesc>
      <listChange>
        <change status="in progress" when="2021-03-17" who="#EW">Datensatz erstellt</change>
        <change status="peer correction" when="2021-03-17" who="#EW">fertig für int. Korr.</change>
        <change status="internal correction" when="2021-03-22" who="#EW">überarbeitet nach Anmerkungen AG</change>
        <change status="internal correction" when="2021-05-14" who="#DG">LK formatiert eingefügt</change>
        <change status="finished" when="2021-05-25" who="#EW">keine Anmerkungen JE</change>
      </listChange>
    </revisionDesc>
  </teiHeader>
  <text>
    <body>
      <entry>
        <form type="lemma" xml:id="Fum">
          <orth>Fum</orth>
          <ptr type="collection" subtype="lemma" target="/collections-wboe.xml#c3885"/>
        </form>
        <gramGrp>
          <gram type="pos">Substantiv</gram>
          <gram type="gender">Maskulinum</gram>
        </gramGrp>
        <usg type="geo">
          <placeName type="bundesland" ref="/geodata-wboe.xml#p3">Stmk.</placeName>
        </usg>
        <usg type="geo">
          <placeName type="grossregion" ref="/geodata-wboe.xml#p5.4">Mühlv.</placeName>
        </usg>
        <usg type="geo">
          <placeName type="grossregion" ref="/geodata-wboe.xml#p6.3">Waldv.</placeName>
        </usg>
        <usg type="geo">
          <placeName type="grossregion" ref="/geodata-wboe.xml#p6.5">Wien</placeName>
        </usg>
        <note type="kommentar" resp="#DG">Die einzige Variation bei diesem scheinbaren Lehnwort besteht in der Quantität des
          <c>u</c>-Monophthongs, die aber keine klare räumliche Verteilung zeigt
          <xr>
            <ref>fum</ref>
            <ref>fūm</ref>
          </xr>.
        </note>
        <form type="dialect">
          <pron xml:lang="bar-AT">fūm</pron>
          <usg type="geo">
            <placeName type="gemeinde" ref="/geodata-wboe.xml#p3.4d01">Graz</placeName>
          </usg>
        </form>
        <form type="dialect">
          <pron xml:lang="bar-AT">fūm</pron>
          <usg type="geo">
            <placeName type="grossregion" ref="/geodata-wboe.xml#p6.5">Wien</placeName>
          </usg>
          <ptr type="collection" subtype="lautung" target="/collections-wboe.xml#c15760"/>
        </form>
        <etym>
          <seg type="desc">wohl verwandt mit</seg>
          <cit type="etymon">
            <lang>lat.</lang>
            <form>
              <orth>fumus</orth>
            </form>
            <def>Rauch; Dampf; Qualm; Dunst; dummes Geschwätz; Unsinn</def>
          </cit>
          <ref type="bibl" subtype="online">
            <lbl>vgl.</lbl>pons
            <xr type="lemma">
              <ref>fumus</ref>
              <date type="accessed">17.03.2021</date>
            </xr>
          </ref>
        </etym>
        <sense>
          <sense>
            <sense>
              <def>Stolz; Eitelkeit; Einbildung; Hochmut; Aufgeblasenheit</def>
              <usg type="geo">
                <placeName type="bundesland" ref="/geodata-wboe.xml#p3">Stmk.</placeName>
              </usg>
              <usg type="geo">
                <placeName type="grossregion" ref="/geodata-wboe.xml#p5.4">Mühlv.</placeName>
              </usg>
              <usg type="geo">
                <placeName type="grossregion" ref="/geodata-wboe.xml#p6.3">Waldv.</placeName>
              </usg>
              <usg type="geo">
                <placeName type="grossregion" ref="/geodata-wboe.xml#p6.5">Wien</placeName>
              </usg>
              <ptr type="collection" subtype="bedeutung" target="/collections-wboe.xml#c15762"/>
            </sense>
            <sense>
              <def>Anstand</def>
              <usg type="geo">
                <placeName type="grossregion" ref="/geodata-wboe.xml#p6.5">Wien</placeName>
              </usg>
              <ptr type="collection" subtype="bedeutung" target="/collections-wboe.xml#c15764"/>
            </sense>
          </sense>
          <sense>
            <def>Laune; Marotte; Verdrossenheit</def>
            <usg type="geo">
              <placeName type="grossregion" ref="/geodata-wboe.xml#p3.4">MStmk.</placeName>
            </usg>
            <ptr type="collection" subtype="bedeutung" target="/collections-wboe.xml#c15765"/>
          </sense>
        </sense>
        <re type="redewendung">
          <form subtype="MWE" type="lemma">
            <orth>einen Fum haben / sich einen Fum geben</orth>
          </form>
          <sense>
            <def>stolz, eingebildet, aufgeblasen, hochnäsig sein; vornehm erscheinen wollen</def>
            <usg type="geo">
              <placeName type="grossregion" ref="/geodata-wboe.xml#p3.5">OStmk.</placeName>
            </usg>
            <usg type="geo">
              <placeName type="grossregion" ref="/geodata-wboe.xml#p6.3">Waldv.</placeName>
            </usg>
            <usg type="geo">
              <placeName type="grossregion" ref="/geodata-wboe.xml#p6.5">Wien</placeName>
            </usg>
            <cit type="example">
              <quote xml:lang="bar-AT">si hot an Fum</quote>
              <usg type="geo">
                <placeName type="gemeinde" ref="/geodata-wboe.xml#p3.5k10">Gnas</placeName>
              </usg>
            </cit>
            <cit type="example">
              <quote xml:lang="bar-AT">Der gibt sich einen Fum!</quote>
              <usg type="geo">
                <placeName type="kleinregion" ref="/geodata-wboe.xml#p6.3b">nöWaldv.</placeName>
              </usg>
            </cit>
            <cit type="example">
              <quote xml:lang="bar-AT">Der hat aber ān' Fum!</quote>
              <usg type="geo">
                <placeName type="kleinregion" ref="/geodata-wboe.xml#p6.3b">nöWaldv.</placeName>
              </usg>
            </cit>
            <cit type="example">
              <quote xml:lang="bar-AT">Er gibt si' an Fum!</quote>
              <usg type="geo">
                <placeName type="grossregion" ref="/geodata-wboe.xml#p6.5">Wien</placeName>
              </usg>
            </cit>
            <cit type="example">
              <quote xml:lang="bar-AT">Was hast denn gar so an Fum</quote>
              <ref type="bibl" target="#Hügel1873">Hügel 1873
                <citedRange>63</citedRange>
              </ref>
              <usg type="geo">
                <placeName type="grossregion" ref="/geodata-wboe.xml#p6.5">Wien</placeName>
              </usg>
            </cit>
            <ptr type="collection" subtype="bedeutung" target="/collections-wboe.xml#c15761"/>
          </sense>
        </re>
      </entry>
    </body>
  </text>
</TEI>