<?xml version="1.0" encoding="UTF-8"?>
    <?xml-model href="http://www.tei-c.org/release/xml/tei/custom/schema/relaxng/tei_all.rng" type="application/xml" schematypens="http://purl.oclc.org/dsdl/schematron"?>
    <?xml-model href="../../803_RNG-schematron/WBOE-ODD.rnc" type="application/relax-ng-compact-syntax"?>
<?redaktionstool version="0.8.2" ?>
<?parser type="lioe" version="0.8.2" ?>
<TEI xmlns="http://www.tei-c.org/ns/1.0">
  <teiHeader>
    <fileDesc>
      <titleStmt>
        <title>Funken</title>
        <respStmt>
          <resp>Editor</resp>
          <name ref="#PZ">Patrick Zeitlhuber</name>
        </respStmt>
        <respStmt>
          <resp>Encoding Scheme</resp>
          <name>Jack Bowers</name>
          <name>Daniel Schopper</name>
          <name>Omar Siam</name>
        </respStmt>
        <respStmt>
          <resp>DBOE Team</resp>
          <name xml:id="AL">Alexandra N. Lenz</name>
          <name xml:id="PhS">Philipp Stöckle</name>
          <name xml:id="AG">Andreas Gellan</name>
          <name xml:id="PZ">Patrick Zeitlhuber</name>
          <name xml:id="SW">Sabine Wahl</name>
          <name xml:id="SS">Sonja Schwaiger</name>
          <name xml:id="AB">Angela Bergermayer</name>
          <name xml:id="EW">Eva Wahlmüller</name>
          <name xml:id="DG">David Gschösser</name>
          <name xml:id="StS">Stefanie Schöberl</name>
          <name xml:id="FF">Fabian Fleißner</name>
          <name xml:id="MK">Markus Kunzmann</name>
          <name xml:id="AK">Agnes Kim</name>
          <name xml:id="IG">Ingeborg Geyer</name>
          <name xml:id="MG">Manfred Glauninger</name>
        </respStmt>
        <respStmt>
          <resp>Student assistants</resp>
          <name>Susanna Muhr</name>
          <name>Manuela Stütz</name>
          <name>Christina Hemetsberger</name>
        </respStmt>
      </titleStmt>
      <publicationStmt>
        <p></p>
      </publicationStmt>
      <sourceDesc>
        <list>
          <item>
            <label>Geo-data</label>
            <ptr xml:id="geo-inventory-WBOE" target="../geodata-wboe.xml"/>
          </item>
          <item>
            <label>Bibliography</label>
            <ptr xml:id="bibliography-WBOE" target="../bibl-wboe.xml"/>
          </item>
          <item>
            <label>WBOE-Slips</label>
            <ptr xml:id="slips-WBOE" target="../slips-wboe.xml"/>
          </item>
          <item>
            <label>WBOE-Collections</label>
            <ptr xml:id="collections-WBOE" target="../collections-wboe.xml"/>
          </item>
        </list>
      </sourceDesc>
    </fileDesc>
    <revisionDesc>
      <listChange>
        <change status="in progress" when="2020-10-01" who="#PZ">Datensatz erstellt</change>
        <change status="in progress" when="2020-11-04" who="#PZ">Collections verknüpft</change>
        <change status="external correction" when="2020-11-16" who="#PZ">LK eingearbeitet</change>
        <change status="finished" when="2020-11-24" who="#PZ">keine Anmerkungen von externer Korrektur</change>
      </listChange>
    </revisionDesc>
  </teiHeader>
  <text>
    <body>
      <entry>
        <form type="lemma" xml:id="Funken">
          <orth>Funken</orth>
        </form>
        <form type="lemma" xml:id="Funke">
          <orth>Funke</orth>
          <ptr type="collection" subtype="lemma" target="/collections-wboe.xml#c11421"/>
        </form>
        <gramGrp>
          <gram type="pos">Substantiv</gram>
          <gram type="gender">Maskulinum</gram>
        </gramGrp>
        <form type="variant" subtype="diminutive" xml:id="Fuenkelein">
          <orth>Fünkelein</orth>
          <orth>Fünkerl</orth>
          <gramGrp>
            <gram type="gender">Neutrum</gram>
          </gramGrp>
        </form>
        <usg type="geo">
          <placeName type="bundesland" ref="/geodata-wboe.xml#p1A">STir.</placeName>
        </usg>
        <usg type="geo">
          <placeName type="bundesland" ref="/geodata-wboe.xml#p1B">OTir.</placeName>
        </usg>
        <usg type="geo">
          <placeName type="bundesland" ref="/geodata-wboe.xml#p1C">NTir.</placeName>
        </usg>
        <usg type="geo">
          <placeName type="bundesland" ref="/geodata-wboe.xml#p2">Ktn.</placeName>
        </usg>
        <usg type="geo">
          <placeName type="bundesland" ref="/geodata-wboe.xml#p3">Stmk.</placeName>
        </usg>
        <usg type="geo">
          <placeName type="grossregion" ref="/geodata-wboe.xml#p4.2">Pinzg.</placeName>
        </usg>
        <usg type="geo">
          <placeName type="bundesland" ref="/geodata-wboe.xml#p5">OÖ</placeName>
        </usg>
        <usg type="geo">
          <placeName type="bundesland" ref="/geodata-wboe.xml#p6">NÖ</placeName>
        </usg>
        <usg type="geo">
          <placeName type="bundesland" ref="/geodata-wboe.xml#p6.5">Wien</placeName>
        </usg>
        <usg type="geo">
          <placeName type="bundesland" ref="/geodata-wboe.xml#p7">Bgl.</placeName>
        </usg>
        <note type="kommentar" resp="#PZ">Im gesamten Untersuchungsgebiet enthält die Stammsilbe kurze
          <c>u</c>-Monophthonge unterschiedlicher Qualität
          <xr>
            <ref>fųŋkŋ̥</ref>
          </xr>, wobei im Ostmittelbairischen diese auch gedehnt vorkommen
          <xr>
            <ref>fūŋgŋ̥</ref>
          </xr>. Vereinzelt sind im bair.-alem. Übergangsgebiet palatalisierte Varianten belegt
          <xr>
            <ref>füŋkχɒ</ref>
          </xr>. Im Mittelbairischen finden sich auch stark nasalierte Formen
          <xr>
            <ref>fų̃ŋgŋ̥</ref>
          </xr>. Weiters ist in der WStmk. die Weiterentwicklung zu einem nasalierten Diphthong belegt
          <xr>
            <ref>fɔ̃ũŋkn</ref>
          </xr>.
Der velare Plosiv wird im Südbairischen als aspirierte Affrikata realisiert
          <xr>
            <ref>fųŋkχŋ̥</ref>
          </xr>, im Südmittelbairischen des Pinzgs. stark aspiriert
          <xr>
            <ref>fųŋkhŋ̥</ref>
          </xr>. Nicht distinktiv aspirierte Formen liegen im gesamten Untersuchungsgebiet vor
          <xr>
            <ref>fųŋkŋ̥</ref>
          </xr>. Im Mittelbairischen wird der velare Plosiv häufig velarisiert
          <xr>
            <ref>fųŋgŋ̥</ref>
          </xr>und ist mitunter ganz geschwunden
          <xr>
            <ref>fųŋŋ̥</ref>
          </xr>. Im Südbairischen finden sich dentale Plosiveinschübe zwischen Stammsilbe und Endung
          <xr>
            <ref>fųŋkχtŋ̥</ref>
          </xr>, in der MStmk. nur bei Diminutivbildung
          <xr>
            <ref>fįŋktɒl</ref>
          </xr>. Die auslautende Silbe ist in verschiedenen Varianten belegt. In STir., NTir., im Waldv. und SBgl. sind die historisch älteren Formen auf -
          <c>e</c>erhalten
          <xr>
            <ref>fųŋke</ref>
          </xr>. Zu silbischem Nasal reduzierte, und folglich assimilierte,
          Formen sind für das gesamte Untersuchungsgebiet belegt
          <xr>
            <ref>fųŋkŋ̥</ref>
          </xr>. Der Wandel zu -
          <c>a</c>tritt regelhaft im Mittelbairischen
          <xr>
            <ref>fųŋkɒ</ref>
          </xr>und im alemannisch beeinflussten alem.-bair. Übergangsgebiet des wNTirs auf
          <xr>
            <ref>fųŋkχɒ</ref>
          </xr>. Im mNTir. und in Ktn. wurde mitunter die Endung gänzlich getilgt
          <xr>
            <ref>fųŋkχ</ref>
          </xr>.
        </note>
        <form type="dialect">
          <pron xml:lang="bar-AT">fuŋkχtŋ</pron>
          <usg type="geo">
            <placeName type="gemeinde" ref="/geodata-wboe.xml#p1A.1c05">Stilfs</placeName>
          </usg>
        </form>
        <form type="dialect">
          <pron xml:lang="bar-AT">fuŋkχẹ</pron>
          <usg type="geo">
            <placeName type="gemeinde" ref="/geodata-wboe.xml#p1A.4c01">Lüsen</placeName>
          </usg>
        </form>
        <form type="dialect">
          <pron xml:lang="bar-AT">fuŋggə</pron>
          <usg type="geo">
            <placeName type="kleinregion" ref="/geodata-wboe.xml#p1C.1j">obPazn.</placeName>
          </usg>
          <usg type="geo">
            <placeName type="kleinregion" ref="/geodata-wboe.xml#p1C.1k">uPazn.</placeName>
          </usg>
        </form>
        <form type="dialect">
          <pron xml:lang="bar-AT">fuŋkχə</pron>
          <pron xml:lang="bar-AT">fiŋggələ</pron>
          <usg>[Dim.]</usg>
          <usg type="geo">
            <placeName type="gemeinde" ref="/geodata-wboe.xml#p1C.1n01">Imst</placeName>
          </usg>
        </form>
        <form type="dialect">
          <pron xml:lang="bar-AT">fuŋkχ</pron>
          <usg type="geo">
            <placeName type="gemeinde" ref="/geodata-wboe.xml#p2.3n01">Klagenfurt</placeName>
          </usg>
        </form>
        <form type="dialect">
          <pron xml:lang="bar-AT">fuŋkxtŋ̥</pron>
          <usg type="geo">
            <placeName type="kleinregion" ref="/geodata-wboe.xml#p2.4a">obGörtschitzt.</placeName>
          </usg>
          <usg type="geo">
            <placeName type="kleinregion" ref="/geodata-wboe.xml#p2.4b">uGörtschitzt.</placeName>
          </usg>
        </form>
        <form type="dialect">
          <pron xml:lang="bar-AT">fɔ̃ũŋkn</pron>
          <usg type="geo">
            <placeName type="gemeinde" ref="/geodata-wboe.xml#p3.3f06">Großklein</placeName>
          </usg>
        </form>
        <form type="dialect">
          <pron xml:lang="bar-AT">φų̃ŋ̃κŋ</pron>
          <usg type="geo">
            <placeName type="gemeinde" ref="/geodata-wboe.xml#p5.2e01">Linz</placeName>
          </usg>
        </form>
        <form type="dialect">
          <pron xml:lang="bar-AT">fuŋŋɒ</pron>
          <usg type="geo">
            <placeName type="gemeinde" ref="/geodata-wboe.xml#p5.4b13">Ulrichsberg</placeName>
          </usg>
        </form>
        <form type="dialect">
          <pron xml:lang="bar-AT">‑φų̃ŋkŋ̥</pron>
          <usg type="geo">
            <placeName type="gemeinde" ref="/geodata-wboe.xml#p6.1g08">St. Anton an der Jeßnitz</placeName>
          </usg>
        </form>
        <form type="dialect">
          <pron xml:lang="bar-AT">φū̩ŋκɒ</pron>
          <usg type="geo">
            <placeName type="gemeinde" ref="/geodata-wboe.xml#p6.1s02">Judenau-Baumgarten</placeName>
          </usg>
        </form>
        <form type="dialect">
          <pron xml:lang="bar-AT">fũŋkŋ</pron>
          <usg type="geo">
            <placeName type="gemeinde" ref="/geodata-wboe.xml#p6.4f19">Sulz im Weinviertel</placeName>
          </usg>
        </form>
        <form type="dialect">
          <pron xml:lang="bar-AT">fũŋkɒl</pron>
          <usg>[Dim.]</usg>
          <usg type="geo">
            <placeName type="gemeinde" ref="/geodata-wboe.xml#p7.1e07">Mattersburg</placeName>
          </usg>
          <ptr type="collection" subtype="lautung" target="/collections-wboe.xml#c11422"/>
        </form>
        <etym>
          <cit type="etymon">
            <lang>mhd.</lang>
            <form>
              <orth>vunke</orth>
            </form>
            <def>Funken</def>
          </cit>
          <ref type="bibl" target="#Lexer1878III">Lexer 1878 III
            <citedRange>568</citedRange>
          </ref>
        </etym>
        <sense>
          <sense>
            <sense>
              <def>glühendes Teilchen</def>
              <usg type="geo">
                <placeName type="bundesland" ref="/geodata-wboe.xml#p1A">STir.</placeName>
              </usg>
              <usg type="geo">
                <placeName type="bundesland" ref="/geodata-wboe.xml#p1B">OTir.</placeName>
              </usg>
              <usg type="geo">
                <placeName type="bundesland" ref="/geodata-wboe.xml#p1C">NTir.</placeName>
              </usg>
              <usg type="geo">
                <placeName type="bundesland" ref="/geodata-wboe.xml#p2">Ktn.</placeName>
              </usg>
              <usg type="geo">
                <placeName type="bundesland" ref="/geodata-wboe.xml#p3">Stmk.</placeName>
              </usg>
              <usg type="geo">
                <placeName type="bundesland" ref="/geodata-wboe.xml#p5">OÖ</placeName>
              </usg>
              <usg type="geo">
                <placeName type="bundesland" ref="/geodata-wboe.xml#p6">NÖ</placeName>
              </usg>
              <usg type="geo">
                <placeName type="bundesland" ref="/geodata-wboe.xml#p7">Bgl.</placeName>
              </usg>
              <cit type="example">
                <quote xml:lang="bar-AT">fȇirihi Fungn san gflog̮n</quote>
                <usg type="geo">
                  <placeName type="gemeinde" ref="/geodata-wboe.xml#p6.2j15">Pottendorf</placeName>
                </usg>
              </cit>
              <cit type="example">
                <quote xml:lang="bar-AT">daß d' fuŋkŋ dəfå~ fliəŋ</quote>
                <usg type="geo">
                  <placeName type="gemeinde" ref="/geodata-wboe.xml#p6.5r01">Gersthof</placeName>
                </usg>
              </cit>
              <cit type="example">
                <quote xml:lang="bar-AT">ɒ funkn əntɒtem oššn</quote>
                <usg type="geo">
                  <placeName type="gemeinde" ref="/geodata-wboe.xml#p7.2b08">Pilgersdorf</placeName>
                </usg>
              </cit>
              <ptr type="collection" subtype="bedeutung" target="/collections-wboe.xml#c11423"/>
            </sense>
            <sense>
              <def>Feuer</def>
              <usg type="geo">
                <placeName type="bundesland" ref="/geodata-wboe.xml#p2">Ktn.</placeName>
              </usg>
              <ptr type="collection" subtype="bedeutung" target="/collections-wboe.xml#c11424"/>
            </sense>
            <sense>
              <def>Zündholz</def>
              <usg>(gaunersprachlich)</usg>
              <usg type="geo">
                <placeName type="grossregion" ref="/geodata-wboe.xml#p2.2">MKtn.</placeName>
              </usg>
              <ptr type="collection" subtype="bedeutung" target="/collections-wboe.xml#c11425"/>
            </sense>
          </sense>
          <sense>
            <xr type="variant">
              <lbl>nur</lbl>
              <ref>Fünkerl</ref>
            </xr>
            <usg>(Diminutiv)</usg>
            <def>ein Staubkörnchen</def>
            <usg type="geo">
              <placeName type="grossregion" ref="/geodata-wboe.xml#p3.5">OStmk.</placeName>
            </usg>
            <ptr type="collection" subtype="bedeutung" target="/collections-wboe.xml#c11426"/>
          </sense>
          <sense>
            <def>eine kleine Menge; ein bisschen</def>
            <usg type="geo">
              <placeName type="bundesland" ref="/geodata-wboe.xml#p1A">STir.</placeName>
            </usg>
            <usg type="geo">
              <placeName type="bundesland" ref="/geodata-wboe.xml#p1B">OTir.</placeName>
            </usg>
            <usg type="geo">
              <placeName type="bundesland" ref="/geodata-wboe.xml#p1C">NTir.</placeName>
            </usg>
            <usg type="geo">
              <placeName type="grossregion" ref="/geodata-wboe.xml#p3.3">WStmk.</placeName>
            </usg>
            <usg type="geo">
              <placeName type="grossregion" ref="/geodata-wboe.xml#p3.5">OStmk.</placeName>
            </usg>
            <usg type="geo">
              <placeName type="grossregion" ref="/geodata-wboe.xml#p4.2">Pinzg.</placeName>
            </usg>
            <usg type="geo">
              <placeName type="grossregion" ref="/geodata-wboe.xml#p5.3">Traunv.</placeName>
            </usg>
            <usg type="geo">
              <placeName type="bundesland" ref="/geodata-wboe.xml#p6">NÖ</placeName>
            </usg>
            <usg type="geo">
              <placeName type="bundesland" ref="/geodata-wboe.xml#p6.5">Wien</placeName>
            </usg>
            <usg type="geo">
              <placeName type="grossregion" ref="/geodata-wboe.xml#p7.1">NBgl.</placeName>
            </usg>
            <usg type="geo">
              <placeName type="grossregion" ref="/geodata-wboe.xml#p7.2">MBgl.</placeName>
            </usg>
            <cit type="example">
              <quote xml:lang="bar-AT">i glab da koᵃn Fuⁿkⁿ</quote>
              <usg type="geo">
                <placeName type="gemeinde" ref="/geodata-wboe.xml#p1C.2a19">Schwaz</placeName>
              </usg>
            </cit>
            <cit type="example">
              <quote xml:lang="bar-AT">dea hǫd kõan̄ Funkn Gfüh!</quote>
              <usg type="geo">
                <placeName type="gemeinde" ref="/geodata-wboe.xml#p1C.3e06">Kufstein</placeName>
              </usg>
            </cit>
            <cit type="example">
              <quote xml:lang="bar-AT">an (khǫan) Fuŋkŋ Hiəʳn (Fəʳšdąnd)</quote>
              <usg type="geo">
                <placeName type="gemeinde" ref="/geodata-wboe.xml#p5.3b02">Gmunden</placeName>
              </usg>
            </cit>
            <ptr type="collection" subtype="bedeutung" target="/collections-wboe.xml#c11427"/>
          </sense>
        </sense>
        <re>
          <form subtype="compound" type="lemma">
            <orth>Feuerfunken</orth>
          </form>
          <sense>
            <sense>
              <def>glühendes Teilchen</def>
              <usg type="geo">
                <placeName type="grossregion" ref="/geodata-wboe.xml#p5.2">Hausrv.</placeName>
              </usg>
              <usg type="geo">
                <placeName type="grossregion" ref="/geodata-wboe.xml#p5.4">Mühlv.</placeName>
              </usg>
              <usg type="geo">
                <placeName type="grossregion" ref="/geodata-wboe.xml#p6.1">Mostv.</placeName>
              </usg>
              <ptr type="collection" subtype="bedeutung" target="/collections-wboe.xml#c11428"/>
            </sense>
          </sense>
        </re>
        <re type="redewendung">
          <form subtype="MWE" type="lemma">
            <orth>Da gibt es Funken</orth>
          </form>
          <sense>
            <def>da gibt es Aufregung</def>
            <usg type="geo">
              <placeName type="bundesland" ref="/geodata-wboe.xml#p6.5">Wien</placeName>
            </usg>
            <cit type="example">
              <quote xml:lang="bar-AT">Då gibt s Fuŋkŋ</quote>
              <usg type="geo">
                <placeName type="gemeinde" ref="/geodata-wboe.xml#p6.5r01">Gersthof</placeName>
              </usg>
            </cit>
            <ptr type="collection" subtype="bedeutung" target="/collections-wboe.xml#c11429"/>
          </sense>
        </re>
      </entry>
    </body>
  </text>
</TEI>