<?xml version="1.0" encoding="UTF-8"?>
    <?xml-model href="http://www.tei-c.org/release/xml/tei/custom/schema/relaxng/tei_all.rng" type="application/xml" schematypens="http://purl.oclc.org/dsdl/schematron"?>
    <?xml-model href="../../803_RNG-schematron/WBOE-ODD.rnc" type="application/relax-ng-compact-syntax"?>
<?redaktionstool version="0.7.1" ?>
<?parser type="lioe" version="0.7.0" ?>
<TEI xmlns="http://www.tei-c.org/ns/1.0">
  <teiHeader>
    <fileDesc>
      <titleStmt>
        <title>Furcht</title>
        <respStmt>
          <resp>Editor</resp>
          <name ref="#StS">Stefanie Schöberl</name>
        </respStmt>
        <respStmt>
          <resp>Encoding Scheme</resp>
          <name>Jack Bowers</name>
          <name>Daniel Schopper</name>
          <name>Omar Siam</name>
        </respStmt>
        <respStmt>
          <resp>DBOE Team</resp>
          <name xml:id="AL">Alexandra N. Lenz</name>
          <name xml:id="PhS">Philipp Stöckle</name>
          <name xml:id="AG">Andreas Gellan</name>
          <name xml:id="PZ">Patrick Zeitlhuber</name>
          <name xml:id="SW">Sabine Wahl</name>
          <name xml:id="SS">Sonja Schwaiger</name>
          <name xml:id="AB">Angela Bergermayer</name>
          <name xml:id="EW">Eva Wahlmüller</name>
          <name xml:id="DG">David Gschösser</name>
          <name xml:id="StS">Stefanie Schöberl</name>
          <name xml:id="FF">Fabian Fleißner</name>
        </respStmt>
        <respStmt>
          <resp>Student assistants</resp>
          <name>Susanna Muhr</name>
          <name>Manuela Stütz</name>
          <name>Christina Hemetsberger</name>
        </respStmt>
      </titleStmt>
      <publicationStmt>
        <p></p>
      </publicationStmt>
      <sourceDesc>
        <list>
          <item>
            <label>Geo-data</label>
            <ptr xml:id="geo-inventory-WBOE" target="../geodata-wboe.xml"/>
          </item>
          <item>
            <label>Bibliography</label>
            <ptr xml:id="bibliography-WBOE" target="../bibl-wboe.xml"/>
          </item>
          <item>
            <label>WBOE-Slips</label>
            <ptr xml:id="slips-WBOE" target="../slips-wboe.xml"/>
          </item>
          <item>
            <label>WBOE-Collections</label>
            <ptr xml:id="collections-WBOE" target="../collections-wboe.xml"/>
          </item>
        </list>
      </sourceDesc>
    </fileDesc>
    <revisionDesc>
      <listChange>
        <change status="in progress" when="2021-05-17" who="#StS">Datensatz erstellt</change>
        <change status="internal correction" when="2021-06-24" who="#StS">Etymologie angepasst</change>
        <change status="external correction" when="2021-07-02" who="#StS">LK eingefügt</change>
        <change status="finished" when="2021-07-08" who="#StS">keine Anm. von J.Ebner</change>
      </listChange>
    </revisionDesc>
  </teiHeader>
  <text>
    <body>
      <entry>
        <form type="lemma" xml:id="Furcht">
          <orth>Furcht</orth>
          <ptr type="collection" subtype="lemma" target="/collections-wboe.xml#c16855"/>
        </form>
        <gramGrp>
          <gram type="pos">Substantiv</gram>
          <gram type="gender">Femininum</gram>
          <gram type="gender">Maskulinum</gram>
        </gramGrp>
        <usg type="geo">
          <placeName type="bundesland" ref="/geodata-wboe.xml#p1A">STir.</placeName>
        </usg>
        <usg type="geo">
          <placeName type="grossregion" ref="/geodata-wboe.xml#p1B.0">OTir.</placeName>
        </usg>
        <usg type="geo">
          <placeName type="bundesland" ref="/geodata-wboe.xml#p1C">NTir.</placeName>
        </usg>
        <usg type="geo">
          <placeName type="grossregion" ref="/geodata-wboe.xml#p2.2">MKtn.</placeName>
        </usg>
        <usg type="geo">
          <placeName type="grossregion" ref="/geodata-wboe.xml#p3.2">mbair.ObStmk.</placeName>
        </usg>
        <usg type="geo">
          <placeName type="grossregion" ref="/geodata-wboe.xml#p3.3">WStmk.</placeName>
        </usg>
        <usg type="geo">
          <placeName type="bundesland" ref="/geodata-wboe.xml#p5">OÖ</placeName>
        </usg>
        <usg type="geo">
          <placeName type="grossregion" ref="/geodata-wboe.xml#p6.3">Waldv.</placeName>
        </usg>
        <usg type="geo">
          <placeName type="grossregion" ref="/geodata-wboe.xml#p6.4">Weinv.</placeName>
        </usg>
        <usg type="geo">
          <placeName type="grossregion" ref="/geodata-wboe.xml#p7.2">MBgl.</placeName>
        </usg>
        <note type="kommentar" resp="#DG">Je nachdem, ob auf mhd.
          <c>o</c>oder neueres
          <c>u</c>zurückgehend, liegen im ganzen Untersuchungsgebiet Formen unterschiedlicher Qualität vor. Im Süd- und westlichen Südmittelbairischen, dem Gebiet des Liquidenerhalts, dominieren offene
          <c>o</c>-Monophthonge für mhd.
          <c>o</c>
          <xr>
            <ref>fǫrχt</ref>
          </xr>, daneben finden sich auch im westlichen Südbairischen geschlossenere
          <xr>
            <ref>forχt</ref>
          </xr>oder offenere
          <xr>
            <ref>farχt</ref>
          </xr>sowie palatalisierte Varianten
          <xr>
            <ref>förχt</ref>
          </xr>. Im Mittel- und östlichen Südbairischen, dem Gebiet der Liquidenvokalisierung, finden sich dagegen fallende Diphthonge mit dem Vokalisierungsprodukt als Zeitglied
          <xr>
            <ref>fǫɒxt</ref>
            <ref>fǫɒxtn̥</ref>
          </xr>, im Westmittelbairischen mitunter auch steigende
          <xr>
            <ref>fǫuxtn̥</ref>
          </xr>. Neuere Formen mit
          <c>u</c>zeigen sich im Südbairischen noch mit Liquidenerhalt
          <xr>
            <ref>fųrχt</ref>
          </xr>und mitunter mit Gleitlaut
          <xr>
            <ref>fųərχt</ref>
          </xr>, im restlichen Untersuchungsgebiet jedoch durchgängig vokalisiert
          <xr>
            <ref>fųɒrxt</ref>
          </xr>. Einzig vor seltenem Sprossvokal ist der Liquid, da intervokalisch, im Ostmittelbairischen nicht geschwunden
          <xr>
            <ref>fųrįxt</ref>
          </xr>. Zudem kann der velare Frikativ hier ausfallen
          <xr>
            <ref>fǫɒtn̥</ref>
          </xr>. Im bairisch-alemannischen Übergangsgebiet erscheint das anlautende
          <c>f</c>teilweise als übermarkierte Affrikate
          <xr>
            <ref>pfǫrχt</ref>
          </xr>. Maskulina haben im Mittelbairischen die oblique Endung der schwachen Deklination übernommen
          <xr>
            <ref>fǫɒxtn̥</ref>
            <ref>fǫuxtn̥</ref>
            <ref>fǫɒtn̥</ref>
          </xr>.
        </note>
        <form type="dialect">
          <pron xml:lang="bar-AT">forχt</pron>
          <usg type="geo">
            <placeName type="gemeinde" ref="/geodata-wboe.xml#p1A.4d02">Kiens</placeName>
          </usg>
        </form>
        <form type="dialect">
          <pron xml:lang="bar-AT">fǫrχt</pron>
          <usg type="geo">
            <placeName type="gemeinde" ref="/geodata-wboe.xml#p1C.1n01">Imst</placeName>
          </usg>
        </form>
        <form type="dialect">
          <pron xml:lang="bar-AT">forxt</pron>
          <usg type="geo">
            <placeName type="kleinregion" ref="/geodata-wboe.xml#p1C.2d">Gschnitzt.</placeName>
          </usg>
        </form>
        <form type="dialect">
          <pron xml:lang="bar-AT">fuərxt</pron>
          <usg type="geo">
            <placeName type="gemeinde" ref="/geodata-wboe.xml#p2.3f01">Feldkirchen in Kärnten</placeName>
          </usg>
        </form>
        <form type="dialect">
          <pron xml:lang="bar-AT">fǫr̥xt</pron>
          <usg type="geo">
            <placeName type="gemeinde" ref="/geodata-wboe.xml#p2.3g01">Frauenstein</placeName>
          </usg>
        </form>
        <form type="dialect">
          <pron xml:lang="bar-AT">fǫṛxt</pron>
          <usg type="geo">
            <placeName type="kleinregion" ref="/geodata-wboe.xml#p2.3g">Glant.</placeName>
          </usg>
        </form>
        <form type="dialect">
          <pron xml:lang="bar-AT">fuəxxt</pron>
          <usg type="geo">
            <placeName type="kleinregion" ref="/geodata-wboe.xml#p3.2e">Thörlt.</placeName>
          </usg>
        </form>
        <form type="dialect">
          <pron xml:lang="bar-AT">φǫɒxτ</pron>
          <usg type="geo">
            <placeName type="gemeinde" ref="/geodata-wboe.xml#p3.2j08">Ramsau am Dachstein</placeName>
          </usg>
        </form>
        <form type="dialect">
          <pron xml:lang="bar-AT">φ/ɔ̩u̩xτn̥</pron>
          <usg type="geo">
            <placeName type="gemeinde" ref="/geodata-wboe.xml#p5.1e11">Suben</placeName>
          </usg>
        </form>
        <form type="dialect">
          <pron xml:lang="bar-AT">forχʾn</pron>
        </form>
        <form type="dialect">
          <pron xml:lang="bar-AT">fuɒχt</pron>
          <usg type="geo">
            <placeName type="gemeinde" ref="/geodata-wboe.xml#p5.4b13">Ulrichsberg</placeName>
          </usg>
        </form>
        <form type="dialect">
          <pron xml:lang="bar-AT">foachtn</pron>
          <usg type="geo">
            <placeName type="gemeinde" ref="/geodata-wboe.xml#p6.3c07">Weitra</placeName>
          </usg>
        </form>
        <form type="dialect">
          <pron xml:lang="bar-AT">furicht</pron>
          <usg type="geo">
            <placeName type="kleinregion" ref="/geodata-wboe.xml#p6.4m">östl.mMarchfd.</placeName>
          </usg>
        </form>
        <form type="dialect">
          <pron xml:lang="bar-AT">fuXᵗ</pron>
          <usg type="geo">
            <placeName type="gemeinde" ref="/geodata-wboe.xml#p7.2a08">Neckenmarkt</placeName>
          </usg>
          <ptr type="collection" subtype="lautung" target="/collections-wboe.xml#c17780"/>
        </form>
        <etym>
          <cit type="etymon">
            <lang>ahd.</lang>
            <form>
              <orth>for(a)hta</orth>
            </form>
          </cit>
          <cit type="etymon">
            <lang>mhd.</lang>
            <form>
              <orth>vorhte</orth>
            </form>
            <form>
              <orth>vorht</orth>
            </form>
            <def>Angst; Grauen; Entsetzen</def>
          </cit>
          <seg type="desc">; Schreibungen mit dem Stammvokal</seg>
          <cit type="etymon">
            <form>
              <orth>u</orth>
            </form>
          </cit>
          <seg type="desc">kommen seit dem
            <date>14. Jh.</date>vor, bis ins
          </seg>
          <seg type="desc">
            <date>18. Jh.</date>hält sich parallel dazu
          </seg>
          <cit type="etymon">
            <form>
              <orth>Forcht</orth>
            </form>
          </cit>
          <seg type="desc">.
            <ref type="bibl" target="#Pfeifer2014">Pfeifer 2014
              <citedRange>385</citedRange>
            </ref>
          </seg>
          <ref type="bibl" subtype="online">DWB_Neub_online_A-F
            <xr type="lemma">
              <ref>Furcht</ref>
              <date type="accessed">2021-06-24</date>
            </xr>
          </ref>
        </etym>
        <sense>
          <sense>
            <def>Angst; Schrecken</def>
            <usg type="geo">
              <placeName type="bundesland" ref="/geodata-wboe.xml#p1A">STir.</placeName>
            </usg>
            <usg type="geo">
              <placeName type="grossregion" ref="/geodata-wboe.xml#p1B.0">OTir.</placeName>
            </usg>
            <usg type="geo">
              <placeName type="bundesland" ref="/geodata-wboe.xml#p1C">NTir.</placeName>
            </usg>
            <usg type="geo">
              <placeName type="grossregion" ref="/geodata-wboe.xml#p2.2">MKtn.</placeName>
            </usg>
            <usg type="geo">
              <placeName type="grossregion" ref="/geodata-wboe.xml#p3.2">mbair.ObStmk.</placeName>
            </usg>
            <usg type="geo">
              <placeName type="grossregion" ref="/geodata-wboe.xml#p3.3">WStmk.</placeName>
            </usg>
            <usg type="geo">
              <placeName type="bundesland" ref="/geodata-wboe.xml#p5">OÖ</placeName>
            </usg>
            <usg type="geo">
              <placeName type="grossregion" ref="/geodata-wboe.xml#p6.3">Waldv.</placeName>
            </usg>
            <usg type="geo">
              <placeName type="grossregion" ref="/geodata-wboe.xml#p6.4">Weinv.</placeName>
            </usg>
            <usg type="geo">
              <placeName type="grossregion" ref="/geodata-wboe.xml#p7.2">MBgl.</placeName>
            </usg>
            <cit type="example">
              <quote xml:lang="bar-AT">ąn Foachtn håm</quote>
              <usg type="geo">
                <placeName type="gemeinde" ref="/geodata-wboe.xml#p6.3c07">Weitra</placeName>
              </usg>
            </cit>
            <ptr type="collection" subtype="bedeutung" target="/collections-wboe.xml#c17786"/>
          </sense>
        </sense>
        <re>
          <form subtype="compound" type="lemma">
            <orth>Gottesfurcht</orth>
          </form>
          <sense>
            <sense>
              <def>Ehrfurcht vor Gott; Timor Domini</def>
            </sense>
          </sense>
          <usg type="geo">
            <placeName type="grossregion" ref="/geodata-wboe.xml#p5.1">Innv.</placeName>
          </usg>
          <ptr type="collection" subtype="wortbildung" target="/collections-wboe.xml#c17787"/>
        </re>
      </entry>
    </body>
  </text>
</TEI>