<?xml version="1.0" encoding="UTF-8"?>
    <?xml-model href="http://www.tei-c.org/release/xml/tei/custom/schema/relaxng/tei_all.rng" type="application/xml" schematypens="http://purl.oclc.org/dsdl/schematron"?>
    <?xml-model href="../../803_RNG-schematron/WBOE-ODD.rnc" type="application/relax-ng-compact-syntax"?>
<?redaktionstool version="0.8.1" ?>
<?parser type="lioe" version="0.8.0" ?>
<TEI xmlns="http://www.tei-c.org/ns/1.0">
  <teiHeader>
    <fileDesc>
      <titleStmt>
        <title>Furz</title>
        <respStmt>
          <resp>Editor</resp>
          <name ref="#EW">Eva Wahlmüller</name>
        </respStmt>
        <respStmt>
          <resp>Encoding Scheme</resp>
          <name>Jack Bowers</name>
          <name>Daniel Schopper</name>
          <name>Omar Siam</name>
        </respStmt>
        <respStmt>
          <resp>DBOE Team</resp>
          <name xml:id="AL">Alexandra N. Lenz</name>
          <name xml:id="PhS">Philipp Stöckle</name>
          <name xml:id="AG">Andreas Gellan</name>
          <name xml:id="PZ">Patrick Zeitlhuber</name>
          <name xml:id="SW">Sabine Wahl</name>
          <name xml:id="SS">Sonja Schwaiger</name>
          <name xml:id="AB">Angela Bergermayer</name>
          <name xml:id="EW">Eva Wahlmüller</name>
          <name xml:id="DG">David Gschösser</name>
          <name xml:id="StS">Stefanie Schöberl</name>
          <name xml:id="FF">Fabian Fleißner</name>
          <name xml:id="MK">Markus Kunzmann</name>
        </respStmt>
        <respStmt>
          <resp>Student assistants</resp>
          <name>Susanna Muhr</name>
          <name>Manuela Stütz</name>
          <name>Christina Hemetsberger</name>
        </respStmt>
      </titleStmt>
      <publicationStmt>
        <p></p>
      </publicationStmt>
      <sourceDesc>
        <list>
          <item>
            <label>Geo-data</label>
            <ptr xml:id="geo-inventory-WBOE" target="../geodata-wboe.xml"/>
          </item>
          <item>
            <label>Bibliography</label>
            <ptr xml:id="bibliography-WBOE" target="../bibl-wboe.xml"/>
          </item>
          <item>
            <label>WBOE-Slips</label>
            <ptr xml:id="slips-WBOE" target="../slips-wboe.xml"/>
          </item>
          <item>
            <label>WBOE-Collections</label>
            <ptr xml:id="collections-WBOE" target="../collections-wboe.xml"/>
          </item>
        </list>
      </sourceDesc>
    </fileDesc>
    <revisionDesc>
      <listChange>
        <change status="in progress" when="2020-05-12" who="#EW">Artikel eingegeben+Collection verknüpft</change>
        <change status="external correction" when="2020-11-10" who="#EW">Lautkommentar eingegeben</change>
        <change status="external correction" when="2020-11-11" who="#EW">LK aktualisiert laut DG</change>
        <change status="finished" when="2020-11-20" who="#EW">JE keine Anmerkungen zum LK, fertig!</change>
        <change status="finished" when="2020-12-14" who="#DG">LK bearbeitet</change>
      </listChange>
    </revisionDesc>
  </teiHeader>
  <text>
    <body>
      <entry>
        <form type="lemma" xml:id="Furz">
          <orth>Furz</orth>
          <ptr type="collection" subtype="lemma" target="/collections-wboe.xml#c5788"/>
        </form>
        <gramGrp>
          <gram type="pos">Substantiv</gram>
          <gram type="gender">Maskulinum</gram>
        </gramGrp>
        <form type="variant" subtype="diminutive" xml:id="Fuerzel">
          <orth>Fürzel</orth>
          <gramGrp>
            <gram type="gender">Neutrum</gram>
          </gramGrp>
        </form>
        <form type="variant" subtype="diminutive" xml:id="Fuerzelein">
          <orth>Fürzelein</orth>
          <gramGrp>
            <gram type="gender">Neutrum</gram>
          </gramGrp>
        </form>
        <usg type="geo">
          <placeName type="bundesland" ref="/geodata-wboe.xml#p1A">STir.</placeName>
        </usg>
        <usg type="geo">
          <placeName type="grossregion" ref="/geodata-wboe.xml#p1B.0">OTir.</placeName>
        </usg>
        <usg type="geo">
          <placeName type="bundesland" ref="/geodata-wboe.xml#p1C">NTir.</placeName>
        </usg>
        <usg type="geo">
          <placeName type="bundesland" ref="/geodata-wboe.xml#p2">Ktn.</placeName>
        </usg>
        <usg type="geo">
          <placeName type="bundesland" ref="/geodata-wboe.xml#p3">Stmk.</placeName>
        </usg>
        <usg type="geo">
          <placeName type="bundesland" ref="/geodata-wboe.xml#p4">Sbg.</placeName>
        </usg>
        <usg type="geo">
          <placeName type="grossregion" ref="/geodata-wboe.xml#p5.2">Hausrv.</placeName>
        </usg>
        <usg type="geo">
          <placeName type="grossregion" ref="/geodata-wboe.xml#p6.5">Wien</placeName>
        </usg>
        <note type="kommentar" resp="#DG">Regelhaft dominiert im Süd- und Südmittelbairischen für mhd.
          <c>u</c>im Stammvokal der einfache kurze
          <c>u</c>-Monophthong
          <xr>
            <ref>fųrts</ref>
          </xr>, im Mittelbairischen dagegen der fallende
          <c>uɒ</c>-Diphthong infolge von vollständiger
          <c>r</c>-Vokalisierung
          <xr>
            <ref>fųɒts</ref>
          </xr>. In MKtn. kommen zudem teilweise Formen mit Diphthongierung und
          <c>r</c>-Erhalt vor
          <xr>
            <ref>fųɒrts</ref>
          </xr>. Unabhängig von  Formen mit
          <c>r</c>-Erhalt sind in weiten Teilen des Südmittelbairischen auch frikativische Konsonanteneinschübe bzw. Teilassimilationen belegt, deren Qualität mitunter vom Artikulationsort des Liquids abhängig ist. Vom öNTir. bis zur mbair.ObStmk. treten dabei
          <c>ß̌</c>-Laute auf
          <xr>
            <ref>fųß̌ts</ref>
          </xr>, im Lung. dagegen
          <c>χ</c>-Laute
          <xr>
            <ref>fųχts</ref>
          </xr>. Anlautendes
          <c>f</c>erscheint vereinzelt im Südmittelbairischen des Pinzgs. und Pongs. als übermarkierte Affrikate
          <xr>
            <ref>pfųß̌ts</ref>
          </xr>.
        </note>
        <form type="dialect">
          <pron xml:lang="bar-AT">furts</pron>
          <usg type="geo">
            <placeName type="gemeinde" ref="/geodata-wboe.xml#p1C.1n01">Imst</placeName>
          </usg>
        </form>
        <form type="dialect">
          <pron xml:lang="bar-AT">firtslə</pron>
          <usg>[Dim.]</usg>
          <usg type="geo">
            <placeName type="gemeinde" ref="/geodata-wboe.xml#p1C.1n01">Imst</placeName>
          </usg>
        </form>
        <form type="dialect">
          <pron xml:lang="bar-AT">fūrts</pron>
          <usg type="geo">
            <placeName type="gemeinde" ref="/geodata-wboe.xml#p1C.2a29">Weer</placeName>
          </usg>
        </form>
        <form type="dialect">
          <pron xml:lang="bar-AT">fĭrts</pron>
          <usg>[Pl.]</usg>
          <usg type="geo">
            <placeName type="gemeinde" ref="/geodata-wboe.xml#p1C.2a29">Weer</placeName>
          </usg>
        </form>
        <form type="dialect">
          <pron xml:lang="bar-AT">firtsl</pron>
          <usg>[Dim.]</usg>
          <usg type="geo">
            <placeName type="gemeinde" ref="/geodata-wboe.xml#p1C.2a29">Weer</placeName>
          </usg>
        </form>
        <form type="dialect">
          <pron xml:lang="bar-AT">furts</pron>
          <usg type="geo">
            <placeName type="kleinregion" ref="/geodata-wboe.xml#p2.3g">Glant.</placeName>
          </usg>
        </form>
        <form type="dialect">
          <pron xml:lang="bar-AT">φųß̄̌tσ</pron>
          <usg type="geo">
            <placeName type="gemeinde" ref="/geodata-wboe.xml#p3.2j08">Ramsau am Dachstein</placeName>
          </usg>
        </form>
        <form type="dialect">
          <pron xml:lang="bar-AT">φųß̌tß</pron>
          <usg type="geo">
            <placeName type="gemeinde" ref="/geodata-wboe.xml#p3.2j08">Ramsau am Dachstein</placeName>
          </usg>
        </form>
        <form type="dialect">
          <pron xml:lang="bar-AT">fuχtß</pron>
          <usg type="geo">
            <placeName type="gemeinde" ref="/geodata-wboe.xml#p4.1d03">Mariapfarr</placeName>
          </usg>
        </form>
        <form type="dialect">
          <pron xml:lang="bar-AT">πφuß̌ts</pron>
          <usg type="geo">
            <placeName type="gemeinde" ref="/geodata-wboe.xml#p4.2a06">Niedernsill</placeName>
          </usg>
        </form>
        <form type="dialect">
          <pron xml:lang="bar-AT">fuß̌tß</pron>
          <usg type="geo">
            <placeName type="gemeinde" ref="/geodata-wboe.xml#p4.2a09">Uttendorf</placeName>
          </usg>
        </form>
        <form type="dialect">
          <pron xml:lang="bar-AT">fûšṱs</pron>
          <usg type="geo">
            <placeName type="gemeinde" ref="/geodata-wboe.xml#p4.2a10">Wald im Pinzgau</placeName>
          </usg>
        </form>
        <form type="dialect">
          <pron xml:lang="bar-AT">fiß̌tß</pron>
          <usg>[Pl.]</usg>
          <usg type="geo">
            <placeName type="gemeinde" ref="/geodata-wboe.xml#p4.2a10">Wald im Pinzgau</placeName>
          </usg>
        </form>
        <form type="dialect">
          <pron xml:lang="bar-AT">pfuß̌ts</pron>
          <usg type="geo">
            <placeName type="kleinregion" ref="/geodata-wboe.xml#p4.3d">Gr.Arlt.</placeName>
          </usg>
        </form>
        <form type="dialect">
          <pron xml:lang="bar-AT">fuß̌ts</pron>
          <usg type="geo">
            <placeName type="kleinregion" ref="/geodata-wboe.xml#p4.3d">Gr.Arlt.</placeName>
          </usg>
          <ptr type="collection" subtype="lautung" target="/collections-wboe.xml#c5790"/>
        </form>
        <etym>
          <cit type="etymon">
            <lang>ahd.</lang>
            <form>
              <orth>furz</orth>
            </form>
          </cit>
          <cit type="etymon">
            <lang>mhd.</lang>
            <form>
              <orth>vurz</orth>
            </form>
            <def>entweichende Blähung</def>
          </cit>
          <seg type="desc">sind Abstrakta zum starken Verb</seg>
          <cit type="etymon">
            <lang>ahd.</lang>
            <form>
              <orth>ferzan</orth>
            </form>
          </cit>
          <cit type="etymon">
            <lang>mhd.</lang>
            <form>
              <orth>vurzen</orth>
            </form>
            <def>einen Wind abgehen lassen; furzen</def>
          </cit>
          <ref type="bibl" target="#Pfeifer2014">
            <lbl>vgl.</lbl>Pfeifer 2014
            <citedRange>387</citedRange>
          </ref>
          <ref type="bibl" target="#AWB1985III">AWB 1985 III
            <citedRange>761-762</citedRange>
          </ref>
        </etym>
        <sense>
          <sense>
            <def>Darmwind; Blähung</def>
            <usg type="geo">
              <placeName type="bundesland" ref="/geodata-wboe.xml#p1A">STir.</placeName>
            </usg>
            <usg type="geo">
              <placeName type="grossregion" ref="/geodata-wboe.xml#p1B.0">OTir.</placeName>
            </usg>
            <usg type="geo">
              <placeName type="bundesland" ref="/geodata-wboe.xml#p1C">NTir.</placeName>
            </usg>
            <usg type="geo">
              <placeName type="bundesland" ref="/geodata-wboe.xml#p2">Ktn.</placeName>
            </usg>
            <usg type="geo">
              <placeName type="grossregion" ref="/geodata-wboe.xml#p3.1">sbair.ObStmk.</placeName>
            </usg>
            <usg type="geo">
              <placeName type="grossregion" ref="/geodata-wboe.xml#p3.2">mbair.ObStmk.</placeName>
            </usg>
            <usg type="geo">
              <placeName type="bundesland" ref="/geodata-wboe.xml#p4">Sbg.</placeName>
            </usg>
            <usg type="geo">
              <placeName type="grossregion" ref="/geodata-wboe.xml#p5.2">Hausrv.</placeName>
            </usg>
            <usg type="geo">
              <placeName type="bundesland" ref="/geodata-wboe.xml#p6.5">Wien</placeName>
            </usg>
            <ptr type="collection" subtype="bedeutung" target="/collections-wboe.xml#c5792"/>
          </sense>
        </sense>
        <re>
          <form subtype="compound" type="lemma">
            <orth>Eselfurz</orth>
          </form>
          <sense>
            <sense>
              <def>Rote Lichtnelke; Melandryum rubrum</def>
              <usg type="geo">
                <placeName type="grossregion" ref="/geodata-wboe.xml#p4.1">Lung.</placeName>
              </usg>
              <ptr type="collection" subtype="bedeutung" target="/collections-wboe.xml#c5793"/>
            </sense>
          </sense>
        </re>
        <re>
          <form subtype="compound" type="lemma">
            <orth>Mordsfurz</orth>
          </form>
          <sense>
            <sense>
              <def>lauter Darmwind</def>
              <usg type="geo">
                <placeName type="grossregion" ref="/geodata-wboe.xml#p1C.1">wNTir.</placeName>
              </usg>
              <ptr type="collection" subtype="bedeutung" target="/collections-wboe.xml#c5795"/>
            </sense>
          </sense>
        </re>
        <re>
          <form subtype="compound" type="lemma">
            <orth>Nonnenfurz</orth>
          </form>
          <sense>
            <sense>
              <def>kleines Germ- bzw. Hefegebäck; Krapfen</def>
              <usg type="geo">
                <placeName type="bundesland" ref="/geodata-wboe.xml#p1A">STir.</placeName>
              </usg>
              <usg type="geo">
                <placeName type="grossregion" ref="/geodata-wboe.xml#p1B.0">OTir.</placeName>
              </usg>
              <usg type="geo">
                <placeName type="bundesland" ref="/geodata-wboe.xml#p1C">NTir.</placeName>
              </usg>
              <ptr type="collection" subtype="bedeutung" target="/collections-wboe.xml#c5799"/>
            </sense>
            <sense>
              <def>Sauerklee</def>
              <usg type="geo">
                <placeName type="bundesland" ref="/geodata-wboe.xml#p1A">STir.</placeName>
              </usg>
              <ptr type="collection" subtype="bedeutung" target="/collections-wboe.xml#c5800"/>
            </sense>
          </sense>
        </re>
        <re>
          <form subtype="compound" type="lemma">
            <orth>Schneiderfurz</orth>
          </form>
          <sense>
            <sense>
              <def>geräuschloser, unangenehm riechender Darmwind</def>
              <usg type="geo">
                <placeName type="grossregion" ref="/geodata-wboe.xml#p6.5">Wien</placeName>
              </usg>
              <ptr type="collection" subtype="bedeutung" target="/collections-wboe.xml#c5801"/>
            </sense>
          </sense>
        </re>
        <re>
          <form subtype="compound" type="lemma">
            <orth>Stiegenfurz</orth>
          </form>
          <sense>
            <sense>
              <def>ein in Absätzen ausgestoßener Darmwind</def>
              <usg type="geo">
                <placeName type="grossregion" ref="/geodata-wboe.xml#p6.5">Wien</placeName>
              </usg>
              <ptr type="collection" subtype="bedeutung" target="/collections-wboe.xml#c5802"/>
            </sense>
          </sense>
        </re>
        <re>
          <form subtype="compound" type="lemma">
            <orth>Wolfsfurz</orth>
          </form>
          <sense>
            <sense>
              <def>Bovist (Pilz); Lycoperdon bovista</def>
              <usg type="geo">
                <placeName type="bundesland" ref="/geodata-wboe.xml#p3">Stmk.</placeName>
              </usg>
              <ptr type="collection" subtype="bedeutung" target="/collections-wboe.xml#c5803"/>
            </sense>
          </sense>
        </re>
        <re type="redewendung">
          <form subtype="MWE" type="lemma">
            <orth>alle Fürze daherkommen</orth>
          </form>
          <sense>
            <def type="umschreibung">Spott über häufige, unwillkommene Besuche</def>
            <usg type="geo">
              <placeName type="grossregion" ref="/geodata-wboe.xml#p2.2">MKtn.</placeName>
            </usg>
            <cit type="example">
              <quote xml:lang="bar-AT">åle Fuᵃrz dåheᵃʳkemᵃn</quote>
              <usg type="geo">
                <placeName type="gemeinde" ref="/geodata-wboe.xml#p2.3b05">Straßburg</placeName>
              </usg>
            </cit>
            <ptr type="collection" subtype="bedeutung" target="/collections-wboe.xml#c5814"/>
          </sense>
        </re>
        <re type="redewendung">
          <form subtype="MWE" type="lemma">
            <orth>"Dank" ist ein Eselfurz</orth>
          </form>
          <sense>
            <def type="umschreibung">Spruch über das Wort "Dank", man soll mit "Vergelt's Gott" danken</def>
            <usg type="geo">
              <placeName type="grossregion" ref="/geodata-wboe.xml#p1C.3">öNTir.</placeName>
            </usg>
            <cit type="example">
              <quote xml:lang="bar-AT">donk is an Öslfurz</quote>
              <usg type="geo">
                <placeName type="gemeinde" ref="/geodata-wboe.xml#p1C.3e06">Kufstein</placeName>
              </usg>
            </cit>
            <ptr type="collection" subtype="bedeutung" target="/collections-wboe.xml#c5810"/>
          </sense>
        </re>
        <re type="redewendung">
          <form subtype="MWE" type="lemma">
            <orth>Euer Gnaden! Ein Furz ist geladen, wenn Sie wollen, lassen wir ihn schnellen</orth>
          </form>
          <sense>
            <def type="umschreibung">Spruch, vor allem unter Jägern üblich</def>
            <usg type="geo">
              <placeName type="grossregion" ref="/geodata-wboe.xml#p1C.1">wNTir.</placeName>
            </usg>
            <cit type="example">
              <quote xml:lang="bar-AT">Eier Gnodn! A Furz ischt glodn; / wenn Sie wölln, loᵃß me̱rn schnölln</quote>
              <usg type="geo">
                <placeName type="gemeinde" ref="/geodata-wboe.xml#p1C.1m02">Fendels</placeName>
              </usg>
            </cit>
            <ptr type="collection" subtype="bedeutung" target="/collections-wboe.xml#c5815"/>
          </sense>
        </re>
        <re type="redewendung">
          <form subtype="MWE" type="lemma">
            <orth>Euer Gnaden! Ein Furz wäre geladen, es wird nichts machen, lassen wir ihn krachen</orth>
          </form>
          <sense>
            <def type="umschreibung">Spruch, vor allem unter Jägern üblich</def>
            <usg type="geo">
              <placeName type="grossregion" ref="/geodata-wboe.xml#p1C.1">wNTir.</placeName>
            </usg>
            <cit type="example">
              <quote xml:lang="bar-AT">Eier Gnodn! A Furz war glodn / 's weᵃrd nuit maᵒchn, laᵒss' mer's kraᵒchn!</quote>
              <usg type="geo">
                <placeName type="gemeinde" ref="/geodata-wboe.xml#p1C.1m02">Fendels</placeName>
              </usg>
            </cit>
            <ptr type="collection" subtype="bedeutung" target="/collections-wboe.xml#c5817"/>
          </sense>
        </re>
        <re type="redewendung">
          <form subtype="MWE" type="lemma">
            <orth>Geht um wie ein Furz im Glas</orth>
          </form>
          <sense>
            <def type="umschreibung">Spruch über jemanden, der umherspringt und nicht weiß, was er eigentlich will</def>
            <usg type="geo">
              <placeName type="grossregion" ref="/geodata-wboe.xml#p1C.1">wNTir.</placeName>
            </usg>
            <cit type="example">
              <quote xml:lang="bar-AT">geat um wia Furz in an Glå̄s</quote>
              <usg type="geo">
                <placeName type="gemeinde" ref="/geodata-wboe.xml#p1C.1m06">Nauders</placeName>
              </usg>
            </cit>
            <ptr type="collection" subtype="bedeutung" target="/collections-wboe.xml#c5819"/>
          </sense>
        </re>
        <re type="redewendung">
          <form subtype="MWE" type="lemma">
            <orth>Tut auf und nieder hüpfen und kleine Fürze drücken</orth>
          </form>
          <sense>
            <def type="umschreibung">Spruch, um Kinder zur Bewegung im Freien zu animieren</def>
            <usg type="geo">
              <placeName type="grossregion" ref="/geodata-wboe.xml#p4.3">Pong.</placeName>
            </usg>
            <cit type="example">
              <quote xml:lang="bar-AT">deats auf u. nieda hupfn u. kloane Pfischzl druckn</quote>
              <usg type="geo">
                <placeName type="gemeinde" ref="/geodata-wboe.xml#p4.3c02">Bad Gastein</placeName>
              </usg>
            </cit>
            <ptr type="collection" subtype="bedeutung" target="/collections-wboe.xml#c5821"/>
          </sense>
        </re>
      </entry>
    </body>
  </text>
</TEI>