<?xml version="1.0" encoding="UTF-8"?>
    <?xml-model href="http://www.tei-c.org/release/xml/tei/custom/schema/relaxng/tei_all.rng" type="application/xml" schematypens="http://purl.oclc.org/dsdl/schematron"?>
    <?xml-model href="../../803_RNG-schematron/WBOE-ODD.rnc" type="application/relax-ng-compact-syntax"?>
<?redaktionstool version="0.8.1" ?>
<?parser type="lioe" version="0.8.2" ?>
<TEI xmlns="http://www.tei-c.org/ns/1.0">
  <teiHeader>
    <fileDesc>
      <titleStmt>
        <title>Fut</title>
        <respStmt>
          <resp>Editor</resp>
          <name ref="#AG">Andreas Gellan</name>
        </respStmt>
        <respStmt>
          <resp>Encoding Scheme</resp>
          <name>Jack Bowers</name>
          <name>Daniel Schopper</name>
          <name>Omar Siam</name>
        </respStmt>
        <respStmt>
          <resp>DBOE Team</resp>
          <name xml:id="AL">Alexandra N. Lenz</name>
          <name xml:id="PhS">Philipp Stöckle</name>
          <name xml:id="AG">Andreas Gellan</name>
          <name xml:id="PZ">Patrick Zeitlhuber</name>
          <name xml:id="SW">Sabine Wahl</name>
          <name xml:id="SS">Sonja Schwaiger</name>
          <name xml:id="AB">Angela Bergermayer</name>
          <name xml:id="EW">Eva Wahlmüller</name>
          <name xml:id="DG">David Gschösser</name>
          <name xml:id="StS">Stefanie Schöberl</name>
          <name xml:id="FF">Fabian Fleißner</name>
          <name xml:id="MK">Markus Kunzmann</name>
          <name xml:id="AK">Agnes Kim</name>
          <name xml:id="IG">Ingeborg Geyer</name>
          <name xml:id="MG">Manfred Glauninger</name>
        </respStmt>
        <respStmt>
          <resp>Student assistants</resp>
          <name>Susanna Muhr</name>
          <name>Manuela Stütz</name>
          <name>Christina Hemetsberger</name>
        </respStmt>
      </titleStmt>
      <publicationStmt>
        <p></p>
      </publicationStmt>
      <sourceDesc>
        <list>
          <item>
            <label>Geo-data</label>
            <ptr xml:id="geo-inventory-WBOE" target="../geodata-wboe.xml"/>
          </item>
          <item>
            <label>Bibliography</label>
            <ptr xml:id="bibliography-WBOE" target="../bibl-wboe.xml"/>
          </item>
          <item>
            <label>WBOE-Slips</label>
            <ptr xml:id="slips-WBOE" target="../slips-wboe.xml"/>
          </item>
          <item>
            <label>WBOE-Collections</label>
            <ptr xml:id="collections-WBOE" target="../collections-wboe.xml"/>
          </item>
        </list>
      </sourceDesc>
    </fileDesc>
    <revisionDesc>
      <listChange>
        <change status="in progress" when="2020-07-09" who="#AG">Datensatz erstellt</change>
        <change status="in progress" when="2020-07-09" who="#AG">Wortbildungen erstellt</change>
        <change status="peer correction" when="2020-07-13" who="#AG">fertiggestellt, in interne Korrektur verschoben</change>
        <change status="internal correction" when="2021-01-27" who="#AG">an Manzi weitergeleitet</change>
        <change status="external correction" when="2021-02-03" who="#AG">LK noch ausständig</change>
        <change status="external correction" when="2021-04-15" who="#PZ">LK eingefügt</change>
        <change status="external correction" when="2021-04-16" who="#AG">weiter an JE</change>
        <change status="external correction" when="2021-05-20" who="#PZ">Tippfehler im LK ausgebessert</change>
        <change status="finished" when="2021-05-21" who="#AG">finished</change>
        <change status="finished" when="2022-01-07" who="#AG">Final Version</change>
      </listChange>
    </revisionDesc>
  </teiHeader>
  <text>
    <body>
      <entry>
        <form type="lemma" xml:id="Fut">
          <orth>Fut</orth>
          <ptr type="collection" subtype="lemma" target="/collections-wboe.xml#c4211"/>
        </form>
        <gramGrp>
          <gram type="pos">Substantiv</gram>
          <gram type="gender">Femininum</gram>
          <gram type="gender">Maskulinum</gram>
        </gramGrp>
        <form type="variant" subtype="diminutive" xml:id="Fuetel">
          <orth>Fütel</orth>
          <gramGrp>
            <gram type="gender">Neutrum</gram>
          </gramGrp>
        </form>
        <form type="variant" subtype="diminutive" xml:id="Futerl">
          <orth>Futerl</orth>
          <gramGrp>
            <gram type="gender">Neutrum</gram>
          </gramGrp>
        </form>
        <form type="variant" subtype="diminutive" xml:id="Fueterl">
          <orth>Füterl</orth>
          <gramGrp>
            <gram type="gender">Neutrum</gram>
          </gramGrp>
        </form>
        <form type="variant" subtype="diminutive" xml:id="Fuetelein">
          <orth>Fütelein</orth>
          <gramGrp>
            <gram type="gender">Neutrum</gram>
          </gramGrp>
        </form>
        <usg type="geo">
          <placeName type="bundesland" ref="/geodata-wboe.xml#p1A">STir.</placeName>
        </usg>
        <usg type="geo">
          <placeName type="grossregion" ref="/geodata-wboe.xml#p1B.0">OTir.</placeName>
        </usg>
        <usg type="geo">
          <placeName type="bundesland" ref="/geodata-wboe.xml#p1C">NTir.</placeName>
        </usg>
        <usg type="geo">
          <placeName type="bundesland" ref="/geodata-wboe.xml#p2">Ktn.</placeName>
        </usg>
        <usg type="geo">
          <placeName type="bundesland" ref="/geodata-wboe.xml#p3">Stmk.</placeName>
        </usg>
        <usg type="geo">
          <placeName type="bundesland" ref="/geodata-wboe.xml#p4">Sbg.</placeName>
        </usg>
        <usg type="geo">
          <placeName type="bundesland" ref="/geodata-wboe.xml#p5">OÖ</placeName>
        </usg>
        <usg type="geo">
          <placeName type="bundesland" ref="/geodata-wboe.xml#p6">NÖ</placeName>
        </usg>
        <usg type="geo">
          <placeName type="grossregion" ref="/geodata-wboe.xml#p6.5">Wien</placeName>
        </usg>
        <usg type="geo">
          <placeName type="bundesland" ref="/geodata-wboe.xml#p7">Bgl.</placeName>
        </usg>
        <note type="kommentar" resp="#PZ">Der auf mhd.
          <c>u</c>zurückgehende Stammvokal wird im gesamten Untersuchungsgebiet als kurzer
          <c>u</c>-Monophthong realisiert
          <xr>
            <ref>fut</ref>
            <ref>fud</ref>
          </xr>. Daneben finden sich vereinzelt im Südbairischen und gehäuft im Mittelbairischen gedehnte Varianten als Folge der Einsilber- bzw. Kärntner Dehnung
          <xr>
            <ref>fūt</ref>
            <ref>fūd</ref>
          </xr>. Weiters treten im Weinviertel unregelhafte
          <c>ua</c>-Diphthonge auf
          <xr>
            <ref>fuad</ref>
          </xr>. Im Anlaut finden sich im gesamten Verbreitungsgebiet labiodentale Frikative, wobei parallel im mittleren Südtirol Affrikaten belegt sind
          <xr>
            <ref>pfut</ref>
          </xr>. Mit Ausnahme Kärntens und Salzburgs, wo im Auslaut nur alveolare Fortisplosive auftreten
          <xr>
            <ref>fut</ref>
            <ref>fūt</ref>
          </xr>, finden sich im restlichen Untersuchungsgebiet überall parallel Lenes und Fortes, wobei im Mittelbairischen Lenisplosive dominieren
          <xr>
            <ref>fud</ref>
            <ref>fūd</ref>
          </xr>. Neben den überall vorkommenden Einsilbern erscheinen im östlichen Südtirol und Osttirol ebenso Zweisilber mit vokalischem Auslaut
          <xr>
            <ref>futə</ref>
          </xr>, in Oberkärnten mit silbischem Nasal
          <xr>
            <ref>futn̥</ref>
          </xr>.
        </note>
        <form type="dialect">
          <pron xml:lang="bar-AT">pfut</pron>
          <usg type="geo">
            <placeName type="kleinregion" ref="/geodata-wboe.xml#p1A.2b">sBoz.Uld.</placeName>
          </usg>
        </form>
        <form type="dialect">
          <pron xml:lang="bar-AT">futt</pron>
          <pron xml:lang="bar-AT">futɛ</pron>
          <pron xml:lang="bar-AT">fûd</pron>
          <usg type="geo">
            <placeName type="kleinregion" ref="/geodata-wboe.xml#p1A.4i">ob.STir.Pustert.</placeName>
          </usg>
        </form>
        <form type="dialect">
          <pron xml:lang="bar-AT">fîdlɛ</pron>
          <usg>[Dim.]</usg>
          <usg type="geo">
            <placeName type="kleinregion" ref="/geodata-wboe.xml#p1C.1c">Außf.Lecht.</placeName>
          </usg>
        </form>
        <form type="dialect">
          <pron xml:lang="bar-AT">fidli</pron>
          <usg>[Dim.]</usg>
          <usg type="geo">
            <placeName type="gemeinde" ref="/geodata-wboe.xml#p1C.1k02">See</placeName>
          </usg>
        </form>
        <form type="dialect">
          <pron xml:lang="bar-AT">fut</pron>
          <usg type="geo">
            <placeName type="gemeinde" ref="/geodata-wboe.xml#p1C.1n01">Imst</placeName>
          </usg>
        </form>
        <form type="dialect">
          <pron xml:lang="bar-AT">fud</pron>
          <pron xml:lang="bar-AT">fut</pron>
          <usg type="geo">
            <placeName type="gemeinde" ref="/geodata-wboe.xml#p1C.2j04">Tux</placeName>
          </usg>
        </form>
        <form type="dialect">
          <pron xml:lang="bar-AT">füd</pron>
          <usg>[Pl.]</usg>
          <usg type="geo">
            <placeName type="gemeinde" ref="/geodata-wboe.xml#p1C.3f02">Hopfgarten im Brixental</placeName>
          </usg>
        </form>
        <form type="dialect">
          <pron xml:lang="bar-AT">fut(n)</pron>
          <usg type="geo">
            <placeName type="gemeinde" ref="/geodata-wboe.xml#p2.1b04">Rangersdorf</placeName>
          </usg>
        </form>
        <form type="dialect">
          <pron xml:lang="bar-AT">fūt</pron>
          <usg type="geo">
            <placeName type="kleinregion" ref="/geodata-wboe.xml#p2.3g">Glant.</placeName>
          </usg>
        </form>
        <form type="dialect">
          <pron xml:lang="bar-AT">fut</pron>
          <usg type="geo">
            <placeName type="gemeinde" ref="/geodata-wboe.xml#p3.1d03">Lobmingtal</placeName>
          </usg>
        </form>
        <form type="dialect">
          <pron xml:lang="bar-AT">füt</pron>
          <usg>[Pl.]</usg>
          <pron xml:lang="bar-AT">fid</pron>
          <cit type="translation">
            <quote xml:lang="de">Pl.</quote>
          </cit>
          <pron xml:lang="bar-AT">fitl</pron>
          <cit type="translation">
            <quote xml:lang="de">Dim.</quote>
          </cit>
          <usg type="geo">
            <placeName type="gemeinde" ref="/geodata-wboe.xml#p3.4a04">Frohnleiten</placeName>
          </usg>
        </form>
        <form type="dialect">
          <pron xml:lang="bar-AT">fūd</pron>
          <pron xml:lang="bar-AT">fid</pron>
          <usg>[Pl.]</usg>
          <usg type="geo">
            <placeName type="gemeinde" ref="/geodata-wboe.xml#p4.2c01">Fusch an der Großglocknerstraße</placeName>
          </usg>
        </form>
        <form type="dialect">
          <pron xml:lang="bar-AT">fūd</pron>
          <pron xml:lang="bar-AT">fidl</pron>
          <usg>[Dim.]</usg>
          <usg type="geo">
            <placeName type="gemeinde" ref="/geodata-wboe.xml#p5.1c07">Mühlheim am Inn</placeName>
          </usg>
        </form>
        <form type="dialect">
          <pron xml:lang="bar-AT">-φud</pron>
          <usg type="geo">
            <placeName type="gemeinde" ref="/geodata-wboe.xml#p5.1d15">Ried im Innkreis</placeName>
          </usg>
        </form>
        <form type="dialect">
          <pron xml:lang="bar-AT">φud</pron>
          <usg type="geo">
            <placeName type="gemeinde" ref="/geodata-wboe.xml#p5.2b46">Weibern</placeName>
          </usg>
        </form>
        <form type="dialect">
          <pron xml:lang="bar-AT">-fūd</pron>
          <usg type="geo">
            <placeName type="gemeinde" ref="/geodata-wboe.xml#p5.3b02">Gmunden</placeName>
          </usg>
        </form>
        <form type="dialect">
          <pron xml:lang="bar-AT">φūd</pron>
          <usg type="geo">
            <placeName type="gemeinde" ref="/geodata-wboe.xml#p5.3c03">Steinbach am Ziehberg</placeName>
          </usg>
        </form>
        <form type="dialect">
          <pron xml:lang="bar-AT">fud</pron>
          <usg type="geo">
            <placeName type="gemeinde" ref="/geodata-wboe.xml#p5.4c04">Gramastetten</placeName>
          </usg>
        </form>
        <form type="dialect">
          <pron xml:lang="bar-AT">fud</pron>
          <pron xml:lang="bar-AT">füdl</pron>
          <usg>[Dim.]</usg>
          <pron xml:lang="bar-AT">-fiᵈl</pron>
          <cit type="translation">
            <quote xml:lang="de">[Dim.]</quote>
          </cit>
          <usg type="geo">
            <placeName type="gemeinde" ref="/geodata-wboe.xml#p6.1n02">Dunkelsteinerwald</placeName>
          </usg>
        </form>
        <form type="dialect">
          <pron xml:lang="bar-AT">-fūt</pron>
          <pron xml:lang="bar-AT">-fūd</pron>
          <usg type="geo">
            <placeName type="gemeinde" ref="/geodata-wboe.xml#p6.2b11">Heiligenkreuz</placeName>
          </usg>
        </form>
        <form type="dialect">
          <pron xml:lang="bar-AT">fud</pron>
          <usg type="geo">
            <placeName type="gemeinde" ref="/geodata-wboe.xml#p6.3a15">Kautzen</placeName>
          </usg>
        </form>
        <form type="dialect">
          <pron xml:lang="bar-AT">-φil̥</pron>
          <usg>[Dim.]</usg>
          <usg type="geo">
            <placeName type="gemeinde" ref="/geodata-wboe.xml#p6.3a18">Reingers</placeName>
          </usg>
        </form>
        <form type="dialect">
          <pron xml:lang="bar-AT">fud</pron>
          <pron xml:lang="bar-AT">-fuad</pron>
          <usg type="geo">
            <placeName type="gemeinde" ref="/geodata-wboe.xml#p6.4d18">Poysdorf</placeName>
          </usg>
        </form>
        <form type="dialect">
          <pron xml:lang="bar-AT">-fud</pron>
          <usg type="geo">
            <placeName type="gemeinde" ref="/geodata-wboe.xml#p6.5i01">Alsergrund</placeName>
          </usg>
        </form>
        <form type="dialect">
          <pron xml:lang="bar-AT">fūt</pron>
          <pron xml:lang="bar-AT">futəʳl</pron>
          <usg type="geo">
            <placeName type="gemeinde" ref="/geodata-wboe.xml#p6.5r01">Gersthof</placeName>
          </usg>
        </form>
        <form type="dialect">
          <pron xml:lang="bar-AT">fud</pron>
          <usg type="geo">
            <placeName type="gemeinde" ref="/geodata-wboe.xml#p7.1b04">Neusiedl am See</placeName>
          </usg>
        </form>
        <form type="dialect">
          <pron xml:lang="bar-AT">-fut</pron>
          <usg type="geo">
            <placeName type="gemeinde" ref="/geodata-wboe.xml#p7.2b03">Lockenhaus</placeName>
          </usg>
        </form>
        <form type="dialect">
          <pron xml:lang="bar-AT">fū̩d</pron>
          <usg type="geo">
            <placeName type="kleinregion" ref="/geodata-wboe.xml#p7.3e">Rechnitz.Hügelld.</placeName>
          </usg>
          <ptr type="collection" subtype="lautung" target="/collections-wboe.xml#c8738"/>
        </form>
        <etym>
          <seg type="desc">
            <lang>mhd.</lang>
          </seg>
          <cit type="etymon">
            <form>
              <orth>vut</orth>
            </form>
            <form>
              <orth>phute</orth>
            </form>
            <def>Vulva, Scheide</def>
          </cit>
          <ref type="bibl" target="#Lexer1878III">Lexer 1878 III
            <citedRange>620</citedRange>
          </ref>
        </etym>
        <sense>
          <sense>
            <sense>
              <sense>
                <def>Vulva; Scheide</def>
                <usg>(derb)</usg>
                <usg type="geo">
                  <placeName type="bundesland" ref="/geodata-wboe.xml#p1A">STir.</placeName>
                </usg>
                <usg type="geo">
                  <placeName type="grossregion" ref="/geodata-wboe.xml#p1B.0">OTir.</placeName>
                </usg>
                <usg type="geo">
                  <placeName type="bundesland" ref="/geodata-wboe.xml#p1C">NTir.</placeName>
                </usg>
                <usg type="geo">
                  <placeName type="bundesland" ref="/geodata-wboe.xml#p2">Ktn.</placeName>
                </usg>
                <usg type="geo">
                  <placeName type="bundesland" ref="/geodata-wboe.xml#p3">Stmk.</placeName>
                </usg>
                <usg type="geo">
                  <placeName type="bundesland" ref="/geodata-wboe.xml#p4">Sbg.</placeName>
                </usg>
                <usg type="geo">
                  <placeName type="bundesland" ref="/geodata-wboe.xml#p5">OÖ</placeName>
                </usg>
                <usg type="geo">
                  <placeName type="grossregion" ref="/geodata-wboe.xml#p6.1">Mostv.</placeName>
                </usg>
                <usg type="geo">
                  <placeName type="grossregion" ref="/geodata-wboe.xml#p6.2">Industriev.</placeName>
                </usg>
                <usg type="geo">
                  <placeName type="grossregion" ref="/geodata-wboe.xml#p6.4">Weinv.</placeName>
                </usg>
                <usg type="geo">
                  <placeName type="grossregion" ref="/geodata-wboe.xml#p6.5">Wien</placeName>
                </usg>
                <usg type="geo">
                  <placeName type="grossregion" ref="/geodata-wboe.xml#p7.1">NBgl.</placeName>
                </usg>
                <usg type="geo">
                  <placeName type="grossregion" ref="/geodata-wboe.xml#p7.3">SBgl.</placeName>
                </usg>
                <cit type="example">
                  <quote xml:lang="bar-AT">Hår éf da Fud</quote>
                  <usg type="geo">
                    <placeName type="gemeinde" ref="/geodata-wboe.xml#p1C.3d02">Wildschönau</placeName>
                  </usg>
                </cit>
                <cit type="example">
                  <quote xml:lang="bar-AT">Wia di Lipm, sǫu di Fūd</quote>
                  <usg type="geo">
                    <placeName type="gemeinde" ref="/geodata-wboe.xml#p3.1i01">Weißkirchen in Steiermark</placeName>
                  </usg>
                </cit>
                <ptr type="collection" subtype="bedeutung" target="/collections-wboe.xml#c8724"/>
              </sense>
              <sense>
                <def>Gesäß; Hintern</def>
                <usg type="geo">
                  <placeName type="grossregion" ref="/geodata-wboe.xml#p1C.1">wNTir.</placeName>
                </usg>
                <usg type="geo">
                  <placeName type="grossregion" ref="/geodata-wboe.xml#p1C.2">mNTir.</placeName>
                </usg>
                <usg type="geo">
                  <placeName type="grossregion" ref="/geodata-wboe.xml#p1B.0">OTir.</placeName>
                </usg>
                <usg type="geo">
                  <placeName type="grossregion" ref="/geodata-wboe.xml#p5.4">Mühlv.</placeName>
                </usg>
                <cit type="example">
                  <quote xml:lang="bar-AT">dear koⁿun mi im Fidli un im Arsch löcka</quote>
                  <usg type="geo">
                    <placeName type="gemeinde" ref="/geodata-wboe.xml#p1C.1k02">See</placeName>
                  </usg>
                </cit>
                <ptr type="collection" subtype="bedeutung" target="/collections-wboe.xml#c8726"/>
              </sense>
            </sense>
            <sense>
              <sense>
                <def type="umschreibung">abwertende Bezeichnung für eine Frau</def>
                <usg type="geo">
                  <placeName type="bundesland" ref="/geodata-wboe.xml#p1A">STir.</placeName>
                </usg>
                <usg type="geo">
                  <placeName type="grossregion" ref="/geodata-wboe.xml#p1B.0">OTir.</placeName>
                </usg>
                <usg type="geo">
                  <placeName type="bundesland" ref="/geodata-wboe.xml#p1C">NTir.</placeName>
                </usg>
                <ptr type="collection" subtype="bedeutung" target="/collections-wboe.xml#c8725"/>
              </sense>
              <sense>
                <def type="umschreibung">abwertende Bezeichnung für einen unaufrichtigen Mann oder ungeübten Arbeiter</def>
                <usg type="geo">
                  <placeName type="grossregion" ref="/geodata-wboe.xml#p1C.3">öNTir.</placeName>
                </usg>
                <cit type="example">
                  <quote xml:lang="bar-AT">Lustög mia Hoama / mia mân dö schean Bloma / Dö Alwenga dia Füd / Dö damâatns nid</quote>
                  <usg type="geo">
                    <placeName type="gemeinde" ref="/geodata-wboe.xml#p1C.3f02">Hopfgarten im Brixental</placeName>
                  </usg>
                </cit>
                <ptr type="collection" subtype="bedeutung" target="/collections-wboe.xml#c8723"/>
              </sense>
            </sense>
          </sense>
          <sense>
            <sense>
              <def>Geschlechtsteil der Kuh</def>
              <usg type="geo">
                <placeName type="grossregion" ref="/geodata-wboe.xml#p1C.3">öNTir.</placeName>
              </usg>
              <ptr type="collection" subtype="bedeutung" target="/collections-wboe.xml#c8727"/>
            </sense>
            <sense>
              <def>Maul des Rindes</def>
              <usg type="geo">
                <placeName type="grossregion" ref="/geodata-wboe.xml#p2.1">ObKtn.</placeName>
              </usg>
              <ptr type="collection" subtype="bedeutung" target="/collections-wboe.xml#c8728"/>
            </sense>
          </sense>
        </sense>
        <re>
          <form subtype="compound" type="lemma">
            <orth>Bärfut</orth>
          </form>
          <sense>
            <sense>
              <def>männliches Schwein</def>
              <usg type="geo">
                <placeName type="grossregion" ref="/geodata-wboe.xml#p2.2">MKtn.</placeName>
              </usg>
              <ptr type="collection" subtype="bedeutung" target="/collections-wboe.xml#c8616"/>
            </sense>
            <sense>
              <def type="umschreibung">derber Schimpfname für eine leichtsinnige bzw. leichtlebige Frau</def>
              <usg type="geo">
                <placeName type="grossregion" ref="/geodata-wboe.xml#p2.2">MKtn.</placeName>
              </usg>
              <usg type="geo">
                <placeName type="bundesland" ref="/geodata-wboe.xml#p3">Stmk.</placeName>
              </usg>
              <ptr type="collection" subtype="bedeutung" target="/collections-wboe.xml#c8615"/>
            </sense>
          </sense>
        </re>
        <re>
          <form subtype="compound" type="lemma">
            <orth>Drischelfut</orth>
          </form>
          <sense>
            <sense>
              <def>Person, die beim Getreidedreschen den letzten Schlag macht</def>
              <usg type="geo">
                <placeName type="grossregion" ref="/geodata-wboe.xml#p5.2">Hausrv.</placeName>
              </usg>
              <ptr type="collection" subtype="bedeutung" target="/collections-wboe.xml#c8529"/>
            </sense>
          </sense>
        </re>
        <re>
          <form subtype="compound" type="lemma">
            <orth>Hennenfut</orth>
          </form>
          <sense>
            <sense>
              <def>Haushuhn</def>
              <usg type="geo">
                <placeName type="bundesland" ref="/geodata-wboe.xml#p1A">STir.</placeName>
              </usg>
              <usg type="geo">
                <placeName type="grossregion" ref="/geodata-wboe.xml#p1B.0">OTir.</placeName>
              </usg>
              <usg type="geo">
                <placeName type="bundesland" ref="/geodata-wboe.xml#p1C">NTir.</placeName>
              </usg>
              <ptr type="collection" subtype="bedeutung" target="/collections-wboe.xml#c8535"/>
            </sense>
            <sense>
              <def type="umschreibung">Schimpfwort</def>
              <usg type="geo">
                <placeName type="bundesland" ref="/geodata-wboe.xml#p1A">STir.</placeName>
              </usg>
              <usg type="geo">
                <placeName type="grossregion" ref="/geodata-wboe.xml#p1B.0">OTir.</placeName>
              </usg>
              <usg type="geo">
                <placeName type="bundesland" ref="/geodata-wboe.xml#p1C">NTir.</placeName>
              </usg>
              <ptr type="collection" subtype="bedeutung" target="/collections-wboe.xml#c8533"/>
            </sense>
          </sense>
        </re>
        <re>
          <form subtype="compound" type="lemma">
            <orth>Hundsfut</orth>
          </form>
          <sense>
            <sense>
              <def>Hündin</def>
              <usg type="geo">
                <placeName type="grossregion" ref="/geodata-wboe.xml#p1B.0">OTir.</placeName>
              </usg>
              <ptr type="collection" subtype="bedeutung" target="/collections-wboe.xml#c8553"/>
            </sense>
            <sense>
              <sense>
                <def type="umschreibung">Schimpfname für einen Hund</def>
                <usg type="geo">
                  <placeName type="grossregion" ref="/geodata-wboe.xml#p6.3">Waldv.</placeName>
                </usg>
                <ptr type="collection" subtype="bedeutung" target="/collections-wboe.xml#c8567"/>
              </sense>
              <sense>
                <sense>
                  <def type="umschreibung">derber Schimpfname für einen feigen, niederträchtigen, charakterlosen, unsittlichen Menschen</def>
                  <usg type="geo">
                    <placeName type="bundesland" ref="/geodata-wboe.xml#p1A">STir.</placeName>
                  </usg>
                  <usg type="geo">
                    <placeName type="grossregion" ref="/geodata-wboe.xml#p1B.0">OTir.</placeName>
                  </usg>
                  <usg type="geo">
                    <placeName type="bundesland" ref="/geodata-wboe.xml#p1C">NTir.</placeName>
                  </usg>
                  <usg type="geo">
                    <placeName type="grossregion" ref="/geodata-wboe.xml#p2.2">MKtn.</placeName>
                  </usg>
                  <usg type="geo">
                    <placeName type="grossregion" ref="/geodata-wboe.xml#p3.3">WStmk.</placeName>
                  </usg>
                  <usg type="geo">
                    <placeName type="bundesland" ref="/geodata-wboe.xml#p4">Sbg.</placeName>
                  </usg>
                  <usg type="geo">
                    <placeName type="bundesland" ref="/geodata-wboe.xml#p5">OÖ</placeName>
                  </usg>
                  <usg type="geo">
                    <placeName type="grossregion" ref="/geodata-wboe.xml#p6.1">Mostv.</placeName>
                  </usg>
                  <usg type="geo">
                    <placeName type="grossregion" ref="/geodata-wboe.xml#p6.4">Weinv.</placeName>
                  </usg>
                  <usg type="geo">
                    <placeName type="grossregion" ref="/geodata-wboe.xml#p6.5">Wien</placeName>
                  </usg>
                  <cit type="example">
                    <quote xml:lang="bar-AT">Du Hundtsfud du!</quote>
                    <usg type="geo">
                      <placeName type="gemeinde" ref="/geodata-wboe.xml#p1C.3f02">Hopfgarten im Brixental</placeName>
                    </usg>
                  </cit>
                  <cit type="example">
                    <quote xml:lang="bar-AT">Hundsfutt gstunkne i brunz di aoun</quote>
                    <usg type="geo">
                      <placeName type="gemeinde" ref="/geodata-wboe.xml#p3.3d01">Deutschlandsberg</placeName>
                    </usg>
                  </cit>
                  <cit type="example">
                    <quote xml:lang="bar-AT">der is a rechtö Hundsfud</quote>
                    <usg type="geo">
                      <placeName type="gemeinde" ref="/geodata-wboe.xml#p5.4h06">Pabneukirchen</placeName>
                    </usg>
                  </cit>
                  <ptr type="collection" subtype="bedeutung" target="/collections-wboe.xml#c8544"/>
                </sense>
                <sense>
                  <def>Gauner; Spitzbube</def>
                  <usg type="geo">
                    <placeName type="grossregion" ref="/geodata-wboe.xml#p7.2">MBgl.</placeName>
                  </usg>
                  <ptr type="collection" subtype="bedeutung" target="/collections-wboe.xml#c8565"/>
                </sense>
              </sense>
              <sense>
                <def type="umschreibung">abwertende Bezeichnung für den letzten bzw. jüngsten Getreidedrescher</def>
                <usg type="geo">
                  <placeName type="grossregion" ref="/geodata-wboe.xml#p5.1">Innv.</placeName>
                </usg>
                <ptr type="collection" subtype="bedeutung" target="/collections-wboe.xml#c8559"/>
              </sense>
            </sense>
            <sense>
              <def>eingenähter Fleck am Knie einer kurzen Bauernhose</def>
              <usg type="geo">
                <placeName type="grossregion" ref="/geodata-wboe.xml#p1A.2">mSTir.</placeName>
                <placeName type="bundesland" ref="/geodata-wboe.xml#p1A">STir.</placeName>
              </usg>
              <ptr type="collection" subtype="bedeutung" target="/collections-wboe.xml#c8568"/>
            </sense>
          </sense>
        </re>
        <re>
          <form subtype="compound" type="lemma">
            <orth>Hühnerfut</orth>
          </form>
          <sense>
            <sense>
              <sense>
                <def>Person, die viel weint und jammert und sich über alles beklagt</def>
                <usg type="geo">
                  <placeName type="bundesland" ref="/geodata-wboe.xml#p3">Stmk.</placeName>
                </usg>
                <ptr type="collection" subtype="bedeutung" target="/collections-wboe.xml#c8578"/>
              </sense>
              <sense>
                <def>Feigling</def>
                <usg type="geo">
                  <placeName type="grossregion" ref="/geodata-wboe.xml#p5.4">Mühlv.</placeName>
                </usg>
                <ptr type="collection" subtype="bedeutung" target="/collections-wboe.xml#c8579"/>
              </sense>
            </sense>
          </sense>
        </re>
        <re>
          <form subtype="compound" type="lemma">
            <orth>Kletzenfut</orth>
          </form>
          <sense>
            <sense>
              <def>selten gewaschene Vulva</def>
              <usg type="geo">
                <placeName type="grossregion" ref="/geodata-wboe.xml#p5.2">Hausrv.</placeName>
              </usg>
              <ptr type="collection" subtype="bedeutung" target="/collections-wboe.xml#c8581"/>
            </sense>
          </sense>
        </re>
        <re>
          <form subtype="compound" type="lemma">
            <orth>Saufut</orth>
          </form>
          <sense>
            <sense>
              <sense>
                <def>Geschlechtsteil des weiblichen Schweins</def>
                <usg type="geo">
                  <placeName type="grossregion" ref="/geodata-wboe.xml#p6.1">Mostv.</placeName>
                </usg>
                <ptr type="collection" subtype="bedeutung" target="/collections-wboe.xml#c8593"/>
              </sense>
              <sense>
                <def>Schwanz des geschlachteten Schweins mit einem Stück Fleisch dran (für die Person, die beim Getreidedreschen den letzten Schlag macht)</def>
                <usg type="geo">
                  <placeName type="grossregion" ref="/geodata-wboe.xml#p5.4">Mühlv.</placeName>
                </usg>
                <ptr type="collection" subtype="bedeutung" target="/collections-wboe.xml#c8594"/>
              </sense>
            </sense>
            <sense>
              <def>Person, die beim Getreidedreschen den letzten Schlag macht</def>
              <usg type="geo">
                <placeName type="grossregion" ref="/geodata-wboe.xml#p5.4">Mühlv.</placeName>
              </usg>
              <usg type="geo">
                <placeName type="grossregion" ref="/geodata-wboe.xml#p5.3">Traunv.</placeName>
              </usg>
              <ptr type="collection" subtype="bedeutung" target="/collections-wboe.xml#c8611"/>
            </sense>
            <sense>
              <def type="umschreibung">Schimpfname</def>
              <usg type="geo">
                <placeName type="grossregion" ref="/geodata-wboe.xml#p5.3">Traunv.</placeName>
              </usg>
              <ptr type="collection" subtype="bedeutung" target="/collections-wboe.xml#c8591"/>
            </sense>
          </sense>
        </re>
        <re>
          <form subtype="compound" type="lemma">
            <orth>Schnappfut</orth>
          </form>
          <sense>
            <sense>
              <sense>
                <def>weibliches Geschlechtsorgan, das beim Orgasmus zu einer Verkrampfung oder Verspannung der Vaginalmuskulatur neigt (wird Frauen mit glatt übereinanderliegenden Lippen zugeschrieben)</def>
                <usg type="geo">
                  <placeName type="grossregion" ref="/geodata-wboe.xml#p6.1">Mostv.</placeName>
                </usg>
                <usg type="geo">
                  <placeName type="grossregion" ref="/geodata-wboe.xml#p6.2">Industriev.</placeName>
                </usg>
                <usg type="geo">
                  <placeName type="grossregion" ref="/geodata-wboe.xml#p6.5">Wien</placeName>
                </usg>
                <cit type="example">
                  <quote xml:lang="bar-AT">Schau dera ihri Lipn åⁿ - de håt a Schnappfud</quote>
                  <usg type="geo">
                    <placeName type="gemeinde" ref="/geodata-wboe.xml#p6.5i01">Alsergrund</placeName>
                  </usg>
                </cit>
                <ptr type="collection" subtype="bedeutung" target="/collections-wboe.xml#c8625"/>
              </sense>
            </sense>
          </sense>
        </re>
        <re>
          <form subtype="compound" type="lemma">
            <orth>Wunderfut</orth>
          </form>
          <sense>
            <sense>
              <def>neugierige Frau</def>
              <usg type="geo">
                <placeName type="bundesland" ref="/geodata-wboe.xml#p1A">STir.</placeName>
              </usg>
              <usg type="geo">
                <placeName type="grossregion" ref="/geodata-wboe.xml#p1B.0">OTir.</placeName>
              </usg>
              <usg type="geo">
                <placeName type="bundesland" ref="/geodata-wboe.xml#p1C">NTir.</placeName>
              </usg>
              <ptr type="collection" subtype="bedeutung" target="/collections-wboe.xml#c8525"/>
            </sense>
          </sense>
        </re>
        <re type="redewendung">
          <form subtype="MWE" type="lemma">
            <orth>Der steht gewiss ein Härchen hinein in die Fut</orth>
          </form>
          <sense>
            <def type="umschreibung">Spruch für eine Frau, der eine verärgerte Wesensart nachgesagt wird</def>
            <usg type="geo">
              <placeName type="grossregion" ref="/geodata-wboe.xml#p3.5">OStmk.</placeName>
            </usg>
            <cit type="example">
              <quote xml:lang="bar-AT">dea schteht gwiß a Hārl eini in d' Fut</quote>
              <usg type="geo">
                <placeName type="gemeinde" ref="/geodata-wboe.xml#p3.5h02">Buch-St. Magdalena</placeName>
              </usg>
            </cit>
            <ptr type="collection" subtype="bedeutung" target="/collections-wboe.xml#c8735"/>
          </sense>
        </re>
        <re type="redewendung">
          <form subtype="MWE" type="lemma">
            <orth>Die Fut, die sitzt am Fensterbrett und kämmt ihre Haare, der Beutel ist im Krankenhaus und schiebt als wie ein Narr</orth>
          </form>
          <sense>
            <def type="umschreibung">Spruch</def>
            <usg type="geo">
              <placeName type="grossregion" ref="/geodata-wboe.xml#p5.2">Hausrv.</placeName>
            </usg>
            <cit type="example">
              <quote xml:lang="bar-AT">Die Fut die sitzt am Fensterbrett / und kamplt ihre Håar / Der Beudl is im Kranknhaus / Und schiabt als wia a Narr</quote>
              <usg type="geo">
                <placeName type="gemeinde" ref="/geodata-wboe.xml#p5.2a39">Traun</placeName>
              </usg>
            </cit>
            <ptr type="collection" subtype="bedeutung" target="/collections-wboe.xml#c8736"/>
          </sense>
        </re>
        <re type="redewendung">
          <form subtype="MWE" type="lemma">
            <orth>Die Liebe, die Fut, tut halt so</orth>
          </form>
          <sense>
            <def type="umschreibung">Spruch</def>
            <usg type="geo">
              <placeName type="grossregion" ref="/geodata-wboe.xml#p1A.2">mSTir.</placeName>
            </usg>
          </sense>
          <cit type="example">
            <quote xml:lang="bar-AT">Dė Liab, dė Futt, tuat ålt asou</quote>
            <usg type="geo">
              <placeName type="gemeinde" ref="/geodata-wboe.xml#p1A.3b01">Sarntal</placeName>
            </usg>
          </cit>
          <ptr type="collection" subtype="MWE" target="/collections-wboe.xml#c8730"/>
        </re>
        <re type="redewendung">
          <form subtype="MWE" type="lemma">
            <orth>Ein schönes Gesicht macht der Fut einen Zugang</orth>
          </form>
          <sense>
            <def type="umschreibung">Spruch</def>
            <usg type="geo">
              <placeName type="grossregion" ref="/geodata-wboe.xml#p7.1">NBgl.</placeName>
            </usg>
            <cit type="example">
              <quote xml:lang="bar-AT">ein schönes Gsicht macht da Fud an Zuagang</quote>
              <usg type="geo">
                <placeName type="gemeinde" ref="/geodata-wboe.xml#p7.1b04">Neusiedl am See</placeName>
              </usg>
            </cit>
            <ptr type="collection" subtype="bedeutung" target="/collections-wboe.xml#c8729"/>
          </sense>
        </re>
        <re type="redewendung">
          <form subtype="MWE" type="lemma">
            <orth>Jemanden reißt es umeinander wie die Fut am Kirchtag</orth>
          </form>
          <sense>
            <def>jemand läuft hektisch und geschäftig herum</def>
            <usg type="geo">
              <placeName type="grossregion" ref="/geodata-wboe.xml#p5.2">Hausrv.</placeName>
            </usg>
            <cit type="example">
              <quote xml:lang="bar-AT">den raęstß ũmɒnõ̩d wiɒ pfūd ėŋ khirėto̩g</quote>
              <usg type="geo">
                <placeName type="gemeinde" ref="/geodata-wboe.xml#p5.2b46">Weibern</placeName>
              </usg>
            </cit>
            <ptr type="collection" subtype="bedeutung" target="/collections-wboe.xml#c8626"/>
          </sense>
        </re>
        <re type="redewendung">
          <form subtype="MWE" type="lemma">
            <orth>recht rauh der Bauch, recht gut die Fut</orth>
          </form>
          <sense>
            <def type="umschreibung">Spruch mit Bezug auf eine unbehaarte Vulva</def>
            <usg type="geo">
              <placeName type="grossregion" ref="/geodata-wboe.xml#p1C.2">mNTir.</placeName>
            </usg>
            <cit type="example">
              <quote xml:lang="bar-AT">Recht rauch der Bauch / recht gut die Fut</quote>
              <usg type="geo">
                <placeName type="gemeinde" ref="/geodata-wboe.xml#p1C.2a10">Hall in Tirol</placeName>
              </usg>
            </cit>
            <ptr type="collection" subtype="bedeutung" target="/collections-wboe.xml#c8732"/>
          </sense>
        </re>
        <re type="redewendung">
          <form subtype="MWE" type="lemma">
            <orth>Wegen einem hässlichen Gesicht müssen oft die besten Futen verderben</orth>
          </form>
          <sense>
            <def type="umschreibung">Spruch</def>
            <usg type="geo">
              <placeName type="grossregion" ref="/geodata-wboe.xml#p1C.3">öNTir.</placeName>
            </usg>
            <cit type="example">
              <quote xml:lang="bar-AT">Wegn an schiachn Gsicht müaßn oft dö böstn Füd fadörbn</quote>
              <usg type="geo">
                <placeName type="gemeinde" ref="/geodata-wboe.xml#p1C.3f02">Hopfgarten im Brixental</placeName>
              </usg>
            </cit>
            <ptr type="collection" subtype="bedeutung" target="/collections-wboe.xml#c8733"/>
          </sense>
        </re>
        <re type="redewendung">
          <form subtype="MWE" type="lemma">
            <orth>wie die Lippen, so die Fut</orth>
          </form>
          <sense>
            <def type="umschreibung">Spruch</def>
            <usg type="geo">
              <placeName type="grossregion" ref="/geodata-wboe.xml#p3.1">sbair.ObStmk.</placeName>
            </usg>
            <cit type="example">
              <quote xml:lang="bar-AT">Wia di Lipm, sǫu di Fūd"</quote>
              <usg type="geo">
                <placeName type="gemeinde" ref="/geodata-wboe.xml#p3.1i01">Weißkirchen in Steiermark</placeName>
              </usg>
            </cit>
            <ptr type="collection" subtype="bedeutung" target="/collections-wboe.xml#c8734"/>
          </sense>
        </re>
        <re type="redewendung">
          <xr type="lemma" subtype="compound">
            <ref>Hundsfut</ref>
          </xr>
          <form subtype="MWE" type="lemma">
            <orth>ein Mann ein Wort, ein Weib ein Hundsfut</orth>
          </form>
          <sense>
            <def type="umschreibung">Spruch zur Verurteilung der Untreue einer Frau</def>
            <usg type="geo">
              <placeName type="grossregion" ref="/geodata-wboe.xml#p1C.3">öNTir.</placeName>
            </usg>
            <cit type="example">
              <quote xml:lang="bar-AT">a Mǫn a Wort / a Waib a Hunᵈsfut</quote>
              <usg type="geo">
                <placeName type="gemeinde" ref="/geodata-wboe.xml#p1C.3b03">Thiersee</placeName>
              </usg>
            </cit>
            <ptr type="collection" subtype="bedeutung" target="/collections-wboe.xml#c8548"/>
          </sense>
        </re>
        <re type="redewendung">
          <xr type="lemma" subtype="compound">
            <ref>Kruzifut</ref>
          </xr>
          <form subtype="MWE" type="lemma">
            <orth>Kruzifut und keine Haare dran</orth>
          </form>
          <sense>
            <def>Fluch; im Zorn gesprochener Kraftausdruck</def>
            <usg type="geo">
              <placeName type="grossregion" ref="/geodata-wboe.xml#p5.2">Hausrv.</placeName>
            </usg>
            <cit type="example">
              <quote xml:lang="bar-AT">κruτσe φud ų̃nd κhå̃ɒ̃nė ho̩r τrå</quote>
              <usg type="geo">
                <placeName type="gemeinde" ref="/geodata-wboe.xml#p5.2b46">Weibern</placeName>
              </usg>
            </cit>
            <ptr type="collection" subtype="bedeutung" target="/collections-wboe.xml#c8587"/>
          </sense>
        </re>
        <re type="redewendung">
          <xr type="lemma" subtype="compound">
            <ref>Geißfut</ref>
          </xr>
          <form subtype="MWE" type="lemma">
            <orth>Haare wie eine angepinkelte Geißfut</orth>
          </form>
          <sense>
            <def>hellblondes, an den Spitzen verwaschenes Haar</def>
            <usg type="geo">
              <placeName type="grossregion" ref="/geodata-wboe.xml#p6.2">Industriev.</placeName>
            </usg>
            <cit type="example">
              <quote xml:lang="bar-AT">Hǭaʳ wiara voʳsǫachte Gǭasfūd</quote>
              <usg type="geo">
                <placeName type="gemeinde" ref="/geodata-wboe.xml#p6.2b20">Pfaffstätten</placeName>
              </usg>
            </cit>
            <ptr type="collection" subtype="bedeutung" target="/collections-wboe.xml#c8531"/>
          </sense>
        </re>
      </entry>
    </body>
  </text>
</TEI>