<?xml version="1.0" encoding="UTF-8"?>
    <?xml-model href="http://www.tei-c.org/release/xml/tei/custom/schema/relaxng/tei_all.rng" type="application/xml" schematypens="http://purl.oclc.org/dsdl/schematron"?>
    <?xml-model href="../../803_RNG-schematron/WBOE-ODD.rnc" type="application/relax-ng-compact-syntax"?>
<?redaktionstool version="0.6.8"?>
<TEI xmlns="http://www.tei-c.org/ns/1.0">
  <teiHeader>
    <fileDesc>
      <titleStmt>
        <title>Futteral</title>
        <respStmt>
          <resp>Editor</resp>
          <name ref="#SW">Sabine Wahl</name>
        </respStmt>
        <respStmt>
          <resp>Encoding Scheme</resp>
          <name>Jack Bowers</name>
          <name>Daniel Schopper</name>
          <name>Omar Siam</name>
        </respStmt>
        <respStmt>
          <resp>DBOE Team</resp>
          <name xml:id="AL">Alexandra N. Lenz</name>
          <name xml:id="PhS">Philipp Stöckle</name>
          <name xml:id="AG">Andreas Gellan</name>
          <name xml:id="PZ">Patrick Zeitlhuber</name>
          <name xml:id="SW">Sabine Wahl</name>
          <name xml:id="SS">Sonja Schwaiger</name>
          <name xml:id="AB">Angela Bergermayer</name>
          <name xml:id="EW">Eva Wahlmüller</name>
          <name xml:id="DG">David Gschösser</name>
          <name xml:id="StS">Stefanie Schöberl</name>
          <name xml:id="FF">Fabian Fleißner</name>
        </respStmt>
        <respStmt>
          <resp>Student assistants</resp>
          <name>Susanna Muhr</name>
          <name>Manuela Stütz</name>
          <name>Christina Hemetsberger</name>
        </respStmt>
      </titleStmt>
      <publicationStmt>
        <p></p>
      </publicationStmt>
      <sourceDesc>
        <list>
          <item>
            <label>Geo-data</label>
            <ptr xml:id="geo-inventory-WBOE" target="../geodata-wboe.xml"/>
          </item>
          <item>
            <label>Bibliography</label>
            <ptr xml:id="bibliography-WBOE" target="../bibl-wboe.xml"/>
          </item>
          <item>
            <label>WBOE-Slips</label>
            <ptr xml:id="slips-WBOE" target="../slips-wboe.xml"/>
          </item>
          <item>
            <label>WBOE-Collections</label>
            <ptr xml:id="collections-WBOE" target="../collections-wboe.xml"/>
          </item>
        </list>
      </sourceDesc>
    </fileDesc>
    <revisionDesc>
      <listChange>
        <change status="in progress" when="2020-11-12" who="#SW">Datensatz erstellt</change>
        <change status="peer correction" when="2020-11-13" who="#SW">V1</change>
        <change status="internal correction" when="2021-01-22" who="#SW">V2</change>
        <change status="external correction" when="2021-01-29" who="#SW">V3</change>
        <change status="external correction" when="2021-03-19" who="#SW">LK eingefügt</change>
        <change status="finished" when="2021-04-12" who="#SW">V4</change>
      </listChange>
    </revisionDesc>
  </teiHeader>
  <text>
    <body>
      <entry>
        <form type="lemma" xml:id="Futteral">
          <orth>Futteral</orth>
          <ptr type="collection" subtype="lemma" target="/collections-wboe.xml#c11788"/>
        </form>
        <gramGrp>
          <gram type="pos">Substantiv</gram>
          <gram type="gender">Neutrum</gram>
          <gram type="gender">Femininum</gram>
        </gramGrp>
        <usg type="geo">
          <placeName type="bundesland" ref="/geodata-wboe.xml#p1A">STir.</placeName>
        </usg>
        <usg type="geo">
          <placeName type="grossregion" ref="/geodata-wboe.xml#p1B.0">OTir.</placeName>
        </usg>
        <usg type="geo">
          <placeName type="bundesland" ref="/geodata-wboe.xml#p1C">NTir.</placeName>
        </usg>
        <usg type="geo">
          <placeName type="grossregion" ref="/geodata-wboe.xml#p2.1">ObKtn.</placeName>
        </usg>
        <usg type="geo">
          <placeName type="grossregion" ref="/geodata-wboe.xml#p2.2">MKtn.</placeName>
        </usg>
        <usg type="geo">
          <placeName type="grossregion" ref="/geodata-wboe.xml#p3.3">WStmk.</placeName>
        </usg>
        <usg type="geo">
          <placeName type="grossregion" ref="/geodata-wboe.xml#p3.5">OStmk.</placeName>
        </usg>
        <usg type="geo">
          <placeName type="grossregion" ref="/geodata-wboe.xml#p4.2">Pinzg.</placeName>
        </usg>
        <usg type="geo">
          <placeName type="grossregion" ref="/geodata-wboe.xml#p4.5">Flachg.</placeName>
        </usg>
        <usg type="geo">
          <placeName type="bundesland" ref="/geodata-wboe.xml#p5">OÖ</placeName>
        </usg>
        <usg type="geo">
          <placeName type="bundesland" ref="/geodata-wboe.xml#p6">NÖ</placeName>
        </usg>
        <usg type="geo">
          <placeName type="grossregion" ref="/geodata-wboe.xml#p6.5">Wien</placeName>
        </usg>
        <usg type="geo">
          <placeName type="grossregion" ref="/geodata-wboe.xml#p7.1">NBgl.</placeName>
        </usg>
        <usg type="geo">
          <placeName type="grossregion" ref="/geodata-wboe.xml#p7.2">MBgl.</placeName>
        </usg>
        <note type="kommentar" resp="#DG">Die ursprünglichen Betonungsverhältnisse des mittellateinischen Vorbildes wurden im gesamten Untersuchungsgebiet beibehalten, die Lautverhältnisse der betonten letzten und der unbetonten ersten Silbe teilweise an das Bairische angepasst oder entstellt. Nach mhd.
          <c>uo</c>richten sich regelhaft diejenigen Formen, die im Großteil des Untersuchungsgebietes mit fallenden
          <c>uə</c>- oder
          <c>uɒ</c>-Diphthongen
          <xr>
            <ref>fuətrǭ́l</ref>
            <ref>fuɒdɒrǫ́i</ref>
          </xr>oder im Weinviertel bzw. Burgenland mit typischen
          <c>ui</c>-Diphthongen belegt sind
          <xr>
            <ref>fuidɒrǭ́l</ref>
          </xr>. Formen mit
          <c>u</c>-Monophthong in Süd-, Ost- und Nordtirol, im Pinzgau bzw. in Wien
          <xr>
            <ref>fųtərǭ́l</ref>
            <ref>futɒrǫ́i</ref>
          </xr>deuten auf einen Einfluss der Schriftsprache hin. Zudem sind Formen mit
          <c>e</c>-Monophthongen belegt
          <xr>
            <ref>fedərǫ́i</ref>
          </xr>, bei denen wohl
          <c>Feder</c>eingekreuzt wurde, sowie mit
          <c>i</c>-Monophthongen
          <xr>
            <ref>fįtróü</ref>
            <ref>fįdɒrǫ́i</ref>
          </xr>und
          <c>o</c>-Monophthongen
          <xr>
            <ref>fǫtrǭ́l</ref>
          </xr>. Der inlautende alveolare Plosiv ist im Südbairischen und wohl unter schriftsprachlichem Einfluss teilweise im Südmittel- und Mittelbairischen als Fortis erhalten
          <xr>
            <ref>fuətrǭ́l</ref>
            <ref>fuitɒrǭ́l</ref>
          </xr>, im Mittelbairischen und teilweise im Südmittelbairischen dagegen intervokalisch lenisiert worden
          <xr>
            <ref>fuɒdɒrǫ́i</ref>
            <ref>fuidɒrǫ́i</ref>
          </xr>. Der Vokal der Mittelsilbe ist überall, meist gesenkt erhalten
          <xr>
            <ref>fuɒtɒrǭ́l</ref>
            <ref>fuɒdɒrǫ́i</ref>
          </xr>, im Südbairischen dagegen mitunter geschwunden, sodass die Form eine Silbe verloren hat
          <xr>
            <ref>fuətrǭ́l</ref>
          </xr>. Das betonte Lehnsuffix -
          <c>al</c>ist aufgrund seiner frühen Entlehnung meist verdumpft
          <xr>
            <ref>fųtərǭ́l</ref>
            <ref>fuɒdɒrǫ́i</ref>
          </xr>, in der Oststeiermark sowie im Weinviertel, in Wien und im Nordburgenland mitunter sogar bis zu einem
          <c>o</c>-Monophthong
          <xr>
            <ref>fuɒdɒrṓl</ref>
            <ref>fįtróü</ref>
          </xr>. Daneben finden sich auch vereinzelt
          <c>u</c>-Monophthonge
          <xr>
            <ref>fedɒrúl</ref>
          </xr>und
          <c>e</c>-Monophthonge
          <xr>
            <ref>fuitɒrəl</ref>
          </xr>. Der auslautende Liquid konnte sich im Südbairischen und östlichen Südmittelbairischen halten
          <xr>
            <ref>fuətrǭ́l</ref>
          </xr>oder wurde im Ostmittelbairischen des Weinviertel, Wiens und des Nordburgenlands teilweise wiederhergestellt
          <xr>
            <ref>fuɒdɒrṓl</ref>
          </xr>. Im westlichen Südmittelbairischen und Mittelbairischen wurde er dagegen größtenteils vokalisiert
          <xr>
            <ref>fuɒdɒrǫ́ü</ref>
            <ref>fuɒdɒrǫ́i</ref>
          </xr>.
        </note>
        <form type="dialect">
          <pron xml:lang="bar-AT">-futerål</pron>
          <pron xml:lang="bar-AT">fuɛtrą̂l</pron>
          <usg type="geo">
            <placeName type="bundesland" ref="/geodata-wboe.xml#p1A">STir.</placeName>
          </usg>
        </form>
        <form type="dialect">
          <pron xml:lang="bar-AT">-futerål</pron>
          <pron xml:lang="bar-AT">fuɛtrą̂l</pron>
          <usg type="geo">
            <placeName type="grossregion" ref="/geodata-wboe.xml#p1B.0">OTir.</placeName>
          </usg>
        </form>
        <form type="dialect">
          <pron xml:lang="bar-AT">futtaraler</pron>
          <gramGrp>
            <usg>[Pl.]</usg>
          </gramGrp>
          <usg type="geo">
            <placeName type="gemeinde" ref="/geodata-wboe.xml#p1C.2m01">Innsbruck</placeName>
          </usg>
        </form>
        <form type="dialect">
          <pron xml:lang="bar-AT">fotrōl</pron>
          <usg type="geo">
            <placeName type="gemeinde" ref="/geodata-wboe.xml#p1C.2a19">Schwaz</placeName>
          </usg>
        </form>
        <form type="dialect">
          <pron xml:lang="bar-AT">fuədərǫɫ</pron>
          <usg type="geo">
            <placeName type="gemeinde" ref="/geodata-wboe.xml#p1C.3b03">Thiersee</placeName>
          </usg>
        </form>
        <form type="dialect">
          <pron xml:lang="bar-AT">-fu͡et'rål</pron>
          <usg type="geo">
            <placeName type="gemeinde" ref="/geodata-wboe.xml#p2.1b04">Rangersdorf</placeName>
          </usg>
        </form>
        <form type="dialect">
          <pron xml:lang="bar-AT">fuᵃtarålr</pron>
          <gramGrp>
            <usg>[Pl.]</usg>
          </gramGrp>
          <usg type="geo">
            <placeName type="kleinregion" ref="/geodata-wboe.xml#p2.2d">obstGurkt.</placeName>
          </usg>
        </form>
        <form type="dialect">
          <pron xml:lang="bar-AT">fuətrǭl</pron>
          <usg type="geo">
            <placeName type="kleinregion" ref="/geodata-wboe.xml#p2.3g">Glant.</placeName>
          </usg>
        </form>
        <form type="dialect">
          <pron xml:lang="bar-AT">futtará̄̊l</pron>
          <usg type="geo">
            <placeName type="gemeinde" ref="/geodata-wboe.xml#p2.3n01">Klagenfurt</placeName>
          </usg>
        </form>
        <form type="dialect">
          <pron xml:lang="bar-AT">furterohl</pron>
          <usg type="geo">
            <placeName type="gemeinde" ref="/geodata-wboe.xml#p3.5k10">Gnas</placeName>
          </usg>
        </form>
        <form type="dialect">
          <pron xml:lang="bar-AT">futterål</pron>
          <usg type="geo">
            <placeName type="gemeinde" ref="/geodata-wboe.xml#p4.2a03">Krimml</placeName>
          </usg>
        </form>
        <form type="dialect">
          <pron xml:lang="bar-AT">φuɒdɒrǫ́e</pron>
          <usg type="geo">
            <placeName type="gemeinde" ref="/geodata-wboe.xml#p4.5b10">Obertrum am See</placeName>
          </usg>
        </form>
        <form type="dialect">
          <pron xml:lang="bar-AT">-fuadaråi</pron>
          <usg type="geo">
            <placeName type="gemeinde" ref="/geodata-wboe.xml#p4.5e01">Salzburg</placeName>
          </usg>
        </form>
        <form type="dialect">
          <pron xml:lang="bar-AT">fuədərǫ́ė</pron>
          <pron xml:lang="bar-AT">fūɒdɒrǫ́̄ẹ</pron>
          <usg type="geo">
            <placeName type="gemeinde" ref="/geodata-wboe.xml#p5.1c07">Mühlheim am Inn</placeName>
          </usg>
        </form>
        <form type="dialect">
          <pron xml:lang="bar-AT">fuɒdɒró̩ö</pron>
          <usg type="geo">
            <placeName type="gemeinde" ref="/geodata-wboe.xml#p5.2b46">Weibern</placeName>
          </usg>
        </form>
        <form type="dialect">
          <pron xml:lang="bar-AT">-fūadarå̄i</pron>
          <usg type="geo">
            <placeName type="gemeinde" ref="/geodata-wboe.xml#p5.2e01">Linz</placeName>
          </usg>
        </form>
        <form type="dialect">
          <pron xml:lang="bar-AT">fuədərål</pron>
          <pron xml:lang="bar-AT">-fuədəråöˡ</pron>
          <usg type="geo">
            <placeName type="gemeinde" ref="/geodata-wboe.xml#p5.3b02">Gmunden</placeName>
          </usg>
        </form>
        <form type="dialect">
          <pron xml:lang="bar-AT">fuɒdɒroö́</pron>
          <usg type="geo">
            <placeName type="gemeinde" ref="/geodata-wboe.xml#p5.4b13">Ulrichsberg</placeName>
          </usg>
        </form>
        <form type="dialect">
          <pron xml:lang="bar-AT">fūɒdɒrǫ́̄į</pron>
          <usg type="geo">
            <placeName type="gemeinde" ref="/geodata-wboe.xml#p5.4e04">Gallneukirchen</placeName>
          </usg>
        </form>
        <form type="dialect">
          <pron xml:lang="bar-AT">-fuadarål</pron>
          <usg type="geo">
            <placeName type="gemeinde" ref="/geodata-wboe.xml#p5.4h06">Pabneukirchen</placeName>
          </usg>
        </form>
        <form type="dialect">
          <pron xml:lang="bar-AT">fuɒdɒró̩̄ų̈</pron>
          <pron xml:lang="bar-AT">fuɒdɒró̩̄ų̈</pron>
          <gramGrp>
            <usg>[Pl.]</usg>
          </gramGrp>
          <usg type="geo">
            <placeName type="gemeinde" ref="/geodata-wboe.xml#p6.1d01">Allhartsberg</placeName>
          </usg>
        </form>
        <form type="dialect">
          <pron xml:lang="bar-AT">fuadarōi</pron>
          <usg type="geo">
            <placeName type="gemeinde" ref="/geodata-wboe.xml#p6.1p12">Türnitz</placeName>
          </usg>
        </form>
        <form type="dialect">
          <pron xml:lang="bar-AT">fuadarȧiˡ</pron>
          <usg type="geo">
            <placeName type="gemeinde" ref="/geodata-wboe.xml#p6.1s06">Sitzenberg-Reidling</placeName>
          </usg>
        </form>
        <form type="dialect">
          <pron xml:lang="bar-AT">fiərdərá̊l</pron>
          <usg type="geo">
            <placeName type="gemeinde" ref="/geodata-wboe.xml#p6.2h15">Krumbach</placeName>
          </usg>
        </form>
        <form type="dialect">
          <pron xml:lang="bar-AT">federul</pron>
          <usg type="geo">
            <placeName type="gemeinde" ref="/geodata-wboe.xml#p6.3d01">Groß Gerungs</placeName>
          </usg>
        </form>
        <form type="dialect">
          <pron xml:lang="bar-AT">fuidărá̊l</pron>
          <pron xml:lang="bar-AT">fidarål</pron>
          <usg type="geo">
            <placeName type="gemeinde" ref="/geodata-wboe.xml#p6.4e09">Röschitz</placeName>
          </usg>
        </form>
        <form type="dialect">
          <pron xml:lang="bar-AT">φitrō</pron>
          <usg type="geo">
            <placeName type="gemeinde" ref="/geodata-wboe.xml#p6.4d03">Drasenhofen</placeName>
          </usg>
        </form>
        <form type="dialect">
          <pron xml:lang="bar-AT">fuidrol</pron>
          <usg type="geo">
            <placeName type="kleinregion" ref="/geodata-wboe.xml#p6.4j">nwMarchfd.</placeName>
          </usg>
        </form>
        <form type="dialect">
          <pron xml:lang="bar-AT">fedərȯiˡ</pron>
          <usg type="geo">
            <placeName type="gemeinde" ref="/geodata-wboe.xml#p6.4k01">Angern an der March</placeName>
          </usg>
        </form>
        <form type="dialect">
          <pron xml:lang="bar-AT">fuaterå̱l</pron>
          <pron xml:lang="bar-AT">fuᵃdaro̱l</pron>
          <pron xml:lang="bar-AT">futɒrǫ́ⁱ</pron>
          <usg type="geo">
            <placeName type="grossregion" ref="/geodata-wboe.xml#p6.5">Wien</placeName>
          </usg>
        </form>
        <form type="dialect">
          <pron xml:lang="bar-AT">fidɒroɫ</pron>
          <pron xml:lang="bar-AT">fuidɒroɫ</pron>
          <pron xml:lang="bar-AT">fuidəróɫ</pron>
          <usg type="geo">
            <placeName type="gemeinde" ref="/geodata-wboe.xml#p7.1e08">Mörbisch am See</placeName>
          </usg>
        </form>
        <form type="dialect">
          <pron xml:lang="bar-AT">-fuⁱtɒrəl</pron>
          <usg type="geo">
            <placeName type="gemeinde" ref="/geodata-wboe.xml#p7.2b08">Pilgersdorf</placeName>
          </usg>
          <ptr type="collection" subtype="lautung" target="/collections-wboe.xml#c11961"/>
        </form>
        <etym>
          <cit type="etymon">
            <lang>mhd.</lang>
            <form>
              <orth>vuoterāl</orth>
            </form>
          </cit>
          <seg type="desc">nach
            <lang>mlat.</lang>
          </seg>
          <cit type="etymon">
            <form>
              <orth>fotrale</orth>
            </form>
          </cit>
          <seg type="desc">
            <date>(15. Jh.)</date>gebildet, einer Ableitung von
            <lang>mlat.</lang>
          </seg>
          <cit type="etymon">
            <form>
              <orth>fotrum</orth>
            </form>
            <def>Kapsel; Behälter</def>
          </cit>
          <seg type="desc">, das wiederum die Latinisierung von
            <lang>mhd.</lang>
          </seg>
          <cit type="etymon">
            <form>
              <orth>vuoter</orth>
            </form>
          </cit>
          <seg type="desc">bzw.
            <lang>mnd.</lang>
          </seg>
          <cit type="etymon">
            <form>
              <orth>vōder</orth>
            </form>
          </cit>
          <seg type="desc">ist</seg>
          <ref type="bibl" target="#Pfeifer2014">
            <lbl>vgl.</lbl>Pfeifer 2014
            <citedRange>388</citedRange>
          </ref>
          <ref type="bibl" target="#Lexer1878III">
            <lbl>vgl.</lbl>Lexer 1878 III
            <citedRange>575</citedRange>
          </ref>
          <seg type="desc">; siehe auch</seg>
          <cit type="etymon">
            <xr type="lemma">
              <ref target="Futter.xml#Futter">Futter</ref>
            </xr>
          </cit>
        </etym>
        <sense>
          <sense>
            <sense>
              <def>Behältnis (z. B. aus Holz oder Samt für Medaillen oder Schmuck)</def>
              <usg type="geo">
                <placeName type="grossregion" ref="/geodata-wboe.xml#p5.2">Hausrv.</placeName>
              </usg>
              <usg type="geo">
                <placeName type="grossregion" ref="/geodata-wboe.xml#p6.5">Wien</placeName>
              </usg>
              <cit type="example">
                <quote xml:lang="bar-AT">Gib's ɒ̊rmbånd ins Fuᵃterål!</quote>
                <usg type="geo">
                  <placeName type="grossregion" ref="/geodata-wboe.xml#p6.5">Wien</placeName>
                </usg>
              </cit>
              <ptr type="collection" subtype="bedeutung" target="/collections-wboe.xml#c11936"/>
            </sense>
            <sense>
              <def>Schutzhülle, Scheide für Messer, Waffen, Werkzeug</def>
              <usg type="geo">
                <placeName type="bundesland" ref="/geodata-wboe.xml#p1A">STir.</placeName>
              </usg>
              <usg type="geo">
                <placeName type="grossregion" ref="/geodata-wboe.xml#p1B.0">OTir.</placeName>
              </usg>
              <usg type="geo">
                <placeName type="bundesland" ref="/geodata-wboe.xml#p1C">NTir.</placeName>
              </usg>
              <ptr type="collection" subtype="bedeutung" target="/collections-wboe.xml#c11934"/>
            </sense>
            <sense>
              <def>Brillenetui</def>
              <usg type="geo">
                <placeName type="grossregion" ref="/geodata-wboe.xml#p4.2">Pinzg.</placeName>
              </usg>
              <usg type="geo">
                <placeName type="grossregion" ref="/geodata-wboe.xml#p5.3">Traunv.</placeName>
              </usg>
              <ptr type="collection" subtype="bedeutung" target="/collections-wboe.xml#c11932"/>
            </sense>
            <sense>
              <def>Schutzgehäuse der Taschenuhr</def>
              <usg type="geo">
                <placeName type="grossregion" ref="/geodata-wboe.xml#p5.1">Innv.</placeName>
              </usg>
              <ptr type="collection" subtype="bedeutung" target="/collections-wboe.xml#c11931"/>
            </sense>
            <sense>
              <def>Federschachtel der Kinder; (walzenförmige) Federbüchse</def>
              <usg type="geo">
                <placeName type="grossregion" ref="/geodata-wboe.xml#p6.3">Waldv.</placeName>
              </usg>
              <usg type="geo">
                <placeName type="grossregion" ref="/geodata-wboe.xml#p6.4">Weinv.</placeName>
              </usg>
              <usg type="geo">
                <placeName type="grossregion" ref="/geodata-wboe.xml#p7.1">NBgl.</placeName>
              </usg>
              <ptr type="collection" subtype="bedeutung" target="/collections-wboe.xml#c11930"/>
            </sense>
          </sense>
          <sense>
            <xr type="lemma">
              <lbl>nur</lbl>
              <ref>Futteraler</ref>
            </xr>
            <usg>(Plural)</usg>
            <def>Manschetten</def>
            <usg type="geo">
              <placeName type="bundesland" ref="/geodata-wboe.xml#p1C">NTir.</placeName>
            </usg>
            <usg type="geo">
              <placeName type="grossregion" ref="/geodata-wboe.xml#p2.2">MKtn.</placeName>
            </usg>
            <cit type="example">
              <quote xml:lang="bar-AT">dö Futtaraler bei die Hemdärmel</quote>
              <usg type="geo">
                <placeName type="gemeinde" ref="/geodata-wboe.xml#p1C.2m01">Innsbruck</placeName>
              </usg>
            </cit>
            <ptr type="collection" subtype="bedeutung" target="/collections-wboe.xml#c11926"/>
          </sense>
          <sense>
            <sense>
              <def>Büstenhalter</def>
              <usg>(gaunersprachlich)</usg>
              <usg type="geo">
                <placeName type="grossregion" ref="/geodata-wboe.xml#p6.5">Wien</placeName>
              </usg>
              <ptr type="collection" subtype="bedeutung" target="/collections-wboe.xml#c11927"/>
            </sense>
            <sense>
              <def>weibliche Geschlechtsteile</def>
              <usg>(gaunersprachlich)</usg>
              <usg type="geo">
                <placeName type="grossregion" ref="/geodata-wboe.xml#p6.5">Wien</placeName>
              </usg>
              <ptr type="collection" subtype="bedeutung" target="/collections-wboe.xml#c11928"/>
            </sense>
          </sense>
          <sense>
            <sense>
              <def>Nase</def>
              <usg type="geo">
                <placeName type="grossregion" ref="/geodata-wboe.xml#p2.2">MKtn.</placeName>
              </usg>
              <usg type="geo">
                <placeName type="grossregion" ref="/geodata-wboe.xml#p6.5">Wien</placeName>
              </usg>
              <ptr type="collection" subtype="bedeutung" target="/collections-wboe.xml#c11958"/>
            </sense>
            <sense>
              <def>große Nase</def>
              <usg type="geo">
                <placeName type="grossregion" ref="/geodata-wboe.xml#p6.4">Weinv.</placeName>
              </usg>
              <ptr type="collection" subtype="bedeutung" target="/collections-wboe.xml#c11959"/>
            </sense>
            <sense>
              <def>besonders gute, feine Nase</def>
              <usg type="geo">
                <placeName type="grossregion" ref="/geodata-wboe.xml#p5.3">Traunv.</placeName>
              </usg>
              <ptr type="collection" subtype="bedeutung" target="/collections-wboe.xml#c11960"/>
            </sense>
          </sense>
        </sense>
        <re>
          <form subtype="compound" type="lemma">
            <orth>Arschfutteral</orth>
          </form>
          <sense>
            <sense>
              <def>Hose</def>
              <usg type="geo">
                <placeName type="bundesland" ref="/geodata-wboe.xml#p1A">STir.</placeName>
              </usg>
              <usg type="geo">
                <placeName type="grossregion" ref="/geodata-wboe.xml#p1B.0">OTir.</placeName>
              </usg>
              <usg type="geo">
                <placeName type="bundesland" ref="/geodata-wboe.xml#p1C">NTir.</placeName>
              </usg>
              <ptr type="collection" subtype="bedeutung" target="/collections-wboe.xml#c11906"/>
            </sense>
          </sense>
        </re>
        <re>
          <form subtype="compound" type="lemma">
            <orth>Augenglasfutteral</orth>
          </form>
          <sense>
            <sense>
              <def>Brillenetui</def>
              <usg type="geo">
                <placeName type="grossregion" ref="/geodata-wboe.xml#p5.2">Hausrv.</placeName>
              </usg>
              <ptr type="collection" subtype="bedeutung" target="/collections-wboe.xml#c11907"/>
            </sense>
          </sense>
        </re>
        <re>
          <form subtype="compound" type="lemma">
            <orth>Hirnfutteral</orth>
          </form>
          <sense>
            <sense>
              <def>Schädeldecke</def>
              <usg>(scherzhaft)</usg>
              <usg type="geo">
                <placeName type="grossregion" ref="/geodata-wboe.xml#p4.5">Flachg.</placeName>
              </usg>
              <cit type="example">
                <quote xml:lang="bar-AT">deiⁿ zkloᵇms Hīanfuadaråi is ē nix wiaʳa schwizzadi Mistkrippm
                  <cit type="translation">
                    <quote xml:lang="de">dein zersprungenes Hirnfutteral ist ohnedies nichts als eine dampfende Mistgrube</quote>
                  </cit>
                </quote>
                <usg type="geo">
                  <placeName type="gemeinde" ref="/geodata-wboe.xml#p4.5e01">Salzburg</placeName>
                </usg>
              </cit>
              <ptr type="collection" subtype="bedeutung" target="/collections-wboe.xml#c11908"/>
            </sense>
          </sense>
        </re>
        <re>
          <form subtype="compound" type="lemma">
            <orth>Hornfutteral</orth>
          </form>
          <sense>
            <sense>
              <def>Schutzgehäuse der Taschenuhr aus Horn</def>
              <usg type="geo">
                <placeName type="grossregion" ref="/geodata-wboe.xml#p2.1">ObKtn.</placeName>
              </usg>
              <ptr type="collection" subtype="bedeutung" target="/collections-wboe.xml#c11909"/>
            </sense>
          </sense>
        </re>
        <re>
          <form subtype="compound" type="lemma">
            <orth>Lederfutteral</orth>
          </form>
          <sense>
            <sense>
              <def>Schutzgehäuse der Taschenuhr aus Leder</def>
              <usg type="geo">
                <placeName type="grossregion" ref="/geodata-wboe.xml#p2.1">ObKtn.</placeName>
              </usg>
              <ptr type="collection" subtype="bedeutung" target="/collections-wboe.xml#c11910"/>
            </sense>
          </sense>
        </re>
        <re>
          <form subtype="compound" type="lemma">
            <orth>Messerfutteral</orth>
          </form>
          <sense>
            <sense>
              <def>Schutzhülle, Scheide für Messer</def>
              <usg type="geo">
                <placeName type="grossregion" ref="/geodata-wboe.xml#p2.1">ObKtn.</placeName>
              </usg>
              <usg type="geo">
                <placeName type="grossregion" ref="/geodata-wboe.xml#p5.2">Hausrv.</placeName>
              </usg>
              <usg type="geo">
                <placeName type="grossregion" ref="/geodata-wboe.xml#p5.3">Traunv.</placeName>
              </usg>
              <usg type="geo">
                <placeName type="grossregion" ref="/geodata-wboe.xml#p5.4">Mühlv.</placeName>
              </usg>
              <usg type="geo">
                <placeName type="grossregion" ref="/geodata-wboe.xml#p6.1">Mostv.</placeName>
              </usg>
              <usg type="geo">
                <placeName type="grossregion" ref="/geodata-wboe.xml#p7.2">MBgl.</placeName>
              </usg>
              <ptr type="collection" subtype="bedeutung" target="/collections-wboe.xml#c11911"/>
            </sense>
          </sense>
        </re>
        <re>
          <form subtype="compound" type="lemma">
            <orth>Nasenfutteral</orth>
          </form>
          <sense>
            <sense>
              <def>künstliche Nase</def>
              <usg type="geo">
                <placeName type="grossregion" ref="/geodata-wboe.xml#p5.4">Mühlv.</placeName>
              </usg>
              <ptr type="collection" subtype="bedeutung" target="/collections-wboe.xml#c11912"/>
            </sense>
          </sense>
        </re>
        <re>
          <form subtype="compound" type="lemma">
            <orth>Seelenfutteral</orth>
          </form>
          <sense>
            <sense>
              <def>Leib; Körper</def>
              <usg type="geo">
                <placeName type="grossregion" ref="/geodata-wboe.xml#p6.5">Wien</placeName>
              </usg>
              <ptr type="collection" subtype="bedeutung" target="/collections-wboe.xml#c11914"/>
            </sense>
          </sense>
        </re>
        <re type="redewendung">
          <xr type="lemma">
            <ref target="#Futteral">Futteral</ref>
          </xr>
          <form subtype="MWE" type="lemma">
            <orth>ein Futteral aufhinmachen</orth>
          </form>
          <sense>
            <def>die Augen verbinden</def>
            <usg type="geo">
              <placeName type="grossregion" ref="/geodata-wboe.xml#p2.2">MKtn.</placeName>
            </usg>
            <cit type="example">
              <quote xml:lang="bar-AT">a Futtará̄̊l auffimå̄chn</quote>
              <usg type="geo">
                <placeName type="gemeinde" ref="/geodata-wboe.xml#p2.3n01">Klagenfurt</placeName>
              </usg>
            </cit>
            <ptr type="collection" subtype="bedeutung" target="/collections-wboe.xml#c11922"/>
          </sense>
        </re>
        <re type="redewendung">
          <xr type="variant" subtype="compound">
            <ref>Nasenfutteral</ref>
          </xr>
          <form subtype="MWE" type="lemma">
            <orth>
              <?comment deffad: In diesem Fall = "müsste" (wegen: wenn es eines gäbe)? Sonst "sie wird wohl" oder " sie hat anscheinend"?>
              <?comment ö da N. = in der Nase oder an der Nase??>
              Jemand müsste ein Nasenfutteral haben - wenn es eines gäbe - so empfindlich ist jemand in der Nase
            </orth>
          </form>
          <sense>
            <def type="umschreibung">Redensart, die beschreibt, dass eine Person eine sehr gute/feine Nase hat</def>
            <usg type="geo">
              <placeName type="grossregion" ref="/geodata-wboe.xml#p5.3">Traunv.</placeName>
            </usg>
            <cit type="example">
              <quote xml:lang="bar-AT">dę̄ dęffad a Năsen-_Fuədərål håm, -wąn's ǫaⁿs göwad; so ęmpfindlö īs aʳ ö da N.</quote>
              <usg type="geo">
                <placeName type="gemeinde" ref="/geodata-wboe.xml#p5.3b02">Gmunden</placeName>
              </usg>
            </cit>
            <ptr type="collection" subtype="bedeutung" target="/collections-wboe.xml#c11913"/>
          </sense>
        </re>
      </entry>
    </body>
  </text>
</TEI>