<?xml version="1.0" encoding="UTF-8"?>
    <?xml-model href="http://www.tei-c.org/release/xml/tei/custom/schema/relaxng/tei_all.rng" type="application/xml" schematypens="http://purl.oclc.org/dsdl/schematron"?>
    <?xml-model href="../../803_RNG-schematron/WBOE-ODD.rnc" type="application/relax-ng-compact-syntax"?>
<?redaktionstool version="0.6.6"?>
<TEI xmlns="http://www.tei-c.org/ns/1.0">
  <teiHeader>
    <fileDesc>
      <titleStmt>
        <title>Fäckel</title>
        <respStmt>
          <resp>Editor</resp>
          <name ref="#AG">Andreas Gellan</name>
        </respStmt>
        <respStmt>
          <resp>Encoding Scheme</resp>
          <name>Jack Bowers</name>
          <name>Daniel Schopper</name>
          <name>Omar Siam</name>
        </respStmt>
        <respStmt>
          <resp>DBOE Team</resp>
          <name xml:id="AL">Alexandra N. Lenz</name>
          <name xml:id="PhS">Philipp Stöckle</name>
          <name xml:id="AG">Andreas Gellan</name>
          <name xml:id="PZ">Patrick Zeitlhuber</name>
          <name xml:id="SW">Sabine Wahl</name>
          <name xml:id="SS">Sonja Schwaiger</name>
          <name xml:id="JD">Jan Braun</name>
          <name xml:id="AB">Angela Bergermayer</name>
          <name xml:id="EW">Eva Wahlmüller</name>
          <name xml:id="DG">David Gschösser</name>
          <name xml:id="StS">Stefanie Schöberl</name>
          <name xml:id="FF">Fabian Fleißner</name>
        </respStmt>
        <respStmt>
          <resp>Student assistants</resp>
          <name>Eva Wahlmüller</name>
          <name>Susanna Muhr</name>
          <name>Alexandra Grohe</name>
          <name>Klemens Wagner</name>
          <name>Manuela Stütz</name>
          <name>Christina Hemetsberger</name>
        </respStmt>
      </titleStmt>
      <publicationStmt>
        <p></p>
      </publicationStmt>
      <sourceDesc>
        <list>
          <item>
            <label>Geo-data</label>
            <ptr xml:id="geo-inventory-WBOE" target="../geodata-wboe.xml"/>
          </item>
          <item>
            <label>Bibliography</label>
            <ptr xml:id="bibliography-WBOE" target="../bibl-wboe.xml"/>
          </item>
          <item>
            <label>WBOE-Slips</label>
            <ptr xml:id="slips-WBOE" target="../slips-wboe.xml"/>
          </item>
          <item>
            <label>WBOE-Collections</label>
            <ptr xml:id="collections-WBOE" target="../collections-wboe.xml"/>
          </item>
        </list>
      </sourceDesc>
    </fileDesc>
    <revisionDesc>
      <listChange>
        <change status="external correction" when="2018-09-31" who="#AG">Datensatz erstellt</change>
        <change status="external correction" when="2020-08-17" who="#AG">LK ist noch ausständig, umlemmatisiert, Anmerkungen eingearbeitet</change>
        <change status="finished" when="2020-10-15" who="#AG">finished</change>
      </listChange>
    </revisionDesc>
  </teiHeader>
  <text>
    <body>
      <entry>
        <form type="lemma" xml:id="Faeckel">
          <orth>Fäckel</orth>
        </form>
        <form type="lemma" xml:id="Feckel_">
          <orth>Feckel²</orth>
          <ptr type="collection" subtype="lemma" target="/collections-wboe.xml#c3542"/>
        </form>
        <gramGrp>
          <gram type="pos">Substantiv</gram>
          <gram type="gender">Maskulinum</gram>
        </gramGrp>
        <form type="variant" subtype="diminutive" xml:id="Faeckel">
          <orth>Fäckel</orth>
          <gramGrp>
            <gram type="gender">Neutrum</gram>
          </gramGrp>
        </form>
        <form type="variant" subtype="diminutive" xml:id="Feckel">
          <orth>Feckel</orth>
          <gramGrp>
            <gram type="gender">Neutrum</gram>
          </gramGrp>
        </form>
        <form type="variant" subtype="diminutive" xml:id="Faeckerl">
          <orth>Fäckerl</orth>
          <gramGrp>
            <gram type="gender">Neutrum</gram>
          </gramGrp>
        </form>
        <form type="variant" subtype="diminutive" xml:id="Feckerl">
          <orth>Feckerl</orth>
          <gramGrp>
            <gram type="gender">Neutrum</gram>
          </gramGrp>
        </form>
        <usg type="geo">
          <placeName type="grossregion" ref="/geodata-wboe.xml#p1B.0">OTir.</placeName>
        </usg>
        <usg type="geo">
          <placeName type="grossregion" ref="/geodata-wboe.xml#p3.4">MStmk.</placeName>
        </usg>
        <usg type="geo">
          <placeName type="grossregion" ref="/geodata-wboe.xml#p3.5">OStmk.</placeName>
        </usg>
        <usg type="geo">
          <placeName type="grossregion" ref="/geodata-wboe.xml#p4.1">Lung.</placeName>
        </usg>
        <usg type="geo">
          <placeName type="grossregion" ref="/geodata-wboe.xml#p4.3">Pong.</placeName>
        </usg>
        <usg type="geo">
          <placeName type="grossregion" ref="/geodata-wboe.xml#p5.1">Innv.</placeName>
        </usg>
        <usg type="geo">
          <placeName type="grossregion" ref="/geodata-wboe.xml#p5.2">Hausrv.</placeName>
        </usg>
        <usg type="geo">
          <placeName type="grossregion" ref="/geodata-wboe.xml#p5.4">Mühlv.</placeName>
        </usg>
        <usg type="geo">
          <placeName type="grossregion" ref="/geodata-wboe.xml#p6.1">Mostv.</placeName>
        </usg>
        <usg type="geo">
          <placeName type="grossregion" ref="/geodata-wboe.xml#p6.2">Industriev.</placeName>
        </usg>
        <note type="kommentar" resp="#FF">
          <xr></xr>Obwohl die Ableitungsbasis
          <c>
            <?comment Verweis auf Artikel noch einfügen?>
            Fack
          </c>einen Sekundärumlaut vermuten lassen würde, deuten die im gesamten Untersuchungsgebiet belegten
          <c>e</c>-Monophthonge unterschiedlicher Qualität auf einen geschlosseneren altsprachlichen Stammvokal hin
          <xr>
            <ref>ƒękl̥</ref>
          </xr>. Aufgrund der rundenden Kraft des auslautenden Liquids lassen sich vereinzelt gerundete Formen finden, etwa im Ostmittelbairischen oder Südbairischen Osttirols
          <xr>
            <ref>ƒǫ̈kl̥</ref>
          </xr>. In Teilen des Mittelbairischen und Südmittelbairischen liegen aufgrund der Konkurrenzsituation zwischen
          <c>e</c>-Synkope und
          <c>l</c>-Vokalisierung neben Varianten mit
          <c>l</c>-Erhalt auch Vokalisierungen mit unterschiedlicher Qualität vor, wobei im westlichen Ostmittelbairischen gerundete regional typische
          <c>ö</c>-haltige Formen belegt sind
          <xr>
            <ref>fękǫ̈</ref>
          </xr>. Ansonsten liegt wie im Pongau eine Abschwächung bzw. Entrundung zu
          <c>ə</c>vor
          <xr>
            <ref>ƒękə</ref>
          </xr>. Die Vokalisierung von -
          <c>əl</c>in der Stellung nach
          <c>k</c>beschränkt sich im Wesentlichen auf das Hausruckviertel, das Traunviertel sowie angrenzende Gebiete des Mühlviertels, Innviertels und des westlichen Südmittelbairischen. In den restlichen Regionen des Untersuchungsgebietes finden sich liquidhaltige
          <xr>
            <ref>ƒękl̥</ref>
          </xr>oder abgeschwächte bzw. offenere
          <c>ɒ</c>-haltige Endungen wie im Ostmittelbairischen
          <xr>
            <ref>fękɒl</ref>
          </xr>.
        </note>
        <form type="dialect">
          <pron xml:lang="bar-AT">föke</pron>
          <usg type="geo">
            <placeName type="gemeinde" ref="/geodata-wboe.xml#p1B.0e01">Prägraten am Großvenediger</placeName>
          </usg>
        </form>
        <form type="dialect">
          <pron xml:lang="bar-AT">fękl</pron>
          <usg type="geo">
            <placeName type="gemeinde" ref="/geodata-wboe.xml#p3.4b15">Kainbach bei Graz</placeName>
          </usg>
        </form>
        <form type="dialect">
          <pron xml:lang="bar-AT">fękl</pron>
          <usg>[Dim.]</usg>
          <usg type="geo">
            <placeName type="gemeinde" ref="/geodata-wboe.xml#p3.5j05">Feldbach</placeName>
          </usg>
        </form>
        <form type="dialect">
          <pron xml:lang="bar-AT">‑fekl</pron>
          <usg type="geo">
            <placeName type="grossregion" ref="/geodata-wboe.xml#p4.1">Lung.</placeName>
          </usg>
        </form>
        <form type="dialect">
          <pron xml:lang="bar-AT">fękei</pron>
          <usg>[Dim.]</usg>
          <usg type="geo">
            <placeName type="kleinregion" ref="/geodata-wboe.xml#p4.3d">Gr.Arlt.</placeName>
          </usg>
        </form>
        <form type="dialect">
          <pron xml:lang="bar-AT">vẹkʟ̣</pron>
          <usg type="geo">
            <placeName type="gemeinde" ref="/geodata-wboe.xml#p5.1e05">Münzkirchen</placeName>
          </usg>
        </form>
        <form type="dialect">
          <pron xml:lang="bar-AT">vẹkọ̈</pron>
          <usg type="geo">
            <placeName type="gemeinde" ref="/geodata-wboe.xml#p5.1f08">Kopfing im Innkreis</placeName>
          </usg>
        </form>
        <form type="dialect">
          <pron xml:lang="bar-AT">fėkl</pron>
          <usg type="geo">
            <placeName type="gemeinde" ref="/geodata-wboe.xml#p5.2a40">Waizenkirchen</placeName>
          </usg>
        </form>
        <form type="dialect">
          <pron xml:lang="bar-AT">φėkö</pron>
          <usg type="geo">
            <placeName type="gemeinde" ref="/geodata-wboe.xml#p5.2b46">Weibern</placeName>
          </usg>
        </form>
        <form type="dialect">
          <pron xml:lang="bar-AT">e̊ggöˡ</pron>
          <usg>[Dim.]</usg>
          <usg type="geo">
            <placeName type="gemeinde" ref="/geodata-wboe.xml#p5.2a17">Kirchberg-Thening</placeName>
          </usg>
        </form>
        <form type="dialect">
          <pron xml:lang="bar-AT">fėckgö</pron>
          <usg type="geo">
            <placeName type="gemeinde" ref="/geodata-wboe.xml#p5.4c04">Gramastetten</placeName>
          </usg>
        </form>
        <form type="dialect">
          <pron xml:lang="bar-AT">fėckgal</pron>
          <usg>[Dim.]</usg>
          <usg type="geo">
            <placeName type="gemeinde" ref="/geodata-wboe.xml#p5.4c04">Gramastetten</placeName>
          </usg>
        </form>
        <form type="dialect">
          <pron xml:lang="bar-AT">fekų̈</pron>
          <usg type="geo">
            <placeName type="gemeinde" ref="/geodata-wboe.xml#p5.4e04">Gallneukirchen</placeName>
          </usg>
        </form>
        <form type="dialect">
          <pron xml:lang="bar-AT">feke</pron>
          <usg type="geo">
            <placeName type="gemeinde" ref="/geodata-wboe.xml#p5.4f18">St. Oswald bei Freistadt</placeName>
          </usg>
        </form>
        <form type="dialect">
          <pron xml:lang="bar-AT">feikl</pron>
          <usg type="geo">
            <placeName type="gemeinde" ref="/geodata-wboe.xml#p6.1s02">Judenau-Baumgarten</placeName>
          </usg>
        </form>
        <form type="dialect">
          <pron xml:lang="bar-AT">φekʟ̥</pron>
          <usg type="geo">
            <placeName type="gemeinde" ref="/geodata-wboe.xml#p6.2c01">Altenmarkt an der Triesting</placeName>
          </usg>
        </form>
        <form type="dialect">
          <pron xml:lang="bar-AT">fökl</pron>
          <usg type="geo">
            <placeName type="gemeinde" ref="/geodata-wboe.xml#p6.2c07">Weissenbach an der Triesting</placeName>
          </usg>
          <ptr type="collection" subtype="lautung" target="/collections-wboe.xml#c652"/>
        </form>
        <etym>
          <seg type="desc"></seg>
          <seg type="desc">Ableitung von</seg>
          <cit type="etymon">
            <xr type="lemma">
              <ref target="Fack.xml">Fack, Facke</ref>
            </xr>
          </cit>
        </etym>
        <sense>
          <sense>
            <sense>
              <sense>
                <ref type="form"></ref>
                <def>männliches Schwein</def>
                <usg type="geo">
                  <placeName type="grossregion" ref="/geodata-wboe.xml#p5.2">Hausrv.</placeName>
                </usg>
                <ptr type="collection" subtype="bedeutung" target="/collections-wboe.xml#c653"/>
              </sense>
              <sense>
                <ref type="form"></ref>
                <def>kastriertes, männliches Schwein</def>
                <usg type="geo">
                  <placeName type="grossregion" ref="/geodata-wboe.xml#p5.2">Hausrv.</placeName>
                </usg>
                <usg type="geo">
                  <placeName type="grossregion" ref="/geodata-wboe.xml#p5.4">Mühlv.</placeName>
                </usg>
                <usg type="geo">
                  <placeName type="grossregion" ref="/geodata-wboe.xml#p6.2">Industriev.</placeName>
                </usg>
                <ptr type="collection" subtype="bedeutung" target="/collections-wboe.xml#c654"/>
              </sense>
            </sense>
            <sense>
              <sense>
                <ref type="form"></ref>
                <def>Ferkel</def>
                <usg type="geo">
                  <placeName type="grossregion" ref="/geodata-wboe.xml#p3.5">OStmk.</placeName>
                </usg>
                <usg type="geo">
                  <placeName type="grossregion" ref="/geodata-wboe.xml#p4.3">Pong.</placeName>
                </usg>
                <usg type="geo">
                  <placeName type="grossregion" ref="/geodata-wboe.xml#p5.2">Hausrv.</placeName>
                </usg>
                <usg type="geo">
                  <placeName type="grossregion" ref="/geodata-wboe.xml#p6.1">Mostv.</placeName>
                </usg>
                <ptr type="collection" subtype="bedeutung" target="/collections-wboe.xml#c655"/>
              </sense>
              <sense>
                <def>junges männliches Schwein</def>
                <usg type="geo">
                  <placeName type="grossregion" ref="/geodata-wboe.xml#p6.2">Industriev.</placeName>
                </usg>
                <ptr type="collection" subtype="bedeutung" target="/collections-wboe.xml#c656"/>
              </sense>
              <sense>
                <ref type="form"></ref>
                <def>junges, kastriertes Schwein</def>
                <usg type="geo">
                  <placeName type="grossregion" ref="/geodata-wboe.xml#p5.2">Hausrv.</placeName>
                </usg>
                <usg type="geo">
                  <placeName type="grossregion" ref="/geodata-wboe.xml#p5.4">Mühlv.</placeName>
                </usg>
                <ptr type="collection" subtype="bedeutung" target="/collections-wboe.xml#c657"/>
              </sense>
            </sense>
          </sense>
          <sense>
            <def>unreinliche Person</def>
            <usg type="geo">
              <placeName type="grossregion" ref="/geodata-wboe.xml#p5.2">Hausrv.</placeName>
            </usg>
            <cit type="example">
              <quote xml:lang="bar-AT">du φėkö du</quote>
              <usg type="geo">
                <placeName type="gemeinde" ref="/geodata-wboe.xml#p5.2b46">Weibern</placeName>
              </usg>
            </cit>
            <ptr type="collection" subtype="bedeutung" target="/collections-wboe.xml#c658"/>
          </sense>
        </sense>
        <re>
          <form subtype="compound" type="lemma">
            <orth>Dreckfäckel</orth>
          </form>
          <form subtype="compound" type="lemma">
            <orth>Dreckfeckel</orth>
          </form>
          <sense>
            <sense>
              <sense>
                <def>kastriertes, männliches Schwein</def>
                <usg type="geo">
                  <placeName type="grossregion" ref="/geodata-wboe.xml#p5.4">Mühlv.</placeName>
                </usg>
                <ptr type="collection" subtype="bedeutung" target="/collections-wboe.xml#c659"/>
              </sense>
            </sense>
            <sense>
              <sense>
                <def>unreinliche Person</def>
                <usg type="geo">
                  <placeName type="grossregion" ref="/geodata-wboe.xml#p5.2">Hausrv.</placeName>
                </usg>
                <cit type="example">
                  <quote xml:lang="bar-AT">du dreckvökl</quote>
                  <usg type="geo">
                    <placeName type="gemeinde" ref="/geodata-wboe.xml#p5.2a39">Traun</placeName>
                  </usg>
                </cit>
                <ptr type="collection" subtype="bedeutung" target="/collections-wboe.xml#c660"/>
              </sense>
            </sense>
          </sense>
        </re>
        <re>
          <form subtype="compound" type="lemma">
            <orth>Bärfäckel</orth>
          </form>
          <form subtype="compound" type="lemma">
            <orth>Bärfeckel</orth>
          </form>
          <sense>
            <sense>
              <sense>
                <def>kastriertes, männliches Schwein</def>
                <usg type="geo">
                  <placeName type="grossregion" ref="/geodata-wboe.xml#p5.2">Hausrv.</placeName>
                </usg>
                <usg type="geo">
                  <placeName type="grossregion" ref="/geodata-wboe.xml#p5.4">Mühlv.</placeName>
                </usg>
                <ptr type="collection" subtype="bedeutung" target="/collections-wboe.xml#c661"/>
              </sense>
            </sense>
            <sense>
              <sense>
                <def>junges, kastriertes Schwein</def>
                <usg type="geo">
                  <placeName type="grossregion" ref="/geodata-wboe.xml#p4.1">Lung.</placeName>
                </usg>
                <usg type="geo">
                  <placeName type="grossregion" ref="/geodata-wboe.xml#p5.4">Mühlv.</placeName>
                </usg>
                <ptr type="collection" subtype="bedeutung" target="/collections-wboe.xml#c662"/>
              </sense>
            </sense>
          </sense>
        </re>
      </entry>
    </body>
  </text>
</TEI>