<?xml version="1.0" encoding="UTF-8"?>
    <?xml-model href="http://www.tei-c.org/release/xml/tei/custom/schema/relaxng/tei_all.rng" type="application/xml" schematypens="http://purl.oclc.org/dsdl/schematron"?>
    <?xml-model href="../../803_RNG-schematron/WBOE-ODD.rnc" type="application/relax-ng-compact-syntax"?>
<?redaktionstool version="0.6.6"?>
<TEI xmlns="http://www.tei-c.org/ns/1.0">
  <teiHeader>
    <fileDesc>
      <titleStmt>
        <title>(Ge-)Fährte</title>
        <respStmt>
          <resp>Editor</resp>
          <name ref="#AG">Andreas Gellan</name>
        </respStmt>
        <respStmt>
          <resp>Encoding Scheme</resp>
          <name>Jack Bowers</name>
          <name>Daniel Schopper</name>
          <name>Omar Siam</name>
        </respStmt>
        <respStmt>
          <resp>DBOE Team</resp>
          <name xml:id="AL">Alexandra N. Lenz</name>
          <name xml:id="PhS">Philipp Stöckle</name>
          <name xml:id="AG">Andreas Gellan</name>
          <name xml:id="PZ">Patrick Zeitlhuber</name>
          <name xml:id="SW">Sabine Wahl</name>
          <name xml:id="SS">Sonja Schwaiger</name>
          <name xml:id="JD">Jan Braun</name>
          <name xml:id="AB">Angela Bergermayer</name>
          <name xml:id="EW">Eva Wahlmüller</name>
          <name xml:id="DG">David Gschösser</name>
          <name xml:id="StS">Stefanie Schöberl</name>
          <name xml:id="FF">Fabian Fleißner</name>
        </respStmt>
        <respStmt>
          <resp>Student assistants</resp>
          <name>Eva Wahlmüller</name>
          <name>Susanna Muhr</name>
          <name>Alexandra Grohe</name>
          <name>Klemens Wagner</name>
          <name>Manuela Stütz</name>
          <name>Christina Hemetsberger</name>
        </respStmt>
      </titleStmt>
      <publicationStmt>
        <p></p>
      </publicationStmt>
      <sourceDesc>
        <list>
          <item>
            <label>Geo-data</label>
            <ptr xml:id="geo-inventory-WBOE" target="../geodata-wboe.xml"/>
          </item>
          <item>
            <label>Bibliography</label>
            <ptr xml:id="bibliography-WBOE" target="../bibl-wboe.xml"/>
          </item>
          <item>
            <label>WBOE-Slips</label>
            <ptr xml:id="slips-WBOE" target="../slips-wboe.xml"/>
          </item>
          <item>
            <label>WBOE-Collections</label>
            <ptr xml:id="collections-WBOE" target="../collections-wboe.xml"/>
          </item>
        </list>
      </sourceDesc>
    </fileDesc>
    <revisionDesc>
      <listChange>
        <change status="external correction" when="2018-10-21" who="#AG">Datensatz erstellt</change>
        <change status="external correction" when="2020-02-24" who="#AG">Lautkommentar hinzugefügt</change>
        <change status="external correction" when="2020-08-26" who="#AG">LK nochmal hinzugefügt</change>
        <change status="finished" when="2020-10-05" who="#AG">Anmerkungen eingearbeitet</change>
      </listChange>
    </revisionDesc>
  </teiHeader>
  <text>
    <body>
      <entry>
        <form type="lemma" xml:id="Ge__Faehrte">
          <orth>(Ge-)Fährte</orth>
          <ptr type="collection" subtype="lemma" target="/collections-wboe.xml#c1120"/>
        </form>
        <gramGrp>
          <gram type="pos">Substantiv</gram>
          <gram type="gender">Femininum</gram>
        </gramGrp>
        <usg type="geo">
          <placeName type="bundesland" ref="/geodata-wboe.xml#p1A">STir.</placeName>
        </usg>
        <usg type="geo">
          <placeName type="grossregion" ref="/geodata-wboe.xml#p1B.0">OTir.</placeName>
        </usg>
        <usg type="geo">
          <placeName type="bundesland" ref="/geodata-wboe.xml#p1C">NTir.</placeName>
        </usg>
        <usg type="geo">
          <placeName type="bundesland" ref="/geodata-wboe.xml#p2">Ktn.</placeName>
        </usg>
        <usg type="geo">
          <placeName type="grossregion" ref="/geodata-wboe.xml#p3.1">sbair.ObStmk.</placeName>
        </usg>
        <usg type="geo">
          <placeName type="grossregion" ref="/geodata-wboe.xml#p3.3">WStmk.</placeName>
        </usg>
        <usg type="geo">
          <placeName type="bundesland" ref="/geodata-wboe.xml#p4">Sbg.</placeName>
        </usg>
        <usg type="geo">
          <placeName type="grossregion" ref="/geodata-wboe.xml#p5.1">Innv.</placeName>
        </usg>
        <usg type="geo">
          <placeName type="grossregion" ref="/geodata-wboe.xml#p5.3">Traunv.</placeName>
        </usg>
        <usg type="geo">
          <placeName type="grossregion" ref="/geodata-wboe.xml#p5.4">Mühlv.</placeName>
        </usg>
        <usg type="geo">
          <placeName type="grossregion" ref="/geodata-wboe.xml#p6.1">Mostv.</placeName>
        </usg>
        <usg type="geo">
          <placeName type="grossregion" ref="/geodata-wboe.xml#p6.2">Industriev.</placeName>
        </usg>
        <usg type="geo">
          <placeName type="grossregion" ref="/geodata-wboe.xml#p6.5">Wien</placeName>
        </usg>
        <note type="kommentar" resp="#FF">
          <xr></xr>Im gesamten Untersuchungsraum liegen fallende Diphthonge vor, die entweder wie im Südbairischen auf die Diphthongierung des Stammvokals
          <c>e</c>zurückgehen oder wie im Mittel- und Südbairischen auf Vokalisierung von
          <c>r</c>, mitunter erfolgte später eine Hebung des Onsets
          <xr>
            <ref>ƒęɒrtn̥</ref>
            <ref>fęɒdn̥</ref>
            <ref>ƒįɒtn̥</ref>
          </xr>. Steigende Diphthonge mit
          <c>r</c>-Erhalt reflektieren neben
          <c>e</c>-Monophthongen einen konservativeren Zustand im Süd- und Südmittelbairischen
          <xr>
            <ref>ƒẹirt</ref>
            <ref>ƒęrtə</ref>
          </xr>. Mitunter kommen auch prädentale frikativische Konsonanteneinschübe vor
          <xr>
            <ref>pfẹišdn̥</ref>
          </xr>. Anlautendes
          <c>f</c>tritt im Mittel- und Südmittelbairischen wie der auslautende Dental teilweise lenisiert auf
          <xr>
            <ref>fẹɒdn̥</ref>
          </xr>. Übermarkierte Affrikaten im Südmittelbairischen könnten auf eine ehemalige
          <c>ge</c>-Vorsilbe hindeuten
          <xr>
            <ref>pfẹišdn̥</ref>
          </xr>. Mit Ausnahme des Südbairischen, für das auch vokalische Nebensilben belegt sind
          <xr>
            <ref>ƒęrtə</ref>
          </xr>, herrschen
          <c>n</c>-haltige silbische Endungen vor
          <xr>
            <ref>ƒęadn̥</ref>
          </xr>. Apokopierte Formen ohne
          <c>n</c>sind für Tirol belegt
          <xr>
            <ref>ƒęirt</ref>
          </xr>.
        </note>
        <form type="dialect">
          <pron xml:lang="bar-AT">fẹirt</pron>
          <usg type="geo">
            <placeName type="bundesland" ref="/geodata-wboe.xml#p1B">OTir.</placeName>
          </usg>
        </form>
        <form type="dialect">
          <pron xml:lang="bar-AT">fe͜ₐrtn</pron>
          <pron xml:lang="bar-AT">fe͜ₐrtə</pron>
          <usg type="geo">
            <placeName type="gemeinde" ref="/geodata-wboe.xml#p2.3b05">Straßburg</placeName>
          </usg>
        </form>
        <form type="dialect">
          <pron xml:lang="bar-AT">feaʳtn</pron>
          <usg type="geo">
            <placeName type="gemeinde" ref="/geodata-wboe.xml#p3.1d03">Lobmingtal</placeName>
          </usg>
        </form>
        <form type="dialect">
          <pron xml:lang="bar-AT">pfəištn</pron>
          <usg type="geo">
            <placeName type="grossregion" ref="/geodata-wboe.xml#p3.3">WStmk.</placeName>
          </usg>
        </form>
        <form type="dialect">
          <pron xml:lang="bar-AT">fiətn</pron>
          <usg type="geo">
            <placeName type="gemeinde" ref="/geodata-wboe.xml#p5.1c07">Mühlheim am Inn</placeName>
          </usg>
        </form>
        <form type="dialect">
          <pron xml:lang="bar-AT">gföərt</pron>
          <usg type="geo">
            <placeName type="gemeinde" ref="/geodata-wboe.xml#p5.3b02">Gmunden</placeName>
          </usg>
        </form>
        <form type="dialect">
          <pron xml:lang="bar-AT">fe͜addn</pron>
          <usg type="geo">
            <placeName type="gemeinde" ref="/geodata-wboe.xml#p6.1n02">Dunkelsteinerwald</placeName>
          </usg>
        </form>
        <form type="dialect">
          <pron xml:lang="bar-AT">-fėaʳdn</pron>
          <usg type="geo">
            <placeName type="gemeinde" ref="/geodata-wboe.xml#p6.2e06">Schwarzau im Gebirge</placeName>
          </usg>
        </form>
        <form type="dialect">
          <pron xml:lang="bar-AT">feəʳtn̩</pron>
          <usg type="geo">
            <placeName type="grossregion" ref="/geodata-wboe.xml#p6.5">Wien</placeName>
          </usg>
          <ptr type="collection" subtype="lautung" target="/collections-wboe.xml#c1121"/>
        </form>
        <etym>
          <seg type="desc">Als Singular aufgefasster ursprünglicher Plural des Substantivs</seg>
          <cit type="etymon">
            <form>
              <orth>Fahrt</orth>
            </form>
          </cit>
          <seg type="desc"></seg>
          <seg type="desc"></seg>
          <cit type="etymon">
            <usg>–</usg>
          </cit>
          <seg type="desc">
            <lang>mhd.</lang>
          </seg>
          <seg type="desc"></seg>
          <seg type="desc"></seg>
          <cit type="etymon">
            <form>
              <orth>verte</orth>
            </form>
          </cit>
          <seg type="desc"></seg>
          <cit type="etymon"></cit>
          <seg type="desc">. Die Bedeutung geht über</seg>
          <cit type="etymon">
            <def>Wildwechsel; Weg des Wildes</def>
          </cit>
          <seg type="desc">zu</seg>
          <cit type="etymon">
            <def>Spur des Wildes</def>
          </cit>
          <seg type="desc">und ist in dieser Form und Bedeutung seit dem
            <date>18. Jh.</date>belegt.
            <ref type="bibl" target="Kluge 2011">
              <lbl>vgl.</lbl>Kluge 2011
              <citedRange>273</citedRange>
            </ref>
          </seg>
        </etym>
        <sense>
          <sense>
            <def>Wildfährte; Spur von Tieren (auch von Menschen)</def>
            <usg type="geo">
              <placeName type="bundesland" ref="/geodata-wboe.xml#p1A">STir.</placeName>
            </usg>
            <usg type="geo">
              <placeName type="bundesland" ref="/geodata-wboe.xml#p1B">OTir.</placeName>
            </usg>
            <usg type="geo">
              <placeName type="bundesland" ref="/geodata-wboe.xml#p1C">NTir.</placeName>
            </usg>
            <usg type="geo">
              <placeName type="grossregion" ref="/geodata-wboe.xml#p2.3">MKtn.</placeName>
            </usg>
            <usg type="geo">
              <placeName type="grossregion" ref="/geodata-wboe.xml#p3.1">sbair.ObStmk.</placeName>
            </usg>
            <usg type="geo">
              <placeName type="grossregion" ref="/geodata-wboe.xml#p3.3">WStmk.</placeName>
            </usg>
            <usg type="geo">
              <placeName type="grossregion" ref="/geodata-wboe.xml#p4.2">Pinzg.</placeName>
            </usg>
            <usg type="geo">
              <placeName type="grossregion" ref="/geodata-wboe.xml#p5.1">Innv.</placeName>
            </usg>
            <usg type="geo">
              <placeName type="grossregion" ref="/geodata-wboe.xml#p5.3">Traunv.</placeName>
            </usg>
            <usg type="geo">
              <placeName type="grossregion" ref="/geodata-wboe.xml#p5.4">Mühlv.</placeName>
            </usg>
            <usg type="geo">
              <placeName type="grossregion" ref="/geodata-wboe.xml#p6.1">Mostv.</placeName>
            </usg>
            <cit type="example">
              <quote xml:lang="bar-AT">a frischi Feaʳtn</quote>
              <usg type="geo">
                <placeName type="gemeinde" ref="/geodata-wboe.xml#p3.1d03">Lobmingtal</placeName>
              </usg>
            </cit>
            <cit type="example">
              <quote xml:lang="bar-AT">jez moan i samą af da richtiᵍn Pfēschtn</quote>
              <usg type="geo">
                <placeName type="gemeinde" ref="/geodata-wboe.xml#p4.2c01">Fusch an der Großglocknerstraße</placeName>
              </usg>
            </cit>
            <cit type="example">
              <quote xml:lang="bar-AT">hę̄ dös Gföərt - dęffada Mådəʳ saⁿ</quote>
              <usg type="geo">
                <placeName type="gemeinde" ref="/geodata-wboe.xml#p5.3b02">Gmunden</placeName>
              </usg>
            </cit>
            <ptr type="collection" subtype="bedeutung" target="/collections-wboe.xml#c1122"/>
          </sense>
          <sense>
            <sense>
              <def>Wegspur</def>
              <usg type="geo">
                <placeName type="bundesland" ref="/geodata-wboe.xml#p1A">STir.</placeName>
              </usg>
              <usg type="geo">
                <placeName type="grossregion" ref="/geodata-wboe.xml#p1B.0">OTir.</placeName>
              </usg>
              <usg type="geo">
                <placeName type="bundesland" ref="/geodata-wboe.xml#p1C">NTir.</placeName>
              </usg>
              <usg type="geo">
                <placeName type="grossregion" ref="/geodata-wboe.xml#p2.2">MKtn.</placeName>
              </usg>
              <usg type="geo">
                <placeName type="grossregion" ref="/geodata-wboe.xml#p5.3">Traunv.</placeName>
              </usg>
              <ptr type="collection" subtype="bedeutung" target="/collections-wboe.xml#c1125"/>
            </sense>
            <sense>
              <def>Fahrwasser; Fahrtrinne bei Schiffen</def>
              <usg type="geo">
                <placeName type="grossregion" ref="/geodata-wboe.xml#p5.3">Traunv.</placeName>
              </usg>
              <cit type="example">
                <quote xml:lang="bar-AT">an schlęchtn Gföərt</quote>
                <usg type="geo">
                  <placeName type="gemeinde" ref="/geodata-wboe.xml#p5.3b02">Gmunden</placeName>
                </usg>
              </cit>
              <ptr type="collection" subtype="bedeutung" target="/collections-wboe.xml#c1126"/>
            </sense>
          </sense>
        </sense>
        <re>
          <form subtype="compound" type="lemma">
            <orth>Gamsfährte</orth>
          </form>
          <sense>
            <sense>
              <def>Spur der Gämse</def>
              <usg type="geo">
                <placeName type="grossregion" ref="/geodata-wboe.xml#p6.2">Industriev.</placeName>
              </usg>
              <ptr type="collection" subtype="bedeutung" target="/collections-wboe.xml#c1123"/>
            </sense>
          </sense>
        </re>
        <re>
          <form subtype="compound" type="lemma">
            <orth>Hirschgefährte</orth>
          </form>
          <sense>
            <sense>
              <def>Spur des Hirsches</def>
              <usg type="geo">
                <placeName type="grossregion" ref="/geodata-wboe.xml#p5.3">Traunv.</placeName>
              </usg>
              <cit type="example">
                <quote xml:lang="bar-AT">wås is den dås fiə-r-a Gfört? a Hirs̄ch-Gfört</quote>
                <usg type="geo">
                  <placeName type="gemeinde" ref="/geodata-wboe.xml#p5.3b02">Gmunden</placeName>
                </usg>
              </cit>
              <ptr type="collection" subtype="bedeutung" target="/collections-wboe.xml#c1127"/>
            </sense>
          </sense>
        </re>
        <re>
          <form subtype="compound" type="lemma">
            <orth>Hundsfährte</orth>
          </form>
          <sense>
            <sense>
              <def>Spur des Hundes</def>
            </sense>
          </sense>
          <usg type="geo">
            <placeName type="grossregion" ref="/geodata-wboe.xml#p5.1">Innv.</placeName>
          </usg>
          <ptr type="collection" subtype="wortbildung" target="/collections-wboe.xml#c1128"/>
        </re>
        <re>
          <form subtype="compound" type="lemma">
            <orth>Rotfährte</orth>
          </form>
          <sense>
            <sense>
              <def>Spur des angeschossenen Wildtiers</def>
              <usg type="geo">
                <placeName type="grossregion" ref="/geodata-wboe.xml#p2.2">MKtn.</placeName>
              </usg>
              <usg type="geo">
                <placeName type="grossregion" ref="/geodata-wboe.xml#p6.5">Wien</placeName>
              </usg>
              <ptr type="collection" subtype="bedeutung" target="/collections-wboe.xml#c1129"/>
            </sense>
          </sense>
        </re>
        <re>
          <form subtype="compound" type="lemma">
            <orth>Schweißfährte</orth>
          </form>
          <sense>
            <sense>
              <def>Spur des angeschossenen Wildtiers</def>
              <usg type="geo">
                <placeName type="grossregion" ref="/geodata-wboe.xml#p2.3">MKtn.</placeName>
              </usg>
              <usg type="geo">
                <placeName type="grossregion" ref="/geodata-wboe.xml#p4.2">Pinzg.</placeName>
              </usg>
              <usg type="geo">
                <placeName type="grossregion" ref="/geodata-wboe.xml#p6.2">Industriev.</placeName>
              </usg>
              <usg type="geo">
                <placeName type="grossregion" ref="/geodata-wboe.xml#p6.5">Wien</placeName>
              </usg>
            </sense>
          </sense>
          <ptr type="collection" subtype="wortbildung" target="/collections-wboe.xml#c1130"/>
        </re>
        <re>
          <form subtype="compound" type="lemma">
            <orth>Wildfährte</orth>
          </form>
          <sense>
            <sense>
              <def>Spur des Wildtiers</def>
              <usg type="geo">
                <placeName type="grossregion" ref="/geodata-wboe.xml#p2.3">MKtn.</placeName>
              </usg>
            </sense>
          </sense>
          <ptr type="collection" subtype="wortbildung" target="/collections-wboe.xml#c1131"/>
        </re>
        <re>
          <form subtype="compound" type="lemma">
            <orth>Wildgefährte</orth>
          </form>
          <sense>
            <sense>
              <def>Spur des Wildtiers</def>
              <usg type="geo">
                <placeName type="grossregion" ref="/geodata-wboe.xml#p5.3">Traunv.</placeName>
              </usg>
              <cit type="example">
                <quote xml:lang="bar-AT">ön Schnę̄ siagst Wüˡdgförta bessa</quote>
                <usg type="geo">
                  <placeName type="gemeinde" ref="/geodata-wboe.xml#p5.3b02">Gmunden</placeName>
                </usg>
              </cit>
              <ptr type="collection" subtype="bedeutung" target="/collections-wboe.xml#c1132"/>
            </sense>
          </sense>
        </re>
        <re type="redewendung">
          <form subtype="MWE" type="lemma">
            <orth>auf die falsche Fährte geraten</orth>
          </form>
          <sense>
            <sense>
              <def>wenn man eine falsche Spur verfolgt und dadurch in die Irre geführt wird</def>
              <usg type="geo">
                <placeName type="grossregion" ref="/geodata-wboe.xml#p2.3">MKtn.</placeName>
              </usg>
              <cit type="example">
                <quote xml:lang="bar-AT">af fålsche Fe͜ₐrtə kchråtn</quote>
                <usg type="geo">
                  <placeName type="gemeinde" ref="/geodata-wboe.xml#p2.3b05">Straßburg</placeName>
                </usg>
              </cit>
            </sense>
          </sense>
          <ptr type="collection" subtype="MWE" target="/collections-wboe.xml#c1133"/>
        </re>
        <re type="redewendung">
          <form subtype="MWE" type="lemma">
            <orth>in anderer Fährte</orth>
          </form>
          <sense>
            <sense>
              <def>auf einmal</def>
              <usg type="geo">
                <placeName type="bundesland" ref="/geodata-wboe.xml#p2">Ktn.</placeName>
              </usg>
              <cit type="example">
                <quote xml:lang="bar-AT">in ànder fęrte</quote>
                <ref type="bibl" target="Kärntisches Wb.">Kärntisches Wb. 1862
                  <citedRange>90</citedRange>
                </ref>
                <usg type="geo">
                  <placeName type="bundesland" ref="/geodata-wboe.xml#p2">Ktn.</placeName>
                </usg>
              </cit>
            </sense>
          </sense>
          <ptr type="collection" subtype="MWE" target="/collections-wboe.xml#c1135"/>
        </re>
        <re type="redewendung">
          <form subtype="MWE" type="lemma">
            <orth>jemandem auf die Fährte gehen</orth>
          </form>
          <sense>
            <sense>
              <def>jemandem nachgehen, um ihn auf frischer Tat zu ertappen; jemandem auf die Spur kommen</def>
              <usg type="geo">
                <placeName type="grossregion" ref="/geodata-wboe.xml#p6.1">Mostv.</placeName>
              </usg>
              <cit type="example">
                <quote xml:lang="bar-AT">ma get oan af d'Feaʳtn</quote>
                <usg type="geo">
                  <placeName type="gemeinde" ref="/geodata-wboe.xml#p6.1s06">Sitzenberg-Reidling</placeName>
                </usg>
              </cit>
              <ptr type="collection" subtype="bedeutung" target="/collections-wboe.xml#c1136"/>
            </sense>
          </sense>
        </re>
        <re type="redewendung">
          <form subtype="MWE" type="lemma">
            <orth>auf der Fährte sein</orth>
          </form>
          <sense>
            <sense>
              <def>schon Anhaltspunkte haben</def>
              <usg type="geo">
                <placeName type="grossregion" ref="/geodata-wboe.xml#p6.1">Mostv.</placeName>
              </usg>
              <cit type="example">
                <quote xml:lang="bar-AT">ma is af daʳ Feaʳtn</quote>
                <usg type="geo">
                  <placeName type="gemeinde" ref="/geodata-wboe.xml#p6.1s06">Sitzenberg-Reidling</placeName>
                </usg>
              </cit>
              <ptr type="collection" subtype="bedeutung" target="/collections-wboe.xml#c1137"/>
            </sense>
          </sense>
        </re>
      </entry>
    </body>
  </text>
</TEI>