<?xml version="1.0" encoding="UTF-8"?>
    <?xml-model href="http://www.tei-c.org/release/xml/tei/custom/schema/relaxng/tei_all.rng" type="application/xml" schematypens="http://purl.oclc.org/dsdl/schematron"?>
    <?xml-model href="../../803_RNG-schematron/WBOE-ODD.rnc" type="application/relax-ng-compact-syntax"?>
<?redaktionstool version="0.7.4" ?>
<?parser type="lioe" version="0.7.4" ?>
<TEI xmlns="http://www.tei-c.org/ns/1.0">
  <teiHeader>
    <fileDesc>
      <titleStmt>
        <title>Fähnrich</title>
        <respStmt>
          <resp>Editor</resp>
          <name ref="#DG">David Gschösser</name>
        </respStmt>
        <respStmt>
          <resp>Encoding Scheme</resp>
          <name>Jack Bowers</name>
          <name>Daniel Schopper</name>
          <name>Omar Siam</name>
        </respStmt>
        <respStmt>
          <resp>DBOE Team</resp>
          <name xml:id="AL">Alexandra N. Lenz</name>
          <name xml:id="PhS">Philipp Stöckle</name>
          <name xml:id="AG">Andreas Gellan</name>
          <name xml:id="PZ">Patrick Zeitlhuber</name>
          <name xml:id="SW">Sabine Wahl</name>
          <name xml:id="SS">Sonja Schwaiger</name>
          <name xml:id="AB">Angela Bergermayer</name>
          <name xml:id="EW">Eva Wahlmüller</name>
          <name xml:id="DG">David Gschösser</name>
          <name xml:id="StS">Stefanie Schöberl</name>
          <name xml:id="FF">Fabian Fleißner</name>
          <name xml:id="MK">Markus Kunzmann</name>
        </respStmt>
        <respStmt>
          <resp>Student assistants</resp>
          <name>Susanna Muhr</name>
          <name>Manuela Stütz</name>
          <name>Christina Hemetsberger</name>
        </respStmt>
      </titleStmt>
      <publicationStmt>
        <p></p>
      </publicationStmt>
      <sourceDesc>
        <list>
          <item>
            <label>Geo-data</label>
            <ptr xml:id="geo-inventory-WBOE" target="../geodata-wboe.xml"/>
          </item>
          <item>
            <label>Bibliography</label>
            <ptr xml:id="bibliography-WBOE" target="../bibl-wboe.xml"/>
          </item>
          <item>
            <label>WBOE-Slips</label>
            <ptr xml:id="slips-WBOE" target="../slips-wboe.xml"/>
          </item>
          <item>
            <label>WBOE-Collections</label>
            <ptr xml:id="collections-WBOE" target="../collections-wboe.xml"/>
          </item>
        </list>
      </sourceDesc>
    </fileDesc>
    <revisionDesc>
      <listChange>
        <change status="in progress" when="2021-10-27" who="#DG">Datensatz erstellt</change>
        <change status="peer correction" when="2021-11-04" who="#DG">Erstversion fertig</change>
        <change status="peer correction" when="2022-01-18" who="#PZ">LK eingefügt</change>
        <change status="internal correction" when="2022-01-18" who="#DG">Artikel überprüft</change>
        <change status="internal correction" when="2022-02-16" who="#DG">Anmerkungen von MG eingearbeitet</change>
        <change status="external correction" when="2022-02-17" who="#DG">Artikel überprüft</change>
        <change status="finished" when="2022-03-29" who="#DG">Artikel fertig</change>
      </listChange>
    </revisionDesc>
  </teiHeader>
  <text>
    <body>
      <entry>
        <form type="lemma" xml:id="Faehnrich">
          <orth>Fähnrich</orth>
          <ptr type="collection" subtype="lemma" target="/collections-wboe.xml#c23162"/>
        </form>
        <gramGrp>
          <gram type="pos">Substantiv</gram>
          <gram type="gender">Maskulinum</gram>
        </gramGrp>
        <usg type="geo">
          <placeName type="bundesland" ref="/geodata-wboe.xml#p1A">STir.</placeName>
        </usg>
        <usg type="geo">
          <placeName type="grossregion" ref="/geodata-wboe.xml#p2.2">MKtn.</placeName>
        </usg>
        <usg type="geo">
          <placeName type="grossregion" ref="/geodata-wboe.xml#p2.4">UKtn.</placeName>
        </usg>
        <usg type="geo">
          <placeName type="grossregion" ref="/geodata-wboe.xml#p3.1">sbair.ObStmk.</placeName>
        </usg>
        <usg type="geo">
          <placeName type="grossregion" ref="/geodata-wboe.xml#p5.4">Mühlv.</placeName>
        </usg>
        <usg type="geo">
          <placeName type="grossregion" ref="/geodata-wboe.xml#p6.3">Waldv.</placeName>
        </usg>
        <usg type="geo">
          <placeName type="grossregion" ref="/geodata-wboe.xml#p6.5">Wien</placeName>
        </usg>
        <usg type="geo">
          <placeName type="grossregion" ref="/geodata-wboe.xml#p7.2">MBgl.</placeName>
        </usg>
        <note type="kommentar" resp="#PZ">Ohne klare regionale Verteilung wird der Stammvokal sowohl als offener als auch als geschlossener
          <c>e</c>-Monophthong realisiert
          <xr>
            <ref>fẹnrįχ</ref>
            <ref>fęndrəχ</ref>
          </xr>. Diphthongierung kommt  im Mittelburgenland vor
          <xr>
            <ref>fęįndrį</ref>
          </xr>. Im gesamten Verbreitungsgebiet dominieren Varianten, bei denen zwischen Nasal und Liquid ein alveolarer Lenisplosiv eingeschoben wurde
          <xr>
            <ref>fẹndrįχ</ref>
            <ref>fęndrəχ</ref>
          </xr>, wobei die ursprünglicheren Formen ohne diesen noch gelegentlich im Südbairischen und Ostmittelbairischen auftreten
          <xr>
            <ref>fẹnrįχ</ref>
          </xr>. Im Waldviertel hingegen sind Sprossvokale zwischen Nasal und Liquid belegt
          <xr>
            <ref>fęnɒrẹ</ref>
          </xr>. Der Vokal des Suffixes kommt in unterschiedlichen Qualitäten vor. Der auslautende Frikativ blieb zumeist erhalten
          <xr>
            <ref>fẹnrįχ</ref>
            <ref>fęndrəχ</ref>
          </xr>, parallel findet sich im östlichen Südbairischen und Ostmittelbairischen Tilgung dessen
          <xr>
            <ref>fęįndrį</ref>
            <ref>fęnɒrẹ</ref>
          </xr>.
        </note>
        <form type="dialect">
          <pron xml:lang="bar-AT">fendrich</pron>
          <usg type="geo">
            <placeName type="bundesland" ref="/geodata-wboe.xml#p1A">STir.</placeName>
          </usg>
        </form>
        <form type="dialect">
          <pron xml:lang="bar-AT">fęndrəχ</pron>
          <usg type="geo">
            <placeName type="gemeinde" ref="/geodata-wboe.xml#p2.3f01">Feldkirchen in Kärnten</placeName>
          </usg>
        </form>
        <form type="dialect">
          <pron xml:lang="bar-AT">fėnrich</pron>
          <pron xml:lang="bar-AT">fę̄̇nrich</pron>
          <usg type="geo">
            <placeName type="gemeinde" ref="/geodata-wboe.xml#p3.1c09">Oberwölz</placeName>
          </usg>
        </form>
        <form type="dialect">
          <pron xml:lang="bar-AT">fẽndrix</pron>
          <usg type="geo">
            <placeName type="gemeinde" ref="/geodata-wboe.xml#p5.4b13">Ulrichsberg</placeName>
          </usg>
        </form>
        <form type="dialect">
          <pron xml:lang="bar-AT">fänãrė</pron>
          <usg type="geo">
            <placeName type="gemeinde" ref="/geodata-wboe.xml#p6.3a15">Kautzen</placeName>
          </usg>
        </form>
        <form type="dialect">
          <pron xml:lang="bar-AT">fá̄indri</pron>
          <pron xml:lang="bar-AT">fǣindri</pron>
          <usg type="geo">
            <placeName type="gemeinde" ref="/geodata-wboe.xml#p7.2a08">Neckenmarkt</placeName>
          </usg>
          <ptr type="collection" subtype="lautung" target="/collections-wboe.xml#c23189"/>
        </form>
        <etym>
          <cit type="etymon">
            <lang>fnhd.</lang>
            <form>
              <orth>venrich</orth>
            </form>
            <def>Fahnenträger; Fähnrich (militärischer Rang)</def>
          </cit>
          <seg type="desc">; Ableitung von</seg>
          <cit type="etymon">
            <lang>mhd.</lang>
            <form>
              <orth>venre</orth>
            </form>
            <form>
              <orth>vener</orth>
            </form>
            <form>
              <orth>vaner</orth>
            </form>
            <def>Fahnenträger</def>
          </cit>
          <seg type="desc">mit Suffix</seg>
          <cit type="etymon">
            <form>
              <orth>-ich</orth>
            </form>
          </cit>
          <seg type="desc">wie</seg>
          <cit type="etymon">
            <form>
              <orth>Wüterich</orth>
            </form>
          </cit>
          <seg type="desc">analog zu</seg>
          <cit type="etymon">
            <form>
              <orth>Dietrich</orth>
            </form>
          </cit>
          <seg type="desc">aus</seg>
          <cit type="etymon">
            <form>
              <orth>Dieter</orth>
            </form>
          </cit>
          <seg type="desc">gebildet</seg>
          <ref type="bibl" target="#Pfeifer2014">
            <lbl>vgl.</lbl>Pfeifer 2014
            <citedRange>317</citedRange>
          </ref>
          <ref type="bibl" target="#Lexer1878III">
            <lbl>vgl.</lbl>Lexer 1878 III
            <citedRange>65</citedRange>
          </ref>
          <seg type="desc">; siehe auch</seg>
          <cit type="etymon">
            <xr type="lemma">
              <ref target="Fahne.xml">Fahne</ref>
            </xr>
          </cit>
        </etym>
        <sense>
          <sense>
            <sense>
              <def>(junger) Fahnenträger bei der Fronleichnamsprozession</def>
              <usg type="geo">
                <placeName type="grossregion" ref="/geodata-wboe.xml#p2.2">MKtn.</placeName>
              </usg>
              <usg type="geo">
                <placeName type="grossregion" ref="/geodata-wboe.xml#p6.3">Waldv.</placeName>
              </usg>
              <ptr type="collection" subtype="bedeutung" target="/collections-wboe.xml#c23221"/>
            </sense>
            <sense>
              <def>Träger der Burschenfahne bei der Prozession, zu dem am Pfingstsonntag in einem Gasthaus jährlich abwechselnd einmal ein Bauernsohn und einmal ein Sohn eines Kleinhäuslers unter den Burschen gewählt wird</def>
              <usg type="geo">
                <placeName type="grossregion" ref="/geodata-wboe.xml#p7.2">MBgl.</placeName>
              </usg>
            </sense>
          </sense>
          <sense>
            <def>Gehilfe des Brautführers</def>
            <usg type="geo">
              <placeName type="grossregion" ref="/geodata-wboe.xml#p2.4">UKtn.</placeName>
            </usg>
            <ptr type="collection" subtype="bedeutung" target="/collections-wboe.xml#c23228"/>
          </sense>
          <sense>
            <def>Sommer-Bohnenkraut; Satureja hortensis</def>
            <usg type="geo">
              <placeName type="bundesland" ref="/geodata-wboe.xml#p1A">STir.</placeName>
            </usg>
            <ptr type="collection" subtype="bedeutung" target="/collections-wboe.xml#c23223"/>
          </sense>
        </sense>
        <re>
          <form subtype="compound" type="lemma">
            <orth>Gartenfähnrich</orth>
          </form>
          <sense>
            <sense>
              <def>Sommer-Bohnenkraut; Satureja hortensis</def>
              <usg type="geo">
                <placeName type="bundesland" ref="/geodata-wboe.xml#p1A">STir.</placeName>
              </usg>
              <ptr type="collection" subtype="bedeutung" target="/collections-wboe.xml#c23204"/>
            </sense>
          </sense>
        </re>
        <re>
          <form subtype="compound" type="lemma">
            <orth>Lakritzenfähnrich</orth>
          </form>
          <sense>
            <sense>
              <def>Apotheker</def>
              <usg>(gaunersprachlich)</usg>
              <usg type="geo">
                <placeName type="grossregion" ref="/geodata-wboe.xml#p6.5">Wien</placeName>
              </usg>
              <ptr type="collection" subtype="bedeutung" target="/collections-wboe.xml#c23205"/>
            </sense>
          </sense>
        </re>
        <re>
          <form subtype="compound" type="lemma">
            <orth>Lysolfähnrich</orth>
          </form>
          <sense>
            <sense>
              <def>Sanitätsfähnrich</def>
              <usg type="geo">
                <placeName type="grossregion" ref="/geodata-wboe.xml#p6.3">Waldv.</placeName>
              </usg>
              <ptr type="collection" subtype="bedeutung" target="/collections-wboe.xml#c23207"/>
            </sense>
          </sense>
        </re>
        <re type="redewendung">
          <form subtype="MWE" type="lemma">
            <orth>Fähnrich treiben</orth>
          </form>
          <sense>
            <def type="umschreibung">Brauch, bei dem nach der Fronleichnamsprozession Fahnen vor dem Pfarrhof, dem Haus des Bürgermeisters und dem Gasthaus geschwungen werden zum Dank an den Pfarrer, den Bürgermeister bzw. verschiedene Bauern für die Unterstützung des örtlichen Veteranen- bzw. Schützenvereins</def>
            <usg type="geo">
              <placeName type="grossregion" ref="/geodata-wboe.xml#p3.1">sbair.ObStmk.</placeName>
            </usg>
            <cit type="example">
              <quote xml:lang="bar-AT">n Fę̄̇nrich traiᵇm</quote>
              <usg type="geo">
                <placeName type="gemeinde" ref="/geodata-wboe.xml#p3.1c09">Oberwölz</placeName>
              </usg>
            </cit>
            <ptr type="collection" subtype="bedeutung" target="/collections-wboe.xml#c23208"/>
          </sense>
        </re>
      </entry>
    </body>
  </text>
</TEI>