<?xml version="1.0" encoding="UTF-8"?>
    <?xml-model href="http://www.tei-c.org/release/xml/tei/custom/schema/relaxng/tei_all.rng" type="application/xml" schematypens="http://purl.oclc.org/dsdl/schematron"?>
    <?xml-model href="../../803_RNG-schematron/WBOE-ODD.rnc" type="application/relax-ng-compact-syntax"?>
<?redaktionstool version="0.7.4" ?>
<?parser type="lioe" version="0.7.3" ?>
<TEI xmlns="http://www.tei-c.org/ns/1.0">
  <teiHeader>
    <fileDesc>
      <titleStmt>
        <title>Fänger²</title>
        <respStmt>
          <resp>Editor</resp>
          <name ref="#AG">Andreas Gellan</name>
        </respStmt>
        <respStmt>
          <resp>Encoding Scheme</resp>
          <name>Jack Bowers</name>
          <name>Daniel Schopper</name>
          <name>Omar Siam</name>
        </respStmt>
        <respStmt>
          <resp>DBOE Team</resp>
          <name xml:id="AL">Alexandra N. Lenz</name>
          <name xml:id="PhS">Philipp Stöckle</name>
          <name xml:id="AG">Andreas Gellan</name>
          <name xml:id="PZ">Patrick Zeitlhuber</name>
          <name xml:id="SW">Sabine Wahl</name>
          <name xml:id="SS">Sonja Schwaiger</name>
          <name xml:id="AB">Angela Bergermayer</name>
          <name xml:id="EW">Eva Wahlmüller</name>
          <name xml:id="DG">David Gschösser</name>
          <name xml:id="StS">Stefanie Schöberl</name>
          <name xml:id="FF">Fabian Fleißner</name>
        </respStmt>
        <respStmt>
          <resp>Student assistants</resp>
          <name>Susanna Muhr</name>
          <name>Manuela Stütz</name>
          <name>Christina Hemetsberger</name>
        </respStmt>
      </titleStmt>
      <publicationStmt>
        <p></p>
      </publicationStmt>
      <sourceDesc>
        <list>
          <item>
            <label>Geo-data</label>
            <ptr xml:id="geo-inventory-WBOE" target="../geodata-wboe.xml"/>
          </item>
          <item>
            <label>Bibliography</label>
            <ptr xml:id="bibliography-WBOE" target="../bibl-wboe.xml"/>
          </item>
          <item>
            <label>WBOE-Slips</label>
            <ptr xml:id="slips-WBOE" target="../slips-wboe.xml"/>
          </item>
          <item>
            <label>WBOE-Collections</label>
            <ptr xml:id="collections-WBOE" target="../collections-wboe.xml"/>
          </item>
        </list>
      </sourceDesc>
    </fileDesc>
    <revisionDesc>
      <listChange>
        <change status="in progress" when="2021-06-08" who="#AG">Datensatz erstellt</change>
        <change status="peer correction" when="2021-06-11" who="#AG">fertiggestellt</change>
        <change status="internal correction" when="2021-06-15" who="#AG">weiter an Manzi</change>
        <change status="external correction" when="2021-06-29" who="#AG">LK noch ausständig</change>
        <change status="external correction" when="2021-07-07" who="#PZ">LK eingefügt</change>
        <change status="external correction" when="2021-07-07" who="#AG">weiter an JE</change>
        <change status="finished" when="2022-01-03" who="#AG">finished</change>
        <change status="finished" when="2022-01-20" who="#AG">Final Version</change>
      </listChange>
    </revisionDesc>
  </teiHeader>
  <text>
    <body>
      <entry>
        <form type="lemma" xml:id="Faenger_">
          <orth>Fänger²</orth>
          <ptr type="collection" subtype="lemma" target="/collections-wboe.xml#c18245"/>
        </form>
        <gramGrp>
          <gram type="pos">Substantiv</gram>
          <gram type="gender">Maskulinum</gram>
        </gramGrp>
        <form type="variant" subtype="diminutive" xml:id="Faengerl">
          <orth>Fängerl</orth>
          <gramGrp></gramGrp>
        </form>
        <form type="variant" subtype="diminutive" xml:id="Faengerlein">
          <orth>Fängerlein</orth>
          <gramGrp></gramGrp>
        </form>
        <usg type="geo">
          <placeName type="bundesland" ref="/geodata-wboe.xml#p1A">STir.</placeName>
        </usg>
        <usg type="geo">
          <placeName type="grossregion" ref="/geodata-wboe.xml#p1B.0">OTir.</placeName>
        </usg>
        <usg type="geo">
          <placeName type="bundesland" ref="/geodata-wboe.xml#p1C">NTir.</placeName>
        </usg>
        <usg type="geo">
          <placeName type="grossregion" ref="/geodata-wboe.xml#p2.1">ObKtn.</placeName>
        </usg>
        <usg type="geo">
          <placeName type="grossregion" ref="/geodata-wboe.xml#p2.2">MKtn.</placeName>
        </usg>
        <usg type="geo">
          <placeName type="bundesland" ref="/geodata-wboe.xml#p3">Stmk.</placeName>
        </usg>
        <usg type="geo">
          <placeName type="bundesland" ref="/geodata-wboe.xml#p4">Sbg.</placeName>
        </usg>
        <usg type="geo">
          <placeName type="bundesland" ref="/geodata-wboe.xml#p5">OÖ</placeName>
        </usg>
        <usg type="geo">
          <placeName type="bundesland" ref="/geodata-wboe.xml#p6">NÖ</placeName>
        </usg>
        <usg type="geo">
          <placeName type="grossregion" ref="/geodata-wboe.xml#p6.5">Wien</placeName>
        </usg>
        <usg type="geo">
          <placeName type="grossregion" ref="/geodata-wboe.xml#p7.1">NBgl.</placeName>
        </usg>
        <note type="kommentar" resp="#PZ">Hinsichtlich der lautlichen Ausprägung müssen bei diesem Lemma historisch zwei Formen differenziert werden. Einerseits finden sich im westlichen Süd- und im Südmittelbairischen, im Ostmittelbairischen sowie im bairisch-alemannischen Übergangsgebiet Reflexe der Ableitung vom älteren mittelhochdeutschen
          <c>vāhen</c>, andererseits dominieren im gesamten Untersuchungsgebiet Varianten, die auf das jüngere
          <c>fangen</c>zurückgehen. Der Stammvokal von
          <c>vāher</c>wurde überall regelhaft zu einem langen offenen
          <c>o</c>-Monophthong verdumpft
          <xr>
            <ref>fǭχər</ref>
            <ref>fǭχɒ</ref>
            <ref>fǭhɒ</ref>
          </xr>. Der inlautende velare Frikativ blieb nur im westlichen Süd- und Südmittelbairischen erhalten
          <xr>
            <ref>fǭχɒ</ref>
          </xr>. Im westlichen Südbairischen, östlichen Südmittelbairischen und Ostmittelbairischen sowie im bairisch-alemannischen Übergangsgebiet ist die Abschwächung zu
          <c>h</c>vorzufinden
          <xr>
            <ref>fǭhɒ</ref>
            <ref>fǭhɒr</ref>
          </xr>, die im Ostmittelbairischen bis zum Schwund des Konsonanten geführt hat
          <xr>
            <ref>fǭɒ</ref>
          </xr>. Der kurze Stammvokal von
          <c>fanger</c>tritt überall verdumpft als kurzer offener
          <c>o</c>-Monophthong auf
          <xr>
            <ref>fǫŋər</ref>
            <ref>fǫŋɒ</ref>
          </xr>. Daneben finden sich vereinzelt auf die Senkung eines Umlauts von
          <c>fänger</c>zurückgehende helle
          <c>a</c>-Monophthonge
          <xr>
            <ref>faŋɒ</ref>
          </xr>oder ungesenkte geschlossene
          <c>e</c>-Monophthonge
          <xr>
            <ref>fẹŋgr̥</ref>
            <ref>fẹŋə</ref>
          </xr>. Während der auslautende Liquid bei gleichzeitiger Reduktion des Vokals im Südbairischen erhalten wurde
          <xr>
            <ref>fǭχər</ref>
            <ref>fǫŋər</ref>
            <ref>fǭhɒr</ref>
          </xr>, wurde dieser in den restlichen Regionen vokalisiert und verschmolz mit dem gesenkten Vokal
          <xr>
            <ref>fǭχɒ</ref>
            <ref>fǭhɒ</ref>
            <ref>fǫŋɒ</ref>
          </xr>. Gelegentlich treten im Südbairischen Formen mit
          <c>e</c>-Synkope und silbischem
          <c>r</c>auf
          <xr>
            <ref>fǫŋgr̥</ref>
            <ref>fẹŋgr̥</ref>
          </xr>.
        </note>
        <form type="dialect">
          <pron xml:lang="bar-AT">-fôchɛr</pron>
          <usg type="geo">
            <placeName type="gemeinde" ref="/geodata-wboe.xml#p1A.3a01">Jenesien</placeName>
          </usg>
        </form>
        <form type="dialect">
          <pron xml:lang="bar-AT">fåhar</pron>
          <usg type="geo">
            <placeName type="gemeinde" ref="/geodata-wboe.xml#p1C.1r01">Sölden</placeName>
          </usg>
        </form>
        <form type="dialect">
          <pron xml:lang="bar-AT">-fǫngʀ</pron>
          <usg type="geo">
            <placeName type="gemeinde" ref="/geodata-wboe.xml#p1C.2j03">Mayrhofen</placeName>
          </usg>
        </form>
        <form type="dialect">
          <pron xml:lang="bar-AT">-foŋgər</pron>
          <usg type="geo">
            <placeName type="gemeinde" ref="/geodata-wboe.xml#p1C.3c08">Kundl</placeName>
          </usg>
        </form>
        <form type="dialect">
          <pron xml:lang="bar-AT">-fǫ̃ŋgɒ</pron>
          <usg type="geo">
            <placeName type="gemeinde" ref="/geodata-wboe.xml#p2.1f01">Lesachtal</placeName>
          </usg>
        </form>
        <form type="dialect">
          <pron xml:lang="bar-AT">-fengr</pron>
          <usg type="geo">
            <placeName type="kleinregion" ref="/geodata-wboe.xml#p2.2d">obstGurkt.</placeName>
          </usg>
        </form>
        <form type="dialect">
          <pron xml:lang="bar-AT">-fǫŋgr</pron>
          <usg type="geo">
            <placeName type="kleinregion" ref="/geodata-wboe.xml#p2.3g">Glant.</placeName>
          </usg>
        </form>
        <form type="dialect">
          <pron xml:lang="bar-AT">-fáoŋă</pron>
          <pron xml:lang="bar-AT">-feiŋa</pron>
          <usg type="geo">
            <placeName type="gemeinde" ref="/geodata-wboe.xml#p3.1d03">Lobmingtal</placeName>
          </usg>
        </form>
        <form type="dialect">
          <pron xml:lang="bar-AT">fåŋa</pron>
          <usg type="geo">
            <placeName type="gemeinde" ref="/geodata-wboe.xml#p3.2d01">Tragöß-St. Katharein</placeName>
          </usg>
        </form>
        <form type="dialect">
          <pron xml:lang="bar-AT">-fångą</pron>
          <usg type="geo">
            <placeName type="gemeinde" ref="/geodata-wboe.xml#p4.2c01">Fusch an der Großglocknerstraße</placeName>
          </usg>
        </form>
        <form type="dialect">
          <pron xml:lang="bar-AT">φǫuxɒ</pron>
          <usg type="geo">
            <placeName type="kleinregion" ref="/geodata-wboe.xml#p4.3d">Gr.Arlt.</placeName>
          </usg>
        </form>
        <form type="dialect">
          <pron xml:lang="bar-AT">-φõŋŋɒ</pron>
          <usg type="geo">
            <placeName type="gemeinde" ref="/geodata-wboe.xml#p4.3d01">Hüttschlag</placeName>
          </usg>
        </form>
        <form type="dialect">
          <pron xml:lang="bar-AT">-fąŋə</pron>
          <usg type="geo">
            <placeName type="gemeinde" ref="/geodata-wboe.xml#p5.1c07">Mühlheim am Inn</placeName>
          </usg>
        </form>
        <form type="dialect">
          <pron xml:lang="bar-AT">-fåâ</pron>
          <usg type="geo">
            <placeName type="gemeinde" ref="/geodata-wboe.xml#p5.2a17">Kirchberg-Thening</placeName>
          </usg>
        </form>
        <form type="dialect">
          <pron xml:lang="bar-AT">-feŋə</pron>
          <usg type="geo">
            <placeName type="gemeinde" ref="/geodata-wboe.xml#p5.3b02">Gmunden</placeName>
          </usg>
        </form>
        <form type="dialect">
          <pron xml:lang="bar-AT">fauⁿŋga</pron>
          <usg type="geo">
            <placeName type="gemeinde" ref="/geodata-wboe.xml#p6.2b04">Baden</placeName>
          </usg>
        </form>
        <form type="dialect">
          <pron xml:lang="bar-AT">fåŋga</pron>
          <usg type="geo">
            <placeName type="gemeinde" ref="/geodata-wboe.xml#p6.3a19">Schrems</placeName>
          </usg>
        </form>
        <form type="dialect">
          <pron xml:lang="bar-AT">-faũnga</pron>
          <usg type="geo">
            <placeName type="gemeinde" ref="/geodata-wboe.xml#p6.4d18">Poysdorf</placeName>
          </usg>
        </form>
        <form type="dialect">
          <pron xml:lang="bar-AT">-fång'r</pron>
          <usg type="geo">
            <placeName type="grossregion" ref="/geodata-wboe.xml#p6.5">Wien</placeName>
          </usg>
        </form>
        <form type="dialect">
          <pron xml:lang="bar-AT">-fẹŋəʳ</pron>
          <usg type="geo">
            <placeName type="gemeinde" ref="/geodata-wboe.xml#p6.5r01">Gersthof</placeName>
          </usg>
        </form>
        <form type="dialect">
          <pron xml:lang="bar-AT">foånga</pron>
          <usg type="geo">
            <placeName type="gemeinde" ref="/geodata-wboe.xml#p7.1b04">Neusiedl am See</placeName>
          </usg>
          <ptr type="collection" subtype="lautung" target="/collections-wboe.xml#c18413"/>
        </form>
        <etym>
          <seg type="desc">Ableitung von</seg>
          <cit type="etymon">
            <xr type="lemma">
              <?comment noch mit Artikel verknüpfen ?>
              <ref target="fangen.xml">fangen</ref>
            </xr>
          </cit>
        </etym>
        <sense>
          <sense>
            <sense>
              <def>Fang- bzw. Eckzahn von Tieren (z. B. Schwein, Hund, Fuchs, Wolf)</def>
              <usg type="geo">
                <placeName type="bundesland" ref="/geodata-wboe.xml#p1A">STir.</placeName>
              </usg>
              <usg type="geo">
                <placeName type="grossregion" ref="/geodata-wboe.xml#p1B.0">OTir.</placeName>
              </usg>
              <usg type="geo">
                <placeName type="bundesland" ref="/geodata-wboe.xml#p1C">NTir.</placeName>
              </usg>
              <usg type="geo">
                <placeName type="grossregion" ref="/geodata-wboe.xml#p2.2">MKtn.</placeName>
              </usg>
              <usg type="geo">
                <placeName type="grossregion" ref="/geodata-wboe.xml#p3.2">mbair.ObStmk.</placeName>
              </usg>
              <usg type="geo">
                <placeName type="bundesland" ref="/geodata-wboe.xml#p4">Sbg.</placeName>
              </usg>
              <usg type="geo">
                <placeName type="grossregion" ref="/geodata-wboe.xml#p5.2">Hausrv.</placeName>
              </usg>
              <usg type="geo">
                <placeName type="grossregion" ref="/geodata-wboe.xml#p5.3">Traunv.</placeName>
              </usg>
              <ptr type="collection" subtype="bedeutung" target="/collections-wboe.xml#c18316"/>
            </sense>
            <sense>
              <usg>menschliche Zähne</usg>
              <usg>(abwertend)</usg>
              <sense>
                <def>besonders großer Eckzahn</def>
                <usg type="geo">
                  <placeName type="grossregion" ref="/geodata-wboe.xml#p4.2">Pinzg.</placeName>
                </usg>
                <usg type="geo">
                  <placeName type="grossregion" ref="/geodata-wboe.xml#p5.1">Innv.</placeName>
                </usg>
                <ptr type="collection" subtype="bedeutung" target="/collections-wboe.xml#c18327"/>
              </sense>
              <sense>
                <sense>
                  <def>besonders großer Vorderzahn</def>
                  <usg type="geo">
                    <placeName type="grossregion" ref="/geodata-wboe.xml#p1C.1">wNTir.</placeName>
                  </usg>
                  <usg type="geo">
                    <placeName type="grossregion" ref="/geodata-wboe.xml#p1C.2">mNTir.</placeName>
                  </usg>
                  <usg type="geo">
                    <placeName type="grossregion" ref="/geodata-wboe.xml#p3.2">mbair.ObStmk.</placeName>
                  </usg>
                  <usg type="geo">
                    <placeName type="grossregion" ref="/geodata-wboe.xml#p5.3">Traunv.</placeName>
                  </usg>
                  <usg type="geo">
                    <placeName type="grossregion" ref="/geodata-wboe.xml#p6.2">Industriev.</placeName>
                  </usg>
                  <usg type="geo">
                    <placeName type="grossregion" ref="/geodata-wboe.xml#p6.3">Waldv.</placeName>
                  </usg>
                  <usg type="geo">
                    <placeName type="grossregion" ref="/geodata-wboe.xml#p7.1">NBgl.</placeName>
                  </usg>
                  <ptr type="collection" subtype="bedeutung" target="/collections-wboe.xml#c18323"/>
                </sense>
                <sense>
                  <xr type="lemma">
                    <lbl>nur</lbl>
                    <ref>Fängerl</ref>
                  </xr>
                  <usg>(Diminutiv)</usg>
                  <def>besonders kleiner Vorderzahn</def>
                  <usg type="geo">
                    <placeName type="grossregion" ref="/geodata-wboe.xml#p1C.1">wNTir.</placeName>
                  </usg>
                  <ptr type="collection" subtype="bedeutung" target="/collections-wboe.xml#c18324"/>
                </sense>
              </sense>
              <sense>
                <def>schiefer, vorstehender Zahn</def>
                <usg type="geo">
                  <placeName type="bundesland" ref="/geodata-wboe.xml#p1A">STir.</placeName>
                </usg>
                <usg type="geo">
                  <placeName type="grossregion" ref="/geodata-wboe.xml#p1B.0">OTir.</placeName>
                </usg>
                <usg type="geo">
                  <placeName type="bundesland" ref="/geodata-wboe.xml#p1C">NTir.</placeName>
                </usg>
                <usg type="geo">
                  <placeName type="grossregion" ref="/geodata-wboe.xml#p3.2">mbair.ObStmk.</placeName>
                </usg>
                <ptr type="collection" subtype="bedeutung" target="/collections-wboe.xml#c18325"/>
              </sense>
              <sense>
                <def>einzeln stehender Zahn</def>
                <usg type="geo">
                  <placeName type="grossregion" ref="/geodata-wboe.xml#p1C.2">mNTir.</placeName>
                </usg>
                <usg type="geo">
                  <placeName type="grossregion" ref="/geodata-wboe.xml#p1C.3">öNTir.</placeName>
                </usg>
                <usg type="geo">
                  <placeName type="bundesland" ref="/geodata-wboe.xml#p4">Sbg.</placeName>
                </usg>
                <usg type="geo">
                  <placeName type="grossregion" ref="/geodata-wboe.xml#p5.4">Mühlv.</placeName>
                </usg>
                <ptr type="collection" subtype="bedeutung" target="/collections-wboe.xml#c18326"/>
              </sense>
            </sense>
          </sense>
          <sense>
            <sense>
              <def>Vorrichtung im Wasser für den Fischfang</def>
              <usg type="geo">
                <placeName type="bundesland" ref="/geodata-wboe.xml#p5">OÖ</placeName>
              </usg>
              <ptr type="collection" subtype="bedeutung" target="/collections-wboe.xml#c18322"/>
            </sense>
          </sense>
          <sense>
            <def>Drainagevorrichtung, die das Wasser am Graben auffängt und es mit einer Rinne weiterleitet</def>
            <usg type="geo">
              <placeName type="grossregion" ref="/geodata-wboe.xml#p1C.1">wNTir.</placeName>
            </usg>
            <ptr type="collection" subtype="bedeutung" target="/collections-wboe.xml#c18318"/>
          </sense>
          <sense>
            <def>Fanghaken für den Glockenschwengel</def>
            <usg type="geo">
              <placeName type="bundesland" ref="/geodata-wboe.xml#p1A">STir.</placeName>
            </usg>
            <usg type="geo">
              <placeName type="grossregion" ref="/geodata-wboe.xml#p1B.0">OTir.</placeName>
            </usg>
            <usg type="geo">
              <placeName type="bundesland" ref="/geodata-wboe.xml#p1C">NTir.</placeName>
            </usg>
            <ptr type="collection" subtype="bedeutung" target="/collections-wboe.xml#c18321"/>
          </sense>
          <sense>
            <def>verbotener Griff beim Ranggeln [traditionelle Art des Ringsports]</def>
            <usg type="geo">
              <placeName type="grossregion" ref="/geodata-wboe.xml#p4.3">Pong.</placeName>
            </usg>
            <ptr type="collection" subtype="bedeutung" target="/collections-wboe.xml#c18319"/>
          </sense>
        </sense>
        <re>
          <form subtype="compound" type="lemma">
            <orth>Donnerfänger</orth>
          </form>
          <sense>
            <sense>
              <def>Blitzableiter</def>
              <usg type="geo">
                <placeName type="grossregion" ref="/geodata-wboe.xml#p1A.2">mSTir.</placeName>
              </usg>
              <ptr type="collection" subtype="bedeutung" target="/collections-wboe.xml#c18353"/>
            </sense>
          </sense>
        </re>
        <re>
          <form subtype="compound" type="lemma">
            <orth>Empfänger</orth>
          </form>
          <sense>
            <sense>
              <def>Empfangsgerät für Radiowellen</def>
              <usg type="geo">
                <placeName type="grossregion" ref="/geodata-wboe.xml#p2.2">MKtn.</placeName>
              </usg>
              <ptr type="collection" subtype="bedeutung" target="/collections-wboe.xml#c18261"/>
            </sense>
            <sense>
              <def>weibliche Geschlechtsteile</def>
              <usg>(gaunersprachlich)</usg>
              <usg type="geo">
                <placeName type="grossregion" ref="/geodata-wboe.xml#p6.5">Wien</placeName>
              </usg>
              <ptr type="collection" subtype="bedeutung" target="/collections-wboe.xml#c18262"/>
            </sense>
          </sense>
        </re>
        <re>
          <form subtype="compound" type="lemma">
            <orth>Fliegenfänger</orth>
          </form>
          <sense>
            <sense>
              <def>Vorrichtung zum Fangen von Fliegen; Fliegenfalle (ein mit Klebemittel bestrichener Papierstreifen oder ein Hohlglas mit Essigwasser und aufgestreutem Zucker, um die Fliegen anzulocken)</def>
              <usg type="geo">
                <placeName type="grossregion" ref="/geodata-wboe.xml#p5.1">Innv.</placeName>
              </usg>
              <usg type="geo">
                <placeName type="grossregion" ref="/geodata-wboe.xml#p6.1">Mostv.</placeName>
              </usg>
              <usg type="geo">
                <placeName type="grossregion" ref="/geodata-wboe.xml#p6.3">Waldv.</placeName>
              </usg>
              <usg type="geo">
                <placeName type="grossregion" ref="/geodata-wboe.xml#p6.4">Weinv.</placeName>
              </usg>
              <usg type="geo">
                <placeName type="grossregion" ref="/geodata-wboe.xml#p6.5">Wien</placeName>
              </usg>
              <ptr type="collection" subtype="bedeutung" target="/collections-wboe.xml#c18358"/>
            </sense>
            <sense>
              <def>Fliegenpilz; Amanita muscaria</def>
              <usg type="geo">
                <placeName type="grossregion" ref="/geodata-wboe.xml#p5.1">Innv.</placeName>
              </usg>
              <ptr type="collection" subtype="bedeutung" target="/collections-wboe.xml#c18359"/>
            </sense>
            <sense>
              <sense>
                <def type="umschreibung">offenstehender Mund</def>
                <usg type="geo">
                  <placeName type="grossregion" ref="/geodata-wboe.xml#p6.3">Waldv.</placeName>
                </usg>
                <cit type="example">
                  <quote xml:lang="bar-AT">Des is a Fluig'nfonga</quote>
                  <ref type="bibl" target="#Hruschka1933">Hruschka 1933
                    <citedRange>165</citedRange>
                  </ref>
                  <usg type="geo">
                    <placeName type="grossregion" ref="/geodata-wboe.xml#p6.3">Waldv.</placeName>
                  </usg>
                </cit>
                <ptr type="collection" subtype="bedeutung" target="/collections-wboe.xml#c18356"/>
              </sense>
              <sense>
                <def type="umschreibung">Gesicht, das voll Pusteln ist</def>
                <usg type="geo">
                  <placeName type="grossregion" ref="/geodata-wboe.xml#p6.5">Wien</placeName>
                </usg>
                <ptr type="collection" subtype="bedeutung" target="/collections-wboe.xml#c18357"/>
              </sense>
            </sense>
          </sense>
        </re>
        <re>
          <form subtype="compound" type="lemma">
            <orth>Flohfänger</orth>
          </form>
          <sense>
            <sense>
              <def>Mantel; Überrock</def>
              <usg>(gaunersprachlich)</usg>
              <usg type="geo">
                <placeName type="grossregion" ref="/geodata-wboe.xml#p6.5">Wien</placeName>
              </usg>
              <ptr type="collection" subtype="bedeutung" target="/collections-wboe.xml#c18360"/>
            </sense>
            <sense>
              <def>weibliche Geschlechtsteile</def>
              <usg>(gaunersprachlich)</usg>
              <usg type="geo">
                <placeName type="grossregion" ref="/geodata-wboe.xml#p6.5">Wien</placeName>
              </usg>
              <ptr type="collection" subtype="bedeutung" target="/collections-wboe.xml#c18395"/>
            </sense>
          </sense>
        </re>
        <re>
          <form subtype="compound" type="lemma">
            <orth>Geheifänger</orth>
          </form>
          <sense>
            <sense>
              <def>Dunst-, Rauch-, Qualmabzug einer Rauchküche</def>
              <usg type="geo">
                <placeName type="grossregion" ref="/geodata-wboe.xml#p4.3">Pong.</placeName>
              </usg>
              <ptr type="collection" subtype="bedeutung" target="/collections-wboe.xml#c18363"/>
            </sense>
          </sense>
        </re>
        <re>
          <form subtype="compound" type="lemma">
            <orth>Handfänger</orth>
          </form>
          <sense>
            <sense>
              <def>Griff einer Milchkanne</def>
              <usg type="geo">
                <placeName type="grossregion" ref="/geodata-wboe.xml#p4.2">Pinzg.</placeName>
              </usg>
              <ptr type="collection" subtype="bedeutung" target="/collections-wboe.xml#c18364"/>
            </sense>
          </sense>
        </re>
        <re>
          <form subtype="compound" type="lemma">
            <orth>Hennelfänger</orth>
          </form>
          <sense>
            <sense>
              <def>oben gekrümmter Stab, (Spazier-)Stock</def>
              <usg type="geo">
                <placeName type="grossregion" ref="/geodata-wboe.xml#p6.1">Mostv.</placeName>
              </usg>
              <usg type="geo">
                <placeName type="grossregion" ref="/geodata-wboe.xml#p6.3">Waldv.</placeName>
              </usg>
              <usg type="geo">
                <placeName type="grossregion" ref="/geodata-wboe.xml#p6.5">Wien</placeName>
              </usg>
              <ptr type="collection" subtype="bedeutung" target="/collections-wboe.xml#c18365"/>
            </sense>
          </sense>
        </re>
        <re>
          <form subtype="compound" type="lemma">
            <orth>Hirschfänger</orth>
          </form>
          <sense>
            <sense>
              <def>Waidmesser des Jägers, mit dem das angeschossene Wild durch einen Genickstich getötet wird</def>
              <usg>(fachsprachlich)</usg>
              <usg type="geo">
                <placeName type="grossregion" ref="/geodata-wboe.xml#p2.2">MKtn.</placeName>
              </usg>
              <usg type="geo">
                <placeName type="grossregion" ref="/geodata-wboe.xml#p3.1">sbair.ObStmk.</placeName>
              </usg>
              <usg type="geo">
                <placeName type="grossregion" ref="/geodata-wboe.xml#p5.1">Innv.</placeName>
              </usg>
              <usg type="geo">
                <placeName type="grossregion" ref="/geodata-wboe.xml#p5.2">Hausrv.</placeName>
              </usg>
              <usg type="geo">
                <placeName type="grossregion" ref="/geodata-wboe.xml#p5.3">Traunv.</placeName>
              </usg>
              <usg type="geo">
                <placeName type="grossregion" ref="/geodata-wboe.xml#p6.1">Mostv.</placeName>
              </usg>
              <usg type="geo">
                <placeName type="grossregion" ref="/geodata-wboe.xml#p6.2">Industriev.</placeName>
              </usg>
              <usg type="geo">
                <placeName type="grossregion" ref="/geodata-wboe.xml#p6.3">Waldv.</placeName>
              </usg>
              <usg type="geo">
                <placeName type="grossregion" ref="/geodata-wboe.xml#p6.5">Wien</placeName>
              </usg>
              <ptr type="collection" subtype="bedeutung" target="/collections-wboe.xml#c18366"/>
            </sense>
          </sense>
        </re>
        <re>
          <form subtype="compound" type="lemma">
            <orth>Infänger</orth>
          </form>
          <sense>
            <sense>
              <def>umzäuntes, als Weide- oder Ackerland genutztes Grundstück</def>
              <usg type="geo">
                <placeName type="bundesland" ref="/geodata-wboe.xml#p1A">STir.</placeName>
              </usg>
              <usg type="geo">
                <placeName type="grossregion" ref="/geodata-wboe.xml#p1B.0">OTir.</placeName>
              </usg>
              <usg type="geo">
                <placeName type="bundesland" ref="/geodata-wboe.xml#p1C">NTir.</placeName>
              </usg>
              <usg type="geo">
                <placeName type="bundesland" ref="/geodata-wboe.xml#p2">Ktn.</placeName>
              </usg>
              <ptr type="collection" subtype="bedeutung" target="/collections-wboe.xml#c18401"/>
            </sense>
          </sense>
        </re>
        <re>
          <form subtype="compound" type="lemma">
            <orth>Kappenfänger</orth>
          </form>
          <sense>
            <sense>
              <def>Fischnetz</def>
              <usg type="geo">
                <placeName type="grossregion" ref="/geodata-wboe.xml#p5.3">Traunv.</placeName>
              </usg>
              <ptr type="collection" subtype="bedeutung" target="/collections-wboe.xml#c18368"/>
            </sense>
          </sense>
        </re>
        <re>
          <form subtype="compound" type="lemma">
            <orth>Kolbenfänger</orth>
          </form>
          <sense>
            <sense>
              <def>hölzerner Rauchschlot im Vorhaus einer Rauchküche</def>
              <usg type="geo">
                <placeName type="grossregion" ref="/geodata-wboe.xml#p4.3">Pong.</placeName>
              </usg>
              <ptr type="collection" subtype="bedeutung" target="/collections-wboe.xml#c18370"/>
            </sense>
          </sense>
        </re>
        <re>
          <form subtype="compound" type="lemma">
            <orth>Lausabherfänger</orth>
          </form>
          <sense>
            <sense>
              <def>Haarkamm</def>
              <usg type="geo">
                <placeName type="grossregion" ref="/geodata-wboe.xml#p5.2">Hausrv.</placeName>
              </usg>
              <ptr type="collection" subtype="bedeutung" target="/collections-wboe.xml#c18372"/>
            </sense>
          </sense>
        </re>
        <re>
          <form subtype="compound" type="lemma">
            <orth>Leitfänger</orth>
          </form>
          <sense>
            <sense>
              <def type="umschreibung">Bestandteil des Pferdegeschirrs</def>
              <usg type="geo">
                <placeName type="grossregion" ref="/geodata-wboe.xml#p2.2">MKtn.</placeName>
              </usg>
              <ptr type="collection" subtype="bedeutung" target="/collections-wboe.xml#c18382"/>
            </sense>
          </sense>
        </re>
        <re>
          <form subtype="compound" type="lemma">
            <orth>Nockenfänger</orth>
          </form>
          <sense>
            <sense>
              <def>besonders großer Vorderzahn (bei Menschen)</def>
              <usg type="geo">
                <placeName type="grossregion" ref="/geodata-wboe.xml#p5.2">Hausrv.</placeName>
              </usg>
              <ptr type="collection" subtype="bedeutung" target="/collections-wboe.xml#c18384"/>
            </sense>
          </sense>
        </re>
        <re>
          <form subtype="compound" type="lemma">
            <orth>Rauchfänger</orth>
          </form>
          <sense>
            <sense>
              <def>Vorrichtung über dem Herd, am Backofen bzw. über offenem Feuer, um den Rauch zum Schornstein abzuleiten</def>
              <usg type="geo">
                <placeName type="grossregion" ref="/geodata-wboe.xml#p2.1">ObKtn.</placeName>
              </usg>
              <usg type="geo">
                <placeName type="grossregion" ref="/geodata-wboe.xml#p5.2">Hausrv.</placeName>
              </usg>
              <ptr type="collection" subtype="bedeutung" target="/collections-wboe.xml#c18385"/>
            </sense>
          </sense>
        </re>
        <re>
          <form subtype="compound" type="lemma">
            <orth>Scheißfänger</orth>
          </form>
          <sense>
            <sense>
              <def>langer Gehrock für Männer</def>
              <usg type="geo">
                <placeName type="grossregion" ref="/geodata-wboe.xml#p6.5">Wien</placeName>
              </usg>
              <ptr type="collection" subtype="bedeutung" target="/collections-wboe.xml#c18386"/>
            </sense>
          </sense>
        </re>
        <re>
          <form subtype="compound" type="lemma">
            <orth>Schmalzfänger</orth>
          </form>
          <sense>
            <sense>
              <def type="umschreibung">lange Härchen an der Ohrmuschel</def>
              <usg type="geo">
                <placeName type="grossregion" ref="/geodata-wboe.xml#p4.5">Flachg.</placeName>
              </usg>
              <ptr type="collection" subtype="bedeutung" target="/collections-wboe.xml#c18387"/>
            </sense>
          </sense>
        </re>
        <re>
          <form subtype="compound" type="lemma">
            <orth>Schneefänger</orth>
          </form>
          <sense>
            <sense>
              <def type="umschreibung">Bezeichnung der Schlosser für eine Vorrichtung, die als Schutz gegen Dachlawinen dient</def>
              <usg>(fachsprachlich)</usg>
              <usg type="geo">
                <placeName type="bundesland" ref="/geodata-wboe.xml#p3">Stmk.</placeName>
              </usg>
              <ptr type="collection" subtype="bedeutung" target="/collections-wboe.xml#c18304"/>
            </sense>
          </sense>
        </re>
        <re>
          <form subtype="compound" type="lemma">
            <orth>Schweinfänger</orth>
          </form>
          <sense>
            <sense>
              <def>Werkzeug zum Fangen von Schweinen</def>
              <usg type="geo">
                <placeName type="bundesland" ref="/geodata-wboe.xml#p3">Stmk.</placeName>
              </usg>
              <ptr type="collection" subtype="bedeutung" target="/collections-wboe.xml#c18388"/>
            </sense>
          </sense>
        </re>
        <re>
          <form subtype="compound" type="lemma">
            <orth>Schwellfänger</orth>
          </form>
          <sense>
            <sense>
              <def>Dunst-, Rauch-, Qualmabzug einer Rauchküche</def>
              <usg type="geo">
                <placeName type="grossregion" ref="/geodata-wboe.xml#p2.1">ObKtn.</placeName>
              </usg>
              <ptr type="collection" subtype="bedeutung" target="/collections-wboe.xml#c18389"/>
            </sense>
          </sense>
        </re>
        <re>
          <form subtype="compound" type="lemma">
            <orth>Spatzenfänger</orth>
          </form>
          <sense>
            <sense>
              <def>Bursche, der ständig junge Mädchen umwirbt</def>
              <usg type="geo">
                <placeName type="grossregion" ref="/geodata-wboe.xml#p3.1">sbair.ObStmk.</placeName>
              </usg>
              <usg type="geo">
                <placeName type="grossregion" ref="/geodata-wboe.xml#p3.1">sbair.ObStmk.</placeName>
              </usg>
              <usg type="geo">
                <placeName type="grossregion" ref="/geodata-wboe.xml#p3.2">mbair.ObStmk.</placeName>
              </usg>
              <usg type="geo">
                <placeName type="bundesland" ref="/geodata-wboe.xml#p4">Sbg.</placeName>
              </usg>
              <usg type="geo">
                <placeName type="grossregion" ref="/geodata-wboe.xml#p5.2">Hausrv.</placeName>
              </usg>
              <ptr type="collection" subtype="bedeutung" target="/collections-wboe.xml#c18390"/>
            </sense>
          </sense>
        </re>
        <re>
          <form subtype="compound" type="lemma">
            <orth>Suppenfänger</orth>
          </form>
          <sense>
            <sense>
              <def>Schöpflöffel</def>
              <usg type="geo">
                <placeName type="grossregion" ref="/geodata-wboe.xml#p2.2">MKtn.</placeName>
              </usg>
              <ptr type="collection" subtype="bedeutung" target="/collections-wboe.xml#c18391"/>
            </sense>
            <sense>
              <def>kleiner Bart an der Unterlippe</def>
              <usg type="geo">
                <placeName type="grossregion" ref="/geodata-wboe.xml#p2.2">MKtn.</placeName>
              </usg>
              <ptr type="collection" subtype="bedeutung" target="/collections-wboe.xml#c18408"/>
            </sense>
          </sense>
        </re>
        <re>
          <form subtype="compound" type="lemma">
            <orth>Tröpferlfänger</orth>
          </form>
          <sense>
            <sense>
              <def>Kondom</def>
              <usg>(gaunersprachlich)</usg>
              <usg type="geo">
                <placeName type="grossregion" ref="/geodata-wboe.xml#p6.5">Wien</placeName>
              </usg>
              <ptr type="collection" subtype="bedeutung" target="/collections-wboe.xml#c18380"/>
            </sense>
          </sense>
        </re>
        <re>
          <form subtype="compound" type="lemma">
            <orth>Wetterfänger</orth>
          </form>
          <sense>
            <sense>
              <def>Ventilator bzw. Luftsauger in einem Bergwerk</def>
              <usg type="geo">
                <placeName type="bundesland" ref="/geodata-wboe.xml#p1A">STir.</placeName>
              </usg>
              <usg type="geo">
                <placeName type="grossregion" ref="/geodata-wboe.xml#p1B.0">OTir.</placeName>
              </usg>
              <usg type="geo">
                <placeName type="bundesland" ref="/geodata-wboe.xml#p1C">NTir.</placeName>
              </usg>
              <ptr type="collection" subtype="bedeutung" target="/collections-wboe.xml#c18392"/>
            </sense>
          </sense>
        </re>
      </entry>
    </body>
  </text>
</TEI>