<?xml version="1.0" encoding="UTF-8"?>
    <?xml-model href="http://www.tei-c.org/release/xml/tei/custom/schema/relaxng/tei_all.rng" type="application/xml" schematypens="http://purl.oclc.org/dsdl/schematron"?>
    <?xml-model href="../../803_RNG-schematron/WBOE-ODD.rnc" type="application/relax-ng-compact-syntax"?>
<?redaktionstool version="0.8.1" ?>
<?parser type="lioe" version="0.7.41" ?>
<TEI xmlns="http://www.tei-c.org/ns/1.0">
  <teiHeader>
    <fileDesc>
      <titleStmt>
        <title>Föhre</title>
        <respStmt>
          <resp>Editor</resp>
          <name ref="#PZ">Patrick Zeitlhuber</name>
        </respStmt>
        <respStmt>
          <resp>Encoding Scheme</resp>
          <name>Jack Bowers</name>
          <name>Daniel Schopper</name>
          <name>Omar Siam</name>
        </respStmt>
        <respStmt>
          <resp>DBOE Team</resp>
          <name xml:id="AL">Alexandra N. Lenz</name>
          <name xml:id="PhS">Philipp Stöckle</name>
          <name xml:id="AG">Andreas Gellan</name>
          <name xml:id="PZ">Patrick Zeitlhuber</name>
          <name xml:id="SW">Sabine Wahl</name>
          <name xml:id="SS">Sonja Schwaiger</name>
          <name xml:id="AB">Angela Bergermayer</name>
          <name xml:id="EW">Eva Wahlmüller</name>
          <name xml:id="DG">David Gschösser</name>
          <name xml:id="StS">Stefanie Schöberl</name>
          <name xml:id="FF">Fabian Fleißner</name>
          <name xml:id="MK">Markus Kunzmann</name>
        </respStmt>
        <respStmt>
          <resp>Student assistants</resp>
          <name>Susanna Muhr</name>
          <name>Manuela Stütz</name>
          <name>Christina Hemetsberger</name>
        </respStmt>
      </titleStmt>
      <publicationStmt>
        <p></p>
      </publicationStmt>
      <sourceDesc>
        <list>
          <item>
            <label>Geo-data</label>
            <ptr xml:id="geo-inventory-WBOE" target="../geodata-wboe.xml"/>
          </item>
          <item>
            <label>Bibliography</label>
            <ptr xml:id="bibliography-WBOE" target="../bibl-wboe.xml"/>
          </item>
          <item>
            <label>WBOE-Slips</label>
            <ptr xml:id="slips-WBOE" target="../slips-wboe.xml"/>
          </item>
          <item>
            <label>WBOE-Collections</label>
            <ptr xml:id="collections-WBOE" target="../collections-wboe.xml"/>
          </item>
        </list>
      </sourceDesc>
    </fileDesc>
    <revisionDesc>
      <listChange>
        <change status="peer correction" when="2021-11-18" who="#PZ">Datensatz erstellt</change>
        <change status="peer correction" when="2022-01-14" who="#PZ">Anmerkungen peer correction eingearbeitet; LK ausständig</change>
        <change status="external correction" when="2022-05-05" who="#PZ">Anm. Manzi eingearbeitet</change>
        <change status="finished" when="2022-05-23" who="#PZ">finished</change>
      </listChange>
    </revisionDesc>
  </teiHeader>
  <text>
    <body>
      <entry>
        <form type="lemma" xml:id="Foehre">
          <orth>Föhre</orth>
          <ptr type="collection" subtype="lemma" target="/collections-wboe.xml#c22751"/>
        </form>
        <gramGrp>
          <gram type="pos">Substantiv</gram>
          <gram type="gender">Femininum</gram>
          <gram type="gender">Maskulinum</gram>
        </gramGrp>
        <form type="variant" subtype="diminutive" xml:id="Foerchel">
          <orth>Förchel</orth>
          <orth>Förchelein</orth>
          <gramGrp>
            <gram type="gender">Neutrum</gram>
          </gramGrp>
        </form>
        <usg type="geo">
          <placeName type="bundesland" ref="/geodata-wboe.xml#p1A">STir.</placeName>
        </usg>
        <usg type="geo">
          <placeName type="bundesland" ref="/geodata-wboe.xml#p1B">OTir.</placeName>
        </usg>
        <usg type="geo">
          <placeName type="bundesland" ref="/geodata-wboe.xml#p1C">NTir.</placeName>
        </usg>
        <usg type="geo">
          <placeName type="bundesland" ref="/geodata-wboe.xml#p2">Ktn.</placeName>
        </usg>
        <usg type="geo">
          <placeName type="bundesland" ref="/geodata-wboe.xml#p3">Stmk.</placeName>
        </usg>
        <usg type="geo">
          <placeName type="bundesland" ref="/geodata-wboe.xml#p4">Sbg.</placeName>
        </usg>
        <usg type="geo">
          <placeName type="bundesland" ref="/geodata-wboe.xml#p5">OÖ</placeName>
        </usg>
        <usg type="geo">
          <placeName type="bundesland" ref="/geodata-wboe.xml#p6">NÖ</placeName>
        </usg>
        <usg type="geo">
          <placeName type="bundesland" ref="/geodata-wboe.xml#p6.5">Wien</placeName>
        </usg>
        <usg type="geo">
          <placeName type="bundesland" ref="/geodata-wboe.xml#p7">Bgl.</placeName>
        </usg>
        <note type="kommentar" resp="#PZ">Reflexe von mhd.
          <c>o</c>in der Stammsilbe finden sich überall mit
          <c>o</c>
          <xr>
            <ref>fǫrχ</ref>
            <ref>fǫrχɒ</ref>
            <ref>fǭɒχŋ̥</ref>
          </xr>, das gelegentlich im westliche Süd-, östlichen Südmittel- und im Ostmittelbairischen zu
          <c>u</c>gehoben wurde
          <xr>
            <ref>furχɒ</ref>
            <ref>fūɒrɒ</ref>
            <ref>fūɒrɒn</ref>
          </xr>. Zu
          <c>ö</c>palatalisierte Vokale treten im Süd- und westlichen Südmittelbairischen
          <xr>
            <ref>fǫ̈rχə</ref>
            <ref>fǫ̈rɒ</ref>
            <ref>fǫ̈rχn̥</ref>
            <ref>fǫ̈rχŋ̥</ref>
          </xr>sowie daraus entrundete
          <c>e</c>im gesamten Verbreitungsgebiet auf
          <xr>
            <ref>fęrχ</ref>
            <ref>fę̄ɒrɒ</ref>
            <ref>fęɒχŋ̥</ref>
          </xr>. Darüber hinaus wurde der Stammvokal im bairisch-alemannischen Übergangsgebiet, im östlichen Süd- sowie im Westmittelbairischen mitunter zu
          <c>a</c>geöffnet
          <xr>
            <ref>farχɒ</ref>
            <ref>farχŋ̥̥</ref>
          </xr>. Sprossvokale wurden im Südmittelbairischen eingeschoben
          <xr>
            <ref>fǫrəhn̥</ref>
            <ref>fęɒrįχə</ref>
            <ref>farɒhɒ</ref>
          </xr>. Im gesamten Verbreitungsgebiet finden sich im Auslaut Vokale, die entweder auf ältere Formen zurückgehen oder durch Lautwandel in den Auslaut getreten sind
          <xr>
            <ref>fǫrχɒ</ref>
            <ref>fęrχə</ref>
          </xr>, Diese Vokale wurden im Südbairischen, östlichen Südmittelbairischen und Westmittelbairischen gelegentlich getilgt
          <xr>
            <ref>fǫrχ</ref>
            <ref>fęrχ</ref>
          </xr>. Selten wurde im östlichen Nordtirol der Frikativ sogar okkludiert
          <xr>
            <ref>fęrk</ref>
          </xr>. Im gesamten Verbreitungsgebiet ist weiters der Schwund des Frikativs belegt
          <xr>
            <ref>fǫ̈r</ref>
            <ref>fę̄r</ref>
            <ref>fę̄rɒ</ref>
            <ref>fęɒrɒ</ref>
          </xr>. Aus den obliquen Kasus übernommene nasalhaltige Auslaute kommen darüber hinaus im westlichen Südbairischen vor
          <xr>
            <ref>fǭɒχŋ̥</ref>
            <ref>fūɒrɒn</ref>
            <ref>fǫ̈rχn̥</ref>
            <ref>fęɒrχn̥</ref>
            <ref>fę̄ɒrɒn</ref>
          </xr>.
        </note>
        <form type="dialect">
          <pron xml:lang="bar-AT">förχn</pron>
          <usg type="geo">
            <placeName type="gemeinde" ref="/geodata-wboe.xml#p1A.1h04">Meran</placeName>
          </usg>
        </form>
        <form type="dialect">
          <pron xml:lang="bar-AT">föir</pron>
          <usg type="geo">
            <placeName type="gemeinde" ref="/geodata-wboe.xml#p1A.2c04">Welschnofen</placeName>
          </usg>
        </form>
        <form type="dialect">
          <pron xml:lang="bar-AT">föriχ̂e</pron>
          <usg type="geo">
            <placeName type="gemeinde" ref="/geodata-wboe.xml#p1A.4a01">Ahrntal</placeName>
          </usg>
        </form>
        <form type="dialect">
          <pron xml:lang="bar-AT">forχə</pron>
          <usg type="geo">
            <placeName type="gemeinde" ref="/geodata-wboe.xml#p1B.0a05">Sillian</placeName>
          </usg>
        </form>
        <form type="dialect">
          <pron xml:lang="bar-AT">fə̈rxn</pron>
          <usg type="geo">
            <placeName type="gemeinde" ref="/geodata-wboe.xml#p1B.0g02">Schlaiten</placeName>
          </usg>
        </form>
        <form type="dialect">
          <pron xml:lang="bar-AT">fǫɒrxɒ,</pron>
          <pron xml:lang="bar-AT">fōrxɒ,</pron>
          <pron xml:lang="bar-AT">fuɒrxɒ</pron>
          <usg type="geo">
            <placeName type="kleinregion" ref="/geodata-wboe.xml#p1C.1c">Außf.Lecht.</placeName>
          </usg>
        </form>
        <form type="dialect">
          <pron xml:lang="bar-AT">fęrk</pron>
          <usg type="geo">
            <placeName type="gemeinde" ref="/geodata-wboe.xml#p1C.3b03">Thiersee</placeName>
          </usg>
        </form>
        <form type="dialect">
          <pron xml:lang="bar-AT">fęrχŋ</pron>
          <usg type="geo">
            <placeName type="kleinregion" ref="/geodata-wboe.xml#p1C.3f">Brixent.</placeName>
          </usg>
        </form>
        <form type="dialect">
          <pron xml:lang="bar-AT">fęrxn</pron>
          <pron xml:lang="bar-AT">fęrhn</pron>
          <pron xml:lang="bar-AT">fo̩rᵊxŋ</pron>
          <usg type="geo">
            <placeName type="gemeinde" ref="/geodata-wboe.xml#p2.2a01">Rennweg am Katschberg</placeName>
          </usg>
        </form>
        <form type="dialect">
          <pron xml:lang="bar-AT">fǫɒrhn</pron>
          <usg type="geo">
            <placeName type="gemeinde" ref="/geodata-wboe.xml#p2.3a01">Friesach</placeName>
          </usg>
        </form>
        <form type="dialect">
          <pron xml:lang="bar-AT">fǫrᵊxən</pron>
          <usg type="geo">
            <placeName type="gemeinde" ref="/geodata-wboe.xml#p3.1c09">Oberwölz</placeName>
          </usg>
        </form>
        <form type="dialect">
          <pron xml:lang="bar-AT">fē᪸rɒ</pron>
          <usg type="geo">
            <placeName type="kleinregion" ref="/geodata-wboe.xml#p3.2i">Auss.Ld.</placeName>
          </usg>
        </form>
        <form type="dialect">
          <pron xml:lang="bar-AT">fo̩ɒhɒ</pron>
          <usg type="geo">
            <placeName type="gemeinde" ref="/geodata-wboe.xml#p3.2m03">Selzthal</placeName>
          </usg>
        </form>
        <form type="dialect">
          <pron xml:lang="bar-AT">fǫɒkŋ</pron>
          <usg type="geo">
            <placeName type="gemeinde" ref="/geodata-wboe.xml#p3.2j08">Ramsau am Dachstein</placeName>
          </usg>
        </form>
        <form type="dialect">
          <pron xml:lang="bar-AT">fęɒrɒ</pron>
          <usg type="geo">
            <placeName type="gemeinde" ref="/geodata-wboe.xml#p4.2b01">Bruck an der Großglocknerstraße</placeName>
          </usg>
        </form>
        <form type="dialect">
          <pron xml:lang="bar-AT">fe̩rᵊx</pron>
          <usg type="geo">
            <placeName type="gemeinde" ref="/geodata-wboe.xml#p4.3d01">Hüttschlag</placeName>
          </usg>
        </form>
        <form type="dialect">
          <pron xml:lang="bar-AT">φe̩ɒχŋ</pron>
          <usg type="geo">
            <placeName type="gemeinde" ref="/geodata-wboe.xml#p4.4a03">Hallein</placeName>
          </usg>
        </form>
        <form type="dialect">
          <pron xml:lang="bar-AT">fęɒrɒ</pron>
          <usg type="geo">
            <placeName type="gemeinde" ref="/geodata-wboe.xml#p5.1a02">Eggelsberg</placeName>
          </usg>
        </form>
        <form type="dialect">
          <pron xml:lang="bar-AT">feara</pron>
          <usg type="geo">
            <placeName type="gemeinde" ref="/geodata-wboe.xml#p5.3b02">Gmunden</placeName>
          </usg>
        </form>
        <form type="dialect">
          <pron xml:lang="bar-AT">fę̄ɒrɒ</pron>
          <usg type="geo">
            <placeName type="gemeinde" ref="/geodata-wboe.xml#p5.4e04">Gallneukirchen</placeName>
          </usg>
        </form>
        <form type="dialect">
          <pron xml:lang="bar-AT">fǭɒrɒ</pron>
          <usg type="geo">
            <placeName type="gemeinde" ref="/geodata-wboe.xml#p6.1f05">Purgstall an der Erlauf</placeName>
          </usg>
        </form>
        <form type="dialect">
          <pron xml:lang="bar-AT">fuhra</pron>
          <usg type="geo">
            <placeName type="gemeinde" ref="/geodata-wboe.xml#p6.2g08">Ternitz</placeName>
          </usg>
        </form>
        <form type="dialect">
          <pron xml:lang="bar-AT">fę̄ɒrɒ</pron>
          <usg type="geo">
            <placeName type="gemeinde" ref="/geodata-wboe.xml#p6.3a04">Dobersberg</placeName>
          </usg>
        </form>
        <form type="dialect">
          <pron xml:lang="bar-AT">φęɒrɒ</pron>
          <usg type="geo">
            <placeName type="gemeinde" ref="/geodata-wboe.xml#p6.5u06">Leopoldau</placeName>
          </usg>
        </form>
        <form type="dialect">
          <pron xml:lang="bar-AT">fę̄ɒn</pron>
          <usg type="geo">
            <placeName type="grossregion" ref="/geodata-wboe.xml#p6.5">Wien</placeName>
          </usg>
        </form>
        <form type="dialect">
          <pron xml:lang="bar-AT">fuɒrɒ</pron>
          <usg type="geo">
            <placeName type="gemeinde" ref="/geodata-wboe.xml#p7.1e07">Mattersburg</placeName>
          </usg>
        </form>
        <form type="dialect">
          <pron xml:lang="bar-AT">fėira</pron>
          <pron xml:lang="bar-AT">fœur</pron>
          <usg type="geo">
            <placeName type="gemeinde" ref="/geodata-wboe.xml#p7.2a08">Neckenmarkt</placeName>
          </usg>
        </form>
        <form type="dialect">
          <pron xml:lang="bar-AT">foaran</pron>
          <usg type="geo">
            <placeName type="gemeinde" ref="/geodata-wboe.xml#p7.3g10">Tobaj</placeName>
          </usg>
        </form>
        <etym>
          <cit type="etymon">
            <lang>ahd.</lang>
            <form>
              <orth>for(a)ha</orth>
            </form>
          </cit>
          <cit type="etymon">
            <lang>mhd.</lang>
            <form>
              <orth>forhe</orth>
            </form>
          </cit>
          <ref type="bibl" target="#AWB1985III">AWB 1985 III
            <citedRange>1152</citedRange>
          </ref>
          <ref type="bibl" target="#Lexer1878III">Lexer 1878 III
            <citedRange>468</citedRange>
          </ref>
        </etym>
        <sense>
          <sense>
            <sense>
              <def>Kiefer; Pinus sylvestris (Nadelbaumart)</def>
              <usg type="geo">
                <placeName type="bundesland" ref="/geodata-wboe.xml#p1A">STir.</placeName>
              </usg>
              <usg type="geo">
                <placeName type="bundesland" ref="/geodata-wboe.xml#p1B">OTir.</placeName>
              </usg>
              <usg type="geo">
                <placeName type="bundesland" ref="/geodata-wboe.xml#p1C">NTir.</placeName>
              </usg>
              <usg type="geo">
                <placeName type="bundesland" ref="/geodata-wboe.xml#p2">Ktn.</placeName>
              </usg>
              <usg type="geo">
                <placeName type="bundesland" ref="/geodata-wboe.xml#p3">Stmk.</placeName>
              </usg>
              <usg type="geo">
                <placeName type="bundesland" ref="/geodata-wboe.xml#p4">Sbg.</placeName>
              </usg>
              <usg type="geo">
                <placeName type="bundesland" ref="/geodata-wboe.xml#p5">OÖ</placeName>
              </usg>
              <usg type="geo">
                <placeName type="bundesland" ref="/geodata-wboe.xml#p6">NÖ</placeName>
              </usg>
              <usg type="geo">
                <placeName type="bundesland" ref="/geodata-wboe.xml#p6.5">Wien</placeName>
              </usg>
              <usg type="geo">
                <placeName type="bundesland" ref="/geodata-wboe.xml#p7">Bgl.</placeName>
              </usg>
              <cit type="example">
                <quote xml:lang="bar-AT">kliəᵇm nǫch da Fęrk</quote>
                <usg type="geo">
                  <placeName type="gemeinde" ref="/geodata-wboe.xml#p1C.3b03">Thiersee</placeName>
                </usg>
              </cit>
              <ptr type="collection" subtype="bedeutung" target="/collections-wboe.xml#c23464"/>
            </sense>
            <sense>
              <def>Holz der Föhre, Kiefer (Nadelbaum)</def>
              <usg type="geo">
                <placeName type="grossregion" ref="/geodata-wboe.xml#p1A.4">öSTir.</placeName>
              </usg>
              <usg type="geo">
                <placeName type="grossregion" ref="/geodata-wboe.xml#p3.5">OStmk.</placeName>
              </usg>
              <usg type="geo">
                <placeName type="grossregion" ref="/geodata-wboe.xml#p4.3">Pong.</placeName>
              </usg>
              <ptr type="collection" subtype="bedeutung" target="/collections-wboe.xml#c23531"/>
            </sense>
          </sense>
        </sense>
        <re>
          <form subtype="compound" type="lemma">
            <orth>Bergföhre</orth>
          </form>
          <sense>
            <sense>
              <def>Latsche; Bergkiefer; Pinus mugo (Nadelbaumart)</def>
              <usg type="geo">
                <placeName type="grossregion" ref="/geodata-wboe.xml#p1A.1">wSTir.</placeName>
              </usg>
              <ptr type="collection" subtype="bedeutung" target="/collections-wboe.xml#c23511"/>
            </sense>
          </sense>
        </re>
        <re>
          <form subtype="compound" type="lemma">
            <orth>Geschiedföhre</orth>
          </form>
          <sense>
            <sense>
              <def>als Grenzbaum fungierende Kiefer (Nadelbaum)</def>
              <usg type="geo">
                <placeName type="grossregion" ref="/geodata-wboe.xml#p2.2">MKtn.</placeName>
              </usg>
              <ptr type="collection" subtype="bedeutung" target="/collections-wboe.xml#c23487"/>
            </sense>
          </sense>
        </re>
        <re>
          <form subtype="compound" type="lemma">
            <orth>Grenzföhre</orth>
          </form>
          <sense>
            <sense>
              <def>als Grenzbaum fungierende Kiefer (Nadelbaum)</def>
              <usg type="geo">
                <placeName type="grossregion" ref="/geodata-wboe.xml#p2.2">MKtn.</placeName>
              </usg>
              <usg type="geo">
                <placeName type="grossregion" ref="/geodata-wboe.xml#p3.2">mbair.ObStmk.</placeName>
              </usg>
              <usg type="geo">
                <placeName type="grossregion" ref="/geodata-wboe.xml#p6.2">Industriev.</placeName>
              </usg>
              <ptr type="collection" subtype="bedeutung" target="/collections-wboe.xml#c23501"/>
            </sense>
          </sense>
        </re>
        <re>
          <form subtype="compound" type="lemma">
            <orth>Kienföhre</orth>
          </form>
          <sense>
            <sense>
              <def>Kiefer; Pinus sylvestris (Nadelbaumart)</def>
              <usg type="geo">
                <placeName type="grossregion" ref="/geodata-wboe.xml#p1A.1">wSTir.</placeName>
              </usg>
              <usg type="geo">
                <placeName type="grossregion" ref="/geodata-wboe.xml#p4.2">Pinzg.</placeName>
              </usg>
              <usg type="geo">
                <placeName type="grossregion" ref="/geodata-wboe.xml#p5.4">Mühlv.</placeName>
              </usg>
              <ptr type="collection" subtype="bedeutung" target="/collections-wboe.xml#c23502"/>
            </sense>
          </sense>
        </re>
        <re>
          <form subtype="compound" type="lemma">
            <orth>Knieföhre</orth>
          </form>
          <sense>
            <sense>
              <def>Latsche; Bergkiefer; Pinus mugo (Nadelbaumart)</def>
              <usg type="geo">
                <placeName type="grossregion" ref="/geodata-wboe.xml#p5.4">Mühlv.</placeName>
              </usg>
              <ptr type="collection" subtype="bedeutung" target="/collections-wboe.xml#c23503"/>
            </sense>
          </sense>
        </re>
        <re>
          <form subtype="compound" type="lemma">
            <orth>Krüppelföhre</orth>
          </form>
          <sense>
            <sense>
              <def>Latsche; Bergkiefer; Pinus mugo (Nadelbaumart)</def>
              <usg type="geo">
                <placeName type="grossregion" ref="/geodata-wboe.xml#p2.1">ObKtn.</placeName>
              </usg>
              <ptr type="collection" subtype="bedeutung" target="/collections-wboe.xml#c23506"/>
            </sense>
          </sense>
        </re>
        <re>
          <form subtype="compound" type="lemma">
            <orth>Launföhre</orth>
          </form>
          <sense>
            <sense>
              <def>Latsche; Bergkiefer; Pinus mugo (Nadelbaumart)</def>
              <usg type="geo">
                <placeName type="grossregion" ref="/geodata-wboe.xml#p1A.1">wSTir.</placeName>
              </usg>
              <ptr type="collection" subtype="bedeutung" target="/collections-wboe.xml#c23509"/>
            </sense>
          </sense>
        </re>
        <re>
          <form subtype="compound" type="lemma">
            <orth>Legföhre</orth>
          </form>
          <sense>
            <sense>
              <def>Latsche; Bergkiefer; Pinus mugo (Nadelbaumart)</def>
              <usg type="geo">
                <placeName type="grossregion" ref="/geodata-wboe.xml#p3.1">sbair.ObStmk.</placeName>
              </usg>
              <usg type="geo">
                <placeName type="grossregion" ref="/geodata-wboe.xml#p3.2">mbair.ObStmk.</placeName>
              </usg>
              <usg type="geo">
                <placeName type="bundesland" ref="/geodata-wboe.xml#p5">OÖ</placeName>
              </usg>
              <ptr type="collection" subtype="bedeutung" target="/collections-wboe.xml#c23507"/>
            </sense>
          </sense>
        </re>
        <re>
          <form subtype="compound" type="lemma">
            <orth>Lichtföhre</orth>
          </form>
          <sense>
            <sense>
              <def>Kiefer (Nadelbaum), aus der Lichtspäne zur Beleuchtung mit einer Kienleuchte gemacht werden</def>
              <usg type="geo">
                <placeName type="grossregion" ref="/geodata-wboe.xml#p3.5">OStmk.</placeName>
              </usg>
              <ptr type="collection" subtype="bedeutung" target="/collections-wboe.xml#c23508"/>
            </sense>
          </sense>
        </re>
        <re>
          <form subtype="compound" type="lemma">
            <orth>Markföhre</orth>
          </form>
          <sense>
            <sense>
              <def>als Grenzbaum fungierende Kiefer (Nadelbaum)</def>
              <usg type="geo">
                <placeName type="grossregion" ref="/geodata-wboe.xml#p1C.2">mNTir.</placeName>
              </usg>
              <usg type="geo">
                <placeName type="grossregion" ref="/geodata-wboe.xml#p3.2">mbair.ObStmk.</placeName>
              </usg>
              <usg type="geo">
                <placeName type="grossregion" ref="/geodata-wboe.xml#p6.2">Industriev.</placeName>
              </usg>
              <usg type="geo">
                <placeName type="grossregion" ref="/geodata-wboe.xml#p6.3">Waldv.</placeName>
              </usg>
              <ptr type="collection" subtype="bedeutung" target="/collections-wboe.xml#c23510"/>
            </sense>
          </sense>
        </re>
        <re>
          <form subtype="compound" type="lemma">
            <orth>Rainföhre</orth>
          </form>
          <sense>
            <sense>
              <def>als Grenzbaum fungierende Kiefer (Nadelbaum)</def>
              <usg type="geo">
                <placeName type="grossregion" ref="/geodata-wboe.xml#p3.4">MStmk.</placeName>
              </usg>
              <usg type="geo">
                <placeName type="grossregion" ref="/geodata-wboe.xml#p3.5">OStmk.</placeName>
              </usg>
              <ptr type="collection" subtype="bedeutung" target="/collections-wboe.xml#c23513 "/>
            </sense>
          </sense>
        </re>
        <re>
          <form subtype="compound" type="lemma">
            <orth>Rotföhre</orth>
          </form>
          <sense>
            <sense>
              <def>Kiefer; Pinus sylvestris (Nadelbaumart)</def>
              <usg type="geo">
                <placeName type="bundesland" ref="/geodata-wboe.xml#p5">OÖ</placeName>
              </usg>
              <usg type="geo">
                <placeName type="bundesland" ref="/geodata-wboe.xml#p6">NÖ</placeName>
              </usg>
              <ptr type="collection" subtype="bedeutung" target="/collections-wboe.xml#c23512"/>
            </sense>
          </sense>
        </re>
        <re>
          <form subtype="compound" type="lemma">
            <orth>Schwarzföhre</orth>
          </form>
          <sense>
            <sense>
              <def>Schwarzkiefer; Pinus nigra (Nadelbaumart)</def>
              <usg type="geo">
                <placeName type="bundesland" ref="/geodata-wboe.xml#p5">OÖ</placeName>
              </usg>
              <usg type="geo">
                <placeName type="grossregion" ref="/geodata-wboe.xml#p6.2">Industriev.</placeName>
              </usg>
              <usg type="geo">
                <placeName type="grossregion" ref="/geodata-wboe.xml#p6.3">Waldv.</placeName>
              </usg>
              <usg type="geo">
                <placeName type="grossregion" ref="/geodata-wboe.xml#p6.4">Weinv.</placeName>
              </usg>
              <usg type="geo">
                <placeName type="bundesland" ref="/geodata-wboe.xml#p6.5">Wien</placeName>
              </usg>
              <usg type="geo">
                <placeName type="grossregion" ref="/geodata-wboe.xml#p7.1">NBgl.</placeName>
              </usg>
              <ptr type="collection" subtype="bedeutung" target="/collections-wboe.xml#c23514"/>
            </sense>
          </sense>
        </re>
        <re>
          <form subtype="compound" type="lemma">
            <orth>Segelföhre</orth>
          </form>
          <sense>
            <sense>
              <def>Latsche; Bergkiefer; Pinus mugo (Nadelbaumart)</def>
              <usg type="geo">
                <placeName type="grossregion" ref="/geodata-wboe.xml#p1C.1">wNTir.</placeName>
              </usg>
              <ptr type="collection" subtype="bedeutung" target="/collections-wboe.xml#c23515"/>
            </sense>
          </sense>
        </re>
        <re>
          <form subtype="compound" type="lemma">
            <orth>Seidenföhre</orth>
          </form>
          <sense>
            <sense>
              <sense>
                <def>Strobe; Weymouth-Kiefer; Pinus strobus (Nadelbaumart)</def>
                <usg type="geo">
                  <placeName type="grossregion" ref="/geodata-wboe.xml#p5.1">Innv.</placeName>
                </usg>
                <usg type="geo">
                  <placeName type="grossregion" ref="/geodata-wboe.xml#p6.2">Industriev.</placeName>
                </usg>
                <ptr type="collection" subtype="bedeutung" target="/collections-wboe.xml#c23516"/>
              </sense>
              <sense>
                <def>Schwarzkiefer; Pinus nigra (Nadelbaumart)</def>
                <usg type="geo">
                  <placeName type="grossregion" ref="/geodata-wboe.xml#p6.3">Waldv.</placeName>
                </usg>
                <ptr type="collection" subtype="bedeutung" target="/collections-wboe.xml#c23527"/>
              </sense>
            </sense>
          </sense>
        </re>
        <re>
          <form subtype="compound" type="lemma">
            <orth>Spanföhre</orth>
          </form>
          <sense>
            <sense>
              <def>Kiefer (Nadelbaum), aus der Lichtspäne zur Beleuchtung mit einer Kienleuchte gemacht werden</def>
              <usg type="geo">
                <placeName type="bundesland" ref="/geodata-wboe.xml#p3">Stmk.</placeName>
              </usg>
              <usg type="geo">
                <placeName type="grossregion" ref="/geodata-wboe.xml#p5.3">Traunv.</placeName>
              </usg>
              <usg type="geo">
                <placeName type="grossregion" ref="/geodata-wboe.xml#p5.4">Mühlv.</placeName>
              </usg>
              <usg type="geo">
                <placeName type="grossregion" ref="/geodata-wboe.xml#p6.1">Mostv.</placeName>
              </usg>
              <usg type="geo">
                <placeName type="grossregion" ref="/geodata-wboe.xml#p6.3">Waldv.</placeName>
              </usg>
              <ptr type="collection" subtype="bedeutung" target="/collections-wboe.xml#c23518"/>
            </sense>
          </sense>
        </re>
        <re>
          <form subtype="compound" type="lemma">
            <orth>Spurföhre</orth>
          </form>
          <sense>
            <sense>
              <def>Latsche; Bergkiefer; Pinus mugo (Nadelbaumart)</def>
              <usg type="geo">
                <placeName type="bundesland" ref="/geodata-wboe.xml#p1A">STir.</placeName>
              </usg>
              <usg type="geo">
                <placeName type="bundesland" ref="/geodata-wboe.xml#p1B">OTir.</placeName>
              </usg>
              <usg type="geo">
                <placeName type="bundesland" ref="/geodata-wboe.xml#p1C">NTir.</placeName>
              </usg>
              <ptr type="collection" subtype="bedeutung" target="/collections-wboe.xml#c23517"/>
            </sense>
          </sense>
        </re>
        <re>
          <form subtype="compound" type="lemma">
            <orth>Strohföhre</orth>
          </form>
          <sense>
            <sense>
              <def>Dachsparren beim Strohdach</def>
              <usg type="geo">
                <placeName type="grossregion" ref="/geodata-wboe.xml#p6.3">Waldv.</placeName>
              </usg>
              <ptr type="collection" subtype="bedeutung" target="/collections-wboe.xml#c23519"/>
            </sense>
          </sense>
        </re>
        <re>
          <form subtype="compound" type="lemma">
            <orth>Weißföhre</orth>
          </form>
          <sense>
            <sense>
              <def>Kiefer; Pinus sylvestris (Nadelbaumart)</def>
              <usg type="geo">
                <placeName type="bundesland" ref="/geodata-wboe.xml#p6">NÖ</placeName>
              </usg>
              <ptr type="collection" subtype="bedeutung" target="/collections-wboe.xml#c23521"/>
            </sense>
          </sense>
        </re>
        <re>
          <form subtype="compound" type="lemma">
            <orth>Wildföhre</orth>
          </form>
          <sense>
            <sense>
              <def type="umschreibung">Bezeichnung für eine niedrige Kiefer (Nadelbaumart)</def>
              <usg type="geo">
                <placeName type="grossregion" ref="/geodata-wboe.xml#p6.1">Mostv.</placeName>
              </usg>
            </sense>
          </sense>
        </re>
      </entry>
    </body>
  </text>
</TEI>