<?xml version="1.0" encoding="UTF-8"?>
    <?xml-model href="http://www.tei-c.org/release/xml/tei/custom/schema/relaxng/tei_all.rng" type="application/xml" schematypens="http://purl.oclc.org/dsdl/schematron"?>
    <?xml-model href="../../803_RNG-schematron/WBOE-ODD.rnc" type="application/relax-ng-compact-syntax"?>
<?redaktionstool version="0.8.1" ?>
<?parser type="lioe" version="0.8.0" ?>
<TEI xmlns="http://www.tei-c.org/ns/1.0">
  <teiHeader>
    <fileDesc>
      <titleStmt>
        <title>Füchsling</title>
        <respStmt>
          <resp>Editor</resp>
          <name ref="#EW">Eva Wahlmüller</name>
        </respStmt>
        <respStmt>
          <resp>Encoding Scheme</resp>
          <name>Jack Bowers</name>
          <name>Daniel Schopper</name>
          <name>Omar Siam</name>
        </respStmt>
        <respStmt>
          <resp>DBOE Team</resp>
          <name xml:id="AL">Alexandra N. Lenz</name>
          <name xml:id="PhS">Philipp Stöckle</name>
          <name xml:id="AG">Andreas Gellan</name>
          <name xml:id="PZ">Patrick Zeitlhuber</name>
          <name xml:id="SW">Sabine Wahl</name>
          <name xml:id="SS">Sonja Schwaiger</name>
          <name xml:id="JD">Jan Braun</name>
          <name xml:id="AB">Angela Bergermayer</name>
          <name xml:id="EW">Eva Wahlmüller</name>
          <name xml:id="DG">David Gschösser</name>
          <name xml:id="StS">Stefanie Schöberl</name>
          <name xml:id="FF">Fabian Fleißner</name>
          <name xml:id="MK">Markus Kunzmann</name>
        </respStmt>
        <respStmt>
          <resp>Student assistants</resp>
          <name>Eva Wahlmüller</name>
          <name>Susanna Muhr</name>
          <name>Alexandra Grohe</name>
          <name>Klemens Wagner</name>
          <name>Manuela Stütz</name>
          <name>Christina Hemetsberger</name>
        </respStmt>
      </titleStmt>
      <publicationStmt>
        <p></p>
      </publicationStmt>
      <sourceDesc>
        <list>
          <item>
            <label>Geo-data</label>
            <ptr xml:id="geo-inventory-WBOE" target="../geodata-wboe.xml"/>
          </item>
          <item>
            <label>Bibliography</label>
            <ptr xml:id="bibliography-WBOE" target="../bibl-wboe.xml"/>
          </item>
          <item>
            <label>WBOE-Slips</label>
            <ptr xml:id="slips-WBOE" target="../slips-wboe.xml"/>
          </item>
          <item>
            <label>WBOE-Collections</label>
            <ptr xml:id="collections-WBOE" target="../collections-wboe.xml"/>
          </item>
        </list>
      </sourceDesc>
    </fileDesc>
    <revisionDesc>
      <listChange>
        <change status="in progress" when="2019-00-14" who="#EW">Datensatz erstellt</change>
        <change status="in progress" when="2020-04-28" who="#EW">zusammenlegen mit Füchsling</change>
        <change status="external correction" when="2020-04-28" who="#EW">zusammengelegt, Collections aktualisiert, fertig für externe Korrektur</change>
        <change status="external correction" when="2021-01-05" who="#EW">trennen von Viehling</change>
        <change status="external correction" when="2021-01-12" who="#PZ">LK formatiert eingefügt</change>
        <change status="finished" when="2021-02-01" who="#EW">zurück von IG</change>
      </listChange>
    </revisionDesc>
  </teiHeader>
  <text>
    <body>
      <entry>
        <form type="lemma" xml:id="Fuechsling">
          <orth>Füchsling</orth>
          <ptr type="collection" subtype="lemma" target="/collections-wboe.xml#c982"/>
        </form>
        <gramGrp>
          <gram type="pos">Substantiv</gram>
          <gram type="gender">Maskulinum</gram>
        </gramGrp>
        <usg type="geo">
          <placeName type="bundesland" ref="/geodata-wboe.xml#p2">Ktn.</placeName>
        </usg>
        <usg type="geo">
          <placeName type="bundesland" ref="/geodata-wboe.xml#p3">Stmk.</placeName>
        </usg>
        <usg type="geo">
          <placeName type="grossregion" ref="/geodata-wboe.xml#p4.1">Lung.</placeName>
        </usg>
        <note type="kommentar" resp="#PZ">Für den auf mhd.
          <c>ü</c>zurückgehenden Stammvokal treten in Kärnten, der südbairischen und mittelbairischen Obersteiermark und im Lungau kurze
          <c>ü</c>-Monophthonge auf
          <xr>
            <ref>fų̈kslįŋ</ref>
          </xr>. In Ober- und Mittelkärnten sowie in der West-, Mittel- und mittelbairischen Obersteiermark finden sich außerdem entrundete Varianten
          <xr>
            <ref>fįkslįŋ</ref>
            <ref>fįksləŋ</ref>
          </xr>. In Mittelkärnten ist ein dem Vokal vorausgehender, nicht regelhafter Liquideinschub belegt
          <xr>
            <ref>flų̈ksləŋ</ref>
          </xr>. Die mhd. Lautkombination
          <c>hs</c>wird überall plosivhaltig realisiert
          <xr>
            <ref>fįksləŋ</ref>
          </xr>. Der Vokal des Suffixes tritt als reduzierter Monophthong in unterschiedlichen Qualitäten auf
          <xr>
            <ref>fų̈kslįŋ, fįksləŋ</ref>
            <ref>fįkslɒn</ref>
          </xr>. Während der auslautende Nasal überall als Velar vorkommt, wird dieser in der Weststeiermark auch als Alveolar realisiert
          <xr>
            <ref>fįkslįn</ref>
            <ref>fįkslɒn</ref>
          </xr>.
        </note>
        <form type="dialect">
          <pron xml:lang="bar-AT">fiksliŋɒ</pron>
          <usg>[Pl.]</usg>
          <usg type="geo">
            <placeName type="gemeinde" ref="/geodata-wboe.xml#p2.1c02">Reißeck</placeName>
          </usg>
        </form>
        <form type="dialect">
          <pron xml:lang="bar-AT">fikslĩŋ</pron>
          <usg type="geo">
            <placeName type="gemeinde" ref="/geodata-wboe.xml#p2.3n01">Klagenfurt</placeName>
          </usg>
        </form>
        <form type="dialect">
          <pron xml:lang="bar-AT">fikslɒn</pron>
          <usg type="geo">
            <placeName type="gemeinde" ref="/geodata-wboe.xml#p3.3b17">Mooskirchen</placeName>
          </usg>
        </form>
        <form type="dialect">
          <pron xml:lang="bar-AT">fiksling</pron>
          <usg type="geo">
            <placeName type="gemeinde" ref="/geodata-wboe.xml#p3.3e08">Schwanberg</placeName>
          </usg>
        </form>
        <form type="dialect">
          <pron xml:lang="bar-AT">fikslėŋ</pron>
          <usg type="geo">
            <placeName type="gemeinde" ref="/geodata-wboe.xml#p3.3e12">St. Peter im Sulmtal</placeName>
          </usg>
          <ptr type="collection" subtype="lautung" target="/collections-wboe.xml#c983"/>
        </form>
        <etym>
          <seg type="desc">Ableitung von</seg>
          <cit type="etymon">
            <xr type="lemma">
              <ref target="Fuchs.xml#Fuchs">Fuchs</ref>
            </xr>
          </cit>
        </etym>
        <sense>
          <sense>
            <def>Pelzhandschuhe mit Stulpen (aus Fuchspelz)</def>
            <usg type="geo">
              <placeName type="grossregion" ref="/geodata-wboe.xml#p3.2">mbair.ObStmk.</placeName>
            </usg>
            <ptr type="collection" subtype="bedeutung" target="/collections-wboe.xml#c5306"/>
          </sense>
          <sense>
            <def>kleiner, dottergelber Lamellenpilz; Eierschwammerl; Cantharellus cibarius</def>
            <usg type="geo">
              <placeName type="bundesland" ref="/geodata-wboe.xml#p2">Ktn.</placeName>
            </usg>
            <usg type="geo">
              <placeName type="bundesland" ref="/geodata-wboe.xml#p3">Stmk.</placeName>
            </usg>
            <usg type="geo">
              <placeName type="grossregion" ref="/geodata-wboe.xml#p4.1">Lung.</placeName>
            </usg>
            <ptr type="collection" subtype="bedeutung" target="/collections-wboe.xml#c984"/>
          </sense>
        </sense>
      </entry>
    </body>
  </text>
</TEI>