<?xml version="1.0" encoding="UTF-8"?>
    <?xml-model href="http://www.tei-c.org/release/xml/tei/custom/schema/relaxng/tei_all.rng" type="application/xml" schematypens="http://purl.oclc.org/dsdl/schematron"?>
    <?xml-model href="../../803_RNG-schematron/WBOE-ODD.rnc" type="application/relax-ng-compact-syntax"?>
<?redaktionstool version="0.7.4" ?>
<?parser type="lioe" version="0.7.3" ?>
<TEI xmlns="http://www.tei-c.org/ns/1.0">
  <teiHeader>
    <fileDesc>
      <titleStmt>
        <title>Fülle</title>
        <respStmt>
          <resp>Editor</resp>
          <name ref="#AG">Andreas Gellan</name>
        </respStmt>
        <respStmt>
          <resp>Encoding Scheme</resp>
          <name>Jack Bowers</name>
          <name>Daniel Schopper</name>
          <name>Omar Siam</name>
        </respStmt>
        <respStmt>
          <resp>DBOE Team</resp>
          <name xml:id="AL">Alexandra N. Lenz</name>
          <name xml:id="PhS">Philipp Stöckle</name>
          <name xml:id="AG">Andreas Gellan</name>
          <name xml:id="PZ">Patrick Zeitlhuber</name>
          <name xml:id="SW">Sabine Wahl</name>
          <name xml:id="SS">Sonja Schwaiger</name>
          <name xml:id="AB">Angela Bergermayer</name>
          <name xml:id="EW">Eva Wahlmüller</name>
          <name xml:id="DG">David Gschösser</name>
          <name xml:id="StS">Stefanie Schöberl</name>
          <name xml:id="FF">Fabian Fleißner</name>
        </respStmt>
        <respStmt>
          <resp>Student assistants</resp>
          <name>Susanna Muhr</name>
          <name>Manuela Stütz</name>
          <name>Christina Hemetsberger</name>
        </respStmt>
      </titleStmt>
      <publicationStmt>
        <p></p>
      </publicationStmt>
      <sourceDesc>
        <list>
          <item>
            <label>Geo-data</label>
            <ptr xml:id="geo-inventory-WBOE" target="../geodata-wboe.xml"/>
          </item>
          <item>
            <label>Bibliography</label>
            <ptr xml:id="bibliography-WBOE" target="../bibl-wboe.xml"/>
          </item>
          <item>
            <label>WBOE-Slips</label>
            <ptr xml:id="slips-WBOE" target="../slips-wboe.xml"/>
          </item>
          <item>
            <label>WBOE-Collections</label>
            <ptr xml:id="collections-WBOE" target="../collections-wboe.xml"/>
          </item>
        </list>
      </sourceDesc>
    </fileDesc>
    <revisionDesc>
      <listChange>
        <change status="in progress" when="2021-08-04" who="#AG">Datensatz erstellt</change>
        <change status="peer correction" when="2021-08-18" who="#AG">peer correction</change>
        <change status="internal correction" when="2021-08-18" who="#AG">internal correction</change>
        <change status="internal correction" when="2021-09-03" who="#PZ">LK eingefügt</change>
        <change status="external correction" when="2021-09-13" who="#AG">external correction</change>
        <change status="finished" when="2021-10-18" who="#AG">finished</change>
      </listChange>
    </revisionDesc>
  </teiHeader>
  <text>
    <body>
      <entry>
        <form type="lemma" xml:id="Fuelle">
          <orth>Fülle</orth>
          <ptr type="collection" subtype="lemma" target="/collections-wboe.xml#c4425"/>
        </form>
        <gramGrp>
          <gram type="pos">Substantiv</gram>
          <gram type="gender">Femininum</gram>
        </gramGrp>
        <form type="variant" subtype="diminutive" xml:id="Fuellelein">
          <orth>Füllelein</orth>
          <gramGrp></gramGrp>
        </form>
        <usg type="geo">
          <placeName type="bundesland" ref="/geodata-wboe.xml#p1A">STir.</placeName>
        </usg>
        <usg type="geo">
          <placeName type="grossregion" ref="/geodata-wboe.xml#p1B.0">OTir.</placeName>
        </usg>
        <usg type="geo">
          <placeName type="bundesland" ref="/geodata-wboe.xml#p1C">NTir.</placeName>
        </usg>
        <usg type="geo">
          <placeName type="bundesland" ref="/geodata-wboe.xml#p2">Ktn.</placeName>
        </usg>
        <usg type="geo">
          <placeName type="bundesland" ref="/geodata-wboe.xml#p3">Stmk.</placeName>
        </usg>
        <usg type="geo">
          <placeName type="grossregion" ref="/geodata-wboe.xml#p4.3">Pong.</placeName>
        </usg>
        <usg type="geo">
          <placeName type="grossregion" ref="/geodata-wboe.xml#p5.1">Innv.</placeName>
        </usg>
        <usg type="geo">
          <placeName type="grossregion" ref="/geodata-wboe.xml#p5.2">Hausrv.</placeName>
        </usg>
        <usg type="geo">
          <placeName type="grossregion" ref="/geodata-wboe.xml#p5.4">Mühlv.</placeName>
        </usg>
        <usg type="geo">
          <placeName type="grossregion" ref="/geodata-wboe.xml#p6.1">Mostv.</placeName>
        </usg>
        <usg type="geo">
          <placeName type="grossregion" ref="/geodata-wboe.xml#p6.3">Waldv.</placeName>
        </usg>
        <usg type="geo">
          <placeName type="grossregion" ref="/geodata-wboe.xml#p6.4">Weinv.</placeName>
        </usg>
        <usg type="geo">
          <placeName type="grossregion" ref="/geodata-wboe.xml#p6.5">Wien</placeName>
        </usg>
        <usg type="geo">
          <placeName type="grossregion" ref="/geodata-wboe.xml#p7.2">MBgl.</placeName>
        </usg>
        <note type="kommentar" resp="#PZ">Der auf mhd.
          <c>ü</c>zurückgehende Stammvokal wird im Süd- und westlichen Südmittelbairischen als entrundeter kurzer
          <c>i</c>-Monophthong realisiert
          <xr>
            <ref>filə</ref>
            <ref>fil</ref>
          </xr>, vereinzelt auch als gedehnter Vokal
          <xr>
            <ref>fīlə</ref>
            <ref>fī</ref>
          </xr>. Ansonsten treten überall vermutlich vor Liquid sekundär restituierte gerundete
          <c>ü</c>-Monophthonge auf
          <xr>
            <ref>fülə</ref>
            <ref>fül</ref>
          </xr>.  Weiters kommen im Westmittelbairischen durch die Liquidvokalisierung bedingte
          <c>u</c>-Monophthonge vor
          <xr>
            <ref>fuį</ref>
            <ref>fuẹ</ref>
          </xr>. Im Südbairischen wurde der Vokal im Auslaut häufig reduziert erhalten
          <xr>
            <ref>fīlə</ref>
            <ref>fülə</ref>
            <ref>fülɒ</ref>
          </xr>. Ansonsten trat jedoch überall Apokope ein, wodurch das Wort einsilbig wurde. Der durch die Apokope auslautend gewordene Liquid blieb im Südbairischen erhalten
          <xr>
            <ref>fil</ref>
            <ref>fül</ref>
          </xr>. Dieser wurde im Südmittelbairischen sowie Mittelbairischen vokalisiert
          <xr>
            <ref>füį</ref>
            <ref>fuį</ref>
            <ref>fuẹ</ref>
          </xr>und verschmolz häufig mit dem Stammvokal
          <xr>
            <ref>fī</ref>
            <ref>fǖ</ref>
          </xr>.
        </note>
        <form type="dialect">
          <pron xml:lang="bar-AT">fillẹ</pron>
          <usg type="geo">
            <placeName type="gemeinde" ref="/geodata-wboe.xml#p1A.4c01">Lüsen</placeName>
          </usg>
        </form>
        <form type="dialect">
          <pron xml:lang="bar-AT">fülla</pron>
          <usg type="geo">
            <placeName type="gemeinde" ref="/geodata-wboe.xml#p1A.4d01">Bruneck</placeName>
          </usg>
        </form>
        <form type="dialect">
          <pron xml:lang="bar-AT">-füh'</pron>
          <usg type="geo">
            <placeName type="gemeinde" ref="/geodata-wboe.xml#p1C.3e06">Kufstein</placeName>
          </usg>
        </form>
        <form type="dialect">
          <pron xml:lang="bar-AT">fül</pron>
          <usg type="geo">
            <placeName type="gemeinde" ref="/geodata-wboe.xml#p2.1b06">Winklern</placeName>
          </usg>
        </form>
        <form type="dialect">
          <pron xml:lang="bar-AT">fīla</pron>
          <usg type="geo">
            <placeName type="kleinregion" ref="/geodata-wboe.xml#p2.3g">Glant.</placeName>
          </usg>
        </form>
        <form type="dialect">
          <pron xml:lang="bar-AT">fl</pron>
          <usg type="geo">
            <placeName type="gemeinde" ref="/geodata-wboe.xml#p3.1d03">Lobmingtal</placeName>
          </usg>
        </form>
        <form type="dialect">
          <pron xml:lang="bar-AT">fǖ</pron>
          <usg type="geo">
            <placeName type="gemeinde" ref="/geodata-wboe.xml#p3.2p01">Admont</placeName>
          </usg>
        </form>
        <form type="dialect">
          <pron xml:lang="bar-AT">φī</pron>
          <usg type="geo">
            <placeName type="kleinregion" ref="/geodata-wboe.xml#p4.3d">Gr.Arlt.</placeName>
          </usg>
        </form>
        <form type="dialect">
          <pron xml:lang="bar-AT">fui</pron>
          <pron xml:lang="bar-AT">fuė</pron>
          <usg type="geo">
            <placeName type="gemeinde" ref="/geodata-wboe.xml#p5.1c07">Mühlheim am Inn</placeName>
          </usg>
        </form>
        <form type="dialect">
          <pron xml:lang="bar-AT">-füi</pron>
          <usg type="geo">
            <placeName type="gemeinde" ref="/geodata-wboe.xml#p5.2e01">Linz</placeName>
          </usg>
        </form>
        <form type="dialect">
          <pron xml:lang="bar-AT">fǖ</pron>
          <usg type="geo">
            <placeName type="gemeinde" ref="/geodata-wboe.xml#p6.1d01">Allhartsberg</placeName>
          </usg>
        </form>
        <form type="dialect">
          <pron xml:lang="bar-AT">-fǖˡ</pron>
          <usg type="geo">
            <placeName type="gemeinde" ref="/geodata-wboe.xml#p6.4d18">Poysdorf</placeName>
          </usg>
        </form>
        <form type="dialect">
          <pron xml:lang="bar-AT">φų̈̄</pron>
          <pron xml:lang="bar-AT">füⁱ</pron>
          <usg type="geo">
            <placeName type="grossregion" ref="/geodata-wboe.xml#p6.5">Wien</placeName>
          </usg>
        </form>
        <form type="dialect">
          <pron xml:lang="bar-AT">füll</pron>
          <usg type="geo">
            <placeName type="gemeinde" ref="/geodata-wboe.xml#p7.2b08">Pilgersdorf</placeName>
          </usg>
          <ptr type="collection" subtype="lautung" target="/collections-wboe.xml#c20813"/>
        </form>
        <etym>
          <cit type="etymon">
            <lang>ahd.</lang>
            <form>
              <orth>fullī</orth>
            </form>
            <form>
              <orth>follī</orth>
            </form>
            <def>Fülle; Menge; Vollkommenheit; Erfüllung; Übersättigung</def>
          </cit>
          <seg type="desc">;
            <lang>mhd.</lang>
          </seg>
          <cit type="etymon">
            <form>
              <orth>vülle</orth>
            </form>
            <def>Fülle; Menge; Überfluss; Vollheit; Futter eines Kleides</def>
          </cit>
          <ref type="bibl" target="#Schützeichel2012">Schützeichel 2012
            <citedRange>116</citedRange>
          </ref>
          <ref type="bibl" target="#BMZ1861III">BMZ 1861 III
            <citedRange>365</citedRange>
          </ref>
          <ref type="bibl" subtype="online">Pfeifer-online
            <xr type="lemma">
              <ref>Fülle</ref>
              <date type="accessed">04.08.2021</date>
            </xr>
          </ref>
        </etym>
        <sense>
          <sense>
            <sense>
              <def>Füllung in Mehl- und Fleischspeisen (z. B. Semmeln, Gemüse, Obst, Früchte u. Ä.)</def>
              <usg type="geo">
                <placeName type="grossregion" ref="/geodata-wboe.xml#p1A.2">mSTir.</placeName>
              </usg>
              <usg type="geo">
                <placeName type="grossregion" ref="/geodata-wboe.xml#p1A.4">öSTir.</placeName>
              </usg>
              <usg type="geo">
                <placeName type="grossregion" ref="/geodata-wboe.xml#p1B.0">OTir.</placeName>
              </usg>
              <usg type="geo">
                <placeName type="grossregion" ref="/geodata-wboe.xml#p1C.3">öNTir.</placeName>
              </usg>
              <usg type="geo">
                <placeName type="grossregion" ref="/geodata-wboe.xml#p2.1">ObKtn.</placeName>
              </usg>
              <usg type="geo">
                <placeName type="grossregion" ref="/geodata-wboe.xml#p3.3">WStmk.</placeName>
              </usg>
              <usg type="geo">
                <placeName type="grossregion" ref="/geodata-wboe.xml#p5.1">Innv.</placeName>
              </usg>
              <usg type="geo">
                <placeName type="grossregion" ref="/geodata-wboe.xml#p5.2">Hausrv.</placeName>
              </usg>
              <usg type="geo">
                <placeName type="grossregion" ref="/geodata-wboe.xml#p6.1">Mostv.</placeName>
              </usg>
              <usg type="geo">
                <placeName type="grossregion" ref="/geodata-wboe.xml#p6.5">Wien</placeName>
              </usg>
              <cit type="example">
                <quote xml:lang="bar-AT">gefüllt mit gri(e)n(e)r filla</quote>
                <usg type="geo">
                  <placeName type="gemeinde" ref="/geodata-wboe.xml#p1A.3i02">Kastelruth</placeName>
                </usg>
              </cit>
              <cit type="example">
                <quote xml:lang="bar-AT">gefüllt mit si(e)ss(e)r filla</quote>
                <usg type="geo">
                  <placeName type="gemeinde" ref="/geodata-wboe.xml#p1A.3i02">Kastelruth</placeName>
                </usg>
              </cit>
              <cit type="example">
                <quote xml:lang="bar-AT">fillẹ tsi hǫkχn</quote>
                <usg type="geo">
                  <placeName type="gemeinde" ref="/geodata-wboe.xml#p1A.4c01">Lüsen</placeName>
                </usg>
              </cit>
              <cit type="example">
                <quote xml:lang="bar-AT">Sie nimbt ållerhånd Grill, / Dås sågt sie, ist a guete Füll</quote>
                <ref type="bibl" target="#Kohl1908b">Kohl 1908b
                  <citedRange>196</citedRange>
                </ref>
                <usg type="geo">
                  <placeName type="kleinregion" ref="/geodata-wboe.xml#p1A.3g">mEisackt.</placeName>
                </usg>
              </cit>
              <ptr type="collection" subtype="bedeutung" target="/collections-wboe.xml#c20828"/>
              <sense></sense>
            </sense>
            <sense>
              <def>Kuttelfleck (Speise aus den Innereien von Rindern)</def>
              <usg type="geo">
                <placeName type="grossregion" ref="/geodata-wboe.xml#p3.1">sbair.ObStmk.</placeName>
              </usg>
              <ptr type="collection" subtype="bedeutung" target="/collections-wboe.xml#c20822"/>
            </sense>
            <sense>
              <def>erstes Nachfüllen im Gärungsfass bei der Mostherstellung</def>
              <usg type="geo">
                <placeName type="grossregion" ref="/geodata-wboe.xml#p6.4">Weinv.</placeName>
              </usg>
              <ptr type="collection" subtype="bedeutung" target="/collections-wboe.xml#c20824"/>
            </sense>
          </sense>
          <sense>
            <sense>
              <def>Brennholz für den Ofen</def>
              <usg type="geo">
                <placeName type="bundesland" ref="/geodata-wboe.xml#p1A">STir.</placeName>
              </usg>
              <usg type="geo">
                <placeName type="grossregion" ref="/geodata-wboe.xml#p1B.0">OTir.</placeName>
              </usg>
              <usg type="geo">
                <placeName type="bundesland" ref="/geodata-wboe.xml#p1C">NTir.</placeName>
              </usg>
              <ptr type="collection" subtype="bedeutung" target="/collections-wboe.xml#c20826"/>
            </sense>
            <sense>
              <xr type="lemma">
                <lbl>nur</lbl>
                <ref>Füllelein</ref>
              </xr>
              <usg>(Diminutiv)</usg>
              <def>kleiner Teil vom Heu</def>
              <usg type="geo">
                <placeName type="kleinregion" ref="/geodata-wboe.xml#p1C.3e">öUInnt.</placeName>
              </usg>
              <cit type="example">
                <quote xml:lang="bar-AT">a Fɫęˡ hots ǫgöᵇm</quote>
              </cit>
              <ptr type="collection" subtype="bedeutung" target="/collections-wboe.xml#c20823"/>
            </sense>
          </sense>
        </sense>
        <re>
          <form subtype="compound" type="lemma">
            <orth>Beerenfülle</orth>
          </form>
          <sense>
            <sense>
              <def>Füllung für Krapfen</def>
              <usg type="geo">
                <placeName type="grossregion" ref="/geodata-wboe.xml#p1A.4">öSTir.</placeName>
              </usg>
              <usg type="geo">
                <placeName type="grossregion" ref="/geodata-wboe.xml#p1B.0">OTir.</placeName>
              </usg>
              <ptr type="collection" subtype="bedeutung" target="/collections-wboe.xml#c19836"/>
            </sense>
          </sense>
        </re>
        <re>
          <form subtype="compound" type="lemma">
            <orth>Blunzenfülle</orth>
          </form>
          <sense>
            <sense>
              <def>Füllung für Blutwurst; Brät; Fasch</def>
              <usg type="geo">
                <placeName type="grossregion" ref="/geodata-wboe.xml#p6.3">Waldv.</placeName>
              </usg>
              <ptr type="collection" subtype="bedeutung" target="/collections-wboe.xml#c19837"/>
            </sense>
          </sense>
        </re>
        <re>
          <form subtype="compound" type="lemma">
            <orth>Bratenfülle</orth>
          </form>
          <form subtype="compound" type="lemma">
            <orth>Brätelfülle</orth>
          </form>
          <sense>
            <sense>
              <def>Füllung für einen Braten (z. B. Semmeln oder Gemüse u. Ä.)</def>
              <usg type="geo">
                <placeName type="grossregion" ref="/geodata-wboe.xml#p1C.1">wNTir.</placeName>
              </usg>
              <usg type="geo">
                <placeName type="grossregion" ref="/geodata-wboe.xml#p1C.3">öNTir.</placeName>
              </usg>
              <usg type="geo">
                <placeName type="grossregion" ref="/geodata-wboe.xml#p2.1">ObKtn.</placeName>
              </usg>
              <usg type="geo">
                <placeName type="grossregion" ref="/geodata-wboe.xml#p3.1">sbair.ObStmk.</placeName>
              </usg>
              <usg type="geo">
                <placeName type="grossregion" ref="/geodata-wboe.xml#p3.3">WStmk.</placeName>
              </usg>
              <usg type="geo">
                <placeName type="grossregion" ref="/geodata-wboe.xml#p4.3">Pong.</placeName>
              </usg>
              <usg type="geo">
                <placeName type="grossregion" ref="/geodata-wboe.xml#p5.1">Innv.</placeName>
              </usg>
              <usg type="geo">
                <placeName type="grossregion" ref="/geodata-wboe.xml#p6.1">Mostv.</placeName>
              </usg>
              <usg type="geo">
                <placeName type="grossregion" ref="/geodata-wboe.xml#p6.3">Waldv.</placeName>
              </usg>
              <ptr type="collection" subtype="bedeutung" target="/collections-wboe.xml#c19838"/>
            </sense>
          </sense>
        </re>
        <re>
          <form subtype="compound" type="lemma">
            <orth>Erdäpfelfülle</orth>
          </form>
          <sense>
            <sense>
              <def>Masse aus gekochten und zerstoßenen Kartoffeln als Fülle für Krapfen</def>
              <usg type="geo">
                <placeName type="grossregion" ref="/geodata-wboe.xml#p2.1">ObKtn.</placeName>
              </usg>
              <ptr type="collection" subtype="bedeutung" target="/collections-wboe.xml#c19847"/>
            </sense>
          </sense>
        </re>
        <re>
          <form subtype="compound" type="lemma">
            <orth>Fleischfülle</orth>
          </form>
          <sense>
            <sense>
              <def>Semmelteig, der in einen Braten gefüllt wird</def>
              <usg type="geo">
                <placeName type="grossregion" ref="/geodata-wboe.xml#p5.4">Mühlv.</placeName>
              </usg>
              <ptr type="collection" subtype="bedeutung" target="/collections-wboe.xml#c19825"/>
            </sense>
          </sense>
        </re>
        <re>
          <form subtype="compound" type="lemma">
            <orth>Infülle</orth>
          </form>
          <sense>
            <sense>
              <def>Füllung für Krapfen (v. a. Beeren)</def>
              <usg type="geo">
                <placeName type="grossregion" ref="/geodata-wboe.xml#p1A.4">öSTir.</placeName>
              </usg>
              <usg type="geo">
                <placeName type="grossregion" ref="/geodata-wboe.xml#p1B.0">OTir.</placeName>
              </usg>
              <ptr type="collection" subtype="bedeutung" target="/collections-wboe.xml#c19827"/>
            </sense>
          </sense>
        </re>
        <re>
          <form subtype="compound" type="lemma">
            <orth>Kirschenfülle</orth>
          </form>
          <sense>
            <sense>
              <def>Masse aus gekochten und zerstoßenen Kirschen als Fülle für Krapfen</def>
              <usg type="geo">
                <placeName type="grossregion" ref="/geodata-wboe.xml#p2.1">ObKtn.</placeName>
              </usg>
              <ptr type="collection" subtype="bedeutung" target="/collections-wboe.xml#c19832"/>
            </sense>
          </sense>
        </re>
        <re>
          <form subtype="compound" type="lemma">
            <orth>Kletzenfülle</orth>
          </form>
          <sense>
            <sense>
              <def>Masse aus gekochten und zerstoßenen Birnen als Fülle für Krapfen</def>
              <usg type="geo">
                <placeName type="grossregion" ref="/geodata-wboe.xml#p2.1">ObKtn.</placeName>
              </usg>
              <ptr type="collection" subtype="bedeutung" target="/collections-wboe.xml#c19828"/>
            </sense>
          </sense>
        </re>
        <re>
          <form subtype="compound" type="lemma">
            <orth>Mohnfülle</orth>
          </form>
          <sense>
            <sense>
              <def>Mohnfüllung für Krapfen</def>
              <usg type="geo">
                <placeName type="grossregion" ref="/geodata-wboe.xml#p6.1">Mostv.</placeName>
              </usg>
              <usg type="geo">
                <placeName type="bundesland" ref="/geodata-wboe.xml#p2">Ktn.</placeName>
              </usg>
              <ptr type="collection" subtype="bedeutung" target="/collections-wboe.xml#c19834"/>
            </sense>
          </sense>
        </re>
        <re>
          <form subtype="compound" type="lemma">
            <orth>Raufülle</orth>
          </form>
          <sense>
            <sense>
              <def>erstes Nachfüllen der Weinfässer nach der Weinmostgärung</def>
              <usg type="geo">
                <placeName type="bundesland" ref="/geodata-wboe.xml#p3">Stmk.</placeName>
              </usg>
              <ptr type="collection" subtype="bedeutung" target="/collections-wboe.xml#c19840"/>
            </sense>
          </sense>
        </re>
        <re>
          <form subtype="compound" type="lemma">
            <orth>Schüppelfülle</orth>
          </form>
          <sense>
            <sense>
              <def>Mischung aus den Früchten vom Johannisbrotbaum und Semmelbröseln in Milch getaucht (für Kleinkinder zum Saugen)</def>
              <usg type="geo">
                <placeName type="grossregion" ref="/geodata-wboe.xml#p2.2">MKtn.</placeName>
              </usg>
              <ptr type="collection" subtype="bedeutung" target="/collections-wboe.xml#c19841"/>
            </sense>
          </sense>
        </re>
        <re>
          <form subtype="compound" type="lemma">
            <orth>Semmelfülle</orth>
          </form>
          <sense>
            <sense>
              <def>Füllung aus Semmelteig (für gebratene Kalbsbrust)</def>
              <usg type="geo">
                <placeName type="grossregion" ref="/geodata-wboe.xml#p5.2">Hausrv.</placeName>
              </usg>
              <ptr type="collection" subtype="bedeutung" target="/collections-wboe.xml#c19843"/>
            </sense>
          </sense>
        </re>
        <re>
          <form subtype="compound" type="lemma">
            <orth>Wurstfülle</orth>
          </form>
          <sense>
            <sense>
              <def>Füllung für Würste (z. B. Fasch, Brät aus Innereien; Rollgerste, Weißbrot)</def>
              <usg type="geo">
                <placeName type="grossregion" ref="/geodata-wboe.xml#p1C.1">wNTir.</placeName>
              </usg>
              <usg type="geo">
                <placeName type="grossregion" ref="/geodata-wboe.xml#p1C.3">öNTir.</placeName>
              </usg>
              <usg type="geo">
                <placeName type="grossregion" ref="/geodata-wboe.xml#p2.1">ObKtn.</placeName>
              </usg>
              <usg type="geo">
                <placeName type="grossregion" ref="/geodata-wboe.xml#p2.2">MKtn.</placeName>
              </usg>
              <usg type="geo">
                <placeName type="grossregion" ref="/geodata-wboe.xml#p6.3">Waldv.</placeName>
              </usg>
              <usg type="geo">
                <placeName type="grossregion" ref="/geodata-wboe.xml#p6.4">Weinv.</placeName>
              </usg>
              <cit type="example">
                <quote xml:lang="bar-AT">o, wås is den so Raʳs drin in dᵃʳ Wuᵃʳschtfilᵃ</quote>
                <usg type="geo">
                  <placeName type="kleinregion" ref="/geodata-wboe.xml#p2.3c">Krappfd.</placeName>
                </usg>
              </cit>
              <ptr type="collection" subtype="bedeutung" target="/collections-wboe.xml#c19844"/>
            </sense>
          </sense>
        </re>
        <re>
          <form subtype="compound" type="lemma">
            <orth>Zahnfülle</orth>
          </form>
          <sense>
            <sense>
              <def>Zahnfüllung; Plombe</def>
              <usg type="geo">
                <placeName type="grossregion" ref="/geodata-wboe.xml#p6.3">Waldv.</placeName>
              </usg>
              <ptr type="collection" subtype="bedeutung" target="/collections-wboe.xml#c19845"/>
            </sense>
          </sense>
        </re>
        <re>
          <form subtype="compound" type="lemma">
            <orth>Zwetschkenfülle</orth>
          </form>
          <sense>
            <sense>
              <def>Füllung aus Pflaumen; Pflaumenmus; Powidl (z. B. für Pafesen)</def>
            </sense>
          </sense>
          <usg type="geo">
            <placeName type="grossregion" ref="/geodata-wboe.xml#p1C.2">mNTir.</placeName>
          </usg>
          <usg type="geo">
            <placeName type="grossregion" ref="/geodata-wboe.xml#p5.1">Innv.</placeName>
          </usg>
          <ptr type="collection" subtype="wortbildung" target="/collections-wboe.xml#c19846"/>
        </re>
        <re type="redewendung">
          <form subtype="MWE" type="lemma">
            <orth>Wir arbeiten nur für die Hülle und die Fülle</orth>
          </form>
          <sense>
            <def type="umschreibung">Bauernspruch</def>
            <usg type="geo">
              <placeName type="grossregion" ref="/geodata-wboe.xml#p2.2">MKtn.</placeName>
            </usg>
            <cit type="example">
              <quote xml:lang="bar-AT">Wir årbatn lei für die Hülle
                <cit type="translation">
                  <quote xml:lang="de">Kleidung</quote>
                </cit>und die Fülle
                <cit type="translation">
                  <quote xml:lang="de">Nahrung</quote>
                </cit>
              </quote>
              <ref type="bibl" target="#Moro1951">Moro 1951
                <citedRange>17</citedRange>
              </ref>
              <usg type="geo">
                <placeName type="gemeinde" ref="/geodata-wboe.xml#p2.2e01">Bad Kleinkirchheim</placeName>
              </usg>
            </cit>
            <ptr type="collection" subtype="bedeutung" target="/collections-wboe.xml#c20827"/>
          </sense>
        </re>
      </entry>
    </body>
  </text>
</TEI>