<?xml version="1.0" encoding="UTF-8"?>
    <?xml-model href="http://www.tei-c.org/release/xml/tei/custom/schema/relaxng/tei_all.rng" type="application/xml" schematypens="http://purl.oclc.org/dsdl/schematron"?>
    <?xml-model href="../../803_RNG-schematron/WBOE-ODD.rnc" type="application/relax-ng-compact-syntax"?>
<?redaktionstool version="0.8.2" ?>
<?parser type="lioe" version="0.8.2" ?>
<TEI xmlns="http://www.tei-c.org/ns/1.0">
  <teiHeader>
    <fileDesc>
      <titleStmt>
        <title>Gachel</title>
        <respStmt>
          <resp>Editor</resp>
          <name ref="#SW">Sabine Wahl</name>
        </respStmt>
        <respStmt>
          <resp>Encoding Scheme</resp>
          <name>Jack Bowers</name>
          <name>Daniel Schopper</name>
          <name>Omar Siam</name>
        </respStmt>
        <respStmt>
          <resp>DBOE Team</resp>
          <name xml:id="AL">Alexandra N. Lenz</name>
          <name xml:id="PhS">Philipp Stöckle</name>
          <name xml:id="AG">Andreas Gellan</name>
          <name xml:id="PZ">Patrick Zeitlhuber</name>
          <name xml:id="SW">Sabine Wahl</name>
          <name xml:id="SS">Sonja Schwaiger</name>
          <name xml:id="AB">Angela Bergermayer</name>
          <name xml:id="EW">Eva Wahlmüller</name>
          <name xml:id="DG">David Gschösser</name>
          <name xml:id="StS">Stefanie Schöberl</name>
          <name xml:id="FF">Fabian Fleißner</name>
          <name xml:id="MK">Markus Kunzmann</name>
          <name xml:id="AK">Agnes Kim</name>
          <name xml:id="IG">Ingeborg Geyer</name>
          <name xml:id="MG">Manfred Glauninger</name>
        </respStmt>
        <respStmt>
          <resp>Student assistants</resp>
          <name>Susanna Muhr</name>
          <name>Manuela Stütz</name>
          <name>Christina Hemetsberger</name>
        </respStmt>
      </titleStmt>
      <publicationStmt>
        <p></p>
      </publicationStmt>
      <sourceDesc>
        <list>
          <item>
            <label>Geo-data</label>
            <ptr xml:id="geo-inventory-WBOE" target="../geodata-wboe.xml"/>
          </item>
          <item>
            <label>Bibliography</label>
            <ptr xml:id="bibliography-WBOE" target="../bibl-wboe.xml"/>
          </item>
          <item>
            <label>WBOE-Slips</label>
            <ptr xml:id="slips-WBOE" target="../slips-wboe.xml"/>
          </item>
          <item>
            <label>WBOE-Collections</label>
            <ptr xml:id="collections-WBOE" target="../collections-wboe.xml"/>
          </item>
        </list>
      </sourceDesc>
    </fileDesc>
    <revisionDesc>
      <listChange>
        <change status="in progress" when="2023-05-24" who="#SW">Datensatz erstellt</change>
      </listChange>
    </revisionDesc>
  </teiHeader>
  <text>
    <body>
      <entry>
        <form type="lemma" xml:id="Gachel">
          <orth>Gachel</orth>
        </form>
        <form type="lemma" xml:id="Gauchel">
          <orth>Gauchel</orth>
          <ptr type="collection" subtype="lemma" target="/collections-wboe.xml#c36368">
            <?comment Collection  mit allen relevanten Gauchel-Belegen und den umlemmatisierten Belegen von Kachel ?></ptr>
        </form>
        <gramGrp>
          <gram type="pos">Substantiv</gram>
          <gram type="gender">Femininum</gram>
          <gram type="gender">Maskulinum</gram>
          <gram type="gender">Neutrum</gram>
        </gramGrp>
        <form type="variant" subtype="diminutive" xml:id="Gacherl">
          <orth>Gacherl</orth>
          <orth>Gaucherl</orth>
          <gramGrp>
            <gram type="gender">Neutrum</gram>
          </gramGrp>
        </form>
        <usg type="geo">
          <placeName type="bundesland" ref="/geodata-wboe.xml#p1A">STir.</placeName>
        </usg>
        <usg type="geo">
          <placeName type="grossregion" ref="/geodata-wboe.xml#p1B.0">OTir.</placeName>
        </usg>
        <usg type="geo">
          <placeName type="bundesland" ref="/geodata-wboe.xml#p1C">NTir.</placeName>
        </usg>
        <usg type="geo">
          <placeName type="bundesland" ref="/geodata-wboe.xml#p3">Stmk.</placeName>
        </usg>
        <usg type="geo">
          <placeName type="grossregion" ref="/geodata-wboe.xml#p4.2">Pinzg.</placeName>
        </usg>
        <usg type="geo">
          <placeName type="grossregion" ref="/geodata-wboe.xml#p4.3">Pong.</placeName>
        </usg>
        <usg type="geo">
          <placeName type="grossregion" ref="/geodata-wboe.xml#p5.3">Traunv.</placeName>
        </usg>
        <usg type="geo">
          <placeName type="grossregion" ref="/geodata-wboe.xml#p5.4">Mühlv.</placeName>
        </usg>
        <usg type="geo">
          <placeName type="bundesland" ref="/geodata-wboe.xml#p6">NÖ</placeName>
        </usg>
        <usg type="geo">
          <placeName type="grossregion" ref="/geodata-wboe.xml#p6.5">Wien</placeName>
        </usg>
        <usg type="geo">
          <placeName type="grossregion" ref="/geodata-wboe.xml#p7.1">NBgl.</placeName>
        </usg>
        <note type="kommentar"></note>
        <etym>
          <cit type="etymon">
            <lang>frnhd.</lang>
            <usg>(regional im bairischen Sprachraum)</usg>
            <form>
              <orth>gachel</orth>
            </form>
            <def>Baumwanze</def>
          </cit>
          <ref type="bibl" subtype="online">
            <lbl>vgl.</lbl>DWB online
            <xr type="lemma">
              <ref>gachel</ref>
              <date type="accessed">24.05.2023</date>
            </xr>
          </ref>
        </etym>
        <sense>
          <sense>
            <sense>
              <def>Baumwanze; Wanze</def>
              <usg type="geo">
                <placeName type="grossregion" ref="/geodata-wboe.xml#p1A.4">öSTir.</placeName>
              </usg>
              <usg type="geo">
                <placeName type="grossregion" ref="/geodata-wboe.xml#p1C.2">mNTir.</placeName>
              </usg>
              <usg type="geo">
                <placeName type="grossregion" ref="/geodata-wboe.xml#p1C.3">öNTir.</placeName>
              </usg>
              <usg type="geo">
                <placeName type="bundesland" ref="/geodata-wboe.xml#p3">Stmk.</placeName>
              </usg>
              <usg type="geo">
                <placeName type="grossregion" ref="/geodata-wboe.xml#p5.3">Traunv.</placeName>
              </usg>
              <usg type="geo">
                <placeName type="grossregion" ref="/geodata-wboe.xml#p5.4">Mühlv.</placeName>
              </usg>
              <usg type="geo">
                <placeName type="bundesland" ref="/geodata-wboe.xml#p6">NÖ</placeName>
              </usg>
              <usg type="geo">
                <placeName type="grossregion" ref="/geodata-wboe.xml#p6.5">Wien</placeName>
              </usg>
              <usg type="geo">
                <placeName type="grossregion" ref="/geodata-wboe.xml#p7.1">NBgl.</placeName>
              </usg>
              <ptr type="collection" subtype="bedeutung" target="/collections-wboe.xml#c36369"/>
            </sense>
            <sense>
              <def>Stinkwanze; Stinkkäfer; graue Mauerwanze</def>
              <usg type="geo">
                <placeName type="grossregion" ref="/geodata-wboe.xml#p1C.2">mNTir.</placeName>
              </usg>
              <usg type="geo">
                <placeName type="grossregion" ref="/geodata-wboe.xml#p3.5">OStmk.</placeName>
              </usg>
              <usg type="geo">
                <placeName type="grossregion" ref="/geodata-wboe.xml#p6.3">Waldv.</placeName>
              </usg>
              <ptr type="collection" subtype="bedeutung" target="/collections-wboe.xml#c36388"/>
            </sense>
            <sense>
              <def>Beerenwanze; Schildwanze</def>
              <usg type="geo">
                <placeName type="grossregion" ref="/geodata-wboe.xml#p1C.2">mNTir.</placeName>
              </usg>
              <usg type="geo">
                <placeName type="grossregion" ref="/geodata-wboe.xml#p4.2">Pinzg.</placeName>
              </usg>
              <usg type="geo">
                <placeName type="grossregion" ref="/geodata-wboe.xml#p6.3">Waldv.</placeName>
              </usg>
              <ptr type="collection" subtype="bedeutung" target="/collections-wboe.xml#c36386"/>
            </sense>
            <sense>
              <def>Blattwanze</def>
              <usg type="geo">
                <placeName type="grossregion" ref="/geodata-wboe.xml#p1C.3">öNTir.</placeName>
              </usg>
              <usg type="geo">
                <placeName type="grossregion" ref="/geodata-wboe.xml#p6.1">Mostv.</placeName>
              </usg>
              <ptr type="collection" subtype="bedeutung" target="/collections-wboe.xml#c36384"/>
            </sense>
            <sense>
              <def>
                <?comment nur n ?>
                Schusterkäfer
              </def>
              <def type="umschreibung">(wohl Feuerwanze)</def>
              <usg type="geo">
                <placeName type="grossregion" ref="/geodata-wboe.xml#p1C.2">mNTir.</placeName>
              </usg>
              <ptr type="collection" subtype="bedeutung" target="/collections-wboe.xml#c36382"/>
            </sense>
            <sense>
              <def>
                <?comment nur m ?>
                Käfer auf Kirschbäumen, ähnlich einer Baumwanze
              </def>
              <usg type="geo">
                <placeName type="grossregion" ref="/geodata-wboe.xml#p3.2">mbair.ObStmk.</placeName>
              </usg>
              <ptr type="collection" subtype="bedeutung" target="/collections-wboe.xml#c36381"/>
            </sense>
          </sense>
          <sense>
            <sense>
              <def>Käfer</def>
              <usg type="geo">
                <placeName type="grossregion" ref="/geodata-wboe.xml#p4.3">Pong.</placeName>
              </usg>
              <ptr type="collection" subtype="bedeutung" target="/collections-wboe.xml#c36380"/>
            </sense>
            <sense>
              <def>
                <?comment O: m? - dann würd ich die Angabe weglassen ?>
                Mistkäfer
              </def>
              <usg type="geo">
                <placeName type="grossregion" ref="/geodata-wboe.xml#p5.3">Traunv.</placeName>
              </usg>
              <ptr type="collection" subtype="bedeutung" target="/collections-wboe.xml#c36379"/>
            </sense>
            <sense>
              <def>Blattlaus</def>
              <usg type="geo">
                <placeName type="grossregion" ref="/geodata-wboe.xml#p6.4">Weinv.</placeName>
              </usg>
              <ptr type="collection" subtype="bedeutung" target="/collections-wboe.xml#c36378"/>
            </sense>
            <sense>
              <def>Assel</def>
              <usg type="geo">
                <placeName type="grossregion" ref="/geodata-wboe.xml#p3.5">OStmk.</placeName>
              </usg>
              <ptr type="collection" subtype="bedeutung" target="/collections-wboe.xml#c36389"/>
            </sense>
            <sense>
              <def>Spanner</def>
              <usg type="geo">
                <placeName type="grossregion" ref="/geodata-wboe.xml#p4.2">Pinzg.</placeName>
              </usg>
              <ptr type="collection" subtype="bedeutung" target="/collections-wboe.xml#c36376"/>
            </sense>
          </sense>
          <sense>
            <sense>
              <def>
                <?comment nur Maskulinum - dazu? ?>
                korpulenter Mensch
              </def>
              <usg type="geo">
                <placeName type="grossregion" ref="/geodata-wboe.xml#p6.1">Mostv.</placeName>
              </usg>
              <ptr type="collection" subtype="bedeutung" target="/collections-wboe.xml#c36375"/>
            </sense>
            <sense>
              <def>
                <?comment nur fem. - dazu? ?>
                „unreines garstiges Weib“
              </def>
              <usg type="geo">
                <placeName type="grossregion" ref="/geodata-wboe.xml#p6.2">Industriev.</placeName>
              </usg>
              <ptr type="collection" subtype="bedeutung" target="/collections-wboe.xml#c36374"/>
            </sense>
          </sense>
        </sense>
        <re>
          <form subtype="compound" type="lemma">
            <orth>Stinkgauchel</orth>
          </form>
          <sense>
            <sense>
              <def>Baumwanze</def>
              <usg type="geo">
                <placeName type="bundesland" ref="/geodata-wboe.xml#p1A">STir.</placeName>
              </usg>
              <usg type="geo">
                <placeName type="grossregion" ref="/geodata-wboe.xml#p1B.0">OTir.</placeName>
              </usg>
              <usg type="geo">
                <placeName type="bundesland" ref="/geodata-wboe.xml#p1C">NTir.</placeName>
              </usg>
              <ptr type="collection" subtype="bedeutung" target="/collections-wboe.xml#c36370"/>
            </sense>
          </sense>
        </re>
      </entry>
    </body>
  </text>
</TEI>