<?xml version="1.0" encoding="UTF-8"?>
    <?xml-model href="http://www.tei-c.org/release/xml/tei/custom/schema/relaxng/tei_all.rng" type="application/xml" schematypens="http://purl.oclc.org/dsdl/schematron"?>
    <?xml-model href="../../803_RNG-schematron/WBOE-ODD.rnc" type="application/relax-ng-compact-syntax"?>
<?redaktionstool version="0.8.1" ?>
<?parser type="lioe" version="0.8.0" ?>
<TEI xmlns="http://www.tei-c.org/ns/1.0">
  <teiHeader>
    <fileDesc>
      <titleStmt>
        <title>Gaden</title>
        <respStmt>
          <resp>Editor</resp>
          <name ref="#PhS">Philipp Stöckle</name>
        </respStmt>
        <respStmt>
          <resp>Encoding Scheme</resp>
          <name>Jack Bowers</name>
          <name>Daniel Schopper</name>
          <name>Omar Siam</name>
        </respStmt>
        <respStmt>
          <resp>DBOE Team</resp>
          <name xml:id="AL">Alexandra N. Lenz</name>
          <name xml:id="PhS">Philipp Stöckle</name>
          <name xml:id="AG">Andreas Gellan</name>
          <name xml:id="PZ">Patrick Zeitlhuber</name>
          <name xml:id="SW">Sabine Wahl</name>
          <name xml:id="SS">Sonja Schwaiger</name>
          <name xml:id="AB">Angela Bergermayer</name>
          <name xml:id="EW">Eva Wahlmüller</name>
          <name xml:id="DG">David Gschösser</name>
          <name xml:id="StS">Stefanie Schöberl</name>
          <name xml:id="FF">Fabian Fleißner</name>
          <name xml:id="MK">Markus Kunzmann</name>
        </respStmt>
        <respStmt>
          <resp>Student assistants</resp>
          <name>Susanna Muhr</name>
          <name>Manuela Stütz</name>
          <name>Christina Hemetsberger</name>
        </respStmt>
      </titleStmt>
      <publicationStmt>
        <p></p>
      </publicationStmt>
      <sourceDesc>
        <list>
          <item>
            <label>Geo-data</label>
            <ptr xml:id="geo-inventory-WBOE" target="../geodata-wboe.xml"/>
          </item>
          <item>
            <label>Bibliography</label>
            <ptr xml:id="bibliography-WBOE" target="../bibl-wboe.xml"/>
          </item>
          <item>
            <label>WBOE-Slips</label>
            <ptr xml:id="slips-WBOE" target="../slips-wboe.xml"/>
          </item>
          <item>
            <label>WBOE-Collections</label>
            <ptr xml:id="collections-WBOE" target="../collections-wboe.xml"/>
          </item>
        </list>
      </sourceDesc>
    </fileDesc>
    <revisionDesc>
      <listChange>
        <change status="in progress" when="2022-02-23" who="#PhS">Datensatz erstellt</change>
        <change status="peer correction" when="2022-02-28" who="#PhS">erste Version des Artikels erstellt</change>
        <change status="internal correction" when="2022-04-27" who="#PhS">Anmerkungen peer correction übernommen</change>
        <change status="internal correction" when="2022-08-30" who="#PhS">LK eingefügt</change>
        <change status="external correction" when="2022-09-07" who="#PhS">Anmerkungen internal correction berücksichtigt</change>
        <change status="finished" when="2022-09-19" who="#PhS">Anmerkungen external correction berücksichtigt</change>
      </listChange>
    </revisionDesc>
  </teiHeader>
  <text>
    <body>
      <entry>
        <form type="lemma" xml:id="Gaden">
          <orth>Gaden</orth>
        </form>
        <form type="lemma" xml:id="Gadem">
          <orth>Gadem</orth>
          <ptr type="collection" subtype="lemma" target="/collections-wboe.xml#c24867"/>
        </form>
        <gramGrp>
          <gram type="pos">Substantiv</gram>
          <gram type="gender">Maskulinum</gram>
          <gram type="gender">Neutrum</gram>
          <gram type="gender">Femininum</gram>
        </gramGrp>
        <form type="variant" subtype="diminutive" xml:id="Gaendel">
          <orth>Gändel</orth>
          <orth>Gärndel</orth>
          <gramGrp></gramGrp>
        </form>
        <form type="variant" subtype="diminutive" xml:id="Gaedelein">
          <orth>Gädelein</orth>
          <orth>Gändelein</orth>
          <orth>Gärndelein</orth>
          <orth>Gädenlein</orth>
          <gramGrp></gramGrp>
        </form>
        <usg type="geo">
          <placeName type="bundesland" ref="/geodata-wboe.xml#p1A">STir.</placeName>
        </usg>
        <usg type="geo">
          <placeName type="bundesland" ref="/geodata-wboe.xml#p1B">OTir.</placeName>
        </usg>
        <usg type="geo">
          <placeName type="bundesland" ref="/geodata-wboe.xml#p1C">NTir.</placeName>
        </usg>
        <usg type="geo">
          <placeName type="bundesland" ref="/geodata-wboe.xml#p2">Ktn.</placeName>
        </usg>
        <usg type="geo">
          <placeName type="bundesland" ref="/geodata-wboe.xml#p3">Stmk.</placeName>
        </usg>
        <usg type="geo">
          <placeName type="bundesland" ref="/geodata-wboe.xml#p4">Sbg.</placeName>
        </usg>
        <usg type="geo">
          <placeName type="bundesland" ref="/geodata-wboe.xml#p5">OÖ</placeName>
        </usg>
        <usg type="geo">
          <placeName type="grossregion" ref="/geodata-wboe.xml#p6.1">Mostv.</placeName>
        </usg>
        <usg type="geo">
          <placeName type="grossregion" ref="/geodata-wboe.xml#p6.2">Industriev.</placeName>
        </usg>
        <usg type="geo">
          <placeName type="grossregion" ref="/geodata-wboe.xml#p6.5">Wien</placeName>
        </usg>
        <note type="kommentar" resp="#DG">Der auf mhd.
          <c>a</c>zurückgehende Stammvokal ist im gesamten Verbreitungsgebiet verdumpft und aufgrund seiner Position in offener Tonsilbe gedehnt worden
          <xr>
            <ref>gǭdn̥</ref>
            <ref>gǭn</ref>
            <ref>gǭdm̥</ref>
            <ref>gǭm</ref>
          </xr>, im westlichen Südbairischen sowie im östlichen Südmittelbairischen mitunter auch diphthongiert
          <xr>
            <ref>gǫudn̥</ref>
            <ref>gǫədn̥</ref>
          </xr>. Im bairisch-alemannischen Übergangsgebiet tritt dieser auch typisch unverdumpft auf
          <xr>
            <ref>gādɒ</ref>
          </xr>. Der inlautende alveolare Lenisplosiv
          <c>d</c>kann vor Nasal überall geschwunden sein
          <xr>
            <ref>gǭn</ref>
            <ref>gǭm</ref>
          </xr>, wobei im Südbairischen der Erhalt überwiegt
          <xr>
            <ref>gǭdn̥</ref>
          </xr>. Der Vokal der Nebentonsilbe wurde immer synkopiert
          <xr>
            <ref>gǭdn̥</ref>
            <ref>gǭdm̥</ref>
          </xr>. Die schon historisch verbreitete Form mit bilabialen Nasal
          <c>m</c>im Auslaut ist noch teilweise im westlichen Südmittel- und Ostmittelbairischen belegt
          <xr>
            <ref>gǭdm̥</ref>
            <ref>gǭm</ref>
          </xr>, ansonsten herrscht die alveolare Variante vor
          <xr>
            <ref>gǭdn̥</ref>
            <ref>gǭn</ref>
          </xr>, die im bairisch-alemannischen Übergangsgebiet meist vokalisiert wurde
          <xr>
            <ref>gādɒ</ref>
            <ref>gǭdɒ</ref>
            <ref>gǭdə</ref>
          </xr>.
        </note>
        <etym>
          <cit type="etymon">
            <lang>ahd.</lang>
            <form>
              <orth>gadum</orth>
            </form>
            <form>
              <orth>gadem</orth>
            </form>
            <gramGrp>
              <gram type="gender">Neutrum</gram>
            </gramGrp>
            <date>8. Jahrhundert</date>
          </cit>
          <cit type="etymon">
            <lang>mhd.</lang>
            <form>
              <orth>gadem</orth>
            </form>
            <form>
              <orth>gaden</orth>
            </form>
            <gramGrp>
              <gram type="gender">Neutrum</gram>
            </gramGrp>
            <def>Haus mit nur einem Raum; auch Kammer, Vorrats- oder Speiseraum</def>
          </cit>
          <ref type="bibl" target="#Kluge2011">
            <lbl>vgl.</lbl>Kluge 2011
            <citedRange>327</citedRange>
          </ref>
          <ref type="bibl" subtype="online">
            <lbl>vgl.</lbl>Pfeifer online
            <xr type="lemma">
              <ref>Gadem, Gaden</ref>
              <date type="accessed">22.02.2022</date>
            </xr>
          </ref>
        </etym>
        <sense>
          <sense>
            <sense>
              <sense>
                <def>kleiner Raum; Kammer; Gemach</def>
                <usg type="geo">
                  <placeName type="bundesland" ref="/geodata-wboe.xml#p1A">STir.</placeName>
                </usg>
                <usg type="geo">
                  <placeName type="bundesland" ref="/geodata-wboe.xml#p1B">OTir.</placeName>
                </usg>
                <usg type="geo">
                  <placeName type="bundesland" ref="/geodata-wboe.xml#p1C">NTir.</placeName>
                </usg>
                <usg type="geo">
                  <placeName type="grossregion" ref="/geodata-wboe.xml#p3.2">mbair.ObStmk.</placeName>
                </usg>
                <usg type="geo">
                  <placeName type="grossregion" ref="/geodata-wboe.xml#p4.1">Lung.</placeName>
                </usg>
                <usg type="geo">
                  <placeName type="grossregion" ref="/geodata-wboe.xml#p4.3">Pong.</placeName>
                </usg>
                <cit type="example">
                  <quote xml:lang="bar-AT">dr wöbstuəl štęat im gǫdə</quote>
                  <usg type="geo">
                    <placeName type="gemeinde" ref="/geodata-wboe.xml#p1C.1m10">Serfaus</placeName>
                  </usg>
                </cit>
                <cit type="example">
                  <quote xml:lang="bar-AT">aŋgōdn is</quote>
                  <usg type="geo">
                    <placeName type="gemeinde" ref="/geodata-wboe.xml#p1C.2k09">Zell am Ziller</placeName>
                  </usg>
                </cit>
                <ptr type="collection" subtype="bedeutung" target="/collections-wboe.xml#c24994"/>
              </sense>
              <sense>
                <def>Schlafgemach; Schlafkammer</def>
                <usg type="geo">
                  <placeName type="grossregion" ref="/geodata-wboe.xml#p1A.4">öSTir.</placeName>
                </usg>
                <usg type="geo">
                  <placeName type="grossregion" ref="/geodata-wboe.xml#p1B.0">OTir.</placeName>
                </usg>
                <usg type="geo">
                  <placeName type="grossregion" ref="/geodata-wboe.xml#p1C.1">wNTir.</placeName>
                </usg>
                <usg type="geo">
                  <placeName type="grossregion" ref="/geodata-wboe.xml#p4.3">Pong.</placeName>
                </usg>
                <usg type="geo">
                  <placeName type="grossregion" ref="/geodata-wboe.xml#p4.4">Tenneng.</placeName>
                </usg>
                <usg type="geo">
                  <placeName type="grossregion" ref="/geodata-wboe.xml#p6.5">Wien</placeName>
                </usg>
                <ptr type="collection" subtype="bedeutung" target="/collections-wboe.xml#c24991"/>
              </sense>
              <sense>
                <def>Vorrats-, Getreide- oder Speisekammer</def>
                <usg type="geo">
                  <placeName type="bundesland" ref="/geodata-wboe.xml#p1A">STir.</placeName>
                </usg>
                <usg type="geo">
                  <placeName type="bundesland" ref="/geodata-wboe.xml#p1B">OTir.</placeName>
                </usg>
                <usg type="geo">
                  <placeName type="bundesland" ref="/geodata-wboe.xml#p1C">NTir.</placeName>
                </usg>
                <usg type="geo">
                  <placeName type="bundesland" ref="/geodata-wboe.xml#p2">Ktn.</placeName>
                </usg>
                <usg type="geo">
                  <placeName type="grossregion" ref="/geodata-wboe.xml#p4.1">Lung.</placeName>
                </usg>
                <usg type="geo">
                  <placeName type="grossregion" ref="/geodata-wboe.xml#p4.3">Pong.</placeName>
                </usg>
                <usg type="geo">
                  <placeName type="grossregion" ref="/geodata-wboe.xml#p4.4">Tenneng.</placeName>
                </usg>
                <ptr type="collection" subtype="bedeutung" target="/collections-wboe.xml#c24988"/>
              </sense>
              <sense>
                <def>Mauerkasten; gemauerter Schrank</def>
                <usg type="geo">
                  <placeName type="grossregion" ref="/geodata-wboe.xml#p1C.2">mNTir.</placeName>
                </usg>
                <usg type="geo">
                  <placeName type="grossregion" ref="/geodata-wboe.xml#p2.2">MKtn.</placeName>
                </usg>
                <ptr type="collection" subtype="bedeutung" target="/collections-wboe.xml#c24993"/>
              </sense>
            </sense>
            <sense>
              <sense>
                <def>niedriges, einstöckiges Haus; (Alm-)Hütte</def>
                <usg type="geo">
                  <placeName type="bundesland" ref="/geodata-wboe.xml#p4">Sbg.</placeName>
                </usg>
                <ptr type="collection" subtype="bedeutung" target="/collections-wboe.xml#c24998"/>
              </sense>
              <sense>
                <def>Stockwerk</def>
                <usg type="geo">
                  <placeName type="bundesland" ref="/geodata-wboe.xml#p1A">STir.</placeName>
                </usg>
                <usg type="geo">
                  <placeName type="bundesland" ref="/geodata-wboe.xml#p1B">OTir.</placeName>
                </usg>
                <usg type="geo">
                  <placeName type="bundesland" ref="/geodata-wboe.xml#p1C">NTir.</placeName>
                </usg>
                <usg type="geo">
                  <placeName type="bundesland" ref="/geodata-wboe.xml#p2">Ktn.</placeName>
                </usg>
                <usg type="geo">
                  <placeName type="bundesland" ref="/geodata-wboe.xml#p5">OÖ</placeName>
                </usg>
                <cit type="example">
                  <quote xml:lang="bar-AT">am 1. Gom</quote>
                  <usg type="geo">
                    <placeName type="gemeinde" ref="/geodata-wboe.xml#p1C.3b03">Thiersee</placeName>
                  </usg>
                </cit>
                <ptr type="collection" subtype="bedeutung" target="/collections-wboe.xml#c24995"/>
              </sense>
              <sense>
                <def>Heustadel</def>
                <usg type="geo">
                  <placeName type="grossregion" ref="/geodata-wboe.xml#p1A.2">mSTir.</placeName>
                </usg>
                <usg type="geo">
                  <placeName type="grossregion" ref="/geodata-wboe.xml#p6.1">Mostv.</placeName>
                </usg>
                <ptr type="collection" subtype="bedeutung" target="/collections-wboe.xml#c24992"/>
              </sense>
            </sense>
          </sense>
          <sense>
            <def>zum Trocknen ausgestreutes Heu</def>
            <usg type="geo">
              <placeName type="bundesland" ref="/geodata-wboe.xml#p1A">STir.</placeName>
            </usg>
            <cit type="example">
              <quote xml:lang="bar-AT">gōdn̥ mǫχχn̥</quote>
              <usg type="geo">
                <placeName type="gemeinde" ref="/geodata-wboe.xml#p1A.3i02">Kastelruth</placeName>
              </usg>
            </cit>
            <ptr type="collection" subtype="bedeutung" target="/collections-wboe.xml#c24989"/>
          </sense>
          <sense>
            <def>Maß für Bauholz</def>
            <usg type="geo">
              <placeName type="bundesland" ref="/geodata-wboe.xml#p3">Stmk.</placeName>
            </usg>
            <cit type="example">
              <quote xml:lang="bar-AT">das einfache und das doppelte Trauner Gaden</quote>
              <ref type="bibl" target="#SteirWb1903">Steir.Wb. 1903
                <citedRange>262</citedRange>
              </ref>
              <usg type="geo">
                <placeName type="bundesland" ref="/geodata-wboe.xml#p3">Stmk.</placeName>
              </usg>
            </cit>
            <ptr type="collection" subtype="bedeutung" target="/collections-wboe.xml#c24997"/>
          </sense>
        </sense>
        <re>
          <form subtype="compound" type="lemma">
            <orth>Beiengaden</orth>
          </form>
          <sense>
            <sense>
              <def>Bienenstock</def>
              <usg type="geo">
                <placeName type="grossregion" ref="/geodata-wboe.xml#p2.4">UKtn.</placeName>
              </usg>
              <usg type="geo">
                <placeName type="grossregion" ref="/geodata-wboe.xml#p4.3">Pong.</placeName>
              </usg>
              <ptr type="collection" subtype="bedeutung" target="/collections-wboe.xml#c24968"/>
            </sense>
          </sense>
        </re>
        <re>
          <form subtype="compound" type="lemma">
            <orth>Heugaden</orth>
          </form>
          <sense>
            <sense>
              <def>Heustadel</def>
              <usg type="geo">
                <placeName type="bundesland" ref="/geodata-wboe.xml#p1A">STir.</placeName>
              </usg>
              <usg type="geo">
                <placeName type="bundesland" ref="/geodata-wboe.xml#p1B">OTir.</placeName>
              </usg>
              <usg type="geo">
                <placeName type="bundesland" ref="/geodata-wboe.xml#p1C">NTir.</placeName>
              </usg>
              <usg type="geo">
                <placeName type="grossregion" ref="/geodata-wboe.xml#p3.3">WStmk.</placeName>
              </usg>
              <ptr type="collection" subtype="bedeutung" target="/collections-wboe.xml#c24957"/>
            </sense>
          </sense>
        </re>
        <re>
          <form subtype="compound" type="lemma">
            <orth>Kuchelgaden</orth>
          </form>
          <sense>
            <sense>
              <def>kleine Vorrats- oder Speisekammer neben der Küche</def>
              <usg type="geo">
                <placeName type="grossregion" ref="/geodata-wboe.xml#p1A.4">öSTir.</placeName>
              </usg>
              <usg type="geo">
                <placeName type="grossregion" ref="/geodata-wboe.xml#p1B.0">OTir.</placeName>
              </usg>
              <usg type="geo">
                <placeName type="grossregion" ref="/geodata-wboe.xml#p1C.1">wNTir.</placeName>
              </usg>
              <ptr type="collection" subtype="bedeutung" target="/collections-wboe.xml#c24959"/>
            </sense>
          </sense>
        </re>
        <re>
          <form subtype="compound" type="lemma">
            <orth>Ledergaden</orth>
          </form>
          <sense>
            <sense>
              <def>Gerberei; Werkstätte zur Verarbeitung von Leder</def>
              <usg type="geo">
                <placeName type="bundesland" ref="/geodata-wboe.xml#p3">Stmk.</placeName>
              </usg>
              <ptr type="collection" subtype="bedeutung" target="/collections-wboe.xml#c24960"/>
            </sense>
          </sense>
        </re>
        <re>
          <form subtype="compound" type="lemma">
            <orth>Schlafgaden</orth>
          </form>
          <sense>
            <sense>
              <def>Schlafzimmer; Schlafkammer</def>
              <usg type="geo">
                <placeName type="bundesland" ref="/geodata-wboe.xml#p1A">STir.</placeName>
              </usg>
              <usg type="geo">
                <placeName type="bundesland" ref="/geodata-wboe.xml#p1B">OTir.</placeName>
              </usg>
              <usg type="geo">
                <placeName type="bundesland" ref="/geodata-wboe.xml#p1C">NTir.</placeName>
              </usg>
              <usg type="geo">
                <placeName type="grossregion" ref="/geodata-wboe.xml#p2.1">ObKtn.</placeName>
              </usg>
              <ptr type="collection" subtype="bedeutung" target="/collections-wboe.xml#c24971"/>
            </sense>
          </sense>
        </re>
        <re>
          <form subtype="compound" type="lemma">
            <orth>Speisgaden</orth>
          </form>
          <sense>
            <sense>
              <def>Vorrats- oder Speisekammer</def>
              <usg type="geo">
                <placeName type="grossregion" ref="/geodata-wboe.xml#p1A.1">wSTir.</placeName>
              </usg>
              <usg type="geo">
                <placeName type="grossregion" ref="/geodata-wboe.xml#p1A.4">öSTir.</placeName>
              </usg>
              <usg type="geo">
                <placeName type="grossregion" ref="/geodata-wboe.xml#p1B.0">OTir.</placeName>
              </usg>
              <usg type="geo">
                <placeName type="bundesland" ref="/geodata-wboe.xml#p2">Ktn.</placeName>
              </usg>
              <ptr type="collection" subtype="bedeutung" target="/collections-wboe.xml#c24973"/>
            </sense>
          </sense>
        </re>
        <re>
          <form subtype="compound" type="lemma">
            <orth>Steingaden</orth>
          </form>
          <sense>
            <sense>
              <sense>
                <def>gemauerter Raum; gemauerte Kammer</def>
                <usg type="geo">
                  <placeName type="bundesland" ref="/geodata-wboe.xml#p1A">STir.</placeName>
                </usg>
                <usg type="geo">
                  <placeName type="bundesland" ref="/geodata-wboe.xml#p1B">OTir.</placeName>
                </usg>
                <usg type="geo">
                  <placeName type="bundesland" ref="/geodata-wboe.xml#p1C">NTir.</placeName>
                </usg>
                <ptr type="collection" subtype="bedeutung" target="/collections-wboe.xml#c25002"/>
              </sense>
              <sense>
                <def>gemauerte Vorrats- oder Speisekammer; gemauerter Vorratskeller</def>
                <usg type="geo">
                  <placeName type="bundesland" ref="/geodata-wboe.xml#p1A">STir.</placeName>
                </usg>
                <usg type="geo">
                  <placeName type="bundesland" ref="/geodata-wboe.xml#p1B">OTir.</placeName>
                </usg>
                <usg type="geo">
                  <placeName type="bundesland" ref="/geodata-wboe.xml#p1C">NTir.</placeName>
                </usg>
                <usg type="geo">
                  <placeName type="grossregion" ref="/geodata-wboe.xml#p4.2">Pinzg.</placeName>
                </usg>
                <cit type="example">
                  <quote xml:lang="bar-AT">ɒ dɒ štǫ̃ɒ̃gǫųn</quote>
                  <usg type="geo">
                    <placeName type="gemeinde" ref="/geodata-wboe.xml#p4.2a06">Niedernsill</placeName>
                  </usg>
                </cit>
                <ptr type="collection" subtype="bedeutung" target="/collections-wboe.xml#c25000"/>
              </sense>
            </sense>
          </sense>
        </re>
        <re>
          <form subtype="compound" type="lemma">
            <orth>Stubengaden</orth>
          </form>
          <sense>
            <sense>
              <def>kleiner Nebenraum neben der Wohnstube</def>
              <usg type="geo">
                <placeName type="grossregion" ref="/geodata-wboe.xml#p1A.4">öSTir.</placeName>
              </usg>
              <usg type="geo">
                <placeName type="grossregion" ref="/geodata-wboe.xml#p1B.0">OTir.</placeName>
              </usg>
              <usg type="geo">
                <placeName type="grossregion" ref="/geodata-wboe.xml#p1C.2">mNTir.</placeName>
              </usg>
              <ptr type="collection" subtype="bedeutung" target="/collections-wboe.xml#c24974"/>
            </sense>
          </sense>
        </re>
        <re>
          <form subtype="compound" type="lemma">
            <orth>Weiberleutgaden</orth>
          </form>
          <sense>
            <sense>
              <def>Frauenschlafzimmer</def>
              <usg type="geo">
                <placeName type="grossregion" ref="/geodata-wboe.xml#p4.1">Lung.</placeName>
              </usg>
              <usg type="geo">
                <placeName type="grossregion" ref="/geodata-wboe.xml#p4.3">Pong.</placeName>
              </usg>
              <ptr type="collection" subtype="bedeutung" target="/collections-wboe.xml#c24977"/>
            </sense>
          </sense>
        </re>
        <re>
          <form subtype="compound" type="lemma">
            <orth>Zehrgaden</orth>
          </form>
          <sense>
            <sense>
              <def type="umschreibung">gehobene Bezeichnung für eine Vorratskammer (u. a. für die ehemaligen kaiserlichen Vorratslager)</def>
              <usg type="geo">
                <placeName type="bundesland" ref="/geodata-wboe.xml#p1A">STir.</placeName>
              </usg>
              <usg type="geo">
                <placeName type="bundesland" ref="/geodata-wboe.xml#p1B">OTir.</placeName>
              </usg>
              <usg type="geo">
                <placeName type="bundesland" ref="/geodata-wboe.xml#p1C">NTir.</placeName>
              </usg>
              <usg type="geo">
                <placeName type="bundesland" ref="/geodata-wboe.xml#p3">Stmk.</placeName>
              </usg>
              <usg type="geo">
                <placeName type="grossregion" ref="/geodata-wboe.xml#p6.5">Wien</placeName>
              </usg>
              <ptr type="collection" subtype="bedeutung" target="/collections-wboe.xml#c24980"/>
            </sense>
          </sense>
        </re>
      </entry>
    </body>
  </text>
</TEI>