<?xml version="1.0" encoding="UTF-8"?>
    <?xml-model href="http://www.tei-c.org/release/xml/tei/custom/schema/relaxng/tei_all.rng" type="application/xml" schematypens="http://purl.oclc.org/dsdl/schematron"?>
    <?xml-model href="../../803_RNG-schematron/WBOE-ODD.rnc" type="application/relax-ng-compact-syntax"?>
<?redaktionstool version="0.8.1" ?>
<?parser type="lioe" version="0.8.0" ?>
<TEI xmlns="http://www.tei-c.org/ns/1.0">
  <teiHeader>
    <fileDesc>
      <titleStmt>
        <title>Gaffer</title>
        <respStmt>
          <resp>Editor</resp>
          <name ref="#PhS">Philipp Stöckle</name>
        </respStmt>
        <respStmt>
          <resp>Encoding Scheme</resp>
          <name>Jack Bowers</name>
          <name>Daniel Schopper</name>
          <name>Omar Siam</name>
        </respStmt>
        <respStmt>
          <resp>DBOE Team</resp>
          <name xml:id="AL">Alexandra N. Lenz</name>
          <name xml:id="PhS">Philipp Stöckle</name>
          <name xml:id="AG">Andreas Gellan</name>
          <name xml:id="PZ">Patrick Zeitlhuber</name>
          <name xml:id="SW">Sabine Wahl</name>
          <name xml:id="SS">Sonja Schwaiger</name>
          <name xml:id="AB">Angela Bergermayer</name>
          <name xml:id="EW">Eva Wahlmüller</name>
          <name xml:id="DG">David Gschösser</name>
          <name xml:id="StS">Stefanie Schöberl</name>
          <name xml:id="FF">Fabian Fleißner</name>
          <name xml:id="MK">Markus Kunzmann</name>
        </respStmt>
        <respStmt>
          <resp>Student assistants</resp>
          <name>Susanna Muhr</name>
          <name>Manuela Stütz</name>
          <name>Christina Hemetsberger</name>
        </respStmt>
      </titleStmt>
      <publicationStmt>
        <p></p>
      </publicationStmt>
      <sourceDesc>
        <list>
          <item>
            <label>Geo-data</label>
            <ptr xml:id="geo-inventory-WBOE" target="../geodata-wboe.xml"/>
          </item>
          <item>
            <label>Bibliography</label>
            <ptr xml:id="bibliography-WBOE" target="../bibl-wboe.xml"/>
          </item>
          <item>
            <label>WBOE-Slips</label>
            <ptr xml:id="slips-WBOE" target="../slips-wboe.xml"/>
          </item>
          <item>
            <label>WBOE-Collections</label>
            <ptr xml:id="collections-WBOE" target="../collections-wboe.xml"/>
          </item>
        </list>
      </sourceDesc>
    </fileDesc>
    <revisionDesc>
      <listChange>
        <change status="peer correction" when="2022-02-16" who="#PhS">erste Version des Artikels erstellt</change>
        <change status="internal correction" when="2022-06-29" who="#PhS">Lemmatisierung und Etymologie überarbeitet, Anm. peer correction übernommen</change>
        <change status="internal correction" when="2022-06-30" who="#PhS">LK eingefügt</change>
        <change status="external correction" when="2022-09-07" who="#PhS">Anm. internal correction übernommen</change>
        <change status="finished" when="2022-09-19" who="#PhS">Anmerkungen external correction berücksichtigt</change>
      </listChange>
    </revisionDesc>
  </teiHeader>
  <text>
    <body>
      <entry>
        <form type="lemma" xml:id="Gaffer">
          <orth>Gaffer</orth>
          <ptr type="collection" subtype="lemma" target="/collections-wboe.xml#c24857"/>
        </form>
        <form type="lemma" xml:id="Kampfer">
          <orth>Kampfer</orth>
        </form>
        <gramGrp>
          <gram type="pos">Substantiv</gram>
          <gram type="gender">Maskulinum</gram>
        </gramGrp>
        <usg type="geo">
          <placeName type="bundesland" ref="/geodata-wboe.xml#p1A">STir.</placeName>
        </usg>
        <usg type="geo">
          <placeName type="bundesland" ref="/geodata-wboe.xml#p1B">OTir.</placeName>
        </usg>
        <usg type="geo">
          <placeName type="bundesland" ref="/geodata-wboe.xml#p1C">NTir.</placeName>
        </usg>
        <usg type="geo">
          <placeName type="bundesland" ref="/geodata-wboe.xml#p2">Ktn.</placeName>
        </usg>
        <usg type="geo">
          <placeName type="bundesland" ref="/geodata-wboe.xml#p3">Stmk.</placeName>
        </usg>
        <usg type="geo">
          <placeName type="grossregion" ref="/geodata-wboe.xml#p4.1">Lung.</placeName>
        </usg>
        <usg type="geo">
          <placeName type="grossregion" ref="/geodata-wboe.xml#p4.2">Pinzg.</placeName>
        </usg>
        <usg type="geo">
          <placeName type="grossregion" ref="/geodata-wboe.xml#p4.3">Pong.</placeName>
        </usg>
        <usg type="geo">
          <placeName type="grossregion" ref="/geodata-wboe.xml#p4.5">Flachg.</placeName>
        </usg>
        <usg type="geo">
          <placeName type="bundesland" ref="/geodata-wboe.xml#p5">OÖ</placeName>
        </usg>
        <usg type="geo">
          <placeName type="bundesland" ref="/geodata-wboe.xml#p6">NÖ</placeName>
        </usg>
        <usg type="geo">
          <placeName type="grossregion" ref="/geodata-wboe.xml#p6.5">Wien</placeName>
        </usg>
        <usg type="geo">
          <placeName type="grossregion" ref="/geodata-wboe.xml#p7.3">SBgl.</placeName>
        </usg>
        <note type="kommentar" resp="#DG">Der auf mhd.
          <c>a</c>zurückgehende Stammvokal dieses Lehnwortes blieb kurz und wurde zu einem offenem
          <c>o</c>verdumpft
          <xr>
            <ref>gǫfɒ</ref>
            <ref>gǫmpfɒ</ref>
          </xr>. Gedehnte Vokale treten mitunter in Kärnten und der anschließenden Weststeiermark sowie im Mittelbairischen auf
          <xr>
            <ref>gǭfɒ</ref>
            <ref>gǭmbfɒ</ref>
            <ref>gǭfl̥</ref>
          </xr>, steigende Diphthonge im westlichen Nordtirol
          <xr>
            <ref>gǫumpfr̥t</ref>
          </xr>sowie typisch vor Nasal ebenfalls im Ostmittel- und östlichen Südmittelbairischen
          <xr>
            <ref>gaumpfɒ</ref>
            <ref>kχaumpfɒ</ref>
          </xr>. Der velare Anlaut ist im Großteil des Untersuchungsgebiets als Lenis belegt
          <xr>
            <ref>gǫfɒ</ref>
            <ref>gǫmpfɒ</ref>
          </xr>, im östlichen Süd- und Südmittel- sowie im Ostmittelbairischen auch als affrizierte bzw. aspirierte Lenis
          <xr>
            <ref>khǫmpfɒ</ref>
            <ref>kχaumpfɒ</ref>
          </xr>, was auf den Einfluss der Standardschreibung zurückzuführen sein dürfte. Je nach historischer Ausgangform besteht der konsonantische Inlaut aus einem Frikativ
          <xr>
            <ref>gǫfɒ</ref>
          </xr>oder der homorganen Lautfolge aus Nasal, epenthetischem Plosiv und Frikativ
          <xr>
            <ref>gǫmpfɒ</ref>
          </xr>, die in Süd- und Nordtirol vereinzelt auch um einen Laut gekürzt wurde
          <xr>
            <ref>gǫmpɒ</ref>
            <ref>gǫpfɒ</ref>
          </xr>. Im Auslaut sind meist nur Reflexe von
          <c>-er</c>belegt
          <xr>
            <ref>gǫfər</ref>
            <ref>gǫfɒr</ref>
            <ref>gǫfr̥</ref>
            <ref>gǫfɒ</ref>
            <ref>gǫfǫ</ref>
          </xr>. Darüber hinaus findet sich vor allem in Süd-, Ost- und Nordtirol mit 
        -
          <c>ere</c>, 
        -
          <c>erer</c>,
          -
          <c>ert</c>,
          -
          <c>rach</c>,
          -
          <c>ram</c>oder
          -
          <c>ren</c>eine große Variation an Auslautfolgen
          <xr>
            <ref>gǫfərə</ref>
            <ref>gǫfɒrɒ</ref>
            <ref>gǫumpfr̥t</ref>
            <ref>gǫfrɒχ</ref>
            <ref>gǫfrɒm</ref>
            <ref>gǫfrən</ref>
          </xr>, wie auch in geringerem Umfang mit
          -
          <c>ert</c>in Ober-
          <xr>
            <ref>gǫfɒd</ref>
          </xr>und mit
          -
          <c>erer</c>in Niederösterreich
          <xr>
            <ref>gǫfɒrɒ</ref>
          </xr>. Der Wandel von
          <c>r</c>zu
          <c>l</c>ist in der Weststeiermark und in Niederösterreich zu beobachten
          <xr>
            <ref>gǫfl̥</ref>
            <ref>gǭfl̥</ref>
          </xr>
        </note>
        <etym>
          <cit type="etymon">
            <lang>mhd.</lang>
            <form>
              <orth>gaffer</orth>
            </form>
            <form>
              <orth>kampfer</orth>
            </form>
            <def>Kampfer</def>
          </cit>
          <seg type="desc">; über</seg>
          <cit type="etymon">
            <lang>mlat.</lang>
            <form>
              <orth>cafora</orth>
            </form>
            <form>
              <orth>camphora</orth>
            </form>
          </cit>
          <seg type="desc">aus</seg>
          <cit type="etymon">
            <lang>arab.</lang>
            <form>
              <orth>kāfūr</orth>
            </form>
          </cit>
          <seg type="desc">entlehnt</seg>
          <ref type="bibl" target="#Lexer1872I">
            <lbl>vgl.</lbl>Lexer 1872 I
            <citedRange>724</citedRange>
          </ref>
          <ref type="bibl" target="#Pfeifer2014">
            <lbl>vgl.</lbl>Pfeifer 2014
            <citedRange>613</citedRange>
          </ref>
        </etym>
        <sense>
          <sense>
            <def>Kampfer; weiße, durchscheinende, rasch verdunstende Masse mit durchdringendem Geruch, die in der Medizin und der chemischen Industrie verwendet wird</def>
            <usg type="geo">
              <placeName type="bundesland" ref="/geodata-wboe.xml#p1A">STir.</placeName>
            </usg>
            <usg type="geo">
              <placeName type="bundesland" ref="/geodata-wboe.xml#p1B">OTir.</placeName>
            </usg>
            <usg type="geo">
              <placeName type="bundesland" ref="/geodata-wboe.xml#p1C">NTir.</placeName>
            </usg>
            <usg type="geo">
              <placeName type="bundesland" ref="/geodata-wboe.xml#p2">Ktn.</placeName>
            </usg>
            <usg type="geo">
              <placeName type="bundesland" ref="/geodata-wboe.xml#p3">Stmk.</placeName>
            </usg>
            <usg type="geo">
              <placeName type="grossregion" ref="/geodata-wboe.xml#p4.1">Lung.</placeName>
            </usg>
            <usg type="geo">
              <placeName type="grossregion" ref="/geodata-wboe.xml#p4.2">Pinzg.</placeName>
            </usg>
            <usg type="geo">
              <placeName type="grossregion" ref="/geodata-wboe.xml#p4.3">Pong.</placeName>
            </usg>
            <usg type="geo">
              <placeName type="bundesland" ref="/geodata-wboe.xml#p5">OÖ</placeName>
            </usg>
            <usg type="geo">
              <placeName type="bundesland" ref="/geodata-wboe.xml#p6">NÖ</placeName>
            </usg>
            <usg type="geo">
              <placeName type="grossregion" ref="/geodata-wboe.xml#p6.5">Wien</placeName>
            </usg>
            <usg type="geo">
              <placeName type="grossregion" ref="/geodata-wboe.xml#p7.3">SBgl.</placeName>
            </usg>
            <cit type="example">
              <quote xml:lang="bar-AT">Firn tsąntwe̩a lök man ką̆ƒƒo au</quote>
              <usg type="geo">
                <placeName type="gemeinde" ref="/geodata-wboe.xml#p1A.4d02">Kiens</placeName>
              </usg>
            </cit>
            <cit type="example">
              <quote xml:lang="bar-AT">Einreibm mit gštₒɒßnᵃn Kompfᵃʳ odar mit hoaßn Kompfᵃʳschmålz</quote>
              <usg type="geo">
                <placeName type="gemeinde" ref="/geodata-wboe.xml#p2.3b05">Straßburg</placeName>
              </usg>
            </cit>
            <cit type="example">
              <quote xml:lang="bar-AT">gąmpfə šǫbm fiəʳn ǫfėˡ</quote>
              <usg type="geo">
                <placeName type="gemeinde" ref="/geodata-wboe.xml#p5.1c07">Mühlheim am Inn</placeName>
              </usg>
            </cit>
            <cit type="example">
              <quote xml:lang="bar-AT">in an Zån, der hoi is, gibt ma an Gåmpfa</quote>
              <usg type="geo">
                <placeName type="gemeinde" ref="/geodata-wboe.xml#p5.2e01">Linz</placeName>
              </usg>
            </cit>
            <cit type="example">
              <quote xml:lang="bar-AT">a Gåmpfa in dö Oaʳn is guad ge̩gns Zentwē</quote>
              <usg type="geo">
                <placeName type="gemeinde" ref="/geodata-wboe.xml#p5.2e01">Linz</placeName>
              </usg>
            </cit>
            <ptr type="collection" subtype="bedeutung" target="/collections-wboe.xml#c24858"/>
          </sense>
        </sense>
      </entry>
    </body>
  </text>
</TEI>