<?xml version="1.0" encoding="UTF-8"?>
    <?xml-model href="http://www.tei-c.org/release/xml/tei/custom/schema/relaxng/tei_all.rng" type="application/xml" schematypens="http://purl.oclc.org/dsdl/schematron"?>
    <?xml-model href="../../803_RNG-schematron/WBOE-ODD.rnc" type="application/relax-ng-compact-syntax"?>
<?redaktionstool version="0.8.2" ?>
<?parser type="lioe" version="0.8.2" ?>
<TEI xmlns="http://www.tei-c.org/ns/1.0">
  <teiHeader>
    <fileDesc>
      <titleStmt>
        <title>Gagger, Gaggerer</title>
        <respStmt>
          <resp>Editor</resp>
          <name ref="#EW">Eva Wahlmüller</name>
        </respStmt>
        <respStmt>
          <resp>Encoding Scheme</resp>
          <name>Jack Bowers</name>
          <name>Daniel Schopper</name>
          <name>Omar Siam</name>
        </respStmt>
        <respStmt>
          <resp>DBOE Team</resp>
          <name xml:id="AL">Alexandra N. Lenz</name>
          <name xml:id="PhS">Philipp Stöckle</name>
          <name xml:id="AG">Andreas Gellan</name>
          <name xml:id="PZ">Patrick Zeitlhuber</name>
          <name xml:id="SW">Sabine Wahl</name>
          <name xml:id="SS">Sonja Schwaiger</name>
          <name xml:id="AB">Angela Bergermayer</name>
          <name xml:id="EW">Eva Wahlmüller</name>
          <name xml:id="DG">David Gschösser</name>
          <name xml:id="StS">Stefanie Schöberl</name>
          <name xml:id="FF">Fabian Fleißner</name>
          <name xml:id="MK">Markus Kunzmann</name>
          <name xml:id="AK">Agnes Kim</name>
          <name xml:id="IG">Ingeborg Geyer</name>
          <name xml:id="MG">Manfred Glauninger</name>
        </respStmt>
        <respStmt>
          <resp>Student assistants</resp>
          <name>Susanna Muhr</name>
          <name>Manuela Stütz</name>
          <name>Christina Hemetsberger</name>
        </respStmt>
      </titleStmt>
      <publicationStmt>
        <p></p>
      </publicationStmt>
      <sourceDesc>
        <list>
          <item>
            <label>Geo-data</label>
            <ptr xml:id="geo-inventory-WBOE" target="../geodata-wboe.xml"/>
          </item>
          <item>
            <label>Bibliography</label>
            <ptr xml:id="bibliography-WBOE" target="../bibl-wboe.xml"/>
          </item>
          <item>
            <label>WBOE-Slips</label>
            <ptr xml:id="slips-WBOE" target="../slips-wboe.xml"/>
          </item>
          <item>
            <label>WBOE-Collections</label>
            <ptr xml:id="collections-WBOE" target="../collections-wboe.xml"/>
          </item>
        </list>
      </sourceDesc>
    </fileDesc>
    <revisionDesc>
      <listChange>
        <change status="in progress" when="2022-01-27" who="#EW">Datensatz erstellt</change>
        <change status="in progress" when="2022-03-01" who="#EW">Lemmaansatz geändert</change>
        <change status="peer correction" when="2022-03-15" who="#EW">Etymologie eingefügt</change>
        <change status="internal correction" when="2022-04-08" who="#EW">überarbeitet nach Anm. PS; warten auf LK</change>
        <change status="internal correction" when="2023-04-26" who="#PZ">LK eingefügt</change>
        <change status="internal correction" when="2023-04-27" who="#EW">Tippfehler korrigiert, an Manzi weitergeleitet</change>
      </listChange>
    </revisionDesc>
  </teiHeader>
  <text>
    <body>
      <entry>
        <form type="lemma" xml:id="Gagger">
          <orth>Gagger</orth>
        </form>
        <form type="lemma" xml:id="Gaggerer">
          <orth>Gaggerer</orth>
          <ptr type="collection" subtype="lemma" target="/collections-wboe.xml#c24532"/>
        </form>
        <gramGrp>
          <gram type="pos">Substantiv</gram>
          <gram type="gender">Maskulinum</gram>
        </gramGrp>
        <form type="variant" subtype="diminutive" xml:id="Gaggerl">
          <orth>Gaggerl</orth>
          <orth>Gaggerlein</orth>
          <gramGrp></gramGrp>
        </form>
        <usg type="geo">
          <placeName type="bundesland" ref="/geodata-wboe.xml#p1A">STir.</placeName>
        </usg>
        <usg type="geo">
          <placeName type="grossregion" ref="/geodata-wboe.xml#p1B.0">OTir.</placeName>
        </usg>
        <usg type="geo">
          <placeName type="bundesland" ref="/geodata-wboe.xml#p1C">NTir.</placeName>
        </usg>
        <usg type="geo">
          <placeName type="bundesland" ref="/geodata-wboe.xml#p2">Ktn.</placeName>
        </usg>
        <usg type="geo">
          <placeName type="bundesland" ref="/geodata-wboe.xml#p3">Stmk.</placeName>
        </usg>
        <usg type="geo">
          <placeName type="bundesland" ref="/geodata-wboe.xml#p4">Sbg.</placeName>
        </usg>
        <usg type="geo">
          <placeName type="grossregion" ref="/geodata-wboe.xml#p5.2">Hausrv.</placeName>
        </usg>
        <usg type="geo">
          <placeName type="grossregion" ref="/geodata-wboe.xml#p5.4">Mühlv.</placeName>
        </usg>
        <usg type="geo">
          <placeName type="grossregion" ref="/geodata-wboe.xml#p6.1">Mostv.</placeName>
        </usg>
        <usg type="geo">
          <placeName type="grossregion" ref="/geodata-wboe.xml#p7.1">NBgl.</placeName>
        </usg>
        <note type="kommentar" resp="#PZ">Der Stammvokal wird im gesamten Verbreitungsgebiet als kurzes geschlossenes
          <c>o</c>realisiert
          <xr>
            <ref>gǫkɒr</ref>
            <ref>gǫkɒ</ref>
            <ref>gǫkr̥</ref>
          </xr>. Daneben ist im Ostmittelbairischen Vokaldehnung eingetreten
          <xr>
            <ref>gǭgɒ</ref>
          </xr>. Weiterführende Diphthongierung zu
          <c>ou</c>ist im östlichen Süd- und Südmittelbairischen belegt
          <xr>
            <ref>gǫukə</ref>
            <ref>gǫukɒ</ref>
            <ref>gǫukr̥</ref>
          </xr>. Unverdumpfte
          <c>a</c>finden sich im bairisch-alemannischen Übergangsgebiet sowie gelegentlich im östlichen Süd- und Südmittelbairischen
          <xr>
            <ref>gakər</ref>
          </xr>. Darüber hinaus kommen im westlichen Südbairischen geschlossene
          <c>e</c>vor
          <xr>
            <ref>gẹkɒr</ref>
          </xr>. Der auslautende Liquid blieb nur im westlichen Südbairischen
          <xr>
            <ref>gǫkɒr</ref>
            <ref>gakər</ref>
            <ref>gẹkɒr</ref>
          </xr>sowie nach
          <c>e</c>-Synkope im östlichen Südbairischen als silbisches
          <c>r</c>
          <xr>
            <ref>gǫkr̥</ref>
            <ref>gǫukr̥</ref>
          </xr>erhalten. Ansonsten verschmolz dieser überall mit dem Vokal der zweiten Silbe
          <xr>
            <ref>gǫkɒ</ref>
            <ref>gǭgɒ</ref>
            <ref>gǫukə</ref>
          </xr>. Formen mit doppeltem -
          <c>erer</c>-Suffix können im westlichen Südmittelbairsichen und Ostmittelbairischen vorkommen
          <xr>
            <ref>gǫkɒrɒ</ref>
          </xr>.
        </note>
        <etym>
          <seg type="desc">Lautnachahmung; Siehe auch</seg>
          <cit type="etymon">
            <xr type="lemma">
              <ref target="gackern.xml#gackern">gackern</ref>
            </xr>
          </cit>
          <seg type="desc">und</seg>
          <cit type="etymon">
            <xr type="lemma">
              <ref target="gaggetzen.xml#gaggetzen">gaggetzen</ref>
            </xr>
          </cit>
        </etym>
        <sense>
          <sense>
            <def>Hahn</def>
            <usg type="geo">
              <placeName type="bundesland" ref="/geodata-wboe.xml#p1A">STir.</placeName>
            </usg>
            <usg type="geo">
              <placeName type="grossregion" ref="/geodata-wboe.xml#p1B.0">OTir.</placeName>
            </usg>
            <usg type="geo">
              <placeName type="bundesland" ref="/geodata-wboe.xml#p1C">NTir.</placeName>
            </usg>
            <usg type="geo">
              <placeName type="grossregion" ref="/geodata-wboe.xml#p3.1">sbair.ObStmk.</placeName>
            </usg>
            <usg type="geo">
              <placeName type="grossregion" ref="/geodata-wboe.xml#p5.2">Hausrv.</placeName>
            </usg>
            <usg type="geo">
              <placeName type="grossregion" ref="/geodata-wboe.xml#p5.4">Mühlv.</placeName>
            </usg>
            <usg type="geo">
              <placeName type="grossregion" ref="/geodata-wboe.xml#p7.1">NBgl.</placeName>
            </usg>
            <ptr type="collection" subtype="bedeutung" target="/collections-wboe.xml#c25086"/>
          </sense>
          <sense>
            <def type="umschreibung">abwertende Bezeichnung für eine dumme, ungeschickte Person</def>
            <usg type="geo">
              <placeName type="grossregion" ref="/geodata-wboe.xml#p1C.1">wNTir.</placeName>
            </usg>
            <usg type="geo">
              <placeName type="grossregion" ref="/geodata-wboe.xml#p1C.2">mNTir.</placeName>
            </usg>
            <usg type="geo">
              <placeName type="bundesland" ref="/geodata-wboe.xml#p2">Ktn.</placeName>
            </usg>
            <usg type="geo">
              <placeName type="grossregion" ref="/geodata-wboe.xml#p3.3">WStmk.</placeName>
            </usg>
            <usg type="geo">
              <placeName type="grossregion" ref="/geodata-wboe.xml#p3.4">MStmk.</placeName>
            </usg>
            <usg type="geo">
              <placeName type="grossregion" ref="/geodata-wboe.xml#p3.5">OStmk.</placeName>
            </usg>
            <usg type="geo">
              <placeName type="grossregion" ref="/geodata-wboe.xml#p4.3">Pong.</placeName>
            </usg>
            <cit type="example">
              <quote xml:lang="bar-AT">a ålta Gogga</quote>
              <usg type="geo">
                <placeName type="gemeinde" ref="/geodata-wboe.xml#p3.3c08">Stainz</placeName>
              </usg>
            </cit>
            <cit type="example">
              <quote xml:lang="bar-AT">ɒn ǫiˡdɒ gǫukɒ</quote>
              <usg type="geo">
                <placeName type="gemeinde" ref="/geodata-wboe.xml#p3.3e12">St. Peter im Sulmtal</placeName>
              </usg>
            </cit>
            <ptr type="collection" subtype="bedeutung" target="/collections-wboe.xml#c25087"/>
          </sense>
          <sense>
            <def>innere Aufregung; Zorn; Wut</def>
            <usg type="geo">
              <placeName type="grossregion" ref="/geodata-wboe.xml#p3.2">mbair.ObStmk.</placeName>
            </usg>
            <ptr type="collection" subtype="bedeutung" target="/collections-wboe.xml#c25088"/>
          </sense>
          <sense>
            <def>Kot; Exkremente</def>
            <usg type="geo">
              <placeName type="bundesland" ref="/geodata-wboe.xml#p4">Sbg.</placeName>
            </usg>
            <ptr type="collection" subtype="bedeutung" target="/collections-wboe.xml#c25092"/>
          </sense>
          <sense>
            <sense>
              <def>auffallende Haartracht</def>
              <usg type="geo">
                <placeName type="grossregion" ref="/geodata-wboe.xml#p3.2">mbair.ObStmk.</placeName>
              </usg>
              <cit type="example">
                <quote xml:lang="bar-AT">De hat åba an groaßən Góggą</quote>
                <usg type="geo">
                  <placeName type="gemeinde" ref="/geodata-wboe.xml#p3.2d01">Tragöß-St. Katharein</placeName>
                </usg>
              </cit>
              <ptr type="collection" subtype="bedeutung" target="/collections-wboe.xml#c25089"/>
            </sense>
            <sense>
              <xr type="variant">
                <lbl>nur</lbl>
                <ref>Gaggern</ref>
              </xr>
              <usg>(Plural)</usg>
              <def type="umschreibung">Spottbezeichnung für ungeschickte, gebrechliche Hände</def>
              <usg type="geo">
                <placeName type="grossregion" ref="/geodata-wboe.xml#p2.2">MKtn.</placeName>
              </usg>
              <ptr type="collection" subtype="bedeutung" target="/collections-wboe.xml#c25090"/>
            </sense>
          </sense>
          <sense>
            <xr type="variant" subtype="diminutive">
              <lbl>nur</lbl>
              <ref>Gaggerlein</ref>
            </xr>
            <def>Wurstzipfel</def>
            <usg type="geo">
              <placeName type="grossregion" ref="/geodata-wboe.xml#p3.3">WStmk.</placeName>
            </usg>
            <ptr type="collection" subtype="bedeutung" target="/collections-wboe.xml#c5091"/>
          </sense>
        </sense>
        <re>
          <form subtype="compound" type="lemma">
            <orth>Fliegengagger</orth>
          </form>
          <sense>
            <sense>
              <def>Sommersprossen</def>
              <usg type="geo">
                <placeName type="grossregion" ref="/geodata-wboe.xml#p1C.3">öNTir.</placeName>
              </usg>
              <ptr type="collection" subtype="bedeutung" target="/collections-wboe.xml#c25078"/>
            </sense>
          </sense>
        </re>
        <re>
          <form subtype="compound" type="lemma">
            <orth>Geißgagger</orth>
          </form>
          <sense>
            <sense>
              <def>Hinterteil der Ziege</def>
              <usg type="geo">
                <placeName type="grossregion" ref="/geodata-wboe.xml#p3.4">MStmk.</placeName>
              </usg>
              <ptr type="collection" subtype="bedeutung" target="/collections-wboe.xml#c25079"/>
            </sense>
          </sense>
        </re>
        <re>
          <form subtype="compound" type="lemma">
            <orth>Hosengacker</orth>
          </form>
          <sense>
            <sense>
              <def type="umschreibung">Spottbezeichnung für einen Feigling</def>
              <usg type="geo">
                <placeName type="grossregion" ref="/geodata-wboe.xml#p6.1">Mostv.</placeName>
              </usg>
              <ptr type="collection" subtype="bedeutung" target="/collections-wboe.xml#c25080"/>
            </sense>
          </sense>
        </re>
        <re>
          <form subtype="compound" type="lemma">
            <orth>Maidleinsgaggerer</orth>
          </form>
          <sense>
            <sense>
              <def type="umschreibung">Bezeichnung für einen Mann, der den Mädchen keine Ruhe lässt</def>
              <usg type="geo">
                <placeName type="grossregion" ref="/geodata-wboe.xml#p5.4">Mühlv.</placeName>
              </usg>
              <ptr type="collection" subtype="bedeutung" target="/collections-wboe.xml#c25082"/>
            </sense>
          </sense>
        </re>
        <re>
          <form subtype="compound" type="lemma">
            <orth>Märzengagger</orth>
          </form>
          <sense>
            <sense>
              <def>Märzenbecher; Frühlingsknotenblume; Leucojum vernum</def>
              <usg type="geo">
                <placeName type="bundesland" ref="/geodata-wboe.xml#p3">Stmk.</placeName>
              </usg>
              <ptr type="collection" subtype="bedeutung" target="/collections-wboe.xml#c25083"/>
            </sense>
          </sense>
        </re>
      </entry>
    </body>
  </text>
</TEI>