<?xml version="1.0" encoding="UTF-8"?>
    <?xml-model href="http://www.tei-c.org/release/xml/tei/custom/schema/relaxng/tei_all.rng" type="application/xml" schematypens="http://purl.oclc.org/dsdl/schematron"?>
    <?xml-model href="../../803_RNG-schematron/WBOE-ODD.rnc" type="application/relax-ng-compact-syntax"?>
<?redaktionstool version="0.8.2" ?>
<?parser type="lioe" version="0.8.2" ?>
<TEI xmlns="http://www.tei-c.org/ns/1.0">
  <teiHeader>
    <fileDesc>
      <titleStmt>
        <title>Garbe_2</title>
        <respStmt>
          <resp>Editor</resp>
          <name ref="#AG">Andreas Gellan</name>
        </respStmt>
        <respStmt>
          <resp>Encoding Scheme</resp>
          <name>Jack Bowers</name>
          <name>Daniel Schopper</name>
          <name>Omar Siam</name>
        </respStmt>
        <respStmt>
          <resp>DBOE Team</resp>
          <name xml:id="AL">Alexandra N. Lenz</name>
          <name xml:id="PhS">Philipp Stöckle</name>
          <name xml:id="AG">Andreas Gellan</name>
          <name xml:id="PZ">Patrick Zeitlhuber</name>
          <name xml:id="SW">Sabine Wahl</name>
          <name xml:id="SS">Sonja Schwaiger</name>
          <name xml:id="AB">Angela Bergermayer</name>
          <name xml:id="EW">Eva Wahlmüller</name>
          <name xml:id="DG">David Gschösser</name>
          <name xml:id="StS">Stefanie Schöberl</name>
          <name xml:id="FF">Fabian Fleißner</name>
          <name xml:id="MK">Markus Kunzmann</name>
          <name xml:id="AK">Agnes Kim</name>
          <name xml:id="IG">Ingeborg Geyer</name>
          <name xml:id="MG">Manfred Glauninger</name>
        </respStmt>
        <respStmt>
          <resp>Student assistants</resp>
          <name>Susanna Muhr</name>
          <name>Manuela Stütz</name>
          <name>Christina Hemetsberger</name>
        </respStmt>
      </titleStmt>
      <publicationStmt>
        <p></p>
      </publicationStmt>
      <sourceDesc>
        <list>
          <item>
            <label>Geo-data</label>
            <ptr xml:id="geo-inventory-WBOE" target="../geodata-wboe.xml"/>
          </item>
          <item>
            <label>Bibliography</label>
            <ptr xml:id="bibliography-WBOE" target="../bibl-wboe.xml"/>
          </item>
          <item>
            <label>WBOE-Slips</label>
            <ptr xml:id="slips-WBOE" target="../slips-wboe.xml"/>
          </item>
          <item>
            <label>WBOE-Collections</label>
            <ptr xml:id="collections-WBOE" target="../collections-wboe.xml"/>
          </item>
        </list>
      </sourceDesc>
    </fileDesc>
    <revisionDesc>
      <listChange>
        <change status="peer correction" when="2023-05-30" who="#AG">Datensatz erstellt</change>
      </listChange>
    </revisionDesc>
  </teiHeader>
  <text>
    <body>
      <entry>
        <form type="lemma" xml:id="Garbe_">
          <orth>-Garbe²</orth>
          <ptr type="collection" subtype="lemma" target="/collections-wboe.xml#c36577"/>
        </form>
        <gramGrp>
          <gram type="pos">Substantiv</gram>
          <gram type="gender">Femininum</gram>
          <gram type="gender">Maskulinum</gram>
        </gramGrp>
        <usg type="geo">
          <placeName type="bundesland" ref="/geodata-wboe.xml#p1A">STir.</placeName>
        </usg>
        <usg type="geo">
          <placeName type="grossregion" ref="/geodata-wboe.xml#p1B.0">OTir.</placeName>
        </usg>
        <usg type="geo">
          <placeName type="bundesland" ref="/geodata-wboe.xml#p1C">NTir.</placeName>
        </usg>
        <usg type="geo">
          <placeName type="bundesland" ref="/geodata-wboe.xml#p2">Ktn.</placeName>
        </usg>
        <usg type="geo">
          <placeName type="bundesland" ref="/geodata-wboe.xml#p3">Stmk.</placeName>
        </usg>
        <usg type="geo">
          <placeName type="bundesland" ref="/geodata-wboe.xml#p4">Sbg.</placeName>
        </usg>
        <usg type="geo">
          <placeName type="bundesland" ref="/geodata-wboe.xml#p5">OÖ</placeName>
        </usg>
        <usg type="geo">
          <placeName type="bundesland" ref="/geodata-wboe.xml#p6">NÖ</placeName>
        </usg>
        <usg type="geo">
          <placeName type="grossregion" ref="/geodata-wboe.xml#p6.5">Wien</placeName>
        </usg>
        <usg type="geo">
          <placeName type="bundesland" ref="/geodata-wboe.xml#p7">Bgl.</placeName>
        </usg>
        <note type="kommentar">in Bearbeitung</note>
        <etym>
          <cit type="etymon">
            <lang>ahd.</lang>
            <form>
              <orth>gar(a)wa</orth>
            </form>
            <form>
              <orth>garuwa</orth>
            </form>
            <form>
              <orth>cariwa</orth>
            </form>
            <form>
              <orth>garewa</orth>
            </form>
          </cit>
          <cit type="etymon">
            <lang>mhd.</lang>
            <form>
              <orth>garwe</orth>
            </form>
            <def>Schafgarbe; Achillea millefolium</def>
          </cit>
          <seg type="desc">;</seg>
          <seg type="desc">die Herkunft des Wortes ist unklar. Es wird jedoch mit dem Adjektiv</seg>
          <cit type="etymon">
            <xr type="lemma">
              <?comment Artikel muss noch geschrieben werden ?>
              <ref>gar</ref>
            </xr>
          </cit>
          <seg type="desc">(
            <lang>mhd.</lang>
          </seg>
          <cit type="etymon">
            <form>
              <orth>gar(e)</orth>
            </form>
            <form>
              <orth>garewer</orth>
            </form>
            <form>
              <orth>garwer</orth>
            </form>
            <def>bereit (gemacht); gerüstet; vollständig; ganz</def>
          </cit>
          <seg type="desc">) in Verbindung gebracht als</seg>
          <seg type="desc"></seg>
          <cit type="etymon">
            <def>die als Wundkraut Bereitstehende</def>
          </cit>
          <seg type="desc">bzw. mit dem Substantiv</seg>
          <seg type="desc"></seg>
          <cit type="etymon">
            <form>
              <orth>Garbe</orth>
            </form>
            <def>Ansehen; Haltung; Schmuck</def>
          </cit>
          <seg type="desc">, das mit
            <lang>ital.</lang>
          </seg>
          <cit type="etymon">
            <form>
              <orth>garbo</orth>
            </form>
            <def>Anstand; Artigkeit; Anmut</def>
          </cit>
          <seg type="desc">in Verbindung steht. Demnach als</seg>
          <cit type="etymon">
            <def>die mit vielen zierlichen Blättern Ausgerüstete, Geschmückte</def>
          </cit>
          <seg type="desc">. Das Lemma steht in keinem Zusammenhang mit</seg>
          <cit type="etymon">
            <xr type="lemma">
              <ref target="Garbe_1.xml#Garbe_">Garbe¹</ref>
            </xr>
          </cit>
          <seg type="desc">.</seg>
          <ref type="bibl" subtype="online">
            <lbl>vgl.</lbl>Lexer online
            <xr type="lemma">
              <ref>garwe; garb, garbe</ref>
              <date type="accessed">30.05.2023</date>
            </xr>
          </ref>
          <ref type="bibl" subtype="online">DWB online
            <xr type="lemma">
              <ref>Garbe, Garwe</ref>
              <date type="accessed">30.05.2023</date>
            </xr>
          </ref>
          <ref type="bibl" subtype="online">Pfeifer online
            <xr type="lemma">
              <ref>Schafgarbe</ref>
              <date type="accessed">30.05.2023</date>
            </xr>
          </ref>
        </etym>
        <sense>
          <sense>
            <usg>Dieses Lemma ist nur in Wortbildungen belegt.</usg>
          </sense>
        </sense>
        <re>
          <form subtype="compound" type="lemma">
            <orth>Laubgarbe</orth>
          </form>
          <sense>
            <sense>
              <def>Blätter der Esche, Ahorn oder Ulme als Tierfutter</def>
              <usg type="geo">
                <placeName type="grossregion" ref="/geodata-wboe.xml#p4.3">Pong.</placeName>
              </usg>
              <ptr type="collection" subtype="bedeutung" target="/collections-wboe.xml#c36581"/>
            </sense>
          </sense>
        </re>
        <re>
          <form subtype="compound" type="lemma">
            <orth>Schafgarbe</orth>
          </form>
          <sense>
            <sense>
              <def>Achillea millefolium (Pflanzenart)</def>
              <usg type="geo">
                <placeName type="bundesland" ref="/geodata-wboe.xml#p1A">STir.</placeName>
              </usg>
              <usg type="geo">
                <placeName type="grossregion" ref="/geodata-wboe.xml#p1B.0">OTir.</placeName>
              </usg>
              <usg type="geo">
                <placeName type="bundesland" ref="/geodata-wboe.xml#p1C">NTir.</placeName>
              </usg>
              <usg type="geo">
                <placeName type="bundesland" ref="/geodata-wboe.xml#p2">Ktn.</placeName>
              </usg>
              <usg type="geo">
                <placeName type="bundesland" ref="/geodata-wboe.xml#p3">Stmk.</placeName>
              </usg>
              <usg type="geo">
                <placeName type="bundesland" ref="/geodata-wboe.xml#p4">Sbg.</placeName>
              </usg>
              <usg type="geo">
                <placeName type="bundesland" ref="/geodata-wboe.xml#p5">OÖ</placeName>
              </usg>
              <usg type="geo">
                <placeName type="bundesland" ref="/geodata-wboe.xml#p6">NÖ</placeName>
              </usg>
              <usg type="geo">
                <placeName type="grossregion" ref="/geodata-wboe.xml#p6.5">Wien</placeName>
              </usg>
              <ptr type="collection" subtype="bedeutung" target="/collections-wboe.xml#c36572"/>
            </sense>
          </sense>
        </re>
        <re type="redewendung">
          <xr type="lemma">
            <ref>Schafgarbe</ref>
          </xr>
          <form subtype="MWE" type="lemma">
            <orth>Bittere Schafgarbe</orth>
          </form>
          <sense>
            <def>Weißer Speik; Weiße Schafgarbe; Achillea clavennae</def>
            <usg type="geo">
              <placeName type="bundesland" ref="/geodata-wboe.xml#p5">OÖ</placeName>
            </usg>
            <cit type="example">
              <quote xml:lang="bar-AT">Bittere Schafgarbe</quote>
              <usg type="geo">
                <placeName type="bundesland" ref="/geodata-wboe.xml#p5">OÖ</placeName>
              </usg>
            </cit>
            <ptr type="collection" subtype="bedeutung" target="/collections-wboe.xml#c36576"/>
          </sense>
        </re>
      </entry>
    </body>
  </text>
</TEI>