<?xml version="1.0" encoding="UTF-8"?>
    <?xml-model href="http://www.tei-c.org/release/xml/tei/custom/schema/relaxng/tei_all.rng" type="application/xml" schematypens="http://purl.oclc.org/dsdl/schematron"?>
    <?xml-model href="../../803_RNG-schematron/WBOE-ODD.rnc" type="application/relax-ng-compact-syntax"?>
<?redaktionstool version="0.8.1" ?>
<?parser type="lioe" version="0.8.0" ?>
<TEI xmlns="http://www.tei-c.org/ns/1.0">
  <teiHeader>
    <fileDesc>
      <titleStmt>
        <title>Gart</title>
        <respStmt>
          <resp>Editor</resp>
          <name ref="#PZ">Patrick Zeitlhuber</name>
        </respStmt>
        <respStmt>
          <resp>Encoding Scheme</resp>
          <name>Jack Bowers</name>
          <name>Daniel Schopper</name>
          <name>Omar Siam</name>
        </respStmt>
        <respStmt>
          <resp>DBOE Team</resp>
          <name xml:id="AL">Alexandra N. Lenz</name>
          <name xml:id="PhS">Philipp Stöckle</name>
          <name xml:id="AG">Andreas Gellan</name>
          <name xml:id="PZ">Patrick Zeitlhuber</name>
          <name xml:id="SW">Sabine Wahl</name>
          <name xml:id="SS">Sonja Schwaiger</name>
          <name xml:id="AB">Angela Bergermayer</name>
          <name xml:id="EW">Eva Wahlmüller</name>
          <name xml:id="DG">David Gschösser</name>
          <name xml:id="StS">Stefanie Schöberl</name>
          <name xml:id="FF">Fabian Fleißner</name>
          <name xml:id="MK">Markus Kunzmann</name>
        </respStmt>
        <respStmt>
          <resp>Student assistants</resp>
          <name>Susanna Muhr</name>
          <name>Manuela Stütz</name>
          <name>Christina Hemetsberger</name>
        </respStmt>
      </titleStmt>
      <publicationStmt>
        <p></p>
      </publicationStmt>
      <sourceDesc>
        <list>
          <item>
            <label>Geo-data</label>
            <ptr xml:id="geo-inventory-WBOE" target="../geodata-wboe.xml"/>
          </item>
          <item>
            <label>Bibliography</label>
            <ptr xml:id="bibliography-WBOE" target="../bibl-wboe.xml"/>
          </item>
          <item>
            <label>WBOE-Slips</label>
            <ptr xml:id="slips-WBOE" target="../slips-wboe.xml"/>
          </item>
          <item>
            <label>WBOE-Collections</label>
            <ptr xml:id="collections-WBOE" target="../collections-wboe.xml"/>
          </item>
        </list>
      </sourceDesc>
    </fileDesc>
    <revisionDesc>
      <listChange>
        <change status="peer correction" when="2022-06-28" who="#PZ">Artikel erstellt</change>
        <change status="peer correction" when="2022-07-04" who="#PZ">Dim. ergänzt</change>
        <change status="peer correction" when="2022-11-17" who="#PZ">EW keine Anmerkungen</change>
        <change status="internal correction" when="2022-11-22" who="#PZ">LK eingefügt</change>
        <change status="external correction" when="2023-01-10" who="#PZ">Anm MMG eingearbeitet</change>
        <change status="finished" when="2023-01-19" who="#PZ">JE keine Anmerkungen</change>
      </listChange>
    </revisionDesc>
  </teiHeader>
  <text>
    <body>
      <entry>
        <form type="lemma" xml:id="Gart">
          <orth>Gart</orth>
          <ptr type="collection" subtype="lemma" target="/collections-wboe.xml#c26876"/>
        </form>
        <gramGrp>
          <gram type="pos">Substantiv</gram>
          <gram type="gender">Maskulinum</gram>
        </gramGrp>
        <form type="variant" subtype="diminutive" xml:id="Gaertel">
          <orth>Gärtel</orth>
          <gramGrp>
            <gram type="gender">Neutrum</gram>
          </gramGrp>
        </form>
        <usg type="geo">
          <placeName type="bundesland" ref="/geodata-wboe.xml#p1B">OTir.</placeName>
        </usg>
        <usg type="geo">
          <placeName type="bundesland" ref="/geodata-wboe.xml#p1C">NTir.</placeName>
        </usg>
        <usg type="geo">
          <placeName type="bundesland" ref="/geodata-wboe.xml#p2">Ktn.</placeName>
        </usg>
        <usg type="geo">
          <placeName type="grossregion" ref="/geodata-wboe.xml#p4.1">Lung.</placeName>
        </usg>
        <usg type="geo">
          <placeName type="bundesland" ref="/geodata-wboe.xml#p5">OÖ</placeName>
        </usg>
        <note type="kommentar" resp="#DG">Der auf mhd.
          <c>a</c>zurückgehende Stammvokal wurde überall verdumpft
          <xr>
            <ref>gǫrt</ref>
            <ref>gǫrß̌t</ref>
            <ref>gǫχt</ref>
          </xr>und mitunter gedehnt
          <xr>
            <ref>gǭß̌t</ref>
            <ref>gǭχt</ref>
          </xr>. Daneben erscheint in Osttirol ein langes geschlosseneres
          <c>o</c>
          <xr>
            <ref>gōt</ref>
          </xr>. Im östlichen Süd- und östlichen Südmittelbairischen sind sowohl fallende Diphthonge
          <xr>
            <ref>gǫɒrt</ref>
            <ref>guɒd</ref>
          </xr>, die nach Einschub eines Gleitlauts vor rezentem oder historischem Liquid entstanden sind, sowie steigende Diphthonge
          <xr>
            <ref>gǫuß̌t</ref>
            <ref>gǫud</ref>
          </xr>belegt. Die Lautfolge
          <c>rt</c>wurde unterschiedlich aufgelöst. Bewahrt ist sie nur teilweise im Südbairischen
          <xr>
            <ref>gǫrt</ref>
            <ref>gǫɒrt</ref>
          </xr>. Sonst findet sich abhängig von der Artikulationsstelle des erhaltenen oder geschwundenen Liquids ein postalveolarer Sibilant
          <xr>
            <ref>gǫrß̌t</ref>
            <ref>gǫß̌t</ref>
          </xr>oder, wie im Lungau, ein velarer Frikativ
          <xr>
            <ref>gǫχt</ref>
          </xr>. In Osttirol und der Oststeiermark wurde der Liquid ohne Einschub getilgt
          <xr>
            <ref>gōt</ref>
          </xr>, der Fortisplosiv zudem in letzterem Gebiet lenisiert
          <xr>
            <ref>gǫud</ref>
            <ref>guɒd</ref>
          </xr>.
        </note>
        <etym>
          <cit type="etymon">
            <lang>mhd.</lang>
            <form>
              <orth>gart</orth>
            </form>
            <def>Stachel; Treibstecken</def>
          </cit>
          <ref type="bibl" target="#Lexer1872I">Lexer 1872 I
            <citedRange>740</citedRange>
          </ref>
        </etym>
        <sense>
          <sense>
            <def>Gerte; Rute; Treibstecken (mit Eisenspitze)</def>
            <usg type="geo">
              <placeName type="bundesland" ref="/geodata-wboe.xml#p1B">OTir.</placeName>
            </usg>
            <usg type="geo">
              <placeName type="bundesland" ref="/geodata-wboe.xml#p1C">NTir.</placeName>
            </usg>
            <usg type="geo">
              <placeName type="bundesland" ref="/geodata-wboe.xml#p2">Ktn.</placeName>
            </usg>
            <usg type="geo">
              <placeName type="grossregion" ref="/geodata-wboe.xml#p4.1">Lung.</placeName>
            </usg>
            <ptr type="collection" subtype="bedeutung" target="/collections-wboe.xml#c27415"/>
          </sense>
        </sense>
        <re>
          <form subtype="compound" type="lemma">
            <orth>Geiselgart</orth>
          </form>
          <sense>
            <sense>
              <def>Peitsche; Peitschenstiel</def>
              <usg type="geo">
                <placeName type="bundesland" ref="/geodata-wboe.xml#p3">Stmk.</placeName>
              </usg>
              <ptr type="collection" subtype="bedeutung" target="/collections-wboe.xml#c27416"/>
            </sense>
          </sense>
        </re>
        <re>
          <form subtype="compound" type="lemma">
            <orth>Mengart</orth>
          </form>
          <sense>
            <sense>
              <def>Leitstecken; Treibstecken</def>
              <usg type="geo">
                <placeName type="bundesland" ref="/geodata-wboe.xml#p1B">OTir.</placeName>
              </usg>
              <usg type="geo">
                <placeName type="bundesland" ref="/geodata-wboe.xml#p1C">NTir.</placeName>
              </usg>
              <usg type="geo">
                <placeName type="bundesland" ref="/geodata-wboe.xml#p3">Stmk.</placeName>
              </usg>
              <ptr type="collection" subtype="bedeutung" target="/collections-wboe.xml#c27417"/>
            </sense>
          </sense>
        </re>
      </entry>
    </body>
  </text>
</TEI>