<?xml version="1.0" encoding="UTF-8"?>
    <?xml-model href="http://www.tei-c.org/release/xml/tei/custom/schema/relaxng/tei_all.rng" type="application/xml" schematypens="http://purl.oclc.org/dsdl/schematron"?>
    <?xml-model href="../../803_RNG-schematron/WBOE-ODD.rnc" type="application/relax-ng-compact-syntax"?>
<?redaktionstool version="0.8.2" ?>
<?parser type="lioe" version="0.8.2" ?>
<TEI xmlns="http://www.tei-c.org/ns/1.0">
  <teiHeader>
    <fileDesc>
      <titleStmt>
        <title>Gas</title>
        <respStmt>
          <resp>Editor</resp>
          <name ref="#PZ">Patrick Zeitlhuber</name>
        </respStmt>
        <respStmt>
          <resp>Encoding Scheme</resp>
          <name>Jack Bowers</name>
          <name>Daniel Schopper</name>
          <name>Omar Siam</name>
        </respStmt>
        <respStmt>
          <resp>DBOE Team</resp>
          <name xml:id="AL">Alexandra N. Lenz</name>
          <name xml:id="PhS">Philipp Stöckle</name>
          <name xml:id="AG">Andreas Gellan</name>
          <name xml:id="PZ">Patrick Zeitlhuber</name>
          <name xml:id="SW">Sabine Wahl</name>
          <name xml:id="SS">Sonja Schwaiger</name>
          <name xml:id="AB">Angela Bergermayer</name>
          <name xml:id="EW">Eva Wahlmüller</name>
          <name xml:id="DG">David Gschösser</name>
          <name xml:id="StS">Stefanie Schöberl</name>
          <name xml:id="FF">Fabian Fleißner</name>
          <name xml:id="MK">Markus Kunzmann</name>
          <name xml:id="AK">Agnes Kim</name>
          <name xml:id="IG">Ingeborg Geyer</name>
          <name xml:id="MG">Manfred Glauninger</name>
        </respStmt>
        <respStmt>
          <resp>Student assistants</resp>
          <name>Susanna Muhr</name>
          <name>Manuela Stütz</name>
          <name>Christina Hemetsberger</name>
        </respStmt>
      </titleStmt>
      <publicationStmt>
        <p></p>
      </publicationStmt>
      <sourceDesc>
        <list>
          <item>
            <label>Geo-data</label>
            <ptr xml:id="geo-inventory-WBOE" target="../geodata-wboe.xml"/>
          </item>
          <item>
            <label>Bibliography</label>
            <ptr xml:id="bibliography-WBOE" target="../bibl-wboe.xml"/>
          </item>
          <item>
            <label>WBOE-Slips</label>
            <ptr xml:id="slips-WBOE" target="../slips-wboe.xml"/>
          </item>
          <item>
            <label>WBOE-Collections</label>
            <ptr xml:id="collections-WBOE" target="../collections-wboe.xml"/>
          </item>
        </list>
      </sourceDesc>
    </fileDesc>
    <revisionDesc>
      <listChange>
        <change status="peer correction" when="2022-07-18" who="#PZ">Artikel erstellt</change>
        <change status="peer correction" when="2022-11-17" who="#PZ">Anmerkungen EW eingearbeitet</change>
        <change status="internal correction" when="2022-12-16" who="#PZ">LK eingefügt</change>
        <change status="external correction" when="2023-02-23" who="#PZ">Anm. MMG eingearbeitet</change>
      </listChange>
    </revisionDesc>
  </teiHeader>
  <text>
    <body>
      <entry>
        <form type="lemma" xml:id="Gas">
          <orth>Gas</orth>
          <ptr type="collection" subtype="lemma" target="/collections-wboe.xml#c27694"/>
        </form>
        <gramGrp>
          <gram type="pos">Substantiv</gram>
          <gram type="gender">Neutrum</gram>
          <gram type="gender">Femininum</gram>
        </gramGrp>
        <usg type="geo">
          <placeName type="bundesland" ref="/geodata-wboe.xml#p1A">STir.</placeName>
        </usg>
        <usg type="geo">
          <placeName type="bundesland" ref="/geodata-wboe.xml#p1C">NTir.</placeName>
        </usg>
        <usg type="geo">
          <placeName type="grossregion" ref="/geodata-wboe.xml#p2.2">MKtn.</placeName>
        </usg>
        <usg type="geo">
          <placeName type="grossregion" ref="/geodata-wboe.xml#p3.3">WStmk.</placeName>
        </usg>
        <usg type="geo">
          <placeName type="grossregion" ref="/geodata-wboe.xml#p3.5">OStmk.</placeName>
        </usg>
        <usg type="geo">
          <placeName type="grossregion" ref="/geodata-wboe.xml#p5.2">Hausrv.</placeName>
        </usg>
        <usg type="geo">
          <placeName type="grossregion" ref="/geodata-wboe.xml#p5.3">Traunv.</placeName>
        </usg>
        <usg type="geo">
          <placeName type="bundesland" ref="/geodata-wboe.xml#p6">NÖ</placeName>
        </usg>
        <usg type="geo">
          <placeName type="bundesland" ref="/geodata-wboe.xml#p6.5">Wien</placeName>
        </usg>
        <note type="kommentar" resp="#DG">Der Stammvokal dieses Lehnwortes wird überall als langes helles
          <c>a</c>realisiert
          <xr>
            <ref>gās</ref>
          </xr>. Daneben finden sich im mittleren Nordtirol auch kurze Varianten
          <xr>
            <ref>gaß</ref>
          </xr>, zudem im Most- und Weinviertel sowie in Wien Varianten mit
          <c>oa</c>-Diphthong
          <xr>
            <ref>gǫɒs</ref>
          </xr>, die aufgrund einer Konkurrenzsituation zwischen
          <c>a</c>und
          <c>oa</c>aus mhd.
          <c>ei</c>wohl auf Hyperkorrektur zurückgehen.
        </note>
        <etym>
          <seg type="desc">in Anlehnung an</seg>
          <cit type="etymon">
            <lang>gr.</lang>
            <form>
              <orth>cháos (χάος)</orth>
            </form>
          </cit>
          <seg type="desc">im
            <date>17. Jh.</date>
          </seg>
          <seg type="desc">vom Brüsseler Chemiker van Helmot geprägte Wortschöpfung zur Bezeichnung des durch Kälte entstandenen Wasserdunstes
            <ref type="bibl" target="#Kluge2011">
              <lbl>vgl.</lbl>Kluge 2011
              <citedRange>334</citedRange>
            </ref>
            <ref type="bibl" subtype="online">Pfeifer online
              <xr type="lemma">
                <ref>Gas</ref>
                <date type="accessed">18.07.2022</date>
              </xr>
            </ref>
          </seg>
        </etym>
        <sense>
          <sense>
            <def>Gas</def>
            <usg type="geo">
              <placeName type="bundesland" ref="/geodata-wboe.xml#p1C">NTir.</placeName>
            </usg>
            <usg type="geo">
              <placeName type="grossregion" ref="/geodata-wboe.xml#p3.3">WStmk.</placeName>
            </usg>
            <usg type="geo">
              <placeName type="grossregion" ref="/geodata-wboe.xml#p3.5">OStmk.</placeName>
            </usg>
            <usg type="geo">
              <placeName type="grossregion" ref="/geodata-wboe.xml#p5.2">Hausrv.</placeName>
            </usg>
            <usg type="geo">
              <placeName type="grossregion" ref="/geodata-wboe.xml#p6.1">Mostv.</placeName>
            </usg>
            <usg type="geo">
              <placeName type="grossregion" ref="/geodata-wboe.xml#p6.4">Weinv.</placeName>
            </usg>
            <usg type="geo">
              <placeName type="bundesland" ref="/geodata-wboe.xml#p6.5">Wien</placeName>
            </usg>
            <ptr type="collection" subtype="bedeutung" target="/collections-wboe.xml#c27835"/>
            <sense>
              <def>Leuchtgas</def>
              <usg type="geo">
                <placeName type="grossregion" ref="/geodata-wboe.xml#p6.1">Mostv.</placeName>
              </usg>
              <usg type="geo">
                <placeName type="grossregion" ref="/geodata-wboe.xml#p6.4">Weinv.</placeName>
              </usg>
              <usg type="geo">
                <placeName type="bundesland" ref="/geodata-wboe.xml#p6.5">Wien</placeName>
              </usg>
              <ptr type="collection" subtype="bedeutung" target="/collections-wboe.xml#c27836"/>
            </sense>
            <sense>
              <def>Gaslicht</def>
              <usg type="geo">
                <placeName type="bundesland" ref="/geodata-wboe.xml#p6.5">Wien</placeName>
              </usg>
              <ptr type="collection" subtype="bedeutung" target="/collections-wboe.xml#c27837"/>
            </sense>
            <sense>
              <def>Gasröhre</def>
              <usg type="geo">
                <placeName type="bundesland" ref="/geodata-wboe.xml#p6.5">Wien</placeName>
              </usg>
              <ptr type="collection" subtype="bedeutung" target="/collections-wboe.xml#c27840"/>
            </sense>
          </sense>
          <sense>
            <def>Petroleumlampe</def>
            <usg type="geo">
              <placeName type="grossregion" ref="/geodata-wboe.xml#p1C.2">mNTir.</placeName>
            </usg>
            <ptr type="collection" subtype="bedeutung" target="/collections-wboe.xml#c27833"/>
          </sense>
          <sense>
            <def>Gesindel</def>
            <usg type="geo">
              <placeName type="bundesland" ref="/geodata-wboe.xml#p1A">STir.</placeName>
            </usg>
            <ptr type="collection" subtype="bedeutung" target="/collections-wboe.xml#c27832"/>
          </sense>
        </sense>
        <re type="redewendung">
          <form subtype="MWE" type="lemma">
            <orth>die Gas abdrehen</orth>
          </form>
          <sense>
            <def>würgen</def>
            <usg>(gaunersprachlich)</usg>
            <usg type="geo">
              <placeName type="bundesland" ref="/geodata-wboe.xml#p6.5">Wien</placeName>
            </usg>
            <cit type="example">
              <quote xml:lang="bar-AT">į τra ę̃ɒ̃mt κās ǭ</quote>
              <ref type="bibl" target="#Knapp1953">Knapp 1953
                <citedRange>486</citedRange>
              </ref>
              <usg type="geo">
                <placeName type="bundesland" ref="/geodata-wboe.xml#p6.5">Wien</placeName>
              </usg>
            </cit>
            <ptr type="collection" subtype="bedeutung" target="/collections-wboe.xml#c27838"/>
          </sense>
        </re>
      </entry>
    </body>
  </text>
</TEI>