<?xml version="1.0" encoding="UTF-8"?>
    <?xml-model href="http://www.tei-c.org/release/xml/tei/custom/schema/relaxng/tei_all.rng" type="application/xml" schematypens="http://purl.oclc.org/dsdl/schematron"?>
    <?xml-model href="../../803_RNG-schematron/WBOE-ODD.rnc" type="application/relax-ng-compact-syntax"?>
<?redaktionstool version="0.8.2" ?>
<?parser type="lioe" version="0.8.2" ?>
<TEI xmlns="http://www.tei-c.org/ns/1.0">
  <teiHeader>
    <fileDesc>
      <titleStmt>
        <title>Gast</title>
        <respStmt>
          <resp>Editor</resp>
          <name ref="#PZ">Patrick Zeitlhuber</name>
        </respStmt>
        <respStmt>
          <resp>Encoding Scheme</resp>
          <name>Jack Bowers</name>
          <name>Daniel Schopper</name>
          <name>Omar Siam</name>
        </respStmt>
        <respStmt>
          <resp>DBOE Team</resp>
          <name xml:id="AL">Alexandra N. Lenz</name>
          <name xml:id="PhS">Philipp Stöckle</name>
          <name xml:id="AG">Andreas Gellan</name>
          <name xml:id="PZ">Patrick Zeitlhuber</name>
          <name xml:id="SW">Sabine Wahl</name>
          <name xml:id="SS">Sonja Schwaiger</name>
          <name xml:id="AB">Angela Bergermayer</name>
          <name xml:id="EW">Eva Wahlmüller</name>
          <name xml:id="DG">David Gschösser</name>
          <name xml:id="StS">Stefanie Schöberl</name>
          <name xml:id="FF">Fabian Fleißner</name>
          <name xml:id="MK">Markus Kunzmann</name>
          <name xml:id="AK">Agnes Kim</name>
          <name xml:id="IG">Ingeborg Geyer</name>
          <name xml:id="MG">Manfred Glauninger</name>
        </respStmt>
        <respStmt>
          <resp>Student assistants</resp>
          <name>Susanna Muhr</name>
          <name>Manuela Stütz</name>
          <name>Christina Hemetsberger</name>
        </respStmt>
      </titleStmt>
      <publicationStmt>
        <p></p>
      </publicationStmt>
      <sourceDesc>
        <list>
          <item>
            <label>Geo-data</label>
            <ptr xml:id="geo-inventory-WBOE" target="../geodata-wboe.xml"/>
          </item>
          <item>
            <label>Bibliography</label>
            <ptr xml:id="bibliography-WBOE" target="../bibl-wboe.xml"/>
          </item>
          <item>
            <label>WBOE-Slips</label>
            <ptr xml:id="slips-WBOE" target="../slips-wboe.xml"/>
          </item>
          <item>
            <label>WBOE-Collections</label>
            <ptr xml:id="collections-WBOE" target="../collections-wboe.xml"/>
          </item>
        </list>
      </sourceDesc>
    </fileDesc>
    <revisionDesc>
      <listChange>
        <change status="peer correction" when="2022-07-27" who="#PZ">Artikel erstellt</change>
        <change status="peer correction" when="2022-11-17" who="#PZ">Anm. EW eingearbeitet</change>
        <change status="internal correction" when="2022-12-23" who="#PZ">LK eingefügt</change>
        <change status="external correction" when="2023-02-23" who="#PZ">Anm. MMG eingearbeitet</change>
      </listChange>
    </revisionDesc>
  </teiHeader>
  <text>
    <body>
      <entry>
        <form type="lemma" xml:id="Gast">
          <orth>Gast</orth>
          <ptr type="collection" subtype="lemma"/>
        </form>
        <gramGrp>
          <gram type="pos">Substantiv</gram>
          <gram type="gender">Maskulinum</gram>
        </gramGrp>
        <form type="variant" subtype="movierung" xml:id="Gaestin">
          <orth>Gästin</orth>
          <gramGrp>
            <gram type="gender">Femininum</gram>
          </gramGrp>
        </form>
        <usg type="geo">
          <placeName type="bundesland" ref="/geodata-wboe.xml#p1A">STir.</placeName>
        </usg>
        <usg type="geo">
          <placeName type="bundesland" ref="/geodata-wboe.xml#p1B">OTir.</placeName>
        </usg>
        <usg type="geo">
          <placeName type="bundesland" ref="/geodata-wboe.xml#p1C">NTir.</placeName>
        </usg>
        <usg type="geo">
          <placeName type="bundesland" ref="/geodata-wboe.xml#p2">Ktn.</placeName>
        </usg>
        <usg type="geo">
          <placeName type="bundesland" ref="/geodata-wboe.xml#p3">Stmk.</placeName>
        </usg>
        <usg type="geo">
          <placeName type="grossregion" ref="/geodata-wboe.xml#p4.2">Pinzg.</placeName>
        </usg>
        <usg type="geo">
          <placeName type="grossregion" ref="/geodata-wboe.xml#p4.3">Pong.</placeName>
        </usg>
        <usg type="geo">
          <placeName type="grossregion" ref="/geodata-wboe.xml#p4.5">Flachg.</placeName>
        </usg>
        <usg type="geo">
          <placeName type="bundesland" ref="/geodata-wboe.xml#p5">OÖ</placeName>
        </usg>
        <usg type="geo">
          <placeName type="bundesland" ref="/geodata-wboe.xml#p6">NÖ</placeName>
        </usg>
        <usg type="geo">
          <placeName type="bundesland" ref="/geodata-wboe.xml#p6.5">Wien</placeName>
        </usg>
        <usg type="geo">
          <placeName type="bundesland" ref="/geodata-wboe.xml#p7">Bgl.</placeName>
        </usg>
        <note type="kommentar" resp="#DG">Der auf mhd.
          <c>a</c>zurückgehende Stammvokal wurde überall zu einem offenen
          <c>o</c>verdumpft. Im Südbairischen ist die Kürze erhalten
          <xr>
            <ref>gǫß̌t</ref>
            <ref>gǫßt</ref>
          </xr>, im Südmittel- und Mittelbairischen wurde der Vokal tendenziell gedehnt
          <xr>
            <ref>gǭsd</ref>
          </xr>. Im bairisch-alemannischen Übergangsgebiet dagegen finden sich typische unverdumpfte helle
          <c>a</c>
          <xr>
            <ref>gaß̌t</ref>
          </xr>. Der Sibilant tritt im westlichen Südbairischen postalveolar auf
          <xr>
            <ref>gǫß̌t</ref>
            <ref>gaß̌t</ref>
          </xr>, im restlichen Untersuchungsgebiet alveolar
          <xr>
            <ref>gǫßt</ref>
            <ref>gǭsd</ref>
          </xr>. Die Konsonantenfolge
          <c>st</c>wurde im Südmittel- und Mittelbairischen nach Dehnung lenisiert
          <xr>
            <ref>gǭsd</ref>
          </xr>.
        </note>
        <etym>
          <cit type="etymon">
            <lang>ahd., mhd.</lang>
            <form>
              <orth>gast</orth>
            </form>
          </cit>
          <seg type="desc">; bezeichnet ursprünglich einen Fremden, der sowohl wohl- als auch feindlich gesinnt sein kann. Gelegentlich findet sich im
            <lang>Mittelhochdeutschen</lang>
          </seg>
          <seg type="desc">die Bedeutung</seg>
          <cit type="etymon">
            <def>Krieger</def>
          </cit>
          <ref type="bibl" subtype="online">Pfeifer online
            <xr type="lemma">
              <ref>Krieger</ref>
              <date type="accessed">27.07.2022</date>
            </xr>
          </ref>
        </etym>
        <sense>
          <sense>
            <sense>
              <def>Person, die bewirtet oder vorübergehend beherbergt wird</def>
              <usg type="geo">
                <placeName type="bundesland" ref="/geodata-wboe.xml#p1A">STir.</placeName>
              </usg>
              <usg type="geo">
                <placeName type="bundesland" ref="/geodata-wboe.xml#p1B">OTir.</placeName>
              </usg>
              <usg type="geo">
                <placeName type="bundesland" ref="/geodata-wboe.xml#p1C">NTir.</placeName>
              </usg>
              <usg type="geo">
                <placeName type="grossregion" ref="/geodata-wboe.xml#p2.1">ObKtn.</placeName>
              </usg>
              <usg type="geo">
                <placeName type="grossregion" ref="/geodata-wboe.xml#p3.1">sbair.ObStmk.</placeName>
              </usg>
              <usg type="geo">
                <placeName type="grossregion" ref="/geodata-wboe.xml#p3.2">mbair.ObStmk.</placeName>
              </usg>
              <usg type="geo">
                <placeName type="grossregion" ref="/geodata-wboe.xml#p3.3">WStmk.</placeName>
              </usg>
              <usg type="geo">
                <placeName type="grossregion" ref="/geodata-wboe.xml#p4.2">Pinzg.</placeName>
              </usg>
              <usg type="geo">
                <placeName type="grossregion" ref="/geodata-wboe.xml#p4.5">Flachg.</placeName>
              </usg>
              <usg type="geo">
                <placeName type="grossregion" ref="/geodata-wboe.xml#p5.2">Hausrv.</placeName>
              </usg>
              <usg type="geo">
                <placeName type="grossregion" ref="/geodata-wboe.xml#p5.4">Mühlv.</placeName>
              </usg>
              <usg type="geo">
                <placeName type="grossregion" ref="/geodata-wboe.xml#p6.2">Industriev.</placeName>
              </usg>
              <usg type="geo">
                <placeName type="grossregion" ref="/geodata-wboe.xml#p6.3">Waldv.</placeName>
              </usg>
              <usg type="geo">
                <placeName type="grossregion" ref="/geodata-wboe.xml#p6.4">Weinv.</placeName>
              </usg>
              <usg type="geo">
                <placeName type="grossregion" ref="/geodata-wboe.xml#p7.2">MBgl.</placeName>
              </usg>
              <cit type="example">
                <quote xml:lang="bar-AT">glǫnö Göst kean hinta do Tür!</quote>
                <usg type="geo">
                  <placeName type="gemeinde" ref="/geodata-wboe.xml#p1C.3e06">Kufstein</placeName>
                </usg>
              </cit>
              <cit type="example">
                <quote xml:lang="bar-AT">s dės a söˡtna Gost</quote>
                <usg type="geo">
                  <placeName type="gemeinde" ref="/geodata-wboe.xml#p3.2p01">Admont</placeName>
                </usg>
              </cit>
              <cit type="example">
                <quote xml:lang="bar-AT">dēa Wīat is a sǟiwa sei bösda Gåsd</quote>
                <usg type="geo">
                  <placeName type="gemeinde" ref="/geodata-wboe.xml#p5.2e01">Linz</placeName>
                </usg>
              </cit>
              <ptr type="collection" subtype="bedeutung" target="/collections-wboe.xml#c28197"/>
            </sense>
            <sense>
              <def>Person, die keinen eigenen Grundbesitz hat, sondern für eine Wohnung (und Benutzung eines kleinen Grundstückes) Dienste (z. B. Feldarbeit, Nähen, Stricken) leistet; Inwohner, Inwohnerin</def>
              <usg type="geo">
                <placeName type="bundesland" ref="/geodata-wboe.xml#p2">Ktn.</placeName>
              </usg>
              <usg type="geo">
                <placeName type="bundesland" ref="/geodata-wboe.xml#p3">Stmk.</placeName>
              </usg>
              <usg type="geo">
                <placeName type="grossregion" ref="/geodata-wboe.xml#p6.2">Industriev.</placeName>
              </usg>
              <ptr type="collection" subtype="bedeutung" target="/collections-wboe.xml#c28198"/>
            </sense>
            <sense>
              <def>„ein alter Dienstbote, der von Armenunterstützungen, Gaben ehemaliger Dienstgeber usw. in irgendeinem leeren Wohnraum lebt“</def>
              <usg type="geo">
                <placeName type="grossregion" ref="/geodata-wboe.xml#p2.2">MKtn.</placeName>
              </usg>
              <ptr type="collection" subtype="bedeutung" target="/collections-wboe.xml#c28199"/>
            </sense>
            <sense>
              <usg>nur</usg>
              <xr type="lemma" subtype="movierung">
                <ref target="#Gaestin">Gästin</ref>
              </xr>
              <def>Bäuerin, die den Hof, in dem sie noch lebt, bereits an die Erben übergeben hat; Auszüglerin</def>
              <usg type="geo">
                <placeName type="grossregion" ref="/geodata-wboe.xml#p2.2">MKtn.</placeName>
              </usg>
              <ptr type="collection" subtype="bedeutung" target="/collections-wboe.xml#c28201"/>
            </sense>
            <sense>
              <usg>nur</usg>
              <xr type="lemma" subtype="movierung">
                <ref target="#Gaestin">Gästin</ref>
              </xr>
              <def>„Klosterweiblein“</def>
              <usg type="geo">
                <placeName type="grossregion" ref="/geodata-wboe.xml#p2.4">UKtn.</placeName>
              </usg>
              <cit type="example">
                <quote xml:lang="bar-AT">is wia nǫlte Göstin</quote>
                <usg type="geo">
                  <placeName type="gemeinde" ref="/geodata-wboe.xml#p2.4a01">Hüttenberg</placeName>
                </usg>
              </cit>
              <ptr type="collection" subtype="bedeutung" target="/collections-wboe.xml#c28200"/>
            </sense>
          </sense>
        </sense>
        <re>
          <form subtype="compound" type="lemma">
            <orth>Aftergast</orth>
          </form>
          <sense>
            <sense>
              <def>von einem geladenen Gast zur Hochzeit mitgebrachte, dem Brautpaar unbekannte Person, die eventuell Essen und Trinken selbst bezahlt</def>
              <usg type="geo">
                <placeName type="grossregion" ref="/geodata-wboe.xml#p1C.3">öNTir.</placeName>
              </usg>
              <usg type="geo">
                <placeName type="grossregion" ref="/geodata-wboe.xml#p3.2">mbair.ObStmk.</placeName>
              </usg>
              <usg type="geo">
                <placeName type="grossregion" ref="/geodata-wboe.xml#p4.5">Flachg.</placeName>
              </usg>
              <usg type="geo">
                <placeName type="grossregion" ref="/geodata-wboe.xml#p5.2">Hausrv.</placeName>
              </usg>
              <usg type="geo">
                <placeName type="bundesland" ref="/geodata-wboe.xml#p6">NÖ</placeName>
              </usg>
              <ptr type="collection" subtype="bedeutung" target="/collections-wboe.xml#c28150"/>
            </sense>
          </sense>
        </re>
        <re>
          <form subtype="compound" type="lemma">
            <orth>Ingast</orth>
          </form>
          <sense>
            <sense>
              <def>eingemieter Mitbewohner eines Hauses</def>
              <usg type="geo">
                <placeName type="bundesland" ref="/geodata-wboe.xml#p3">Stmk.</placeName>
              </usg>
              <ptr type="collection" subtype="bedeutung" target="/collections-wboe.xml#c28155"/>
            </sense>
          </sense>
        </re>
        <re>
          <form subtype="compound" type="lemma">
            <orth>Mühlgast</orth>
          </form>
          <sense>
            <sense>
              <def>Einwohner oder Auszügler in einer Mühle</def>
              <usg type="geo">
                <placeName type="grossregion" ref="/geodata-wboe.xml#p3.3">WStmk.</placeName>
              </usg>
              <usg type="geo">
                <placeName type="grossregion" ref="/geodata-wboe.xml#p4.5">Flachg.</placeName>
              </usg>
              <usg type="geo">
                <placeName type="grossregion" ref="/geodata-wboe.xml#p6.3">Waldv.</placeName>
              </usg>
              <usg type="geo">
                <placeName type="grossregion" ref="/geodata-wboe.xml#p7.2">MBgl.</placeName>
              </usg>
              <ptr type="collection" subtype="bedeutung" target="/collections-wboe.xml#c28157"/>
            </sense>
          </sense>
        </re>
        <re>
          <form subtype="compound" type="lemma">
            <orth>Wassergast</orth>
          </form>
          <sense>
            <sense>
              <def>Gast, der als Getränk nur Wasser bestellt</def>
              <usg type="geo">
                <placeName type="bundesland" ref="/geodata-wboe.xml#p3">Stmk.</placeName>
              </usg>
              <usg type="geo">
                <placeName type="grossregion" ref="/geodata-wboe.xml#p6.3">Waldv.</placeName>
              </usg>
              <ptr type="collection" subtype="bedeutung" target="/collections-wboe.xml#c28161"/>
            </sense>
          </sense>
        </re>
        <re type="redewendung">
          <form subtype="MWE" type="lemma">
            <orth>zu Gast haben</orth>
          </form>
          <sense>
            <def>necken; feindlich begegnen</def>
            <usg type="geo">
              <placeName type="bundesland" ref="/geodata-wboe.xml#p1A">STir.</placeName>
            </usg>
            <cit type="example">
              <quote xml:lang="bar-AT">einen z’gást haben</quote>
              <usg type="geo">
                <placeName type="gemeinde" ref="/geodata-wboe.xml#p1A.3i02">Kastelruth</placeName>
              </usg>
            </cit>
            <ref type="bibl" target="#TirolischesId1866">Tirolisches Id. 1866
              <citedRange>177-178</citedRange>
            </ref>
            <ptr type="collection" subtype="bedeutung" target="/collections-wboe.xml#c28202"/>
          </sense>
        </re>
      </entry>
    </body>
  </text>
</TEI>