<?xml version="1.0" encoding="UTF-8"?>
    <?xml-model href="http://www.tei-c.org/release/xml/tei/custom/schema/relaxng/tei_all.rng" type="application/xml" schematypens="http://purl.oclc.org/dsdl/schematron"?>
    <?xml-model href="../../803_RNG-schematron/WBOE-ODD.rnc" type="application/relax-ng-compact-syntax"?>
<?redaktionstool version="0.8.2" ?>
<?parser type="lioe" version="0.8.2" ?>
<TEI xmlns="http://www.tei-c.org/ns/1.0">
  <teiHeader>
    <fileDesc>
      <titleStmt>
        <title>Gaudi</title>
        <respStmt>
          <resp>Editor</resp>
          <name ref="#SW">Sabine Wahl</name>
        </respStmt>
        <respStmt>
          <resp>Encoding Scheme</resp>
          <name>Jack Bowers</name>
          <name>Daniel Schopper</name>
          <name>Omar Siam</name>
        </respStmt>
        <respStmt>
          <resp>DBOE Team</resp>
          <name xml:id="AL">Alexandra N. Lenz</name>
          <name xml:id="PhS">Philipp Stöckle</name>
          <name xml:id="AG">Andreas Gellan</name>
          <name xml:id="PZ">Patrick Zeitlhuber</name>
          <name xml:id="SW">Sabine Wahl</name>
          <name xml:id="SS">Sonja Schwaiger</name>
          <name xml:id="AB">Angela Bergermayer</name>
          <name xml:id="EW">Eva Wahlmüller</name>
          <name xml:id="DG">David Gschösser</name>
          <name xml:id="StS">Stefanie Schöberl</name>
          <name xml:id="FF">Fabian Fleißner</name>
          <name xml:id="MK">Markus Kunzmann</name>
          <name xml:id="AK">Agnes Kim</name>
          <name xml:id="IG">Ingeborg Geyer</name>
          <name xml:id="MG">Manfred Glauninger</name>
        </respStmt>
        <respStmt>
          <resp>Student assistants</resp>
          <name>Susanna Muhr</name>
          <name>Manuela Stütz</name>
          <name>Christina Hemetsberger</name>
        </respStmt>
      </titleStmt>
      <publicationStmt>
        <p></p>
      </publicationStmt>
      <sourceDesc>
        <list>
          <item>
            <label>Geo-data</label>
            <ptr xml:id="geo-inventory-WBOE" target="../geodata-wboe.xml"/>
          </item>
          <item>
            <label>Bibliography</label>
            <ptr xml:id="bibliography-WBOE" target="../bibl-wboe.xml"/>
          </item>
          <item>
            <label>WBOE-Slips</label>
            <ptr xml:id="slips-WBOE" target="../slips-wboe.xml"/>
          </item>
          <item>
            <label>WBOE-Collections</label>
            <ptr xml:id="collections-WBOE" target="../collections-wboe.xml"/>
          </item>
        </list>
      </sourceDesc>
    </fileDesc>
    <revisionDesc>
      <listChange>
        <change status="in progress" when="2023-03-10" who="#SW">Datensatz erstellt</change>
        <change status="peer correction" when="2023-03-15" who="#SW">V1</change>
      </listChange>
    </revisionDesc>
  </teiHeader>
  <text>
    <body>
      <entry>
        <form type="lemma" xml:id="Gaudi">
          <orth>Gaudi</orth>
          <ptr type="collection" subtype="lemma" target="/collections-wboe.xml#c25960"/>
        </form>
        <gramGrp>
          <gram type="pos">Substantiv</gram>
          <gram type="gender">Femininum</gram>
        </gramGrp>
        <usg type="geo">
          <placeName type="bundesland" ref="/geodata-wboe.xml#p1A">STir.</placeName>
        </usg>
        <usg type="geo">
          <placeName type="grossregion" ref="/geodata-wboe.xml#p1B.0">OTir.</placeName>
        </usg>
        <usg type="geo">
          <placeName type="bundesland" ref="/geodata-wboe.xml#p1C">NTir.</placeName>
        </usg>
        <usg type="geo">
          <placeName type="bundesland" ref="/geodata-wboe.xml#p2">Ktn.</placeName>
        </usg>
        <usg type="geo">
          <placeName type="bundesland" ref="/geodata-wboe.xml#p3">Stmk.</placeName>
        </usg>
        <usg type="geo">
          <placeName type="bundesland" ref="/geodata-wboe.xml#p4">Sbg.</placeName>
        </usg>
        <usg type="geo">
          <placeName type="bundesland" ref="/geodata-wboe.xml#p5">OÖ</placeName>
        </usg>
        <usg type="geo">
          <placeName type="bundesland" ref="/geodata-wboe.xml#p6">NÖ</placeName>
        </usg>
        <usg type="geo">
          <placeName type="grossregion" ref="/geodata-wboe.xml#p6.5">Wien</placeName>
        </usg>
        <note type="kommentar"></note>
        <etym>
          <seg type="desc">Kurzform zu</seg>
          <cit type="etymon">
            <form>
              <orth>Gaudium</orth>
            </form>
            <def>ausgelassene Freude; Spaß; Vergnügen</def>
          </cit>
          <seg type="desc">; im
            <date>17. Jh.</date>entlehnt aus
          </seg>
          <cit type="etymon">
            <lang>lat.</lang>
            <form>
              <orth>gaudium</orth>
            </form>
            <def>stille, innere Freude</def>
          </cit>
          <seg type="desc">; die Bedeutungsentwicklung zu</seg>
          <cit type="etymon">
            <def>Frohsinn; Spaß; Belustigung</def>
          </cit>
          <seg type="desc">erfolgte über die Studentensprache
            <ref type="bibl" subtype="online">
              <lbl>vgl.</lbl>Pfeifer online
              <xr type="lemma">
                <ref>Gaudi</ref>
                <date type="accessed">10.03.2023</date>
              </xr>
            </ref>
          </seg>
        </etym>
        <sense>
          <sense>
            <def>Freude; (laute/fröhliche) Unterhaltung; Fest; Vergnügen; Spaß; Belustigung</def>
            <usg type="geo">
              <placeName type="bundesland" ref="/geodata-wboe.xml#p1A">STir.</placeName>
            </usg>
            <usg type="geo">
              <placeName type="grossregion" ref="/geodata-wboe.xml#p1B.0">OTir.</placeName>
            </usg>
            <usg type="geo">
              <placeName type="bundesland" ref="/geodata-wboe.xml#p1C">NTir.</placeName>
            </usg>
            <usg type="geo">
              <placeName type="bundesland" ref="/geodata-wboe.xml#p2">Ktn.</placeName>
            </usg>
            <usg type="geo">
              <placeName type="bundesland" ref="/geodata-wboe.xml#p3">Stmk.</placeName>
            </usg>
            <usg type="geo">
              <placeName type="bundesland" ref="/geodata-wboe.xml#p4">Sbg.</placeName>
            </usg>
            <usg type="geo">
              <placeName type="bundesland" ref="/geodata-wboe.xml#p5">OÖ</placeName>
            </usg>
            <usg type="geo">
              <placeName type="bundesland" ref="/geodata-wboe.xml#p6">NÖ</placeName>
            </usg>
            <usg type="geo">
              <placeName type="grossregion" ref="/geodata-wboe.xml#p6.5">Wien</placeName>
            </usg>
            <cit type="example">
              <quote xml:lang="bar-AT">dös is a Gaudi"</quote>
              <usg type="geo">
                <placeName type="gemeinde" ref="/geodata-wboe.xml#p3.5k10">Gnas</placeName>
              </usg>
            </cit>
            <cit type="example">
              <quote xml:lang="bar-AT">Der Bu͡a is den ganzen Tag auf der Gaudé</quote>
              <usg type="geo">
                <placeName type="kleinregion" ref="/geodata-wboe.xml#p6.3b">nöWaldv.</placeName>
              </usg>
            </cit>
            <cit type="example">
              <quote xml:lang="bar-AT">D' hexti Gaudi</quote>
              <usg type="geo">
                <placeName type="grossregion" ref="/geodata-wboe.xml#p6.5">Wien</placeName>
              </usg>
            </cit>
            <ptr type="collection" subtype="bedeutung" target="/collections-wboe.xml#c33517"/>
          </sense>
        </sense>
        <re>
          <form subtype="compound" type="lemma">
            <orth>Hauptgaudi</orth>
          </form>
          <sense>
            <sense>
              <def>großer Jux; großes Vergnügen</def>
              <usg type="geo">
                <placeName type="grossregion" ref="/geodata-wboe.xml#p4.5">Flachg.</placeName>
              </usg>
              <ptr type="collection" subtype="bedeutung" target="/collections-wboe.xml#c33521"/>
            </sense>
          </sense>
        </re>
        <re>
          <form subtype="compound" type="lemma">
            <orth>Höllengaudi</orth>
          </form>
          <sense>
            <sense>
              <def>höllische, teuflische Freude; Schadenfreude</def>
              <usg type="geo">
                <placeName type="grossregion" ref="/geodata-wboe.xml#p1C.1">wNTir.</placeName>
              </usg>
              <ptr type="collection" subtype="bedeutung" target="/collections-wboe.xml#c33523"/>
            </sense>
          </sense>
        </re>
        <re>
          <form subtype="compound" type="lemma">
            <orth>Maschingaudi</orth>
          </form>
          <sense>
            <sense>
              <def type="umschreibung">Bezeichning für eine Unterhaltung anlässlich des Maschintanzes (z. B. "Gesellenverkaufen")</def>
              <usg type="geo">
                <placeName type="grossregion" ref="/geodata-wboe.xml#p5.2">Hausrv.</placeName>
              </usg>
              <ptr type="collection" subtype="bedeutung" target="/collections-wboe.xml#c33524"/>
            </sense>
          </sense>
        </re>
        <re>
          <form subtype="compound" type="lemma">
            <orth>Mohrengaudi</orth>
          </form>
          <sense>
            <sense>
              <def>großes Vergnügen</def>
              <usg>
                <?comment Dazusetzen? ?>
                [pejorativ]
              </usg>
              <usg type="geo">
                <placeName type="grossregion" ref="/geodata-wboe.xml#p6.5">Wien</placeName>
              </usg>
              <ptr type="collection" subtype="bedeutung" target="/collections-wboe.xml#c33525"/>
            </sense>
          </sense>
        </re>
        <re>
          <form subtype="compound" type="lemma">
            <orth>Mordsgaudi</orth>
          </form>
          <sense>
            <sense>
              <def>großes Vergnügen; gute Unterhaltung</def>
              <usg type="geo">
                <placeName type="grossregion" ref="/geodata-wboe.xml#p3.2">mbair.ObStmk.</placeName>
              </usg>
              <ptr type="collection" subtype="bedeutung" target="/collections-wboe.xml#c33518"/>
            </sense>
          </sense>
        </re>
        <re>
          <form subtype="compound" type="lemma">
            <orth>Weltsgaudi</orth>
          </form>
          <sense>
            <sense>
              <sense>
                <def>Divina Commedia</def>
                <usg type="geo">
                  <placeName type="grossregion" ref="/geodata-wboe.xml#p5.1">Innv.</placeName>
                </usg>
                <ptr type="collection" subtype="bedeutung" target="/collections-wboe.xml#c33527"/>
              </sense>
              <sense>
                <def>irgendeine Unterhaltung; irgendein Vergnügen</def>
                <usg type="geo">
                  <placeName type="grossregion" ref="/geodata-wboe.xml#p5.1">Innv.</placeName>
                </usg>
                <ptr type="collection" subtype="bedeutung" target="/collections-wboe.xml#c33526"/>
              </sense>
            </sense>
          </sense>
        </re>
        <re type="redewendung">
          <xr type="lemma">
            <ref target="#Gaudi">Gaudi</ref>
          </xr>
          <form subtype="MWE" type="lemma">
            <orth>Da ist ein bisschen eine Gaudi drinnen im Schnaps</orth>
          </form>
          <sense>
            <def>der Schnaps ist stark</def>
            <usg type="geo">
              <placeName type="grossregion" ref="/geodata-wboe.xml#p2.2">MKtn.</placeName>
            </usg>
            <cit type="example">
              <quote xml:lang="bar-AT">Då is a bisl a Gaudi drin im Schnaps</quote>
              <usg type="geo">
                <placeName type="gemeinde" ref="/geodata-wboe.xml#p2.2d02">Reichenau</placeName>
              </usg>
            </cit>
            <ptr type="collection" subtype="bedeutung" target="/collections-wboe.xml#c33736"/>
          </sense>
        </re>
        <re type="redewendung">
          <xr type="variant" subtype="compound">
            <ref>Weltsgaudi</ref>
          </xr>
          <form subtype="MWE" type="lemma">
            <orth>eine glatte Weltsgaudi</orth>
          </form>
          <sense>
            <def>die Torheit der Welt</def>
            <usg type="geo">
              <placeName type="grossregion" ref="/geodata-wboe.xml#p5.1">Innv.</placeName>
            </usg>
            <cit type="example">
              <quote xml:lang="bar-AT">ȇ gl­attȇnö/glått(enö) we͡ídsgaudȋ</quote>
              <usg type="geo">
                <placeName type="kleinregion" ref="/geodata-wboe.xml#p5.1b">nördl.obInnv.</placeName>
              </usg>
            </cit>
            <ptr type="collection" subtype="bedeutung" target="/collections-wboe.xml#c33735"/>
          </sense>
        </re>
      </entry>
    </body>
  </text>
</TEI>