<?xml version="1.0" encoding="UTF-8"?>
    <?xml-model href="http://www.tei-c.org/release/xml/tei/custom/schema/relaxng/tei_all.rng" type="application/xml" schematypens="http://purl.oclc.org/dsdl/schematron"?>
    <?xml-model href="../../803_RNG-schematron/WBOE-ODD.rnc" type="application/relax-ng-compact-syntax"?>
<?redaktionstool version="0.8.2" ?>
<?parser type="lioe" version="0.8.2" ?>
<TEI xmlns="http://www.tei-c.org/ns/1.0">
  <teiHeader>
    <fileDesc>
      <titleStmt>
        <title>Gaukel</title>
        <respStmt>
          <resp>Editor</resp>
          <name ref="#SW">Sabine Wahl</name>
        </respStmt>
        <respStmt>
          <resp>Encoding Scheme</resp>
          <name>Jack Bowers</name>
          <name>Daniel Schopper</name>
          <name>Omar Siam</name>
        </respStmt>
        <respStmt>
          <resp>DBOE Team</resp>
          <name xml:id="AL">Alexandra N. Lenz</name>
          <name xml:id="PhS">Philipp Stöckle</name>
          <name xml:id="AG">Andreas Gellan</name>
          <name xml:id="PZ">Patrick Zeitlhuber</name>
          <name xml:id="SW">Sabine Wahl</name>
          <name xml:id="SS">Sonja Schwaiger</name>
          <name xml:id="AB">Angela Bergermayer</name>
          <name xml:id="EW">Eva Wahlmüller</name>
          <name xml:id="DG">David Gschösser</name>
          <name xml:id="StS">Stefanie Schöberl</name>
          <name xml:id="FF">Fabian Fleißner</name>
          <name xml:id="MK">Markus Kunzmann</name>
          <name xml:id="AK">Agnes Kim</name>
          <name xml:id="IG">Ingeborg Geyer</name>
          <name xml:id="MG">Manfred Glauninger</name>
        </respStmt>
        <respStmt>
          <resp>Student assistants</resp>
          <name>Susanna Muhr</name>
          <name>Manuela Stütz</name>
          <name>Christina Hemetsberger</name>
        </respStmt>
      </titleStmt>
      <publicationStmt>
        <p></p>
      </publicationStmt>
      <sourceDesc>
        <list>
          <item>
            <label>Geo-data</label>
            <ptr xml:id="geo-inventory-WBOE" target="../geodata-wboe.xml"/>
          </item>
          <item>
            <label>Bibliography</label>
            <ptr xml:id="bibliography-WBOE" target="../bibl-wboe.xml"/>
          </item>
          <item>
            <label>WBOE-Slips</label>
            <ptr xml:id="slips-WBOE" target="../slips-wboe.xml"/>
          </item>
          <item>
            <label>WBOE-Collections</label>
            <ptr xml:id="collections-WBOE" target="../collections-wboe.xml"/>
          </item>
        </list>
      </sourceDesc>
    </fileDesc>
    <revisionDesc>
      <listChange>
        <change status="in progress" when="2023-04-27" who="#SW">Datensatz erstellt</change>
        <change status="peer correction" when="2023-04-27" who="#SW">V1</change>
      </listChange>
    </revisionDesc>
  </teiHeader>
  <text>
    <body>
      <entry>
        <form type="lemma" xml:id="Gaukel">
          <orth>Gaukel</orth>
          <ptr type="collection" subtype="lemma" target="/collections-wboe.xml#c26132"/>
        </form>
        <gramGrp>
          <gram type="pos">Substantiv</gram>
          <gram type="gender">Neutrum</gram>
          <gram type="gender">Femininum</gram>
        </gramGrp>
        <form type="variant" subtype="diminutive" xml:id="Gaukelein">
          <orth>Gaukelein</orth>
          <gramGrp>
            <gram type="gender">Neutrum</gram>
          </gramGrp>
        </form>
        <form type="variant" subtype="diminutive" xml:id="Gaukerl">
          <orth>Gaukerl</orth>
          <gramGrp>
            <gram type="gender">Neutrum</gram>
          </gramGrp>
        </form>
        <usg type="geo">
          <placeName type="grossregion" ref="/geodata-wboe.xml#p1A.1">wSTir.</placeName>
        </usg>
        <usg type="geo">
          <placeName type="grossregion" ref="/geodata-wboe.xml#p1B.0">OTir.</placeName>
        </usg>
        <usg type="geo">
          <placeName type="bundesland" ref="/geodata-wboe.xml#p1C">NTir.</placeName>
        </usg>
        <usg type="geo">
          <placeName type="grossregion" ref="/geodata-wboe.xml#p2.2">MKtn.</placeName>
        </usg>
        <usg type="geo">
          <placeName type="bundesland" ref="/geodata-wboe.xml#p3">Stmk.</placeName>
        </usg>
        <usg type="geo">
          <placeName type="bundesland" ref="/geodata-wboe.xml#p5">OÖ</placeName>
        </usg>
        <usg type="geo">
          <placeName type="grossregion" ref="/geodata-wboe.xml#p6.5">Wien</placeName>
        </usg>
        <note type="kommentar"></note>
        <etym>
          <cit type="etymon">
            <lang>mhd.</lang>
            <form>
              <orth>goukel</orth>
              <orth>gougel</orth>
            </form>
            <def>Zauberei; zauberisches Blendwerk; närrisches Treiben; Possen</def>
          </cit>
          <cit type="etymon">
            <lang>frnhd.</lang>
            <form>
              <orth>gaukel</orth>
              <orth>gäukel</orth>
            </form>
            <def>närrisches Treiben; Possen; Zauberei; Blendwerk; Schaukel; Gaukler</def>
          </cit>
          <ref type="bibl" subtype="online">
            <lbl>vgl.</lbl>Lexer online
            <xr type="lemma">
              <ref>goukel, gougel</ref>
              <date type="accessed">27.04.2023</date>
            </xr>
          </ref>
          <ref type="bibl" subtype="online">
            <lbl>vgl.</lbl>DWB online
            <xr type="lemma">
              <ref>gaukel, gäukel</ref>
              <date type="accessed">27.04.2023</date>
            </xr>
          </ref>
          <seg type="desc">; siehe auch
            <xr type="lemma">
              <ref target="gaukeln.xml#gaukeln">gaukeln</ref>
            </xr>und
          </seg>
          <cit type="etymon">
            <xr type="lemma">
              <ref target="Gaukler.xml#Gaukler">Gaukler</ref>
            </xr>
          </cit>
        </etym>
        <sense>
          <sense>
            <?comment + Gaukler?  - nur bei 2 Schmetterling-Bed. dabei ?>
            <sense>
              <xr type="lemma" subtype="diminutive">
                <lbl>nur</lbl>
                <ref target="#Gaukelein">Gaukelein</ref>
              </xr>
              <def>unruhiges Kind</def>
              <usg type="geo">
                <placeName type="grossregion" ref="/geodata-wboe.xml#p2.2">MKtn.</placeName>
              </usg>
              <ptr type="collection" subtype="bedeutung" target="/collections-wboe.xml#c35434"/>
            </sense>
            <sense>
              <def>„gespenstiges Männlein“</def>
              <usg type="geo">
                <placeName type="grossregion" ref="/geodata-wboe.xml#p1B.0">OTir.</placeName>
              </usg>
              <ptr type="collection" subtype="bedeutung" target="/collections-wboe.xml#c35443"/>
            </sense>
            <sense>
              <def>dumme Person</def>
              <usg type="geo">
                <placeName type="bundesland" ref="/geodata-wboe.xml#p3">Stmk.</placeName>
              </usg>
              <ptr type="collection" subtype="bedeutung" target="/collections-wboe.xml#c35444"/>
            </sense>
          </sense>
          <sense>
            <sense>
              <def>Schaukel</def>
              <usg type="geo">
                <placeName type="bundesland" ref="/geodata-wboe.xml#p3">Stmk.</placeName>
              </usg>
              <usg type="geo">
                <placeName type="bundesland" ref="/geodata-wboe.xml#p5">OÖ</placeName>
              </usg>
              <ptr type="collection" subtype="bedeutung" target="/collections-wboe.xml#c35441"/>
            </sense>
            <sense>
              <def>Sitzgelegenheit beim Leiterwagen</def>
              <usg type="geo">
                <placeName type="grossregion" ref="/geodata-wboe.xml#p6.5">Wien</placeName>
              </usg>
              <ptr type="collection" subtype="bedeutung" target="/collections-wboe.xml#c35440"/>
            </sense>
          </sense>
          <sense>
            <def>Schmetterling</def>
            <usg type="geo">
              <placeName type="bundesland" ref="/geodata-wboe.xml#p5">OÖ</placeName>
            </usg>
            <ptr type="collection" subtype="bedeutung" target="/collections-wboe.xml#c35439"/>
          </sense>
          <sense>
            <xr type="lemma" subtype="diminutive">
              <lbl>nur</lbl>
              <ref target="#Gaukelein">Gaukelein</ref>
            </xr>
            <usg>(Diminutiv)</usg>
            <def>Kleinigkeit</def>
            <usg type="geo">
              <placeName type="grossregion" ref="/geodata-wboe.xml#p1A.1">wSTir.</placeName>
            </usg>
            <ptr type="collection" subtype="bedeutung" target="/collections-wboe.xml#c35436"/>
          </sense>
          <sense>
            <def>verkümmerte Weinbeere</def>
            <usg type="geo">
              <placeName type="bundesland" ref="/geodata-wboe.xml#p3">Stmk.</placeName>
            </usg>
            <ptr type="collection" subtype="bedeutung" target="/collections-wboe.xml#c35442"/>
          </sense>
        </sense>
        <re>
          <form subtype="compound" type="lemma">
            <orth>Melkerpurzigaukel</orth>
          </form>
          <sense>
            <sense>
              <def>Echte Schlüsselblume (Primula veris)</def>
              <usg type="geo">
                <placeName type="grossregion" ref="/geodata-wboe.xml#p1C.2">mNTir.</placeName>
              </usg>
              <ptr type="collection" subtype="bedeutung" target="/collections-wboe.xml#c35437"/>
            </sense>
          </sense>
        </re>
        <re>
          <form subtype="compound" type="lemma">
            <orth>Mühlgaukel</orth>
          </form>
          <sense>
            <sense>
              <def>Schmetterling; Kohlweißling</def>
              <usg type="geo">
                <placeName type="grossregion" ref="/geodata-wboe.xml#p5.4">Mühlv.</placeName>
              </usg>
              <ptr type="collection" subtype="bedeutung" target="/collections-wboe.xml#c35435"/>
            </sense>
          </sense>
        </re>
        <re>
          <form subtype="compound" type="lemma">
            <orth>Purzigaukel</orth>
          </form>
          <sense>
            <sense>
              <def>Frühlingskrokus (Crocus vernans; Crocus albiflorus); Frühlingssafran</def>
              <usg type="geo">
                <placeName type="bundesland" ref="/geodata-wboe.xml#p1C">NTir.</placeName>
              </usg>
              <ptr type="collection" subtype="bedeutung" target="/collections-wboe.xml#c35438"/>
            </sense>
          </sense>
        </re>
      </entry>
    </body>
  </text>
</TEI>