<?xml version="1.0" encoding="UTF-8"?>
    <?xml-model href="http://www.tei-c.org/release/xml/tei/custom/schema/relaxng/tei_all.rng" type="application/xml" schematypens="http://purl.oclc.org/dsdl/schematron"?>
    <?xml-model href="../../803_RNG-schematron/WBOE-ODD.rnc" type="application/relax-ng-compact-syntax"?>
<?redaktionstool version="0.8.1" ?>
<?parser type="lioe" version="0.8.0" ?>
<TEI xmlns="http://www.tei-c.org/ns/1.0">
  <teiHeader>
    <fileDesc>
      <titleStmt>
        <title>Gebse</title>
        <respStmt>
          <resp>Editor</resp>
          <name ref="#EW">Eva Wahlmüller</name>
        </respStmt>
        <respStmt>
          <resp>Encoding Scheme</resp>
          <name>Jack Bowers</name>
          <name>Daniel Schopper</name>
          <name>Omar Siam</name>
        </respStmt>
        <respStmt>
          <resp>DBOE Team</resp>
          <name xml:id="AL">Alexandra N. Lenz</name>
          <name xml:id="PhS">Philipp Stöckle</name>
          <name xml:id="AG">Andreas Gellan</name>
          <name xml:id="PZ">Patrick Zeitlhuber</name>
          <name xml:id="SW">Sabine Wahl</name>
          <name xml:id="SS">Sonja Schwaiger</name>
          <name xml:id="AB">Angela Bergermayer</name>
          <name xml:id="EW">Eva Wahlmüller</name>
          <name xml:id="DG">David Gschösser</name>
          <name xml:id="StS">Stefanie Schöberl</name>
          <name xml:id="FF">Fabian Fleißner</name>
          <name xml:id="MK">Markus Kunzmann</name>
        </respStmt>
        <respStmt>
          <resp>Student assistants</resp>
          <name>Susanna Muhr</name>
          <name>Manuela Stütz</name>
          <name>Christina Hemetsberger</name>
        </respStmt>
      </titleStmt>
      <publicationStmt>
        <p></p>
      </publicationStmt>
      <sourceDesc>
        <list>
          <item>
            <label>Geo-data</label>
            <ptr xml:id="geo-inventory-WBOE" target="../geodata-wboe.xml"/>
          </item>
          <item>
            <label>Bibliography</label>
            <ptr xml:id="bibliography-WBOE" target="../bibl-wboe.xml"/>
          </item>
          <item>
            <label>WBOE-Slips</label>
            <ptr xml:id="slips-WBOE" target="../slips-wboe.xml"/>
          </item>
          <item>
            <label>WBOE-Collections</label>
            <ptr xml:id="collections-WBOE" target="../collections-wboe.xml"/>
          </item>
        </list>
      </sourceDesc>
    </fileDesc>
    <revisionDesc>
      <listChange>
        <change status="in progress" when="2022-05-24" who="#EW">Datensatz erstellt</change>
        <change status="peer correction" when="2022-05-25" who="#EW">fertig für int. Korr.</change>
        <change status="internal correction" when="2022-08-01" who="#EW">keine Anmerkungen PZ; warten auf LK</change>
        <change status="external correction" when="2022-11-04" who="#EW">Anm. Manzi eingearbeitet</change>
        <change status="finished" when="2022-11-14" who="#EW">keine Anmerkungen JE</change>
      </listChange>
    </revisionDesc>
  </teiHeader>
  <text>
    <body>
      <entry>
        <form type="lemma" xml:id="Gebse">
          <orth>Gebse</orth>
          <ptr type="collection" subtype="lemma" target="/collections-wboe.xml#c26673"/>
        </form>
        <gramGrp>
          <gram type="pos">Substantiv</gram>
          <gram type="gender">Femininum</gram>
          <gram type="gender">Maskulinum</gram>
          <gram type="gender">Neutrum</gram>
        </gramGrp>
        <form type="variant" subtype="diminutive" xml:id="Gebsi">
          <orth>Gebsi</orth>
          <gramGrp>
            <gram type="gender">Neutrum</gram>
          </gramGrp>
        </form>
        <usg type="geo">
          <placeName type="bundesland" ref="/geodata-wboe.xml#p1A">STir.</placeName>
        </usg>
        <usg type="geo">
          <placeName type="grossregion" ref="/geodata-wboe.xml#p1B.0">OTir.</placeName>
        </usg>
        <usg type="geo">
          <placeName type="bundesland" ref="/geodata-wboe.xml#p1C">NTir.</placeName>
        </usg>
        <usg type="geo">
          <placeName type="grossregion" ref="/geodata-wboe.xml#p6.3">Waldv.</placeName>
        </usg>
        <usg type="geo">
          <placeName type="grossregion" ref="/geodata-wboe.xml#p6.5">Wien</placeName>
        </usg>
        <note type="kommentar" resp="#DG">Der auf einen Primärumlaut mhd.
          <c>e</c>zurückgehende Stammvokal dieses nur im westlichen Süd- und Nordtirol sowie im Waldviertel vorkommenden Lexems erscheint überall als geschlossenes kurzes
          <c>e</c>
          <xr>
            <ref>gẹwəs</ref>
            <ref>gẹpßə</ref>
          </xr>, im westlichen Südtirol mitunter auch diphthongiert
          <xr>
            <ref>gẹiwəs</ref>
          </xr>. In den älteren, unsynkopierten Varianten des westlichen Südtirols tritt der dadurch in  intervokalischer Position stehende Lenisplosiv als Approximant auf
          <xr>
            <ref>gẹwəs</ref>
          </xr>, in den synkopierten Varianten und daher vor Sibilant als Fortis
          <xr>
            <ref>gẹpßə</ref>
          </xr>. Im westlichen Nordtirol hat sich der vokalische Auslaut erhalten
          <xr>
            <ref>gẹpßə</ref>
            <ref>gẹpßɒ</ref>
          </xr>, im westlichen Südtirol wurde er apokopiert
          <xr>
            <ref>gẹwəs</ref>
          </xr>sowie im Waldviertel durch die oblique Endung in Form eines silbischen Nasals ersetzt
          <xr>
            <ref>gẹpßn̥</ref>
          </xr>. Der Beleg aus Wien
          <xr>
            <ref>gapß</ref>
          </xr>ist wohl durch Rückbildung zu erklären.
        </note>
        <etym>
          <cit type="etymon">
            <lang>ahd.</lang>
            <form>
              <orth>gebita</orth>
            </form>
            <form>
              <orth>gebiza</orth>
            </form>
            <def>Gefäß; Schüssel; Schale</def>
          </cit>
          <seg type="desc">; entlehnt aus</seg>
          <cit type="etymon">
            <lang>lat.</lang>
            <form>
              <orth>gabata</orth>
            </form>
            <def>Schüssel</def>
          </cit>
          <ref type="bibl" target="#AWB2002IV">
            <lbl>vgl.</lbl>AWB 2002 IV
            <citedRange>174</citedRange>
          </ref>
          <ref type="bibl" target="#DWB1873V">DWB 1873 V
            <citedRange>3540</citedRange>
          </ref>
        </etym>
        <sense>
          <sense>
            <sense>
              <sense>
                <def>flache hölzerne Milchschüssel</def>
                <usg type="geo">
                  <placeName type="bundesland" ref="/geodata-wboe.xml#p1A">STir.</placeName>
                </usg>
                <usg type="geo">
                  <placeName type="grossregion" ref="/geodata-wboe.xml#p1B.0">OTir.</placeName>
                </usg>
                <usg type="geo">
                  <placeName type="bundesland" ref="/geodata-wboe.xml#p1C">NTir.</placeName>
                </usg>
                <ptr type="collection" subtype="bedeutung" target="/collections-wboe.xml#c26780"/>
              </sense>
              <sense>
                <def>Trinkgefäß</def>
                <usg type="geo">
                  <placeName type="grossregion" ref="/geodata-wboe.xml#p6.5">Wien</placeName>
                </usg>
                <ptr type="collection" subtype="bedeutung" target="/collections-wboe.xml#c26781"/>
              </sense>
            </sense>
            <sense>
              <def>Nachtgeschirr; Nachttopf</def>
              <usg type="geo">
                <placeName type="grossregion" ref="/geodata-wboe.xml#p1C.1">wNTir.</placeName>
              </usg>
              <cit type="example">
                <quote xml:lang="bar-AT">Zearscht tuɒ i af s göpßi giaⁿ sāchɒ</quote>
                <usg type="geo">
                  <placeName type="kleinregion" ref="/geodata-wboe.xml#p1C.1j">obPazn.</placeName>
                </usg>
              </cit>
              <ptr type="collection" subtype="bedeutung" target="/collections-wboe.xml#c26782"/>
            </sense>
          </sense>
          <sense>
            <def>Kinn</def>
            <usg type="geo">
              <placeName type="grossregion" ref="/geodata-wboe.xml#p6.3">Waldv.</placeName>
            </usg>
            <ptr type="collection" subtype="bedeutung" target="/collections-wboe.xml#c26783"/>
          </sense>
        </sense>
        <re>
          <form subtype="compound" type="lemma">
            <orth>Seihgebse</orth>
          </form>
          <sense>
            <sense>
              <def>Gefäß zum Abseihen des Rahms von der Milch</def>
              <usg type="geo">
                <placeName type="bundesland" ref="/geodata-wboe.xml#p1A">STir.</placeName>
              </usg>
              <usg type="geo">
                <placeName type="grossregion" ref="/geodata-wboe.xml#p1B.0">OTir.</placeName>
              </usg>
              <usg type="geo">
                <placeName type="bundesland" ref="/geodata-wboe.xml#p1C">NTir.</placeName>
              </usg>
              <ptr type="collection" subtype="bedeutung" target="/collections-wboe.xml#c26778"/>
            </sense>
          </sense>
        </re>
      </entry>
    </body>
  </text>
</TEI>