<?xml version="1.0" encoding="UTF-8"?>
    <?xml-model href="http://www.tei-c.org/release/xml/tei/custom/schema/relaxng/tei_all.rng" type="application/xml" schematypens="http://purl.oclc.org/dsdl/schematron"?>
    <?xml-model href="../../803_RNG-schematron/WBOE-ODD.rnc" type="application/relax-ng-compact-syntax"?>
<?redaktionstool version="0.7.2" ?>
<?parser type="lioe" version="0.7.0" ?>
<TEI xmlns="http://www.tei-c.org/ns/1.0">
  <teiHeader>
    <fileDesc>
      <titleStmt>
        <title>Geflickter</title>
        <respStmt>
          <resp>Editor</resp>
          <name ref="#DG">David Gschösser</name>
        </respStmt>
        <respStmt>
          <resp>Encoding Scheme</resp>
          <name>Jack Bowers</name>
          <name>Daniel Schopper</name>
          <name>Omar Siam</name>
        </respStmt>
        <respStmt>
          <resp>DBOE Team</resp>
          <name xml:id="AL">Alexandra N. Lenz</name>
          <name xml:id="PhS">Philipp Stöckle</name>
          <name xml:id="AG">Andreas Gellan</name>
          <name xml:id="PZ">Patrick Zeitlhuber</name>
          <name xml:id="SW">Sabine Wahl</name>
          <name xml:id="SS">Sonja Schwaiger</name>
          <name xml:id="AB">Angela Bergermayer</name>
          <name xml:id="EW">Eva Wahlmüller</name>
          <name xml:id="DG">David Gschösser</name>
          <name xml:id="StS">Stefanie Schöberl</name>
          <name xml:id="FF">Fabian Fleißner</name>
        </respStmt>
        <respStmt>
          <resp>Student assistants</resp>
          <name>Susanna Muhr</name>
          <name>Manuela Stütz</name>
          <name>Christina Hemetsberger</name>
        </respStmt>
      </titleStmt>
      <publicationStmt>
        <p></p>
      </publicationStmt>
      <sourceDesc>
        <list>
          <item>
            <label>Geo-data</label>
            <ptr xml:id="geo-inventory-WBOE" target="../geodata-wboe.xml"/>
          </item>
          <item>
            <label>Bibliography</label>
            <ptr xml:id="bibliography-WBOE" target="../bibl-wboe.xml"/>
          </item>
          <item>
            <label>WBOE-Slips</label>
            <ptr xml:id="slips-WBOE" target="../slips-wboe.xml"/>
          </item>
          <item>
            <label>WBOE-Collections</label>
            <ptr xml:id="collections-WBOE" target="../collections-wboe.xml"/>
          </item>
        </list>
      </sourceDesc>
    </fileDesc>
    <revisionDesc>
      <listChange>
        <change status="peer correction" when="2020-04-09" who="#DG">Datensatz erstellt</change>
        <change status="internal correction" when="2020-06-17" who="#DG">Vorschläge von EW eingearbeitet</change>
        <change status="external correction" when="2020-07-09" who="#DG">Vorschläge von MG eingearbeitet</change>
        <change status="external correction" when="2021-01-13" who="#DG">Vorschläge von IG eingearbeitet</change>
        <change status="external correction" when="2021-01-26" who="#DG">LK eingearbeitet</change>
        <change status="finished" when="2021-03-08" who="#DG">Artikel fertig</change>
      </listChange>
    </revisionDesc>
  </teiHeader>
  <text>
    <body>
      <entry>
        <form type="lemma" xml:id="Geflickter">
          <orth>Geflickter</orth>
          <ptr type="collection" subtype="lemma" target="/collections-wboe.xml#c4556"/>
        </form>
        <gramGrp>
          <gram type="pos">Substantiv</gram>
          <gram type="gender">Maskulinum</gram>
        </gramGrp>
        <form type="variant" subtype="movierung" xml:id="Geflickte">
          <orth>Geflickte</orth>
          <gramGrp>
            <gram type="gender">Femininum</gram>
          </gramGrp>
        </form>
        <usg type="geo">
          <placeName type="grossregion" ref="/geodata-wboe.xml#p2.2">MKtn.</placeName>
        </usg>
        <usg type="geo">
          <placeName type="grossregion" ref="/geodata-wboe.xml#p4.5">Flachg.</placeName>
        </usg>
        <usg type="geo">
          <placeName type="grossregion" ref="/geodata-wboe.xml#p5.2">Hausrv.</placeName>
        </usg>
        <usg type="geo">
          <placeName type="grossregion" ref="/geodata-wboe.xml#p5.4">Mühlv.</placeName>
        </usg>
        <usg type="geo">
          <placeName type="bundesland" ref="/geodata-wboe.xml#p6">NÖ</placeName>
        </usg>
        <usg type="geo">
          <placeName type="grossregion" ref="/geodata-wboe.xml#p6.5">Wien</placeName>
        </usg>
        <note type="kommentar" resp="#FF">Regelhaft liegen im Stammvokal aus mhd.
          <c>i</c>entstandene
          <c>i</c>-Monophthonge mit unterschiedlicher Qualität vor
          <xr>
            <ref>kflįktɒ</ref>
            <ref>gfligdɒ</ref>
          </xr>. Die Intensität des inlautenden velaren Plosivs schwankt, wobei für das fast ausschließlich im Mittelbairischen belegte Lexem erwartungsgemäß zahlreiche lenisierte Formen belegt sind
          <xr>
            <ref>gflįgdɒ</ref>
          </xr>. Entsprechende Prozesse gelten auch für den inlautenden Dental
          <xr>
            <ref>gflįgdɒ</ref>
          </xr>. Überall liegen in der starken Flexion einfache
          <c>er</c>-Endungen vor, die meist zu -
          <c>ɒ</c>abgeschwächt worden sind
          <xr>
            <ref>kflįktɒ</ref>
          </xr>. Die vokalischen Endungen der schwachen Flexion
          <xr>
            <ref>gflįgdə</ref>
          </xr>werden im Ostmittelbairischen mitunter gehoben
          <xr>
            <ref>gflįgdį</ref>
          </xr>.
        </note>
        <form type="dialect">
          <pron xml:lang="bar-AT">gfligkta</pron>
          <usg type="geo">
            <placeName type="gemeinde" ref="/geodata-wboe.xml#p2.3c05">St. Georgen am Längsee</placeName>
          </usg>
        </form>
        <form type="dialect">
          <pron xml:lang="bar-AT">gflickta</pron>
          <usg type="geo">
            <placeName type="gemeinde" ref="/geodata-wboe.xml#p4.5d07">Thalgau</placeName>
          </usg>
        </form>
        <form type="dialect">
          <pron xml:lang="bar-AT">gflickta</pron>
          <pron xml:lang="bar-AT">gflickti</pron>
          <usg type="geo">
            <placeName type="gemeinde" ref="/geodata-wboe.xml#p5.2e01">Linz</placeName>
          </usg>
        </form>
        <form type="dialect">
          <pron xml:lang="bar-AT">gfl(a)iggda</pron>
          <usg type="geo">
            <placeName type="gemeinde" ref="/geodata-wboe.xml#p5.4e13">Steyregg</placeName>
          </usg>
        </form>
        <form type="dialect">
          <pron xml:lang="bar-AT">gflickta</pron>
          <usg type="geo">
            <placeName type="gemeinde" ref="/geodata-wboe.xml#p6.1k06">Loosdorf</placeName>
          </usg>
        </form>
        <form type="dialect">
          <pron xml:lang="bar-AT">gfligti</pron>
          <usg type="geo">
            <placeName type="gemeinde" ref="/geodata-wboe.xml#p6.1q06">Pyhra</placeName>
          </usg>
        </form>
        <form type="dialect">
          <pron xml:lang="bar-AT">gfliḡtn</pron>
          <usg>[flekt.]</usg>
          <usg type="geo">
            <placeName type="gemeinde" ref="/geodata-wboe.xml#p6.1s08">Zeiselmauer-Wolfpassing</placeName>
          </usg>
        </form>
        <form type="dialect">
          <pron xml:lang="bar-AT">gflickta</pron>
          <usg type="geo">
            <placeName type="gemeinde" ref="/geodata-wboe.xml#p6.2b21">Sooß</placeName>
          </usg>
          <usg type="geo">
            <placeName type="gemeinde" ref="/geodata-wboe.xml#p6.2c02">Berndorf</placeName>
          </usg>
          <usg type="geo">
            <placeName type="gemeinde" ref="/geodata-wboe.xml#p6.2j10">Leobersdorf</placeName>
          </usg>
        </form>
        <form type="dialect">
          <pron xml:lang="bar-AT">gfliggti</pron>
          <usg type="geo">
            <placeName type="gemeinde" ref="/geodata-wboe.xml#p6.2e03">Puchberg am Schneeberg</placeName>
          </usg>
        </form>
        <form type="dialect">
          <pron xml:lang="bar-AT">gflīcktă</pron>
          <usg type="geo">
            <placeName type="gemeinde" ref="/geodata-wboe.xml#p6.2e04">Rohr im Gebirge</placeName>
          </usg>
        </form>
        <form type="dialect">
          <pron xml:lang="bar-AT">gflikta</pron>
          <usg type="geo">
            <placeName type="gemeinde" ref="/geodata-wboe.xml#p6.3a07">Gastern</placeName>
          </usg>
        </form>
        <form type="dialect">
          <pron xml:lang="bar-AT">gfliggta</pron>
          <usg type="geo">
            <placeName type="gemeinde" ref="/geodata-wboe.xml#p6.3a22">Waidhofen an der Thaya</placeName>
          </usg>
        </form>
        <form type="dialect">
          <pron xml:lang="bar-AT">gflicktar</pron>
          <usg type="geo">
            <placeName type="gemeinde" ref="/geodata-wboe.xml#p6.3f01">Allentsteig</placeName>
          </usg>
        </form>
        <form type="dialect">
          <pron xml:lang="bar-AT">gflickda</pron>
          <usg type="geo">
            <placeName type="gemeinde" ref="/geodata-wboe.xml#p6.4a01">Retz</placeName>
          </usg>
          <usg type="geo">
            <placeName type="gemeinde" ref="/geodata-wboe.xml#p6.4f12">Kreuttal</placeName>
          </usg>
        </form>
        <form type="dialect">
          <pron xml:lang="bar-AT">gflikta</pron>
          <usg type="geo">
            <placeName type="gemeinde" ref="/geodata-wboe.xml#p6.4e06">Hollabrunn</placeName>
          </usg>
          <usg type="geo">
            <placeName type="gemeinde" ref="/geodata-wboe.xml#p6.4f18">Spannberg</placeName>
          </usg>
        </form>
        <form type="dialect">
          <pron xml:lang="bar-AT">gflickta</pron>
          <usg type="geo">
            <placeName type="gemeinde" ref="/geodata-wboe.xml#p6.4f15">Mistelbach</placeName>
          </usg>
        </form>
        <form type="dialect">
          <pron xml:lang="bar-AT">gfliggtė</pron>
          <usg type="geo">
            <placeName type="gemeinde" ref="/geodata-wboe.xml#p6.5l01">Altmannsdorf</placeName>
          </usg>
        </form>
        <form type="dialect">
          <pron xml:lang="bar-AT">kflĭktəʳ</pron>
          <usg type="geo">
            <placeName type="gemeinde" ref="/geodata-wboe.xml#p6.5r01">Gersthof</placeName>
          </usg>
        </form>
        <form type="dialect">
          <pron xml:lang="bar-AT">g'fliggdă</pron>
          <usg type="geo">
            <placeName type="gemeinde" ref="/geodata-wboe.xml#p6.5w06">Mauer</placeName>
          </usg>
          <ptr type="collection" subtype="lautung" target="/collections-wboe.xml#c4896"/>
        </form>
        <etym>
          <seg type="desc">Ableitung von</seg>
          <cit type="etymon">
            <xr type="lemma">
              <ref target="flicken.xml">flicken</ref>
            </xr>
          </cit>
        </etym>
        <sense>
          <sense>
            <sense>
              <def>narbiger, mit Narben versehener Mensch</def>
              <usg>(abwertend)</usg>
              <usg type="geo">
                <placeName type="grossregion" ref="/geodata-wboe.xml#p6.5">Wien</placeName>
              </usg>
              <ptr type="collection" subtype="bedeutung" target="/collections-wboe.xml#c4898"/>
            </sense>
            <sense>
              <def>pockennarbiger, mit Pockennarben versehener Mensch</def>
              <usg>(abwertend)</usg>
              <usg type="geo">
                <placeName type="grossregion" ref="/geodata-wboe.xml#p2.2">MKtn.</placeName>
              </usg>
              <usg type="geo">
                <placeName type="grossregion" ref="/geodata-wboe.xml#p4.5">Flachg.</placeName>
              </usg>
              <usg type="geo">
                <placeName type="grossregion" ref="/geodata-wboe.xml#p5.2">Hausrv.</placeName>
              </usg>
              <usg type="geo">
                <placeName type="grossregion" ref="/geodata-wboe.xml#p5.4">Mühlv.</placeName>
              </usg>
              <usg type="geo">
                <placeName type="bundesland" ref="/geodata-wboe.xml#p6">NÖ</placeName>
              </usg>
              <usg type="geo">
                <placeName type="grossregion" ref="/geodata-wboe.xml#p6.5">Wien</placeName>
              </usg>
              <cit type="example">
                <quote xml:lang="bar-AT">dė̄s is ā Gflikda</quote>
                <usg type="geo">
                  <placeName type="gemeinde" ref="/geodata-wboe.xml#p6.4f12">Kreuttal</placeName>
                </usg>
              </cit>
              <cit type="example">
                <quote xml:lang="bar-AT">Serrwas Gflickta</quote>
                <usg type="geo">
                  <placeName type="grossregion" ref="/geodata-wboe.xml#p6.5">Wien</placeName>
                </usg>
              </cit>
              <ptr type="collection" subtype="bedeutung" target="/collections-wboe.xml#c4899"/>
            </sense>
          </sense>
          <sense>
            <def>unzuverlässiger Mensch</def>
            <usg type="geo">
              <placeName type="grossregion" ref="/geodata-wboe.xml#p6.2">Industriev.</placeName>
            </usg>
            <ptr type="collection" subtype="bedeutung" target="/collections-wboe.xml#c4900"/>
          </sense>
          <sense>
            <xr type="variant">
              <lbl>nur</lbl>
              <ref>Geflickte</ref>
            </xr>
            <usg>(Femininum)</usg>
            <def>Naht bei Dammriss</def>
            <usg type="geo">
              <placeName type="grossregion" ref="/geodata-wboe.xml#p5.2">Hausrv.</placeName>
            </usg>
            <cit type="example">
              <quote xml:lang="bar-AT">Sie håt a Gflickti</quote>
              <usg type="geo">
                <placeName type="gemeinde" ref="/geodata-wboe.xml#p5.2e01">Linz</placeName>
              </usg>
            </cit>
            <ptr type="collection" subtype="bedeutung" target="/collections-wboe.xml#c4897"/>
          </sense>
        </sense>
        <re>
          <form subtype="compound" type="lemma">
            <orth>Abgeflickter</orth>
          </form>
          <sense>
            <sense>
              <def>pockennarbiger, mit Pockennarben versehener Mensch</def>
              <usg>(abwertend)</usg>
              <usg type="geo">
                <placeName type="grossregion" ref="/geodata-wboe.xml#p6.2">Industriev.</placeName>
              </usg>
              <ptr type="collection" subtype="bedeutung" target="/collections-wboe.xml#c4901"/>
            </sense>
          </sense>
        </re>
      </entry>
    </body>
  </text>
</TEI>