<?xml version="1.0" encoding="UTF-8"?>
    <?xml-model href="http://www.tei-c.org/release/xml/tei/custom/schema/relaxng/tei_all.rng" type="application/xml" schematypens="http://purl.oclc.org/dsdl/schematron"?>
    <?xml-model href="../../803_RNG-schematron/WBOE-ODD.rnc" type="application/relax-ng-compact-syntax"?>
<?redaktionstool version="0.7.4" ?>
<?parser type="lioe" version="0.7.3" ?>
<TEI xmlns="http://www.tei-c.org/ns/1.0">
  <teiHeader>
    <fileDesc>
      <titleStmt>
        <title>Gefährt</title>
        <respStmt>
          <resp>Editor</resp>
          <name ref="#AG">Andreas Gellan</name>
        </respStmt>
        <respStmt>
          <resp>Encoding Scheme</resp>
          <name>Jack Bowers</name>
          <name>Daniel Schopper</name>
          <name>Omar Siam</name>
        </respStmt>
        <respStmt>
          <resp>DBOE Team</resp>
          <name xml:id="AL">Alexandra N. Lenz</name>
          <name xml:id="PhS">Philipp Stöckle</name>
          <name xml:id="AG">Andreas Gellan</name>
          <name xml:id="PZ">Patrick Zeitlhuber</name>
          <name xml:id="SW">Sabine Wahl</name>
          <name xml:id="SS">Sonja Schwaiger</name>
          <name xml:id="AB">Angela Bergermayer</name>
          <name xml:id="EW">Eva Wahlmüller</name>
          <name xml:id="DG">David Gschösser</name>
          <name xml:id="StS">Stefanie Schöberl</name>
          <name xml:id="FF">Fabian Fleißner</name>
        </respStmt>
        <respStmt>
          <resp>Student assistants</resp>
          <name>Susanna Muhr</name>
          <name>Manuela Stütz</name>
          <name>Christina Hemetsberger</name>
        </respStmt>
      </titleStmt>
      <publicationStmt>
        <p></p>
      </publicationStmt>
      <sourceDesc>
        <list>
          <item>
            <label>Geo-data</label>
            <ptr xml:id="geo-inventory-WBOE" target="../geodata-wboe.xml"/>
          </item>
          <item>
            <label>Bibliography</label>
            <ptr xml:id="bibliography-WBOE" target="../bibl-wboe.xml"/>
          </item>
          <item>
            <label>WBOE-Slips</label>
            <ptr xml:id="slips-WBOE" target="../slips-wboe.xml"/>
          </item>
          <item>
            <label>WBOE-Collections</label>
            <ptr xml:id="collections-WBOE" target="../collections-wboe.xml"/>
          </item>
        </list>
      </sourceDesc>
    </fileDesc>
    <revisionDesc>
      <listChange>
        <change status="unfinished" when="2021-05-20" who="#AG">Datensatz erstellt</change>
        <change status="in progress" when="2021-08-02" who="#PZ">LK eingefügt</change>
        <change status="external correction" when="2021-08-03" who="#AG">wurde noch aus einem Word-Dokument übertragen, hatte schon fast alle Korrekturschleifen.</change>
        <change status="finished" when="2021-10-04" who="#AG">finished</change>
        <change status="finished" when="2022-01-19" who="#AG">Final Version</change>
      </listChange>
    </revisionDesc>
  </teiHeader>
  <text>
    <body>
      <entry>
        <form type="lemma" xml:id="Gefaehrt">
          <orth>Gefährt</orth>
          <ptr type="collection" subtype="lemma" target="/collections-wboe.xml#c17743"/>
        </form>
        <gramGrp>
          <gram type="pos">Substantiv</gram>
          <gram type="gender">Neutrum</gram>
          <gram type="gender">Maskulinum</gram>
        </gramGrp>
        <usg type="geo">
          <placeName type="bundesland" ref="/geodata-wboe.xml#p1A">STir.</placeName>
        </usg>
        <usg type="geo">
          <placeName type="grossregion" ref="/geodata-wboe.xml#p1B.0">OTir.</placeName>
        </usg>
        <usg type="geo">
          <placeName type="bundesland" ref="/geodata-wboe.xml#p1C">NTir.</placeName>
        </usg>
        <usg type="geo">
          <placeName type="bundesland" ref="/geodata-wboe.xml#p4">Sbg.</placeName>
        </usg>
        <usg type="geo">
          <placeName type="grossregion" ref="/geodata-wboe.xml#p5.1">Innv.</placeName>
        </usg>
        <usg type="geo">
          <placeName type="grossregion" ref="/geodata-wboe.xml#p5.2">Hausrv.</placeName>
        </usg>
        <usg type="geo">
          <placeName type="grossregion" ref="/geodata-wboe.xml#p6.1">Mostv.</placeName>
        </usg>
        <note type="kommentar" resp="#PZ">Der auf den Primärumlaut mhd.
          <c>e</c>zurückgehende Stammvokal wird im westlichen Süd- und Südmittelbairischen sowie im Mittelbairischen als offener und geschlossener
          <c>e</c>-Monophthong unterschiedlicher Quantität realisiert
          <xr>
            <ref>gəfērt</ref>
            <ref>gfēɒd</ref>
            <ref>gfęχt</ref>
          </xr>. Weiters finden sich im westlichen Südbairischen diphthongierte Varianten
          <xr>
            <ref>gfeįrt</ref>
          </xr>. Darüber hinaus treten im Mittelbairischen ebenso geschlossenere
          <c>i</c>-Monophthonge auf
          <xr>
            <ref>gfiɒt</ref>
          </xr>. Der Liquid
          <c>r</c>blieb im westlichen Südbairischen erhalten
          <xr>
            <ref>gefērt</ref>
            <ref>gfeįrt</ref>
          </xr>, wurde im Mittelbairischen jedoch vokalisiert
          <xr>
            <ref>gfēɒd</ref>
            <ref>gfiɒt</ref>
          </xr>. Im westlichen Südmittelbairischen hingegen wurde
          <c>r</c>vor dem alveolaren Plosiv zum Sibilanten
          <xr>
            <ref>gfēšt</ref>
          </xr>. Als Reflex eines uvularen
          <c>r</c>gelten die im Lungau, Inn- und Hausruckviertel teilweise mit Gleitlaut auftretenden dorsalen Frikative
          <xr>
            <ref>gfeɒχt</ref>
            <ref>gfęχt</ref>
            <ref>gfēxd</ref>
          </xr>. Das
          <c>ge</c>-Präfix des Kollektivums wurde überall synkopiert
          <xr>
            <ref>gfeįrt</ref>
            <ref>gfēɒd</ref>
          </xr>, außer vereinzelt im westlichen Südbairischen
          <xr>
            <ref>gəfērt</ref>
          </xr>. Der auslautende Plosiv kann im Ostmittelbairischen auch lenisiert auftreten
          <xr>
            <ref>gfēɒd</ref>
            <ref>gfēxd</ref>
          </xr>.
        </note>
        <form type="dialect">
          <pron xml:lang="bar-AT">kföirt</pron>
          <usg type="geo">
            <placeName type="gemeinde" ref="/geodata-wboe.xml#p1C.1n01">Imst</placeName>
          </usg>
        </form>
        <form type="dialect">
          <pron xml:lang="bar-AT">gfēscht</pron>
          <usg type="geo">
            <placeName type="gemeinde" ref="/geodata-wboe.xml#p4.2c01">Fusch an der Großglocknerstraße</placeName>
          </usg>
        </form>
        <form type="dialect">
          <pron xml:lang="bar-AT">gfęɒχt</pron>
          <usg type="geo">
            <placeName type="gemeinde" ref="/geodata-wboe.xml#p5.1a02">Eggelsberg</placeName>
          </usg>
        </form>
        <form type="dialect">
          <pron xml:lang="bar-AT">κφė̄xτ</pron>
          <usg type="geo">
            <placeName type="gemeinde" ref="/geodata-wboe.xml#p5.2b46">Weibern</placeName>
          </usg>
        </form>
        <form type="dialect">
          <pron xml:lang="bar-AT">gfiat</pron>
          <usg type="geo">
            <placeName type="gemeinde" ref="/geodata-wboe.xml#p5.2e01">Linz</placeName>
          </usg>
        </form>
        <form type="dialect">
          <pron xml:lang="bar-AT">κφė̄ɒd</pron>
          <usg type="geo">
            <placeName type="gemeinde" ref="/geodata-wboe.xml#p6.1d01">Allhartsberg</placeName>
          </usg>
          <ptr type="collection" subtype="lautung" target="/collections-wboe.xml#c20750"/>
        </form>
        <etym>
          <seg type="desc">Ableitung von
            <xr type="lemma">
              <ref target="Fahrt.xml">→Fahrt</ref>
            </xr>
          </seg>
          <seg type="desc"></seg>
          <seg type="desc">;
            <lang>ahd.</lang>
          </seg>
          <cit type="etymon">
            <form>
              <orth>gifert</orth>
            </form>
            <def>Gehen; Gang; Verhalten</def>
          </cit>
          <seg type="desc">;
            <lang>mhd.</lang>
          </seg>
          <seg type="desc"></seg>
          <seg type="desc"></seg>
          <cit type="etymon">
            <form>
              <orth>gevert(e)</orth>
            </form>
            <def>Weg; Zug; Fahrt; Reise; Gesinde; Benehmen; Verhalten</def>
          </cit>
          <seg type="desc">;</seg>
          <seg type="desc">
            <lang>mnd.</lang>
          </seg>
          <cit type="etymon">
            <form>
              <orth>gevērde</orth>
            </form>
          </cit>
          <seg type="desc">auch</seg>
          <cit type="etymon">
            <def>Gefährt; Mittel zur Fahrt</def>
          </cit>
          <seg type="desc">. Die heute allgemeine Bedeutung</seg>
          <cit type="etymon">
            <def>Fahrzeug</def>
          </cit>
          <seg type="desc">ist seit dem
            <date>17. Jh.</date>im Hochdeutschen bezeugt
            <ref type="bibl" subtype="online">Pfeifer-online
              <xr type="lemma">
                <ref>Gefährt</ref>
                <date type="accessed">02.08.2021</date>
              </xr>
            </ref>
          </seg>
          <cit type="etymon"></cit>
        </etym>
        <sense>
          <sense>
            <sense>
              <def>Fahrzeug; Fuhrwerk; Wagen (zum Transport von Gütern, Lasten oder Personen)</def>
              <usg type="geo">
                <placeName type="bundesland" ref="/geodata-wboe.xml#p1A">STir.</placeName>
              </usg>
              <usg type="geo">
                <placeName type="grossregion" ref="/geodata-wboe.xml#p1B.0">OTir.</placeName>
              </usg>
              <usg type="geo">
                <placeName type="bundesland" ref="/geodata-wboe.xml#p1C">NTir.</placeName>
              </usg>
              <usg type="geo">
                <placeName type="grossregion" ref="/geodata-wboe.xml#p4.1">Lung.</placeName>
              </usg>
              <usg type="geo">
                <placeName type="grossregion" ref="/geodata-wboe.xml#p4.2">Pinzg.</placeName>
              </usg>
              <usg type="geo">
                <placeName type="grossregion" ref="/geodata-wboe.xml#p4.3">Pong.</placeName>
              </usg>
              <usg type="geo">
                <placeName type="grossregion" ref="/geodata-wboe.xml#p4.5">Flachg.</placeName>
              </usg>
              <usg type="geo">
                <placeName type="bundesland" ref="/geodata-wboe.xml#p5">OÖ</placeName>
              </usg>
              <usg type="geo">
                <placeName type="grossregion" ref="/geodata-wboe.xml#p6.1">Mostv.</placeName>
              </usg>
              <cit type="example">
                <quote xml:lang="bar-AT">ea håd sis Gfiat bschdöid</quote>
                <usg type="geo">
                  <placeName type="gemeinde" ref="/geodata-wboe.xml#p4.5e01">Salzburg</placeName>
                </usg>
              </cit>
              <cit type="example">
                <quote xml:lang="bar-AT">So viel G'führta' af oan Platz hast nie g'sehn</quote>
                <ref type="bibl" target="#Achleitner1884">Achleitner 1884
                  <citedRange>28</citedRange>
                </ref>
                <usg type="geo">
                  <placeName type="bundesland" ref="/geodata-wboe.xml#p5">OÖ</placeName>
                </usg>
              </cit>
              <cit type="example">
                <quote xml:lang="bar-AT">ȇ šẽṡ gfirht</quote>
                <usg type="geo">
                  <placeName type="kleinregion" ref="/geodata-wboe.xml#p5.1b">nördl.obInnv.</placeName>
                </usg>
              </cit>
              <ptr type="collection" subtype="bedeutung" target="/collections-wboe.xml#c20772"/>
            </sense>
          </sense>
        </sense>
        <re>
          <form subtype="compound" type="lemma">
            <orth>Hofgefährt</orth>
          </form>
          <sense>
            <sense>
              <def>Gesinde, Gefolge auf einem Bauernhof</def>
              <usg type="geo">
                <placeName type="bundesland" ref="/geodata-wboe.xml#p1A">STir.</placeName>
              </usg>
              <usg type="geo">
                <placeName type="grossregion" ref="/geodata-wboe.xml#p1B.0">OTir.</placeName>
              </usg>
              <usg type="geo">
                <placeName type="bundesland" ref="/geodata-wboe.xml#p1C">NTir.</placeName>
              </usg>
              <ptr type="collection" subtype="bedeutung" target="/collections-wboe.xml#c20757"/>
            </sense>
          </sense>
        </re>
        <re type="redewendung">
          <form subtype="MWE" type="lemma">
            <orth>auf dem Gefährt sein</orth>
          </form>
          <sense>
            <def>herumstreunen</def>
            <usg type="geo">
              <placeName type="grossregion" ref="/geodata-wboe.xml#p1C.1">wNTir.</placeName>
            </usg>
            <cit type="example">
              <quote xml:lang="bar-AT">auf'm Gföirt</quote>
              <usg type="geo">
                <placeName type="gemeinde" ref="/geodata-wboe.xml#p1C.1n05">Landeck</placeName>
              </usg>
            </cit>
            <ptr type="collection" subtype="bedeutung" target="/collections-wboe.xml#c20752"/>
          </sense>
        </re>
        <re type="redewendung">
          <form subtype="MWE" type="lemma">
            <orth>dem Gefährt nach</orth>
          </form>
          <sense>
            <def>„den Männern nach“</def>
            <usg type="geo">
              <placeName type="grossregion" ref="/geodata-wboe.xml#p1C.1">wNTir.</placeName>
            </usg>
            <cit type="example">
              <quote xml:lang="bar-AT">in Gföihrt nåch</quote>
              <usg type="geo">
                <placeName type="gemeinde" ref="/geodata-wboe.xml#p1C.1n05">Landeck</placeName>
              </usg>
            </cit>
            <ptr type="collection" subtype="bedeutung" target="/collections-wboe.xml#c20753"/>
          </sense>
        </re>
        <re type="redewendung">
          <form subtype="MWE" type="lemma">
            <orth>ein Gefährt miteinander haben</orth>
          </form>
          <sense>
            <def>ein gutes Verhältnis mit jemandem haben; mit jemandem immer beisammen sein (von befreundeten Personen)</def>
            <usg type="geo">
              <placeName type="grossregion" ref="/geodata-wboe.xml#p1C.1">wNTir.</placeName>
            </usg>
            <cit type="example">
              <quote xml:lang="bar-AT">də hǭbɒ a gföirt mitnǫnd</quote>
              <usg type="geo">
                <placeName type="gemeinde" ref="/geodata-wboe.xml#p1C.1m10">Serfaus</placeName>
              </usg>
            </cit>
            <ptr type="collection" subtype="bedeutung" target="/collections-wboe.xml#c20754"/>
          </sense>
        </re>
      </entry>
    </body>
  </text>
</TEI>