<?xml version="1.0" encoding="UTF-8"?>
    <?xml-model href="http://www.tei-c.org/release/xml/tei/custom/schema/relaxng/tei_all.rng" type="application/xml" schematypens="http://purl.oclc.org/dsdl/schematron"?>
    <?xml-model href="../../803_RNG-schematron/WBOE-ODD.rnc" type="application/relax-ng-compact-syntax"?>
<?redaktionstool version="0.6.8"?>
<TEI xmlns="http://www.tei-c.org/ns/1.0">
  <teiHeader>
    <fileDesc>
      <titleStmt>
        <title>Gefühl</title>
        <respStmt>
          <resp>Editor</resp>
          <name ref="#DG">David Gschösser</name>
        </respStmt>
        <respStmt>
          <resp>Encoding Scheme</resp>
          <name>Jack Bowers</name>
          <name>Daniel Schopper</name>
          <name>Omar Siam</name>
        </respStmt>
        <respStmt>
          <resp>DBOE Team</resp>
          <name xml:id="AL">Alexandra N. Lenz</name>
          <name xml:id="PhS">Philipp Stöckle</name>
          <name xml:id="AG">Andreas Gellan</name>
          <name xml:id="PZ">Patrick Zeitlhuber</name>
          <name xml:id="SW">Sabine Wahl</name>
          <name xml:id="SS">Sonja Schwaiger</name>
          <name xml:id="AB">Angela Bergermayer</name>
          <name xml:id="EW">Eva Wahlmüller</name>
          <name xml:id="DG">David Gschösser</name>
          <name xml:id="StS">Stefanie Schöberl</name>
          <name xml:id="FF">Fabian Fleißner</name>
        </respStmt>
        <respStmt>
          <resp>Student assistants</resp>
          <name>Susanna Muhr</name>
          <name>Manuela Stütz</name>
          <name>Christina Hemetsberger</name>
        </respStmt>
      </titleStmt>
      <publicationStmt>
        <p></p>
      </publicationStmt>
      <sourceDesc>
        <list>
          <item>
            <label>Geo-data</label>
            <ptr xml:id="geo-inventory-WBOE" target="../geodata-wboe.xml"/>
          </item>
          <item>
            <label>Bibliography</label>
            <ptr xml:id="bibliography-WBOE" target="../bibl-wboe.xml"/>
          </item>
          <item>
            <label>WBOE-Slips</label>
            <ptr xml:id="slips-WBOE" target="../slips-wboe.xml"/>
          </item>
          <item>
            <label>WBOE-Collections</label>
            <ptr xml:id="collections-WBOE" target="../collections-wboe.xml"/>
          </item>
        </list>
      </sourceDesc>
    </fileDesc>
    <revisionDesc>
      <listChange>
        <change status="in progress" when="2020-03-18" who="#DG">Datensatz erstellt</change>
        <change status="internal correction" when="2020-07-13" who="#DG">Vorschläge von PS eingearbeitet</change>
        <change status="external correction" when="2020-07-31" who="#DG">keine relevanten Anmerkungen von MG</change>
        <change status="external correction" when="2020-11-24" who="#PZ">LK eingefügt</change>
        <change status="finished" when="2020-12-09" who="#DG">Artikel fertig</change>
      </listChange>
    </revisionDesc>
  </teiHeader>
  <text>
    <body>
      <entry>
        <form type="lemma" xml:id="Gefuehl">
          <orth>Gefühl</orth>
          <ptr type="collection" subtype="lemma" target="/collections-wboe.xml#c4103"/>
        </form>
        <gramGrp>
          <gram type="pos">Substantiv</gram>
          <gram type="gender">Neutrum</gram>
        </gramGrp>
        <usg type="geo">
          <placeName type="grossregion" ref="/geodata-wboe.xml#p1A.4">öSTir.</placeName>
        </usg>
        <usg type="geo">
          <placeName type="bundesland" ref="/geodata-wboe.xml#p1C">NTir.</placeName>
        </usg>
        <usg type="geo">
          <placeName type="grossregion" ref="/geodata-wboe.xml#p2.1">ObKtn.</placeName>
        </usg>
        <usg type="geo">
          <placeName type="grossregion" ref="/geodata-wboe.xml#p3.1">sbair.ObStmk.</placeName>
        </usg>
        <usg type="geo">
          <placeName type="grossregion" ref="/geodata-wboe.xml#p3.3">WStmk.</placeName>
        </usg>
        <usg type="geo">
          <placeName type="grossregion" ref="/geodata-wboe.xml#p4.1">Lung.</placeName>
        </usg>
        <usg type="geo">
          <placeName type="grossregion" ref="/geodata-wboe.xml#p4.2">Pinzg.</placeName>
        </usg>
        <usg type="geo">
          <placeName type="grossregion" ref="/geodata-wboe.xml#p4.3">Pong.</placeName>
        </usg>
        <usg type="geo">
          <placeName type="bundesland" ref="/geodata-wboe.xml#p5">OÖ</placeName>
        </usg>
        <usg type="geo">
          <placeName type="bundesland" ref="/geodata-wboe.xml#p6">NÖ</placeName>
        </usg>
        <usg type="geo">
          <placeName type="grossregion" ref="/geodata-wboe.xml#p7.2">MBgl.</placeName>
        </usg>
        <note type="kommentar" resp="#PZ">Der auf mhd.
          <c>üe</c>zurückgehende Stammvokal wird im gesamten Untersuchungsgebiet als Monophthong in unterschiedlichen Quantitäten realisiert. Während in allen Dialektregionen Formen mit
          <c>ü</c>dominieren
          <xr>
            <ref>gfǖl, gfǖ</ref>
          </xr>, kommen im Südbairischen und im Hausruckviertel entrundete Varianten mit
          <c>i</c>vor
          <xr>
            <ref>gfīl, kfīl</ref>
          </xr>. Im Pongau und Mühlviertel finden sich noch diphthongische Aussprachen
          <xr>
            <ref>gfīɒẹ</ref>
          </xr>. Im Südbairischen und Südmittelbairischen wurde der Liquid erhalten
          <xr>
            <ref>gfǖl</ref>
          </xr>, unterdessen wurde dieser im Westmittelbairischen zu
          <c>i</c>vokalisiert
          <xr>
            <ref>gfų̈į</ref>
          </xr>, im Ostmittelbairischen zu
          <c>ü</c>, wodurch er mit dem Stammvokal verschmolz
          <xr>
            <ref>gfǖ</ref>
          </xr>. Außerdem treten im Innviertel
          <c>ui</c>-Formen auf
          <xr>
            <ref>gfųį</ref>
          </xr>. Abweichende Varianten finden sich im Hausruckviertel
          <xr>
            <ref>gfiü</ref>
          </xr>und im Weinviertel
          <xr>
            <ref>gfüɒ</ref>
          </xr>. Das anlautende
          <c>ge</c>-Präfix wurde im gesamten Untersuchungsgebiet synkopiert und tritt teilweise als Lenis-, teilweise als Fortis-Plosiv auf
          <xr>
            <ref>gfǖl, kfǖl</ref>
          </xr>. Darüber hinaus ist im östlichen Südtirol ein affrizierter Anlaut belegt
          <xr>
            <ref>kχfīl</ref>
          </xr>.
        </note>
        <form type="dialect">
          <pron xml:lang="bar-AT">kxfīl</pron>
          <usg type="geo">
            <placeName type="gemeinde" ref="/geodata-wboe.xml#p1A.4a01">Ahrntal</placeName>
          </usg>
        </form>
        <form type="dialect">
          <pron xml:lang="bar-AT">gfīl</pron>
          <usg type="geo">
            <placeName type="gemeinde" ref="/geodata-wboe.xml#p1C.2a19">Schwaz</placeName>
          </usg>
        </form>
        <form type="dialect">
          <pron xml:lang="bar-AT">gfɫ</pron>
          <usg type="geo">
            <placeName type="gemeinde" ref="/geodata-wboe.xml#p1C.3b03">Thiersee</placeName>
          </usg>
        </form>
        <form type="dialect">
          <pron xml:lang="bar-AT">k'fil</pron>
          <usg type="geo">
            <placeName type="gemeinde" ref="/geodata-wboe.xml#p2.1b04">Rangersdorf</placeName>
          </usg>
        </form>
        <form type="dialect">
          <pron xml:lang="bar-AT">gfül</pron>
          <usg type="geo">
            <placeName type="gemeinde" ref="/geodata-wboe.xml#p3.1a05">Stadl-Predlitz</placeName>
          </usg>
        </form>
        <form type="dialect">
          <pron xml:lang="bar-AT">kfʊ̈̄</pron>
          <usg type="geo">
            <placeName type="grossregion" ref="/geodata-wboe.xml#p4.1">Lung.</placeName>
          </usg>
        </form>
        <form type="dialect">
          <pron xml:lang="bar-AT">gfüⁱˡ</pron>
          <usg type="geo">
            <placeName type="gemeinde" ref="/geodata-wboe.xml#p4.2c01">Fusch an der Großglocknerstraße</placeName>
          </usg>
        </form>
        <form type="dialect">
          <pron xml:lang="bar-AT">κφī</pron>
          <pron xml:lang="bar-AT">κφiɒė</pron>
          <usg type="geo">
            <placeName type="kleinregion" ref="/geodata-wboe.xml#p4.3d">Gr.Arlt.</placeName>
          </usg>
        </form>
        <form type="dialect">
          <pron xml:lang="bar-AT">gfuiˡ</pron>
          <pron xml:lang="bar-AT">gfuė</pron>
          <usg type="geo">
            <placeName type="gemeinde" ref="/geodata-wboe.xml#p5.1c07">Mühlheim am Inn</placeName>
          </usg>
        </form>
        <form type="dialect">
          <pron xml:lang="bar-AT">κφu̩i̩</pron>
          <usg type="geo">
            <placeName type="gemeinde" ref="/geodata-wboe.xml#p5.1e11">Suben</placeName>
          </usg>
        </form>
        <form type="dialect">
          <pron xml:lang="bar-AT">gfiǖ</pron>
          <usg type="geo">
            <placeName type="gemeinde" ref="/geodata-wboe.xml#p5.2e01">Linz</placeName>
          </usg>
        </form>
        <form type="dialect">
          <pron xml:lang="bar-AT">gᶲǖ</pron>
          <pron xml:lang="bar-AT">gᶲīɒl̥</pron>
          <usg type="geo">
            <placeName type="kleinregion" ref="/geodata-wboe.xml#p5.4b">nwestl.obMühlv.</placeName>
          </usg>
        </form>
        <form type="dialect">
          <pron xml:lang="bar-AT">κfǖ</pron>
          <usg type="geo">
            <placeName type="gemeinde" ref="/geodata-wboe.xml#p5.4b13">Ulrichsberg</placeName>
          </usg>
        </form>
        <form type="dialect">
          <pron xml:lang="bar-AT">κφǖ</pron>
          <usg type="geo">
            <placeName type="gemeinde" ref="/geodata-wboe.xml#p6.1d01">Allhartsberg</placeName>
          </usg>
        </form>
        <form type="dialect">
          <pron xml:lang="bar-AT">gfü</pron>
          <usg type="geo">
            <placeName type="gemeinde" ref="/geodata-wboe.xml#p6.1n02">Dunkelsteinerwald</placeName>
          </usg>
          <usg type="geo">
            <placeName type="gemeinde" ref="/geodata-wboe.xml#p6.1p12">Türnitz</placeName>
          </usg>
        </form>
        <form type="dialect">
          <pron xml:lang="bar-AT">kfǖ</pron>
          <usg type="geo">
            <placeName type="gemeinde" ref="/geodata-wboe.xml#p6.1o01">Herzogenburg</placeName>
          </usg>
        </form>
        <form type="dialect">
          <pron xml:lang="bar-AT">κφǖ</pron>
          <usg type="geo">
            <placeName type="gemeinde" ref="/geodata-wboe.xml#p6.2e03">Puchberg am Schneeberg</placeName>
          </usg>
        </form>
        <form type="dialect">
          <pron xml:lang="bar-AT">gfǖˡ</pron>
          <usg type="geo">
            <placeName type="gemeinde" ref="/geodata-wboe.xml#p6.3s01">Grafenegg</placeName>
          </usg>
        </form>
        <form type="dialect">
          <pron xml:lang="bar-AT">gfǖ</pron>
          <pron xml:lang="bar-AT">gfü</pron>
          <usg type="geo">
            <placeName type="gemeinde" ref="/geodata-wboe.xml#p6.3a15">Kautzen</placeName>
          </usg>
        </form>
        <form type="dialect">
          <pron xml:lang="bar-AT">gfǖ</pron>
          <pron xml:lang="bar-AT">gfü͡</pron>
          <usg type="geo">
            <placeName type="gemeinde" ref="/geodata-wboe.xml#p6.4d18">Poysdorf</placeName>
          </usg>
        </form>
        <form type="dialect">
          <pron xml:lang="bar-AT">kfǖl</pron>
          <pron xml:lang="bar-AT">kfǖˡ</pron>
          <usg type="geo">
            <placeName type="gemeinde" ref="/geodata-wboe.xml#p7.2b08">Pilgersdorf</placeName>
          </usg>
          <ptr type="collection" subtype="lautung" target="/collections-wboe.xml#c4355"/>
        </form>
        <etym>
          <seg type="desc">Ableitung von</seg>
          <cit type="etymon">
            <xr type="lemma">
              <ref target="fühlen.xml">fühlen</ref>
            </xr>
          </cit>
        </etym>
        <sense>
          <sense>
            <def>körperliche Wahrnehmung, Empfindung</def>
            <usg type="geo">
              <placeName type="grossregion" ref="/geodata-wboe.xml#p1C.3">öNTir.</placeName>
            </usg>
            <usg type="geo">
              <placeName type="grossregion" ref="/geodata-wboe.xml#p5.1">Innv.</placeName>
            </usg>
            <usg type="geo">
              <placeName type="grossregion" ref="/geodata-wboe.xml#p5.2">Hausrv.</placeName>
            </usg>
            <usg type="geo">
              <placeName type="grossregion" ref="/geodata-wboe.xml#p6.1">Mostv.</placeName>
            </usg>
            <usg type="geo">
              <placeName type="grossregion" ref="/geodata-wboe.xml#p6.3">Waldv.</placeName>
            </usg>
            <usg type="geo">
              <placeName type="grossregion" ref="/geodata-wboe.xml#p6.4">Weinv.</placeName>
            </usg>
            <cit type="example">
              <quote xml:lang="bar-AT">kǫaⁿ Gfɫ meəʳ hoᵇm an an Fuəss - an a Hǫnd</quote>
              <usg type="geo">
                <placeName type="gemeinde" ref="/geodata-wboe.xml#p1C.3b03">Thiersee</placeName>
              </usg>
            </cit>
            <cit type="example">
              <quote xml:lang="bar-AT">i hǫ kǫəⁿ gfuiˡ męər ėn ǫrm</quote>
              <usg type="geo">
                <placeName type="gemeinde" ref="/geodata-wboe.xml#p5.1c07">Mühlheim am Inn</placeName>
              </usg>
            </cit>
            <cit type="example">
              <quote xml:lang="bar-AT">ī hǭb gǫ́̄ɒ-khã kfǖ́ ĩn dẹ tsę́̄chŋ</quote>
              <usg type="geo">
                <placeName type="gemeinde" ref="/geodata-wboe.xml#p6.1o01">Herzogenburg</placeName>
              </usg>
            </cit>
            <ptr type="collection" subtype="bedeutung" target="/collections-wboe.xml#c4356"/>
          </sense>
          <sense>
            <sense>
              <def>undeutliche Wahrnehmung, Ahnung</def>
              <usg type="geo">
                <placeName type="grossregion" ref="/geodata-wboe.xml#p6.1">Mostv.</placeName>
              </usg>
              <usg type="geo">
                <placeName type="grossregion" ref="/geodata-wboe.xml#p5.2">Hausrv.</placeName>
              </usg>
              <cit type="example">
                <quote xml:lang="bar-AT">I hab a unguats Gfühl</quote>
                <usg type="geo">
                  <placeName type="gemeinde" ref="/geodata-wboe.xml#p5.2a39">Traun</placeName>
                </usg>
              </cit>
              <cit type="example">
                <quote xml:lang="bar-AT">ī hǭb dẹs kfǖ́ dās -ɒ nẹ̄d rę̆cht wǖ</quote>
                <usg type="geo">
                  <placeName type="gemeinde" ref="/geodata-wboe.xml#p6.1o01">Herzogenburg</placeName>
                </usg>
              </cit>
              <cit type="example">
                <quote xml:lang="bar-AT">ī hǭb dẹs kfǘ das-s muɒŋ rẹ̄ŋd</quote>
                <usg type="geo">
                  <placeName type="gemeinde" ref="/geodata-wboe.xml#p6.1o01">Herzogenburg</placeName>
                </usg>
              </cit>
              <ptr type="collection" subtype="bedeutung" target="/collections-wboe.xml#c4361"/>
            </sense>
            <sense>
              <def>Sinn; Verständnis; Gespür; Takt</def>
              <usg type="geo">
                <placeName type="bundesland" ref="/geodata-wboe.xml#p1C">NTir.</placeName>
              </usg>
              <usg type="geo">
                <placeName type="grossregion" ref="/geodata-wboe.xml#p2.1">ObKtn.</placeName>
              </usg>
              <usg type="geo">
                <placeName type="grossregion" ref="/geodata-wboe.xml#p3.1">sbair.ObStmk.</placeName>
              </usg>
              <usg type="geo">
                <placeName type="grossregion" ref="/geodata-wboe.xml#p3.3">WStmk.</placeName>
              </usg>
              <usg type="geo">
                <placeName type="grossregion" ref="/geodata-wboe.xml#p4.2">Pinzg.</placeName>
              </usg>
              <usg type="geo">
                <placeName type="bundesland" ref="/geodata-wboe.xml#p5">OÖ</placeName>
              </usg>
              <usg type="geo">
                <placeName type="grossregion" ref="/geodata-wboe.xml#p6.1">Mostv.</placeName>
              </usg>
              <usg type="geo">
                <placeName type="grossregion" ref="/geodata-wboe.xml#p6.3">Waldv.</placeName>
              </usg>
              <usg type="geo">
                <placeName type="grossregion" ref="/geodata-wboe.xml#p6.4">Weinv.</placeName>
              </usg>
              <usg type="geo">
                <placeName type="grossregion" ref="/geodata-wboe.xml#p7.2">MBgl.</placeName>
              </usg>
              <cit type="example">
                <quote xml:lang="bar-AT">noᵘch mein Gfīl</quote>
                <usg type="geo">
                  <placeName type="gemeinde" ref="/geodata-wboe.xml#p1C.2a19">Schwaz</placeName>
                </usg>
              </cit>
              <cit type="example">
                <quote xml:lang="bar-AT">dea håd a feiⁿs Gfüⁱˡ</quote>
                <usg type="geo">
                  <placeName type="gemeinde" ref="/geodata-wboe.xml#p4.2c01">Fusch an der Großglocknerstraße</placeName>
                </usg>
              </cit>
              <cit type="example">
                <quote xml:lang="bar-AT">de͡á håt koã Gfǖ nit fiaʳ ünsa oana</quote>
                <usg type="geo">
                  <placeName type="gemeinde" ref="/geodata-wboe.xml#p6.4d18">Poysdorf</placeName>
                </usg>
              </cit>
              <ptr type="collection" subtype="bedeutung" target="/collections-wboe.xml#c4360"/>
            </sense>
          </sense>
        </sense>
        <re>
          <form subtype="compound" type="lemma">
            <orth>Mitgefühl</orth>
          </form>
          <sense>
            <sense>
              <def>Anteilnahme am Leid anderer</def>
              <usg type="geo">
                <placeName type="grossregion" ref="/geodata-wboe.xml#p1C.3">öNTir.</placeName>
              </usg>
              <ptr type="collection" subtype="bedeutung" target="/collections-wboe.xml#c4369"/>
            </sense>
          </sense>
        </re>
      </entry>
    </body>
  </text>
</TEI>