<?xml version="1.0" encoding="UTF-8"?>
    <?xml-model href="http://www.tei-c.org/release/xml/tei/custom/schema/relaxng/tei_all.rng" type="application/xml" schematypens="http://purl.oclc.org/dsdl/schematron"?>
    <?xml-model href="../../803_RNG-schematron/WBOE-ODD.rnc" type="application/relax-ng-compact-syntax"?>
<?redaktionstool version="0.8.1" ?>
<?parser type="lioe" version="0.8.0" ?>
<TEI xmlns="http://www.tei-c.org/ns/1.0">
  <teiHeader>
    <fileDesc>
      <titleStmt>
        <title>Gegend</title>
        <respStmt>
          <resp>Editor</resp>
          <name ref="#EW">Eva Wahlmüller</name>
        </respStmt>
        <respStmt>
          <resp>Encoding Scheme</resp>
          <name>Jack Bowers</name>
          <name>Daniel Schopper</name>
          <name>Omar Siam</name>
        </respStmt>
        <respStmt>
          <resp>DBOE Team</resp>
          <name xml:id="AL">Alexandra N. Lenz</name>
          <name xml:id="PhS">Philipp Stöckle</name>
          <name xml:id="AG">Andreas Gellan</name>
          <name xml:id="PZ">Patrick Zeitlhuber</name>
          <name xml:id="SW">Sabine Wahl</name>
          <name xml:id="SS">Sonja Schwaiger</name>
          <name xml:id="AB">Angela Bergermayer</name>
          <name xml:id="EW">Eva Wahlmüller</name>
          <name xml:id="DG">David Gschösser</name>
          <name xml:id="StS">Stefanie Schöberl</name>
          <name xml:id="FF">Fabian Fleißner</name>
          <name xml:id="MK">Markus Kunzmann</name>
        </respStmt>
        <respStmt>
          <resp>Student assistants</resp>
          <name>Susanna Muhr</name>
          <name>Manuela Stütz</name>
          <name>Christina Hemetsberger</name>
        </respStmt>
      </titleStmt>
      <publicationStmt>
        <p></p>
      </publicationStmt>
      <sourceDesc>
        <list>
          <item>
            <label>Geo-data</label>
            <ptr xml:id="geo-inventory-WBOE" target="../geodata-wboe.xml"/>
          </item>
          <item>
            <label>Bibliography</label>
            <ptr xml:id="bibliography-WBOE" target="../bibl-wboe.xml"/>
          </item>
          <item>
            <label>WBOE-Slips</label>
            <ptr xml:id="slips-WBOE" target="../slips-wboe.xml"/>
          </item>
          <item>
            <label>WBOE-Collections</label>
            <ptr xml:id="collections-WBOE" target="../collections-wboe.xml"/>
          </item>
        </list>
      </sourceDesc>
    </fileDesc>
    <revisionDesc>
      <listChange>
        <change status="in progress" when="2022-05-24" who="#EW">Datensatz erstellt</change>
        <change status="peer correction" when="2022-07-22" who="#EW">Anm. PS einarbeiten; warten auf LK</change>
        <change status="internal correction" when="2022-08-31" who="#EW">LK von DG einfügen</change>
        <change status="internal correction" when="2022-11-03" who="#EW">Anm. Manzi zum Artikel eingearbeitet, warten auf Rückmeldung DG wegen LK</change>
        <change status="external correction" when="2022-11-04" who="#EW">lt. Rückmeldung DG bearbeitet</change>
        <change status="finished" when="2022-11-14" who="#EW">keine Anmerkungen JE</change>
      </listChange>
    </revisionDesc>
  </teiHeader>
  <text>
    <body>
      <entry>
        <form type="lemma" xml:id="Gegend">
          <orth>Gegend</orth>
          <ptr type="collection" subtype="lemma" target="/collections-wboe.xml#c26745"/>
        </form>
        <gramGrp>
          <gram type="pos">Substantiv</gram>
          <gram type="gender">Femininum</gram>
        </gramGrp>
        <form type="variant" subtype="diminutive" xml:id="Gegendlein">
          <orth>Gegendlein</orth>
          <gramGrp>
            <gram type="gender">Neutrum</gram>
          </gramGrp>
        </form>
        <usg type="geo">
          <placeName type="bundesland" ref="/geodata-wboe.xml#p1A">STir.</placeName>
        </usg>
        <usg type="geo">
          <placeName type="grossregion" ref="/geodata-wboe.xml#p1B.0">OTir.</placeName>
        </usg>
        <usg type="geo">
          <placeName type="bundesland" ref="/geodata-wboe.xml#p1C">NTir.</placeName>
        </usg>
        <usg type="geo">
          <placeName type="grossregion" ref="/geodata-wboe.xml#p2.2">MKtn.</placeName>
        </usg>
        <usg type="geo">
          <placeName type="grossregion" ref="/geodata-wboe.xml#p3.5">OStmk.</placeName>
        </usg>
        <usg type="geo">
          <placeName type="grossregion" ref="/geodata-wboe.xml#p4.3">Pong.</placeName>
        </usg>
        <usg type="geo">
          <placeName type="grossregion" ref="/geodata-wboe.xml#p4.5">Flachg.</placeName>
        </usg>
        <usg type="geo">
          <placeName type="bundesland" ref="/geodata-wboe.xml#p5">OÖ</placeName>
        </usg>
        <usg type="geo">
          <placeName type="grossregion" ref="/geodata-wboe.xml#p6.1">Mostv.</placeName>
        </usg>
        <usg type="geo">
          <placeName type="grossregion" ref="/geodata-wboe.xml#p6.2">Industriev.</placeName>
        </usg>
        <usg type="geo">
          <placeName type="grossregion" ref="/geodata-wboe.xml#p6.4">Weinv.</placeName>
        </usg>
        <note type="kommentar" resp="#DG">Der auf einen Primärumlaut mhd.
          <c>e</c>zurückgehende Stammvokal erscheint überall geschlossen, aufgrund seiner Position in offener Tonsilbe gedehnt
          <xr>
            <ref>gẹ̄gn̥t</ref>
            <ref>gẹ̄ŋ̥k</ref>
          </xr>und kann auch diphthongiert auftreten
          <xr>
            <ref>gēign̥t</ref>
            <ref>gēiŋ̥k</ref>
          </xr>. Die Lautfolge -
          <c>gend</c>wird mannigfaltig aufgelöst. Meist schwand im bairisch-alemannischen Übergangsgebiet
          <xr>
            <ref>gẹ̄igət</ref>
          </xr>und mitunter im Mittelbairischen
          <xr>
            <ref>gẹ̄gɒd</ref>
          </xr>der Nasal. Im Südbairischen wurde dagegen der Vokal synkopiert
          <xr>
            <ref>gẹ̄gn̥t</ref>
          </xr>, dafür kann aber ein Reduktionsvokal im Auslaut auftreten
          <xr>
            <ref>gẹ̄gn̥tə</ref>
          </xr>. Der velare Plosiv und der silbische alveolare Plosiv verschmolzen teilweise im westlichen Süd- und gesamten Mittelbairischen zu einem silbischen velaren Nasal
          <xr>
            <ref>gẹ̄ŋ̥t</ref>
            <ref>gẹ̄ŋ̥d</ref>
          </xr>. Im westlichen Süd-, westlichen Südmittel- und Ostmittelbairischen konnte sich der auslautende alveolare Plosiv an den velaren Nasal angleichen
          <xr>
            <ref>gẹ̄ŋ̥k</ref>
            <ref>gẹ̄ŋ̥kə</ref>
          </xr>. Abfallen konnte der auslautende Plosiv dagegen im westlichen Südtirol
          <xr>
            <ref>gẹ̄gn̥</ref>
          </xr>oder im Industrieviertel
          <xr>
            <ref>gę̄iŋ</ref>
          </xr>. Formen im Südbairischen
          <xr>
            <ref>gẹ̄gnət</ref>
          </xr>oder im Industrieviertel
          <xr>
            <ref>gẹ̄iŋɒd</ref>
          </xr>, bei denen der Vokal dem Nasal folgt, sind entweder durch Metathese, Kontamination oder das verwandte mhd. Etymon
          <c>gegenōte</c>zu erklären.
        </note>
        <etym>
          <cit type="etymon">
            <lang>mhd.</lang>
            <form>
              <orth>gegende</orth>
            </form>
            <form>
              <orth>gegent</orth>
            </form>
            <def>Landschaft; Gebiet</def>
          </cit>
          <seg type="desc">ist, wie das anders gebildete</seg>
          <cit type="etymon">
            <lang>ahd.</lang>
            <form>
              <orth>geginōti</orth>
            </form>
            <date>13. Jh.</date>
          </cit>
          <cit type="etymon">
            <lang>mhd.</lang>
            <form>
              <orth>gegenōte</orth>
            </form>
          </cit>
          <seg type="desc">, eine Ableitung von der Präposition</seg>
          <cit type="etymon">
            <lang>ahd.</lang>
            <form>
              <orth>gagan</orth>
            </form>
            <form>
              <orth>gegin</orth>
            </form>
          </cit>
          <seg type="desc">, siehe</seg>
          <cit type="etymon">
            <xr type="lemma">
              <ref target="gegen.xml#gegen">gegen</ref>
            </xr>
          </cit>
        </etym>
        <sense>
          <sense>
            <sense>
              <def>Gebiet; Landschaft; Umgebung</def>
              <usg type="geo">
                <placeName type="bundesland" ref="/geodata-wboe.xml#p1A">STir.</placeName>
              </usg>
              <usg type="geo">
                <placeName type="grossregion" ref="/geodata-wboe.xml#p1B.0">OTir.</placeName>
              </usg>
              <usg type="geo">
                <placeName type="bundesland" ref="/geodata-wboe.xml#p1C">NTir.</placeName>
              </usg>
              <usg type="geo">
                <placeName type="grossregion" ref="/geodata-wboe.xml#p3.5">OStmk.</placeName>
              </usg>
              <usg type="geo">
                <placeName type="grossregion" ref="/geodata-wboe.xml#p4.3">Pong.</placeName>
              </usg>
              <usg type="geo">
                <placeName type="grossregion" ref="/geodata-wboe.xml#p4.5">Flachg.</placeName>
              </usg>
              <usg type="geo">
                <placeName type="bundesland" ref="/geodata-wboe.xml#p5">OÖ</placeName>
              </usg>
              <usg type="geo">
                <placeName type="grossregion" ref="/geodata-wboe.xml#p6.1">Mostv.</placeName>
              </usg>
              <usg type="geo">
                <placeName type="grossregion" ref="/geodata-wboe.xml#p6.2">Industriev.</placeName>
              </usg>
              <usg type="geo">
                <placeName type="grossregion" ref="/geodata-wboe.xml#p6.4">Weinv.</placeName>
              </usg>
              <cit type="example">
                <quote xml:lang="bar-AT">an eade gẹgnte</quote>
                <ref type="bibl" target="#TirolerWb">Tiroler Wb.
                  <citedRange>230</citedRange>
                </ref>
                <usg type="geo">
                  <placeName type="kleinregion" ref="/geodata-wboe.xml#p1A.4i">ob.STir.Pustert.</placeName>
                </usg>
              </cit>
              <cit type="example">
                <quote xml:lang="bar-AT">ȇ derȇ(h̄) göngt</quote>
                <usg type="geo">
                  <placeName type="kleinregion" ref="/geodata-wboe.xml#p5.1b">nördl.obInnv.</placeName>
                </usg>
              </cit>
              <cit type="example">
                <quote xml:lang="bar-AT">Leut vo all Gögndn und Lándá</quote>
                <usg type="geo">
                  <placeName type="gemeinde" ref="/geodata-wboe.xml#p5.1d14">Pramet</placeName>
                </usg>
              </cit>
              <cit type="example">
                <quote xml:lang="bar-AT">a schbǭde Gėŋd</quote>
                <usg type="geo">
                  <placeName type="gemeinde" ref="/geodata-wboe.xml#p6.1n02">Dunkelsteinerwald</placeName>
                </usg>
              </cit>
              <ptr type="collection" subtype="bedeutung" target="/collections-wboe.xml#c26759"/>
            </sense>
            <sense>
              <def type="umschreibung">Flurname</def>
              <usg type="geo">
                <placeName type="bundesland" ref="/geodata-wboe.xml#p1A">STir.</placeName>
              </usg>
              <usg type="geo">
                <placeName type="grossregion" ref="/geodata-wboe.xml#p1B.0">OTir.</placeName>
              </usg>
              <usg type="geo">
                <placeName type="bundesland" ref="/geodata-wboe.xml#p1C">NTir.</placeName>
              </usg>
              <usg type="geo">
                <placeName type="grossregion" ref="/geodata-wboe.xml#p2.2">MKtn.</placeName>
              </usg>
              <ptr type="collection" subtype="bedeutung" target="/collections-wboe.xml#c26760"/>
            </sense>
          </sense>
        </sense>
        <re>
          <form subtype="compound" type="lemma">
            <orth>Deutschgegend</orth>
          </form>
          <sense>
            <sense>
              <def type="umschreibung">Flurname; „die Dörfer am Gampen südlich von Tisens“</def>
              <usg type="geo">
                <placeName type="bundesland" ref="/geodata-wboe.xml#p1A">STir.</placeName>
              </usg>
              <usg type="geo">
                <placeName type="grossregion" ref="/geodata-wboe.xml#p1B.0">OTir.</placeName>
              </usg>
              <usg type="geo">
                <placeName type="bundesland" ref="/geodata-wboe.xml#p1C">NTir.</placeName>
              </usg>
              <ptr type="collection" subtype="bedeutung" target="/collections-wboe.xml#c26753"/>
            </sense>
          </sense>
        </re>
        <re>
          <form subtype="compound" type="lemma">
            <orth>Gebirgsgegend</orth>
          </form>
          <sense>
            <sense>
              <def type="umschreibung">Bezeichnung für einen Gebirgsstock</def>
              <usg type="geo">
                <placeName type="grossregion" ref="/geodata-wboe.xml#p5.2">Hausrv.</placeName>
              </usg>
              <ptr type="collection" subtype="bedeutung" target="/collections-wboe.xml#c26754"/>
            </sense>
          </sense>
        </re>
        <re>
          <form subtype="compound" type="lemma">
            <orth>Waldgegend</orth>
          </form>
          <sense>
            <sense>
              <def type="umschreibung">Bezeichnung für ein Gebiet mit großen Waldbeständen</def>
              <usg type="geo">
                <placeName type="grossregion" ref="/geodata-wboe.xml#p4.5">Flachg.</placeName>
              </usg>
              <ptr type="collection" subtype="bedeutung" target="/collections-wboe.xml#c26756"/>
            </sense>
          </sense>
        </re>
        <re>
          <form subtype="compound" type="lemma">
            <orth>Weltgegend</orth>
          </form>
          <sense>
            <sense>
              <def>Himmelsrichtung</def>
              <usg type="geo">
                <placeName type="grossregion" ref="/geodata-wboe.xml#p1C.3">öNTir.</placeName>
              </usg>
              <usg type="geo">
                <placeName type="grossregion" ref="/geodata-wboe.xml#p4.3">Pong.</placeName>
              </usg>
              <cit type="example">
                <quote xml:lang="bar-AT">do via Wätgǫ̈ngn</quote>
                <usg type="geo">
                  <placeName type="gemeinde" ref="/geodata-wboe.xml#p1C.3e06">Kufstein</placeName>
                </usg>
              </cit>
              <ptr type="collection" subtype="bedeutung" target="/collections-wboe.xml#c26752"/>
            </sense>
          </sense>
        </re>
        <re type="redewendung">
          <xr type="lemma">
            <ref>Gegend</ref>
          </xr>
          <form subtype="MWE" type="lemma">
            <orth>andere Gegend, andere Leute</orth>
          </form>
          <sense>
            <def type="umschreibung">Sprichwort</def>
            <usg type="geo">
              <placeName type="grossregion" ref="/geodata-wboe.xml#p6.1">Mostv.</placeName>
            </usg>
            <cit type="example">
              <quote xml:lang="bar-AT">Ondari Gegnd ondari Leut</quote>
              <usg type="geo">
                <placeName type="gemeinde" ref="/geodata-wboe.xml#p6.1q06">Pyhra</placeName>
              </usg>
            </cit>
            <ptr type="collection" subtype="bedeutung" target="/collections-wboe.xml#c26776"/>
          </sense>
        </re>
        <re type="redewendung">
          <form subtype="MWE" type="lemma">
            <orth>das hat keine Gegend</orth>
          </form>
          <sense>
            <def>das ist aussichtslos</def>
            <usg type="geo">
              <placeName type="bundesland" ref="/geodata-wboe.xml#p1A">STir.</placeName>
            </usg>
            <cit type="example">
              <quote xml:lang="bar-AT">sell hat Koa Gegend</quote>
              <usg type="geo">
                <placeName type="bundesland" ref="/geodata-wboe.xml#p1A">STir.</placeName>
              </usg>
            </cit>
            <ref type="bibl" target="#Bredenbrücker1901">STirId. 1901
              <citedRange>289</citedRange>
            </ref>
            <ptr type="collection" subtype="bedeutung" target="/collections-wboe.xml#c26777"/>
          </sense>
        </re>
        <re type="redewendung">
          <form subtype="MWE" type="lemma">
            <orth>Keine Gegend!</orth>
          </form>
          <sense>
            <def>bei weitem nicht; nicht entfernt (trifft etwas zu)</def>
            <usg type="geo">
              <placeName type="bundesland" ref="/geodata-wboe.xml#p1A">STir.</placeName>
            </usg>
            <usg type="geo">
              <placeName type="grossregion" ref="/geodata-wboe.xml#p1B.0">OTir.</placeName>
            </usg>
            <usg type="geo">
              <placeName type="bundesland" ref="/geodata-wboe.xml#p1C">NTir.</placeName>
            </usg>
            <cit type="example">
              <quote xml:lang="bar-AT">keine gêge't!</quote>
              <ref type="bibl" target="#TirolischesId1866">Tirolisches Id. 1866
                <citedRange>182</citedRange>
              </ref>
            </cit>
            <cit type="example">
              <quote xml:lang="bar-AT">kuɛⁿ gẹigɛt</quote>
              <ref type="bibl" target="#TirolerWb">Tiroler Wb.
                <citedRange>230</citedRange>
              </ref>
              <usg type="geo">
                <placeName type="kleinregion" ref="/geodata-wboe.xml#p1C.1m">obstObInnt.</placeName>
              </usg>
            </cit>
            <ptr type="collection" subtype="bedeutung" target="/collections-wboe.xml#c26762"/>
          </sense>
        </re>
        <re type="redewendung">
          <form subtype="MWE" type="lemma">
            <orth>um die Gegend</orth>
          </form>
          <sense>
            <def>ungefähr</def>
            <usg type="geo">
              <placeName type="grossregion" ref="/geodata-wboe.xml#p1A.4">öSTir.</placeName>
            </usg>
            <usg type="geo">
              <placeName type="grossregion" ref="/geodata-wboe.xml#p1B.0">OTir.</placeName>
            </usg>
            <cit type="example">
              <quote xml:lang="bar-AT">um di gẹgnte</quote>
              <ref type="bibl" target="#TirolerWb">Tiroler Wb.
                <citedRange>230</citedRange>
              </ref>
              <usg type="geo">
                <placeName type="kleinregion" ref="/geodata-wboe.xml#p1A.4i">ob.STir.Pustert.</placeName>
              </usg>
            </cit>
            <ptr type="collection" subtype="bedeutung" target="/collections-wboe.xml#c26775"/>
          </sense>
        </re>
        <re type="redewendung">
          <xr type="variant" subtype="MWE">
            <ref>Weltgegend</ref>
          </xr>
          <form subtype="MWE" type="lemma">
            <orth>Der kommt alle Weltgegenden aus!</orth>
          </form>
          <sense>
            <def type="umschreibung">wird über unstete Leute gesagt, besonders über Dienstleute, die häufig ihre Arbeitgeber wechseln / viel herumkommen</def>
            <usg type="geo">
              <placeName type="grossregion" ref="/geodata-wboe.xml#p1C.3">öNTir.</placeName>
            </usg>
            <cit type="example">
              <quote xml:lang="bar-AT">dea kimb ǫö Wätgǫ̈ngn aus!</quote>
              <usg type="geo">
                <placeName type="gemeinde" ref="/geodata-wboe.xml#p1C.3e06">Kufstein</placeName>
              </usg>
            </cit>
            <ptr type="collection" subtype="bedeutung" target="/collections-wboe.xml#c26757"/>
          </sense>
        </re>
      </entry>
    </body>
  </text>
</TEI>