<?xml version="1.0" encoding="UTF-8"?>
    <?xml-model href="http://www.tei-c.org/release/xml/tei/custom/schema/relaxng/tei_all.rng" type="application/xml" schematypens="http://purl.oclc.org/dsdl/schematron"?>
    <?xml-model href="../../803_RNG-schematron/WBOE-ODD.rnc" type="application/relax-ng-compact-syntax"?>
<?redaktionstool version="0.8.2" ?>
<?parser type="lioe" version="0.8.2" ?>
<TEI xmlns="http://www.tei-c.org/ns/1.0">
  <teiHeader>
    <fileDesc>
      <titleStmt>
        <title>Geiger</title>
        <respStmt>
          <resp>Editor</resp>
          <name ref="#SW">Sabine Wahl</name>
        </respStmt>
        <respStmt>
          <resp>Encoding Scheme</resp>
          <name>Jack Bowers</name>
          <name>Daniel Schopper</name>
          <name>Omar Siam</name>
        </respStmt>
        <respStmt>
          <resp>DBOE Team</resp>
          <name xml:id="AL">Alexandra N. Lenz</name>
          <name xml:id="PhS">Philipp Stöckle</name>
          <name xml:id="AG">Andreas Gellan</name>
          <name xml:id="PZ">Patrick Zeitlhuber</name>
          <name xml:id="SW">Sabine Wahl</name>
          <name xml:id="SS">Sonja Schwaiger</name>
          <name xml:id="AB">Angela Bergermayer</name>
          <name xml:id="EW">Eva Wahlmüller</name>
          <name xml:id="DG">David Gschösser</name>
          <name xml:id="StS">Stefanie Schöberl</name>
          <name xml:id="FF">Fabian Fleißner</name>
          <name xml:id="MK">Markus Kunzmann</name>
          <name xml:id="AK">Agnes Kim</name>
          <name xml:id="IG">Ingeborg Geyer</name>
          <name xml:id="MG">Manfred Glauninger</name>
        </respStmt>
        <respStmt>
          <resp>Student assistants</resp>
          <name>Susanna Muhr</name>
          <name>Manuela Stütz</name>
          <name>Christina Hemetsberger</name>
        </respStmt>
      </titleStmt>
      <publicationStmt>
        <p></p>
      </publicationStmt>
      <sourceDesc>
        <list>
          <item>
            <label>Geo-data</label>
            <ptr xml:id="geo-inventory-WBOE" target="../geodata-wboe.xml"/>
          </item>
          <item>
            <label>Bibliography</label>
            <ptr xml:id="bibliography-WBOE" target="../bibl-wboe.xml"/>
          </item>
          <item>
            <label>WBOE-Slips</label>
            <ptr xml:id="slips-WBOE" target="../slips-wboe.xml"/>
          </item>
          <item>
            <label>WBOE-Collections</label>
            <ptr xml:id="collections-WBOE" target="../collections-wboe.xml"/>
          </item>
        </list>
      </sourceDesc>
    </fileDesc>
    <revisionDesc>
      <listChange>
        <change status="in progress" when="2022-03-28" who="#SW">Datensatz erstellt</change>
        <change status="peer correction" when="2022-03-28" who="#SW">V1</change>
        <change status="peer correction" when="2022-10-12" who="#PZ">LK eingefügt</change>
      </listChange>
    </revisionDesc>
  </teiHeader>
  <text>
    <body>
      <entry>
        <form type="lemma" xml:id="Geiger">
          <orth>Geiger</orth>
          <ptr type="collection" subtype="lemma" target="/collections-wboe.xml#c25291"/>
        </form>
        <gramGrp>
          <gram type="pos">Substantiv</gram>
          <gram type="gender">Maskulinum</gram>
        </gramGrp>
        <form type="variant" subtype="diminutive" xml:id="Geigerlein">
          <orth>Geigerlein</orth>
          <gramGrp>
            <gram type="gender">Neutrum</gram>
          </gramGrp>
        </form>
        <form type="variant" subtype="movierung" xml:id="Geigerin">
          <orth>Geigerin</orth>
          <gramGrp>
            <gram type="gender">Femininum</gram>
          </gramGrp>
        </form>
        <usg type="geo">
          <placeName type="bundesland" ref="/geodata-wboe.xml#p1A">STir.</placeName>
        </usg>
        <usg type="geo">
          <placeName type="grossregion" ref="/geodata-wboe.xml#p1B.0">OTir.</placeName>
        </usg>
        <usg type="geo">
          <placeName type="bundesland" ref="/geodata-wboe.xml#p1C">NTir.</placeName>
        </usg>
        <usg type="geo">
          <placeName type="bundesland" ref="/geodata-wboe.xml#p2">Ktn.</placeName>
        </usg>
        <usg type="geo">
          <placeName type="bundesland" ref="/geodata-wboe.xml#p3">Stmk.</placeName>
        </usg>
        <usg type="geo">
          <placeName type="bundesland" ref="/geodata-wboe.xml#p5">OÖ</placeName>
        </usg>
        <usg type="geo">
          <placeName type="grossregion" ref="/geodata-wboe.xml#p6.1">Mostv.</placeName>
        </usg>
        <usg type="geo">
          <placeName type="grossregion" ref="/geodata-wboe.xml#p6.4">Weinv.</placeName>
        </usg>
        <usg type="geo">
          <placeName type="grossregion" ref="/geodata-wboe.xml#p6.5">Wien</placeName>
        </usg>
        <usg type="geo">
          <placeName type="grossregion" ref="/geodata-wboe.xml#p7.2">MBgl.</placeName>
        </usg>
        <note type="kommentar" resp="#PZ">Der auf mhd.
          <c>ī</c>zurückgehende Stammvokal wurde im gesamten Verbreitungsgebiet zu
          <c>ai</c>diphthongiert
          <xr>
            <ref>gaįgər</ref>
            <ref>gaįgɒ</ref>
          </xr>. Der Vokal der auslautenden Silbe wurde überall reduziert. Während im westlichen Südbairischen der auslautende Liquid gelegentlich erhalten blieb
          <xr>
            <ref>gaįgər</ref>
            <ref>gaįgɒr</ref>
          </xr>, wurde dieser ansonsten vokalisiert und verschmolz mit dem Vokal
          <xr>
            <ref>gaįgɒ</ref>
          </xr>. Manchmal wurde im Südbairischen der Vokal getilgt, wodurch das
          <c>r</c>silbisch wurde
          <xr>
            <ref>gaįgr̥</ref>
          </xr>. Im Ostmittelbairischen findet sich gelegentlich der Einschub eines Nasals
          <xr>
            <ref>gaįŋɒ</ref>
          </xr>.
        </note>
        <etym>
          <cit type="etymon">
            <lang>mhd.</lang>
            <form>
              <orth>gīgære</orth>
            </form>
            <form>
              <orth>gīger</orth>
            </form>
            <def>Geiger</def>
          </cit>
          <ref type="bibl" subtype="online">
            <lbl>vgl.</lbl>Lexer online
            <xr type="lemma">
              <ref>gîggære, gîger</ref>
              <date type="accessed">28.03.2022</date>
            </xr>
          </ref>
          <seg type="desc">; Ableitung von</seg>
          <cit type="etymon">
            <xr type="lemma">
              <ref target="geigen.xml#geigen">geigen</ref>
            </xr>
          </cit>
          <seg type="desc">,</seg>
          <cit type="etymon">
            <xr type="lemma">
              <lbl>s. auch</lbl>
              <ref target="Geige.xml#Geige">Geige</ref>
            </xr>
          </cit>
        </etym>
        <sense>
          <sense>
            <def>Violinist; Person, die Geige spielt</def>
            <usg type="geo">
              <placeName type="grossregion" ref="/geodata-wboe.xml#p1C.2">mNTir.</placeName>
            </usg>
            <usg type="geo">
              <placeName type="grossregion" ref="/geodata-wboe.xml#p2.1">ObKtn.</placeName>
            </usg>
            <usg type="geo">
              <placeName type="bundesland" ref="/geodata-wboe.xml#p3">Stmk.</placeName>
            </usg>
            <usg type="geo">
              <placeName type="grossregion" ref="/geodata-wboe.xml#p5.3">Traunv.</placeName>
            </usg>
            <usg type="geo">
              <placeName type="grossregion" ref="/geodata-wboe.xml#p5.4">Mühlv.</placeName>
            </usg>
            <usg type="geo">
              <placeName type="grossregion" ref="/geodata-wboe.xml#p6.4">Weinv.</placeName>
            </usg>
            <ptr type="collection" subtype="bedeutung" target="/collections-wboe.xml#c25736"/>
          </sense>
          <sense>
            <def>schlechter Knoten</def>
            <usg>(fachsprachlich; Schiffersprache)</usg>
            <usg type="geo">
              <placeName type="bundesland" ref="/geodata-wboe.xml#p5">OÖ</placeName>
            </usg>
            <ptr type="collection" subtype="bedeutung" target="/collections-wboe.xml#c25739"/>
          </sense>
          <sense>
            <def>Goldlaufkäfer; Carabus auratus</def>
            <usg type="geo">
              <placeName type="bundesland" ref="/geodata-wboe.xml#p3">Stmk.</placeName>
            </usg>
            <ptr type="collection" subtype="bedeutung" target="/collections-wboe.xml#c25740"/>
          </sense>
          <sense>
            <def type="umschreibung">Familienname</def>
            <usg type="geo">
              <placeName type="grossregion" ref="/geodata-wboe.xml#p3.2">mbair.ObStmk.</placeName>
            </usg>
            <ptr type="collection" subtype="bedeutung" target="/collections-wboe.xml#c25741"/>
          </sense>
          <sense>
            <xr type="lemma" subtype="movierung">
              <lbl>nur</lbl>
              <ref target="#Geigerin">Geigerin</ref>
            </xr>
            <def>Dirne; mannstolles Weib</def>
            <usg>(gaunersprachlich)</usg>
            <usg type="geo">
              <placeName type="grossregion" ref="/geodata-wboe.xml#p6.5">Wien</placeName>
            </usg>
            <ptr type="collection" subtype="bedeutung" target="/collections-wboe.xml#c25738"/>
          </sense>
        </sense>
        <re>
          <form subtype="compound" type="lemma">
            <orth>Altgeiger</orth>
          </form>
          <sense>
            <sense>
              <def>Bratschist; Violaspieler</def>
              <usg type="geo">
                <placeName type="grossregion" ref="/geodata-wboe.xml#p2.2">MKtn.</placeName>
              </usg>
              <ptr type="collection" subtype="bedeutung" target="/collections-wboe.xml#c25737"/>
            </sense>
          </sense>
        </re>
        <re>
          <form subtype="compound" type="lemma">
            <orth>Bassgeiger</orth>
          </form>
          <sense>
            <sense>
              <def>Cellist</def>
              <usg type="geo">
                <placeName type="grossregion" ref="/geodata-wboe.xml#p6.4">Weinv.</placeName>
              </usg>
              <ptr type="collection" subtype="bedeutung" target="/collections-wboe.xml#c25753"/>
            </sense>
          </sense>
        </re>
        <re>
          <form subtype="compound" type="lemma">
            <orth>Bratelgeiger</orth>
          </form>
          <sense>
            <sense>
              <sense>
                <def>Wirtshausmusikant; Dorfmusikant; Tanzmusiker; (fahrender) Musikant, der bei verschiedenen Festen (z. B. Kirchtag, Hochzeit) aufspielt</def>
                <usg type="geo">
                  <placeName type="grossregion" ref="/geodata-wboe.xml#p2.2">MKtn.</placeName>
                </usg>
                <usg type="geo">
                  <placeName type="bundesland" ref="/geodata-wboe.xml#p3">Stmk.</placeName>
                </usg>
                <usg type="geo">
                  <placeName type="grossregion" ref="/geodata-wboe.xml#p5.1">Innv.</placeName>
                </usg>
                <usg type="geo">
                  <placeName type="grossregion" ref="/geodata-wboe.xml#p5.2">Hausrv.</placeName>
                </usg>
                <usg type="geo">
                  <placeName type="grossregion" ref="/geodata-wboe.xml#p5.4">Mühlv.</placeName>
                </usg>
                <usg type="geo">
                  <placeName type="grossregion" ref="/geodata-wboe.xml#p6.4">Weinv.</placeName>
                </usg>
                <usg type="geo">
                  <placeName type="grossregion" ref="/geodata-wboe.xml#p6.5">Wien</placeName>
                </usg>
                <ptr type="collection" subtype="bedeutung" target="/collections-wboe.xml#c25756"/>
              </sense>
              <sense>
                <def>schlechter Geiger, Musikant</def>
                <usg type="geo">
                  <placeName type="bundesland" ref="/geodata-wboe.xml#p2">Ktn.</placeName>
                </usg>
                <usg type="geo">
                  <placeName type="grossregion" ref="/geodata-wboe.xml#p3.3">WStmk.</placeName>
                </usg>
                <usg type="geo">
                  <placeName type="grossregion" ref="/geodata-wboe.xml#p5.1">Innv.</placeName>
                </usg>
                <usg type="geo">
                  <placeName type="grossregion" ref="/geodata-wboe.xml#p6.5">Wien</placeName>
                </usg>
                <ptr type="collection" subtype="bedeutung" target="/collections-wboe.xml#c25757"/>
              </sense>
            </sense>
          </sense>
        </re>
        <re>
          <form subtype="compound" type="lemma">
            <orth>Flanegeiger</orth>
          </form>
          <sense>
            <sense>
              <def>Kriecher</def>
              <usg type="geo">
                <placeName type="bundesland" ref="/geodata-wboe.xml#p1A">STir.</placeName>
              </usg>
              <usg type="geo">
                <placeName type="grossregion" ref="/geodata-wboe.xml#p1B.0">OTir.</placeName>
              </usg>
              <usg type="geo">
                <placeName type="bundesland" ref="/geodata-wboe.xml#p1C">NTir.</placeName>
              </usg>
              <ptr type="collection" subtype="bedeutung" target="/collections-wboe.xml#c25743"/>
            </sense>
          </sense>
        </re>
        <re>
          <form subtype="compound" type="lemma">
            <orth>Großgeiger</orth>
          </form>
          <sense>
            <sense>
              <def>Primgeiger</def>
              <usg type="geo">
                <placeName type="grossregion" ref="/geodata-wboe.xml#p3.4">MStmk.</placeName>
              </usg>
              <ptr type="collection" subtype="bedeutung" target="/collections-wboe.xml#c25744"/>
            </sense>
          </sense>
        </re>
        <re>
          <form subtype="compound" type="lemma">
            <orth>Haderngeiger</orth>
          </form>
          <sense>
            <sense>
              <def type="umschreibung">Schimpfwort wie Haderlump</def>
              <usg type="geo">
                <placeName type="grossregion" ref="/geodata-wboe.xml#p5.1">Innv.</placeName>
              </usg>
              <ptr type="collection" subtype="bedeutung" target="/collections-wboe.xml#c25745"/>
            </sense>
          </sense>
        </re>
        <re>
          <form subtype="compound" type="lemma">
            <orth>Hennengeiger</orth>
          </form>
          <form subtype="compound" type="lemma">
            <orth>Hendlgeiger</orth>
          </form>
          <sense>
            <sense>
              <def>schlechter Geiger, Musiker</def>
              <usg type="geo">
                <placeName type="bundesland" ref="/geodata-wboe.xml#p1A">STir.</placeName>
              </usg>
              <usg type="geo">
                <placeName type="grossregion" ref="/geodata-wboe.xml#p1B.0">OTir.</placeName>
              </usg>
              <usg type="geo">
                <placeName type="bundesland" ref="/geodata-wboe.xml#p1C">NTir.</placeName>
              </usg>
              <usg type="geo">
                <placeName type="grossregion" ref="/geodata-wboe.xml#p7.2">MBgl.</placeName>
              </usg>
              <ptr type="collection" subtype="bedeutung" target="/collections-wboe.xml#c25746"/>
            </sense>
            <sense>
              <sense>
                <def>Italiener</def>
                <usg type="geo">
                  <placeName type="bundesland" ref="/geodata-wboe.xml#p1A">STir.</placeName>
                </usg>
                <usg type="geo">
                  <placeName type="grossregion" ref="/geodata-wboe.xml#p1B.0">OTir.</placeName>
                </usg>
                <usg type="geo">
                  <placeName type="bundesland" ref="/geodata-wboe.xml#p1C">NTir.</placeName>
                </usg>
                <ptr type="collection" subtype="bedeutung" target="/collections-wboe.xml#c25747"/>
              </sense>
              <sense>
                <def>welscher Geflügelhändler</def>
                <usg type="geo">
                  <placeName type="grossregion" ref="/geodata-wboe.xml#p1A.2">mSTir.</placeName>
                </usg>
                <ptr type="collection" subtype="bedeutung" target="/collections-wboe.xml#c25748"/>
              </sense>
            </sense>
          </sense>
        </re>
        <re>
          <form subtype="compound" type="lemma">
            <orth>Hochzeitgeiger</orth>
          </form>
          <sense>
            <sense>
              <def>Musikanten, die auf eienr Hochzeit spielen</def>
              <usg type="geo">
                <placeName type="grossregion" ref="/geodata-wboe.xml#p3.4">MStmk.</placeName>
              </usg>
              <usg type="geo">
                <placeName type="grossregion" ref="/geodata-wboe.xml#p3.3">WStmk.</placeName>
              </usg>
              <ptr type="collection" subtype="bedeutung" target="/collections-wboe.xml#c25749"/>
            </sense>
          </sense>
        </re>
        <re>
          <form subtype="compound" type="lemma">
            <orth>Lichtmessgeiger</orth>
          </form>
          <sense>
            <sense>
              <def>Musikant, der zur Lichtmesszeit (02. Februar) umherzieht und Gaben sammelt bzw. Glückwünsche überbringt</def>
              <usg type="geo">
                <placeName type="bundesland" ref="/geodata-wboe.xml#p3">Stmk.</placeName>
              </usg>
              <ptr type="collection" subtype="bedeutung" target="/collections-wboe.xml#c25750"/>
            </sense>
          </sense>
        </re>
        <re>
          <form subtype="compound" type="lemma">
            <orth>Manegeiger</orth>
          </form>
          <sense>
            <sense>
              <def>der Mann im Mond</def>
              <usg type="geo">
                <placeName type="bundesland" ref="/geodata-wboe.xml#p1A">STir.</placeName>
              </usg>
              <usg type="geo">
                <placeName type="grossregion" ref="/geodata-wboe.xml#p1B.0">OTir.</placeName>
              </usg>
              <usg type="geo">
                <placeName type="bundesland" ref="/geodata-wboe.xml#p1C">NTir.</placeName>
              </usg>
              <ptr type="collection" subtype="bedeutung" target="/collections-wboe.xml#c25751"/>
            </sense>
          </sense>
        </re>
        <re>
          <form subtype="compound" type="lemma">
            <orth>Neujahrgeiger</orth>
          </form>
          <sense>
            <sense>
              <def>Dorfmusikant, der zu Neujahr spielend von Haus zu Haus zieht und Glückwünsche überbringt</def>
              <usg type="geo">
                <placeName type="bundesland" ref="/geodata-wboe.xml#p3">Stmk.</placeName>
              </usg>
              <ptr type="collection" subtype="bedeutung" target="/collections-wboe.xml#c25752"/>
            </sense>
          </sense>
        </re>
        <re>
          <form subtype="compound" type="lemma">
            <orth>Pfandlgeiger</orth>
          </form>
          <sense>
            <sense>
              <sense>
                <def>Gelegenheitsmusikant</def>
                <usg type="geo">
                  <placeName type="bundesland" ref="/geodata-wboe.xml#p1A">STir.</placeName>
                </usg>
                <ptr type="collection" subtype="bedeutung" target="/collections-wboe.xml#c25754"/>
              </sense>
              <sense>
                <def>schlechter Geiger</def>
                <usg type="geo">
                  <placeName type="grossregion" ref="/geodata-wboe.xml#p1A.2">mSTir.</placeName>
                </usg>
                <ptr type="collection" subtype="bedeutung" target="/collections-wboe.xml#c25755"/>
              </sense>
            </sense>
          </sense>
        </re>
        <re>
          <form subtype="compound" type="lemma">
            <orth>Tanzgeiger</orth>
            <gramGrp>
              <usg>(Plural)</usg>
            </gramGrp>
          </form>
          <sense>
            <sense>
              <def>volkstümliche Musikanten</def>
              <usg type="geo">
                <placeName type="grossregion" ref="/geodata-wboe.xml#p6.5">Wien</placeName>
              </usg>
              <ptr type="collection" subtype="bedeutung" target="/collections-wboe.xml#c25758"/>
            </sense>
          </sense>
        </re>
        <re>
          <form subtype="compound" type="lemma">
            <orth>Tanzlgeiger</orth>
          </form>
          <sense>
            <sense>
              <def>Tanzgeiger, der gegen Geld zum Tanz aufspielt</def>
              <usg>(abwertend)</usg>
              <usg type="geo">
                <placeName type="grossregion" ref="/geodata-wboe.xml#p5.1">Innv.</placeName>
              </usg>
              <ptr type="collection" subtype="bedeutung" target="/collections-wboe.xml#c25759"/>
            </sense>
          </sense>
        </re>
        <re>
          <form subtype="compound" type="lemma">
            <orth>Wurstgeiger</orth>
          </form>
          <sense>
            <sense>
              <def>Musikant; Bratelgeiger</def>
              <usg type="geo">
                <placeName type="grossregion" ref="/geodata-wboe.xml#p2.2">MKtn.</placeName>
              </usg>
              <usg type="geo">
                <placeName type="bundesland" ref="/geodata-wboe.xml#p3">Stmk.</placeName>
              </usg>
              <ptr type="collection" subtype="bedeutung" target="/collections-wboe.xml#c25760"/>
            </sense>
          </sense>
        </re>
        <re type="redewendung">
          <form subtype="MWE" type="lemma">
            <orth>ein blinder Geiger sein</orth>
          </form>
          <sense>
            <def>herumtappen und herumraten ohne das Gesuchte zu finden</def>
            <usg type="geo">
              <?comment check: Unterforcher, Programm Eger (1887); Steinhauser9 ?>
              <placeName></placeName>
            </usg>
            <cit type="example">
              <quote xml:lang="bar-AT">du bist a blinda Geiga</quote>
              <ref type="bibl"></ref>
              <usg type="geo">
                <placeName></placeName>
              </usg>
            </cit>
            <ptr type="collection" subtype="bedeutung" target="/collections-wboe.xml#c25742"/>
          </sense>
        </re>
      </entry>
    </body>
  </text>
</TEI>