<?xml version="1.0" encoding="UTF-8"?>
    <?xml-model href="http://www.tei-c.org/release/xml/tei/custom/schema/relaxng/tei_all.rng" type="application/xml" schematypens="http://purl.oclc.org/dsdl/schematron"?>
    <?xml-model href="../../803_RNG-schematron/WBOE-ODD.rnc" type="application/relax-ng-compact-syntax"?>
<?redaktionstool version="0.8.1" ?>
<?parser type="lioe" version="0.8.0" ?>
<TEI xmlns="http://www.tei-c.org/ns/1.0">
  <teiHeader>
    <fileDesc>
      <titleStmt>
        <title>Geseres</title>
        <respStmt>
          <resp>Editor</resp>
          <name ref="#EW">Eva Wahlmüller</name>
        </respStmt>
        <respStmt>
          <resp>Encoding Scheme</resp>
          <name>Jack Bowers</name>
          <name>Daniel Schopper</name>
          <name>Omar Siam</name>
        </respStmt>
        <respStmt>
          <resp>DBOE Team</resp>
          <name xml:id="AL">Alexandra N. Lenz</name>
          <name xml:id="PhS">Philipp Stöckle</name>
          <name xml:id="AG">Andreas Gellan</name>
          <name xml:id="PZ">Patrick Zeitlhuber</name>
          <name xml:id="SW">Sabine Wahl</name>
          <name xml:id="SS">Sonja Schwaiger</name>
          <name xml:id="AB">Angela Bergermayer</name>
          <name xml:id="EW">Eva Wahlmüller</name>
          <name xml:id="DG">David Gschösser</name>
          <name xml:id="StS">Stefanie Schöberl</name>
          <name xml:id="FF">Fabian Fleißner</name>
          <name xml:id="MK">Markus Kunzmann</name>
        </respStmt>
        <respStmt>
          <resp>Student assistants</resp>
          <name>Susanna Muhr</name>
          <name>Manuela Stütz</name>
          <name>Christina Hemetsberger</name>
        </respStmt>
      </titleStmt>
      <publicationStmt>
        <p></p>
      </publicationStmt>
      <sourceDesc>
        <list>
          <item>
            <label>Geo-data</label>
            <ptr xml:id="geo-inventory-WBOE" target="../geodata-wboe.xml"/>
          </item>
          <item>
            <label>Bibliography</label>
            <ptr xml:id="bibliography-WBOE" target="../bibl-wboe.xml"/>
          </item>
          <item>
            <label>WBOE-Slips</label>
            <ptr xml:id="slips-WBOE" target="../slips-wboe.xml"/>
          </item>
          <item>
            <label>WBOE-Collections</label>
            <ptr xml:id="collections-WBOE" target="../collections-wboe.xml"/>
          </item>
        </list>
      </sourceDesc>
    </fileDesc>
    <revisionDesc>
      <listChange>
        <change status="peer correction" when="2022-06-27" who="#EW">Datensatz erstellt</change>
        <change status="peer correction" when="2022-08-01" who="#EW">keine Anmerkungen DG; warten auf LK</change>
        <change status="internal correction" when="2022-10-31" who="#PZ">LK eingefügt</change>
        <change status="external correction" when="2023-01-09" who="#EW">keine Anmerkung Manzi</change>
        <change status="finished" when="2023-01-17" who="#EW">keine Anmerkungen JE</change>
      </listChange>
    </revisionDesc>
  </teiHeader>
  <text>
    <body>
      <entry>
        <form type="lemma" xml:id="Geseres">
          <orth>Geseres</orth>
          <ptr type="collection" subtype="lemma" target="/collections-wboe.xml#c27288"/>
        </form>
        <gramGrp>
          <gram type="pos">Substantiv</gram>
          <gram type="gender">Neutrum</gram>
        </gramGrp>
        <usg type="geo">
          <placeName type="grossregion" ref="/geodata-wboe.xml#p3.4">MStmk.</placeName>
        </usg>
        <usg type="geo">
          <placeName type="grossregion" ref="/geodata-wboe.xml#p6.2">Industriev.</placeName>
        </usg>
        <usg type="geo">
          <placeName type="grossregion" ref="/geodata-wboe.xml#p6.4">Weinv.</placeName>
        </usg>
        <usg type="geo">
          <placeName type="grossregion" ref="/geodata-wboe.xml#p6.5">Wien</placeName>
        </usg>
        <usg type="geo">
          <placeName type="grossregion" ref="/geodata-wboe.xml#p7.2">MBgl.</placeName>
        </usg>
        <note type="kommentar" resp="#PZ">Der Vokal der ersten Silbe wurde überall getilgt, wodurch der Plosiv durch Assimilation an den Sibilanten zur Fortis wurde. Das
          <c>e</c>der zweiten Silbe wird lange und offen realisiert
          <xr>
            <ref>kßę̄rəs</ref>
          </xr>, wobei häufig zwischen Vokal und Liquid ein Gleitlaut eingeschoben wurde
          <xr>
            <ref>kßę̄ɒrəs</ref>
            <ref>kßę̄ɒrɒs</ref>
          </xr>. In der auslautenden Silbe finden sich reduzierte Vokale unterschiedlicher Qualität.
        </note>
        <etym>
          <cit type="etymon">
            <form>
              <orth>Geseire(s)</orth>
            </form>
            <form>
              <orth>Geseier</orth>
            </form>
            <def>Geschwätz</def>
            <date>19. Jh.</date>
          </cit>
          <seg type="desc">über das
            <lang>Rotwelsche</lang>aus dem
          </seg>
          <cit type="etymon">
            <lang>westjiddischen</lang>
            <form>
              <orth>geseire</orth>
            </form>
            <def>böser Zustand; Verhängnis</def>
          </cit>
          <seg type="desc">ins Deutsche übertragen. Die Bedeutung kommt wohl vom</seg>
          <cit type="etymon">
            <def>Klagen über die verhängnisvolle Lage</def>
          </cit>
          <seg type="desc">.
            <ref type="bibl" target="#Kluge2011">
              <lbl>vgl.</lbl>Kluge 2011
              <citedRange>354</citedRange>
            </ref>
          </seg>
        </etym>
        <sense>
          <sense>
            <def>Geschwätz; Gerede; Geschrei; Gejammer; Lärm</def>
            <usg type="geo">
              <placeName type="grossregion" ref="/geodata-wboe.xml#p3.4">MStmk.</placeName>
            </usg>
            <usg type="geo">
              <placeName type="grossregion" ref="/geodata-wboe.xml#p6.2">Industriev.</placeName>
            </usg>
            <usg type="geo">
              <placeName type="grossregion" ref="/geodata-wboe.xml#p6.4">Weinv.</placeName>
            </usg>
            <usg type="geo">
              <placeName type="grossregion" ref="/geodata-wboe.xml#p6.5">Wien</placeName>
            </usg>
            <usg type="geo">
              <placeName type="grossregion" ref="/geodata-wboe.xml#p7.2">MBgl.</placeName>
            </usg>
            <cit type="example">
              <quote xml:lang="bar-AT">'s ewige G'seerás</quote>
              <ref type="bibl" target="#Nagl1909">Nagl 1909
                <citedRange>118</citedRange>
              </ref>
              <usg type="geo">
                <placeName type="gemeinde" ref="/geodata-wboe.xml#p6.2j13">Natschbach-Loipersbach</placeName>
              </usg>
            </cit>
            <cit type="example">
              <quote xml:lang="bar-AT">is dés a Xéras!</quote>
              <usg type="geo">
                <placeName type="grossregion" ref="/geodata-wboe.xml#p6.5">Wien</placeName>
              </usg>
            </cit>
            <ptr type="collection" subtype="bedeutung" target="/collections-wboe.xml#c27386"/>
          </sense>
        </sense>
      </entry>
    </body>
  </text>
</TEI>