<?xml version="1.0" encoding="UTF-8"?>
    <?xml-model href="http://www.tei-c.org/release/xml/tei/custom/schema/relaxng/tei_all.rng" type="application/xml" schematypens="http://purl.oclc.org/dsdl/schematron"?>
    <?xml-model href="../../803_RNG-schematron/WBOE-ODD.rnc" type="application/relax-ng-compact-syntax"?>
<?redaktionstool version="0.8.2" ?>
<?parser type="lioe" version="0.8.2" ?>
<TEI xmlns="http://www.tei-c.org/ns/1.0">
  <teiHeader>
    <fileDesc>
      <titleStmt>
        <title>Gicht</title>
        <respStmt>
          <resp>Editor</resp>
          <name ref="#EW">Eva Wahlmüller</name>
        </respStmt>
        <respStmt>
          <resp>Encoding Scheme</resp>
          <name>Jack Bowers</name>
          <name>Daniel Schopper</name>
          <name>Omar Siam</name>
        </respStmt>
        <respStmt>
          <resp>DBOE Team</resp>
          <name xml:id="AL">Alexandra N. Lenz</name>
          <name xml:id="PhS">Philipp Stöckle</name>
          <name xml:id="AG">Andreas Gellan</name>
          <name xml:id="PZ">Patrick Zeitlhuber</name>
          <name xml:id="SW">Sabine Wahl</name>
          <name xml:id="SS">Sonja Schwaiger</name>
          <name xml:id="AB">Angela Bergermayer</name>
          <name xml:id="EW">Eva Wahlmüller</name>
          <name xml:id="DG">David Gschösser</name>
          <name xml:id="StS">Stefanie Schöberl</name>
          <name xml:id="FF">Fabian Fleißner</name>
          <name xml:id="MK">Markus Kunzmann</name>
          <name xml:id="AK">Agnes Kim</name>
          <name xml:id="IG">Ingeborg Geyer</name>
          <name xml:id="MG">Manfred Glauninger</name>
        </respStmt>
        <respStmt>
          <resp>Student assistants</resp>
          <name>Susanna Muhr</name>
          <name>Manuela Stütz</name>
          <name>Christina Hemetsberger</name>
        </respStmt>
      </titleStmt>
      <publicationStmt>
        <p></p>
      </publicationStmt>
      <sourceDesc>
        <list>
          <item>
            <label>Geo-data</label>
            <ptr xml:id="geo-inventory-WBOE" target="../geodata-wboe.xml"/>
          </item>
          <item>
            <label>Bibliography</label>
            <ptr xml:id="bibliography-WBOE" target="../bibl-wboe.xml"/>
          </item>
          <item>
            <label>WBOE-Slips</label>
            <ptr xml:id="slips-WBOE" target="../slips-wboe.xml"/>
          </item>
          <item>
            <label>WBOE-Collections</label>
            <ptr xml:id="collections-WBOE" target="../collections-wboe.xml"/>
          </item>
        </list>
      </sourceDesc>
    </fileDesc>
    <revisionDesc>
      <listChange>
        <change status="in progress" when="2022-08-02" who="#EW">Artikelkopf + Etymologie</change>
        <change status="in progress" when="2022-08-03" who="#EW">Verbreitung + Wortbildungen</change>
        <change status="in progress" when="2022-08-04" who="#EW">Wortbildungen, Redewendungen, Bedeutungen</change>
        <change status="peer correction" when="2022-08-26" who="#EW">überarbeitet nach int. Korr.; warten auf LK</change>
        <change status="internal correction" when="2023-01-10" who="#EW">LK eingefügt</change>
        <change status="external correction" when="2023-03-08" who="#EW">Anm. Manzi einarbeiten</change>
        <change status="finished" when="2023-03-27" who="#EW">keine Anmerkungen JE</change>
      </listChange>
    </revisionDesc>
  </teiHeader>
  <text>
    <body>
      <entry>
        <form type="lemma" xml:id="Gicht">
          <orth>Gicht</orth>
          <ptr type="collection" subtype="lemma" target="/collections-wboe.xml#c27990"/>
        </form>
        <gramGrp>
          <gram type="pos">Substantiv</gram>
          <gram type="gender">Femininum</gram>
          <gram type="gender">Maskulinum</gram>
          <gram type="gender">Neutrum</gram>
        </gramGrp>
        <form type="variant" subtype="diminutive" xml:id="Gichtel">
          <orth>Gichtel</orth>
          <gramGrp>
            <gram type="gender">Neutrum</gram>
          </gramGrp>
        </form>
        <usg type="geo">
          <placeName type="bundesland" ref="/geodata-wboe.xml#p1A">STir.</placeName>
        </usg>
        <usg type="geo">
          <placeName type="grossregion" ref="/geodata-wboe.xml#p1B.0">OTir.</placeName>
        </usg>
        <usg type="geo">
          <placeName type="bundesland" ref="/geodata-wboe.xml#p1C">NTir.</placeName>
        </usg>
        <usg type="geo">
          <placeName type="bundesland" ref="/geodata-wboe.xml#p2">Ktn.</placeName>
        </usg>
        <usg type="geo">
          <placeName type="bundesland" ref="/geodata-wboe.xml#p3">Stmk.</placeName>
        </usg>
        <usg type="geo">
          <placeName type="grossregion" ref="/geodata-wboe.xml#p4.1">Lung.</placeName>
        </usg>
        <usg type="geo">
          <placeName type="grossregion" ref="/geodata-wboe.xml#p4.2">Pinzg.</placeName>
        </usg>
        <usg type="geo">
          <placeName type="grossregion" ref="/geodata-wboe.xml#p4.3">Pong.</placeName>
        </usg>
        <usg type="geo">
          <placeName type="grossregion" ref="/geodata-wboe.xml#p4.5">Flachg.</placeName>
        </usg>
        <usg type="geo">
          <placeName type="bundesland" ref="/geodata-wboe.xml#p5">OÖ</placeName>
        </usg>
        <usg type="geo">
          <placeName type="bundesland" ref="/geodata-wboe.xml#p6">NÖ</placeName>
        </usg>
        <usg type="geo">
          <placeName type="grossregion" ref="/geodata-wboe.xml#p6.5">Wien</placeName>
        </usg>
        <usg type="geo">
          <placeName type="grossregion" ref="/geodata-wboe.xml#p7.2">MBgl.</placeName>
        </usg>
        <usg type="geo">
          <placeName type="grossregion" ref="/geodata-wboe.xml#p7.3">SBgl.</placeName>
        </usg>
        <note type="kommentar" resp="#DG">Der auf mhd.
          <c>i</c>zurückgehende Stammvokal liegt überall kurz
          <xr>
            <ref>gįχt</ref>
            <ref>gįxd</ref>
          </xr>oder gedehnt
          <xr>
            <ref>gīχt</ref>
            <ref>gīxd</ref>
          </xr>vor. Selten finden sich auch Formen mit fallendem Diphthong
          <xr>
            <ref>gįəχt</ref>
            <ref>gīəxd</ref>
          </xr>. Der velare bis palatale Frikativ sowie der alveolare Plosiv sind meist als Fortes erhalten
          <xr>
            <ref>gįχt</ref>
            <ref>gīχt</ref>
            <ref>gįəχt</ref>
          </xr>, tendieren im Mittelbairischen aber zu Lenes
          <xr>
            <ref>gįxd</ref>
            <ref>gīxd</ref>
            <ref>gįəxd</ref>
          </xr>. Im Kompositum
          <c>Vergicht</c>erscheint der velare Plosiv im westlichen Süd- und westlichen Südmittelbairischen, wie auch schon historisch belegt, sporadisch als palataler Approximant
          <xr>
            <ref>fɒjįχt</ref>
          </xr>. Im westlichen Südbairischen ist das Kompositum auch kontrahiert worden
          <xr>
            <ref>frīχt</ref>
          </xr>.
        </note>
        <etym>
          <cit type="etymon">
            <lang>ahd.</lang>
            <form>
              <orth>firgiht</orth>
            </form>
            <gramGrp>
              <gram type="gender">Femininum</gram>
            </gramGrp>
            <date>9. Jh.</date>
          </cit>
          <cit type="etymon">
            <form>
              <orth>gigiht</orth>
            </form>
            <gramGrp>
              <gram type="gender">Femininum</gram>
            </gramGrp>
            <date>Hs. 12. Jh</date>
          </cit>
          <cit type="etymon">
            <form>
              <orth>gigihti</orth>
            </form>
            <gramGrp>
              <gram type="gender">Neutrum</gram>
            </gramGrp>
            <date>Hs. 13. Jh.</date>
          </cit>
          <cit type="etymon">
            <lang>mhd.</lang>
            <form>
              <orth>giht</orth>
            </form>
            <gramGrp>
              <gram type="gender">Neutrum</gram>
              <gram type="gender">Femininum</gram>
            </gramGrp>
          </cit>
          <cit type="etymon">
            <form>
              <orth>gegihte</orth>
            </form>
            <gramGrp>
              <gram type="gender">Neutrum</gram>
            </gramGrp>
          </cit>
          <seg type="desc">sind Verbalabstrakta zu</seg>
          <cit type="etymon">
            <lang>ahd.</lang>
            <form>
              <orth>jehan</orth>
            </form>
            <def>sagen; sprechen; bekennen</def>
            <date>8. Jh.</date>
          </cit>
          <seg type="desc">, die verschiedene Krankheitsbilder, wie zum Beispiel Gliederschmerzen aller Art, Entzündungen der Haut, Krämpfe und Lähmungen, bezeichnen. Die ursprüngliche Bedeutung ist daher</seg>
          <cit type="etymon">
            <def>die durch Besprechung, Behexung angezauberte Krankheit</def>
          </cit>
          <seg type="desc">, seit 1848 versteht die Medizin unter
            <c>Gicht</c>eine durch ungenügende Harnsäureausscheidung hervorgerufene Gelenkentzündung.
            <ref type="bibl" subtype="online">Pfeifer online
              <xr type="lemma">
                <ref>Gicht</ref>
                <date type="accessed">02.08.2022</date>
              </xr>
            </ref>
          </seg>
        </etym>
        <sense>
          <sense>
            <sense>
              <def type="umschreibung">Bezeichnung für verschiedene Krankheitsbilder, die mit Schmerzen, Entzündungen und Krämpfen einhergehen</def>
              <usg type="geo">
                <placeName type="bundesland" ref="/geodata-wboe.xml#p1A">STir.</placeName>
              </usg>
              <usg type="geo">
                <placeName type="grossregion" ref="/geodata-wboe.xml#p1B.0">OTir.</placeName>
              </usg>
              <usg type="geo">
                <placeName type="bundesland" ref="/geodata-wboe.xml#p1C">NTir.</placeName>
              </usg>
              <usg type="geo">
                <placeName type="grossregion" ref="/geodata-wboe.xml#p2.1">ObKtn.</placeName>
              </usg>
              <usg type="geo">
                <placeName type="grossregion" ref="/geodata-wboe.xml#p2.2">MKtn.</placeName>
              </usg>
              <usg type="geo">
                <placeName type="bundesland" ref="/geodata-wboe.xml#p3">Stmk.</placeName>
              </usg>
              <usg type="geo">
                <placeName type="grossregion" ref="/geodata-wboe.xml#p4.1">Lung.</placeName>
              </usg>
              <usg type="geo">
                <placeName type="grossregion" ref="/geodata-wboe.xml#p4.2">Pinzg.</placeName>
              </usg>
              <usg type="geo">
                <placeName type="grossregion" ref="/geodata-wboe.xml#p4.3">Pong.</placeName>
              </usg>
              <usg type="geo">
                <placeName type="grossregion" ref="/geodata-wboe.xml#p4.5">Flachg.</placeName>
              </usg>
              <usg type="geo">
                <placeName type="bundesland" ref="/geodata-wboe.xml#p5">OÖ</placeName>
              </usg>
              <usg type="geo">
                <placeName type="bundesland" ref="/geodata-wboe.xml#p6">NÖ</placeName>
              </usg>
              <usg type="geo">
                <placeName type="grossregion" ref="/geodata-wboe.xml#p6.5">Wien</placeName>
              </usg>
              <usg type="geo">
                <placeName type="grossregion" ref="/geodata-wboe.xml#p7.2">MBgl.</placeName>
              </usg>
              <usg type="geo">
                <placeName type="grossregion" ref="/geodata-wboe.xml#p7.3">SBgl.</placeName>
              </usg>
              <cit type="example">
                <quote xml:lang="bar-AT">Leit, dö guᵃt löb'n, sein der Gicht ergöbn</quote>
                <usg type="geo">
                  <placeName type="gemeinde" ref="/geodata-wboe.xml#p1C.1m02">Fendels</placeName>
                </usg>
              </cit>
              <cit type="example">
                <quote xml:lang="bar-AT">Hat'n schue meahr s'Gicht?</quote>
                <usg type="geo">
                  <placeName type="gemeinde" ref="/geodata-wboe.xml#p1C.2k09">Zell am Ziller</placeName>
                </usg>
              </cit>
              <cit type="example">
                <quote xml:lang="bar-AT">die Gicht haͦt'n</quote>
                <usg type="geo">
                  <placeName type="gemeinde" ref="/geodata-wboe.xml#p1C.2m01">Innsbruck</placeName>
                </usg>
              </cit>
              <cit type="example">
                <quote xml:lang="bar-AT">i dö Gicht hüfft nix, bǫös amǫö in̄ stökt an̄ Kerpa!</quote>
                <usg type="geo">
                  <placeName type="gemeinde" ref="/geodata-wboe.xml#p1C.3e06">Kufstein</placeName>
                </usg>
              </cit>
              <cit type="example">
                <quote xml:lang="bar-AT">di Gicht an hoᵘln Laib kema, åft is a gstårᵇm</quote>
                <usg type="geo">
                  <placeName type="gemeinde" ref="/geodata-wboe.xml#p1C.3e09">Niederndorf</placeName>
                </usg>
              </cit>
              <cit type="example">
                <quote xml:lang="bar-AT">di Ggīcht håt īŋ</quote>
                <usg type="geo">
                  <placeName type="gemeinde" ref="/geodata-wboe.xml#p2.1b06">Winklern</placeName>
                </usg>
              </cit>
              <cit type="example">
                <quote xml:lang="bar-AT">fliagede Gicht</quote>
                <usg type="geo">
                  <placeName type="gemeinde" ref="/geodata-wboe.xml#p2.3c05">St. Georgen am Längsee</placeName>
                </usg>
              </cit>
              <cit type="example">
                <quote xml:lang="bar-AT">s'gschwulni Gicht</quote>
                <usg type="geo">
                  <placeName type="gemeinde" ref="/geodata-wboe.xml#p3.1i01">Weißkirchen in Steiermark</placeName>
                </usg>
              </cit>
              <cit type="example">
                <quote xml:lang="bar-AT">den håts mit dər Gicht</quote>
                <usg type="geo">
                  <placeName type="gemeinde" ref="/geodata-wboe.xml#p3.2b05">Wald am Schoberpaß</placeName>
                </usg>
              </cit>
              <cit type="example">
                <quote xml:lang="bar-AT">Met 'n Oltə kimb di Gīcht</quote>
                <usg type="geo">
                  <placeName type="gemeinde" ref="/geodata-wboe.xml#p3.3b12">Söding-St. Johann</placeName>
                </usg>
              </cit>
              <cit type="example">
                <quote xml:lang="bar-AT">dö Gicht hatn ganz zsam̄zogn!</quote>
                <usg type="geo">
                  <placeName type="gemeinde" ref="/geodata-wboe.xml#p4.5d05">St. Gilgen</placeName>
                </usg>
              </cit>
              <cit type="example">
                <quote xml:lang="bar-AT">fo lautə gicht wǫəˢ i mə nėd ts dǫən</quote>
                <usg type="geo">
                  <placeName type="gemeinde" ref="/geodata-wboe.xml#p5.1c07">Mühlheim am Inn</placeName>
                </usg>
              </cit>
              <cit type="example">
                <quote xml:lang="bar-AT">d' Gicht is nimmər zan aussərbringen, wånns amål drin schteckt, hextns duri a Båd</quote>
                <usg type="geo">
                  <placeName type="gemeinde" ref="/geodata-wboe.xml#p5.2b18">Lambach</placeName>
                </usg>
              </cit>
              <cit type="example">
                <quote xml:lang="bar-AT">va lauda Goal hoat a Gichd kriagt</quote>
                <usg type="geo">
                  <placeName type="gemeinde" ref="/geodata-wboe.xml#p5.4b09">Rohrbach-Berg</placeName>
                </usg>
              </cit>
              <cit type="example">
                <quote xml:lang="bar-AT">dö fliagad Gichd</quote>
                <usg type="geo">
                  <placeName type="gemeinde" ref="/geodata-wboe.xml#p6.1b04">Strengberg</placeName>
                </usg>
              </cit>
              <cit type="example">
                <quote xml:lang="bar-AT">Sōă gloăns Gīchdl īs mă on̄gfoln</quote>
                <usg type="geo">
                  <placeName type="gemeinde" ref="/geodata-wboe.xml#p6.2e04">Rohr im Gebirge</placeName>
                </usg>
              </cit>
              <cit type="example">
                <quote xml:lang="bar-AT">dė fluigad dgichth</quote>
                <usg type="geo">
                  <placeName type="gemeinde" ref="/geodata-wboe.xml#p6.3a15">Kautzen</placeName>
                </usg>
              </cit>
              <ptr type="collection" subtype="bedeutung" target="/collections-wboe.xml#c28377"/>
            </sense>
            <sense>
              <def type="umschreibung">Bezeichnung für eine rheumatische Erkrankung</def>
              <usg type="geo">
                <placeName type="grossregion" ref="/geodata-wboe.xml#p1C.2">mNTir.</placeName>
              </usg>
              <usg type="geo">
                <placeName type="grossregion" ref="/geodata-wboe.xml#p2.1">ObKtn.</placeName>
              </usg>
              <usg type="geo">
                <placeName type="grossregion" ref="/geodata-wboe.xml#p2.2">MKtn.</placeName>
              </usg>
              <usg type="geo">
                <placeName type="bundesland" ref="/geodata-wboe.xml#p3">Stmk.</placeName>
              </usg>
              <usg type="geo">
                <placeName type="grossregion" ref="/geodata-wboe.xml#p4.5">Flachg.</placeName>
              </usg>
              <usg type="geo">
                <placeName type="grossregion" ref="/geodata-wboe.xml#p5.2">Hausrv.</placeName>
              </usg>
              <usg type="geo">
                <placeName type="grossregion" ref="/geodata-wboe.xml#p5.3">Traunv.</placeName>
              </usg>
              <usg type="geo">
                <placeName type="grossregion" ref="/geodata-wboe.xml#p6.4">Weinv.</placeName>
              </usg>
              <usg type="geo">
                <placeName type="grossregion" ref="/geodata-wboe.xml#p6.5">Wien</placeName>
              </usg>
              <cit type="example">
                <quote xml:lang="bar-AT">di fliagati Gīcht</quote>
                <usg type="geo">
                  <placeName type="gemeinde" ref="/geodata-wboe.xml#p1C.2m01">Innsbruck</placeName>
                </usg>
              </cit>
              <cit type="example">
                <quote xml:lang="bar-AT">i hąⁿ ö da ɒ̊ksl dö Gicht</quote>
                <usg type="geo">
                  <placeName type="gemeinde" ref="/geodata-wboe.xml#p5.3b02">Gmunden</placeName>
                </usg>
              </cit>
              <cit type="example">
                <quote xml:lang="bar-AT">flīchətė Giċht</quote>
                <usg type="geo">
                  <placeName type="gemeinde" ref="/geodata-wboe.xml#p6.5r01">Gersthof</placeName>
                </usg>
              </cit>
              <ptr type="collection" subtype="bedeutung" target="/collections-wboe.xml#c28378"/>
            </sense>
            <sense>
              <def type="umschreibung">Bezeichnung für eine Magen-Darm-Erkrankung</def>
              <usg type="geo">
                <placeName type="grossregion" ref="/geodata-wboe.xml#p1C.2">mNTir.</placeName>
              </usg>
              <cit type="example">
                <quote xml:lang="bar-AT">di fərlårfti Gīcht</quote>
                <usg type="geo">
                  <placeName type="gemeinde" ref="/geodata-wboe.xml#p1C.2m01">Innsbruck</placeName>
                </usg>
              </cit>
              <ptr type="collection" subtype="bedeutung" target="/collections-wboe.xml#c28379"/>
            </sense>
          </sense>
        </sense>
        <re>
          <form subtype="compound" type="lemma">
            <orth>Darmgicht</orth>
          </form>
          <sense>
            <sense>
              <def type="umschreibung">Bezeichnung für Schmerzen im Unterleib / eine Kolik</def>
              <usg type="geo">
                <placeName type="grossregion" ref="/geodata-wboe.xml#p1C.3">öNTir.</placeName>
              </usg>
              <usg type="geo">
                <placeName type="grossregion" ref="/geodata-wboe.xml#p2.1">ObKtn.</placeName>
              </usg>
              <usg type="geo">
                <placeName type="grossregion" ref="/geodata-wboe.xml#p2.2">MKtn.</placeName>
              </usg>
              <usg type="geo">
                <placeName type="bundesland" ref="/geodata-wboe.xml#p3">Stmk.</placeName>
              </usg>
              <usg type="geo">
                <placeName type="grossregion" ref="/geodata-wboe.xml#p4.3">Pong.</placeName>
              </usg>
              <usg type="geo">
                <placeName type="grossregion" ref="/geodata-wboe.xml#p5.2">Hausrv.</placeName>
              </usg>
              <usg type="geo">
                <placeName type="grossregion" ref="/geodata-wboe.xml#p5.4">Mühlv.</placeName>
              </usg>
              <ptr type="collection" subtype="bedeutung" target="/collections-wboe.xml#c28350"/>
            </sense>
          </sense>
        </re>
        <re>
          <form subtype="compound" type="lemma">
            <orth>Darmvergicht</orth>
          </form>
          <sense>
            <sense>
              <def type="umschreibung">Bezeichnung für Schmerzen im Unterleib / eine Kolik</def>
              <usg type="geo">
                <placeName type="grossregion" ref="/geodata-wboe.xml#p1C.2">mNTir.</placeName>
              </usg>
              <usg type="geo">
                <placeName type="grossregion" ref="/geodata-wboe.xml#p1C.3">öNTir.</placeName>
              </usg>
              <usg type="geo">
                <placeName type="grossregion" ref="/geodata-wboe.xml#p2.1">ObKtn.</placeName>
              </usg>
              <usg type="geo">
                <placeName type="grossregion" ref="/geodata-wboe.xml#p2.2">MKtn.</placeName>
              </usg>
              <usg type="geo">
                <placeName type="bundesland" ref="/geodata-wboe.xml#p3">Stmk.</placeName>
              </usg>
              <usg type="geo">
                <placeName type="grossregion" ref="/geodata-wboe.xml#p4.2">Pinzg.</placeName>
              </usg>
              <usg type="geo">
                <placeName type="grossregion" ref="/geodata-wboe.xml#p5.4">Mühlv.</placeName>
              </usg>
              <ptr type="collection" subtype="bedeutung" target="/collections-wboe.xml#c28349"/>
            </sense>
          </sense>
        </re>
        <re>
          <form subtype="compound" type="lemma">
            <orth>Fußgicht</orth>
          </form>
          <sense>
            <sense>
              <def type="umschreibung">Bezeichnung für eine entzündliche Erkrankung der Fußgelenke</def>
              <usg type="geo">
                <placeName type="grossregion" ref="/geodata-wboe.xml#p1C.2">mNTir.</placeName>
              </usg>
              <usg type="geo">
                <placeName type="grossregion" ref="/geodata-wboe.xml#p1C.3">öNTir.</placeName>
              </usg>
              <usg type="geo">
                <placeName type="grossregion" ref="/geodata-wboe.xml#p4.5">Flachg.</placeName>
              </usg>
              <usg type="geo">
                <placeName type="grossregion" ref="/geodata-wboe.xml#p6.3">Waldv.</placeName>
              </usg>
              <usg type="geo">
                <placeName type="grossregion" ref="/geodata-wboe.xml#p6.2">Industriev.</placeName>
              </usg>
              <ptr type="collection" subtype="bedeutung" target="/collections-wboe.xml#c28359"/>
            </sense>
          </sense>
        </re>
        <re>
          <form subtype="compound" type="lemma">
            <orth>Gallgicht</orth>
          </form>
          <sense>
            <sense>
              <def type="umschreibung">Bezeichnung für eine entzündliche Erkrankung der Gelenke</def>
              <usg type="geo">
                <placeName type="grossregion" ref="/geodata-wboe.xml#p1C.2">mNTir.</placeName>
              </usg>
              <usg type="geo">
                <placeName type="grossregion" ref="/geodata-wboe.xml#p2.1">ObKtn.</placeName>
              </usg>
              <usg type="geo">
                <placeName type="bundesland" ref="/geodata-wboe.xml#p3">Stmk.</placeName>
              </usg>
              <usg type="geo">
                <placeName type="grossregion" ref="/geodata-wboe.xml#p5.4">Mühlv.</placeName>
              </usg>
              <usg type="geo">
                <placeName type="grossregion" ref="/geodata-wboe.xml#p6.2">Industriev.</placeName>
              </usg>
              <usg type="geo">
                <placeName type="grossregion" ref="/geodata-wboe.xml#p6.3">Waldv.</placeName>
              </usg>
              <ptr type="collection" subtype="bedeutung" target="/collections-wboe.xml#c28360"/>
            </sense>
          </sense>
        </re>
        <re>
          <form subtype="compound" type="lemma">
            <orth>Gelenksgicht</orth>
          </form>
          <sense>
            <sense>
              <def type="umschreibung">Bezeichnung für eine entzündliche Erkrankung der Gelenke</def>
              <usg type="geo">
                <placeName type="grossregion" ref="/geodata-wboe.xml#p5.2">Hausrv.</placeName>
              </usg>
              <ptr type="collection" subtype="bedeutung" target="/collections-wboe.xml#c28363"/>
            </sense>
          </sense>
        </re>
        <re>
          <form subtype="compound" type="lemma">
            <orth>Handgicht</orth>
          </form>
          <sense>
            <sense>
              <def type="umschreibung">Bezeichnung für eine entzündliche Erkrankung der Hände</def>
              <usg type="geo">
                <placeName type="grossregion" ref="/geodata-wboe.xml#p1C.1">wNTir.</placeName>
              </usg>
              <usg type="geo">
                <placeName type="grossregion" ref="/geodata-wboe.xml#p1C.2">mNTir.</placeName>
              </usg>
              <usg type="geo">
                <placeName type="grossregion" ref="/geodata-wboe.xml#p2.1">ObKtn.</placeName>
              </usg>
              <usg type="geo">
                <placeName type="grossregion" ref="/geodata-wboe.xml#p6.2">Industriev.</placeName>
              </usg>
              <usg type="geo">
                <placeName type="grossregion" ref="/geodata-wboe.xml#p6.3">Waldv.</placeName>
              </usg>
              <usg type="geo">
                <placeName type="grossregion" ref="/geodata-wboe.xml#p6.4">Weinv.</placeName>
              </usg>
              <usg type="geo">
                <placeName type="grossregion" ref="/geodata-wboe.xml#p6.5">Wien</placeName>
              </usg>
              <ptr type="collection" subtype="bedeutung" target="/collections-wboe.xml#c28365"/>
            </sense>
          </sense>
        </re>
        <re>
          <form subtype="compound" type="lemma">
            <orth>Hühnergicht</orth>
          </form>
          <sense>
            <sense>
              <def type="umschreibung">Bezeichnung für eine Hühnerkrankheit</def>
              <usg type="geo">
                <placeName type="grossregion" ref="/geodata-wboe.xml#p2.1">ObKtn.</placeName>
              </usg>
              <usg type="geo">
                <placeName type="grossregion" ref="/geodata-wboe.xml#p6.2">Industriev.</placeName>
              </usg>
              <usg type="geo">
                <placeName type="grossregion" ref="/geodata-wboe.xml#p6.3">Waldv.</placeName>
              </usg>
              <usg type="geo">
                <placeName type="grossregion" ref="/geodata-wboe.xml#p6.4">Weinv.</placeName>
              </usg>
              <usg type="geo">
                <placeName type="grossregion" ref="/geodata-wboe.xml#p6.5">Wien</placeName>
              </usg>
              <ptr type="collection" subtype="bedeutung" target="/collections-wboe.xml#c28367"/>
            </sense>
          </sense>
        </re>
        <re>
          <form subtype="compound" type="lemma">
            <orth>Kopfgicht</orth>
          </form>
          <sense>
            <sense>
              <def type="umschreibung">Bezeichnung für rheumatischen Kopfschmerz / Migräne</def>
              <usg type="geo">
                <placeName type="grossregion" ref="/geodata-wboe.xml#p1C.3">öNTir.</placeName>
              </usg>
              <usg type="geo">
                <placeName type="grossregion" ref="/geodata-wboe.xml#p2.4">UKtn.</placeName>
              </usg>
              <usg type="geo">
                <placeName type="grossregion" ref="/geodata-wboe.xml#p3.4">MStmk.</placeName>
              </usg>
              <usg type="geo">
                <placeName type="grossregion" ref="/geodata-wboe.xml#p4.5">Flachg.</placeName>
              </usg>
              <usg type="geo">
                <placeName type="grossregion" ref="/geodata-wboe.xml#p5.1">Innv.</placeName>
              </usg>
              <usg type="geo">
                <placeName type="grossregion" ref="/geodata-wboe.xml#p5.2">Hausrv.</placeName>
              </usg>
              <usg type="geo">
                <placeName type="grossregion" ref="/geodata-wboe.xml#p5.3">Traunv.</placeName>
              </usg>
              <usg type="geo">
                <placeName type="grossregion" ref="/geodata-wboe.xml#p6.4">Weinv.</placeName>
              </usg>
              <usg type="geo">
                <placeName type="grossregion" ref="/geodata-wboe.xml#p6.5">Wien</placeName>
              </usg>
              <ptr type="collection" subtype="bedeutung" target="/collections-wboe.xml#c28368"/>
            </sense>
          </sense>
        </re>
        <re>
          <form subtype="compound" type="lemma">
            <orth>Krampfgicht</orth>
          </form>
          <sense>
            <sense>
              <def type="umschreibung">Bezeichnung für eine mit Krämpfen einhergehende Krankheit</def>
              <usg type="geo">
                <placeName type="grossregion" ref="/geodata-wboe.xml#p1C.2">mNTir.</placeName>
              </usg>
              <usg type="geo">
                <placeName type="grossregion" ref="/geodata-wboe.xml#p2.1">ObKtn.</placeName>
              </usg>
              <usg type="geo">
                <placeName type="grossregion" ref="/geodata-wboe.xml#p6.2">Industriev.</placeName>
              </usg>
              <usg type="geo">
                <placeName type="grossregion" ref="/geodata-wboe.xml#p6.3">Waldv.</placeName>
              </usg>
              <ptr type="collection" subtype="bedeutung" target="/collections-wboe.xml#c28369"/>
            </sense>
          </sense>
        </re>
        <re>
          <form subtype="compound" type="lemma">
            <orth>Nervengicht</orth>
          </form>
          <sense>
            <sense>
              <def type="umschreibung">Bezeichnung für Nervenschmerzen/Rheumatismus</def>
              <usg type="geo">
                <placeName type="grossregion" ref="/geodata-wboe.xml#p1C.1">wNTir.</placeName>
              </usg>
              <usg type="geo">
                <placeName type="grossregion" ref="/geodata-wboe.xml#p1C.3">öNTir.</placeName>
              </usg>
              <usg type="geo">
                <placeName type="grossregion" ref="/geodata-wboe.xml#p2.1">ObKtn.</placeName>
              </usg>
              <usg type="geo">
                <placeName type="grossregion" ref="/geodata-wboe.xml#p2.2">MKtn.</placeName>
              </usg>
              <usg type="geo">
                <placeName type="bundesland" ref="/geodata-wboe.xml#p3">Stmk.</placeName>
              </usg>
              <usg type="geo">
                <placeName type="grossregion" ref="/geodata-wboe.xml#p4.2">Pinzg.</placeName>
              </usg>
              <usg type="geo">
                <placeName type="grossregion" ref="/geodata-wboe.xml#p5.2">Hausrv.</placeName>
              </usg>
              <usg type="geo">
                <placeName type="grossregion" ref="/geodata-wboe.xml#p5.3">Traunv.</placeName>
              </usg>
              <usg type="geo">
                <placeName type="grossregion" ref="/geodata-wboe.xml#p5.4">Mühlv.</placeName>
              </usg>
              <usg type="geo">
                <placeName type="bundesland" ref="/geodata-wboe.xml#p6">NÖ</placeName>
              </usg>
              <usg type="geo">
                <placeName type="grossregion" ref="/geodata-wboe.xml#p6.5">Wien</placeName>
              </usg>
              <ptr type="collection" subtype="bedeutung" target="/collections-wboe.xml#c28370"/>
            </sense>
          </sense>
        </re>
        <re>
          <form subtype="compound" type="lemma">
            <orth>Vergicht</orth>
          </form>
          <sense>
            <sense>
              <sense>
                <def type="umschreibung">Bezeichnung für eine Krankheit</def>
                <usg type="geo">
                  <placeName type="bundesland" ref="/geodata-wboe.xml#p1A">STir.</placeName>
                </usg>
                <usg type="geo">
                  <placeName type="grossregion" ref="/geodata-wboe.xml#p1B.0">OTir.</placeName>
                </usg>
                <usg type="geo">
                  <placeName type="grossregion" ref="/geodata-wboe.xml#p1C.1">wNTir.</placeName>
                </usg>
                <usg type="geo">
                  <placeName type="bundesland" ref="/geodata-wboe.xml#p2">Ktn.</placeName>
                </usg>
                <usg type="geo">
                  <placeName type="grossregion" ref="/geodata-wboe.xml#p4.2">Pinzg.</placeName>
                </usg>
                <cit type="example">
                  <quote xml:lang="bar-AT">s Kalte Vricht</quote>
                  <usg type="geo">
                    <placeName type="gemeinde" ref="/geodata-wboe.xml#p1A.3b01">Sarntal</placeName>
                  </usg>
                </cit>
                <cit type="example">
                  <quote xml:lang="bar-AT">kålte Fərgicht</quote>
                  <usg type="geo">
                    <placeName type="gemeinde" ref="/geodata-wboe.xml#p2.1b04">Rangersdorf</placeName>
                  </usg>
                </cit>
                <cit type="example">
                  <quote xml:lang="bar-AT">es vagicht is ma aichn-gfåᵃʳn</quote>
                  <usg type="geo">
                    <placeName type="gemeinde" ref="/geodata-wboe.xml#p2.1d03">Greifenburg</placeName>
                  </usg>
                </cit>
                <cit type="example">
                  <quote xml:lang="bar-AT">əs fərgicht håt mi</quote>
                  <usg type="geo">
                    <placeName type="gemeinde" ref="/geodata-wboe.xml#p2.1i01">Gitschtal</placeName>
                  </usg>
                </cit>
                <ptr type="collection" subtype="bedeutung" target="/collections-wboe.xml#c28352"/>
              </sense>
              <sense>
                <def type="umschreibung">Bezeichnung für eine rheumatische Erkrankung</def>
                <usg type="geo">
                  <placeName type="grossregion" ref="/geodata-wboe.xml#p2.1">ObKtn.</placeName>
                </usg>
                <usg type="geo">
                  <placeName type="grossregion" ref="/geodata-wboe.xml#p2.2">MKtn.</placeName>
                </usg>
                <cit type="example">
                  <quote xml:lang="bar-AT">Frgicht in dr Hont</quote>
                  <usg type="geo">
                    <placeName type="kleinregion" ref="/geodata-wboe.xml#p2.2d">obstGurkt.</placeName>
                  </usg>
                </cit>
                <cit type="example">
                  <quote xml:lang="bar-AT">Frgicht in di Zeachntr</quote>
                  <usg type="geo">
                    <placeName type="kleinregion" ref="/geodata-wboe.xml#p2.2d">obstGurkt.</placeName>
                  </usg>
                </cit>
                <ptr type="collection" subtype="bedeutung" target="/collections-wboe.xml#c28353"/>
              </sense>
              <sense>
                <def type="umschreibung">Bezeichnung für Krämpfe als Krankheitserscheinung (bei Kindern)</def>
                <usg type="geo">
                  <placeName type="bundesland" ref="/geodata-wboe.xml#p1A">STir.</placeName>
                </usg>
                <usg type="geo">
                  <placeName type="grossregion" ref="/geodata-wboe.xml#p1B.0">OTir.</placeName>
                </usg>
                <usg type="geo">
                  <placeName type="bundesland" ref="/geodata-wboe.xml#p1C">NTir.</placeName>
                </usg>
                <usg type="geo">
                  <placeName type="bundesland" ref="/geodata-wboe.xml#p3">Stmk.</placeName>
                </usg>
                <cit type="example">
                  <quote xml:lang="bar-AT">sraisɒtɛ fɔgiχt</quote>
                  <usg type="geo">
                    <placeName type="kleinregion" ref="/geodata-wboe.xml#p1A.4c">Lüsenert.</placeName>
                  </usg>
                </cit>
                <cit type="example">
                  <quote xml:lang="bar-AT">s raisate fogiχt</quote>
                  <usg type="geo">
                    <placeName type="gemeinde" ref="/geodata-wboe.xml#p1A.4d02">Kiens</placeName>
                  </usg>
                </cit>
                <cit type="example">
                  <quote xml:lang="bar-AT">s' Vergicht reisst 'hn stark</quote>
                  <usg type="geo">
                    <placeName type="kleinregion" ref="/geodata-wboe.xml#p3.1k">Obdachgeb.</placeName>
                  </usg>
                </cit>
                <ptr type="collection" subtype="bedeutung" target="/collections-wboe.xml#c28354"/>
              </sense>
              <sense>
                <def type="umschreibung">Bezeichnung für eine Darmerkrankung/Kolik</def>
                <usg type="geo">
                  <placeName type="grossregion" ref="/geodata-wboe.xml#p1B.0">OTir.</placeName>
                </usg>
                <ptr type="collection" subtype="bedeutung" target="/collections-wboe.xml#c28355"/>
              </sense>
            </sense>
          </sense>
        </re>
        <re>
          <form subtype="compound" type="lemma">
            <orth>Zahngicht</orth>
          </form>
          <sense>
            <sense>
              <def type="umschreibung">scherzhafte Bezeichnung für Zahnschmerzen</def>
              <usg type="geo">
                <placeName type="grossregion" ref="/geodata-wboe.xml#p4.5">Flachg.</placeName>
              </usg>
              <ptr type="collection" subtype="bedeutung" target="/collections-wboe.xml#c28373"/>
            </sense>
          </sense>
        </re>
        <re>
          <form subtype="compound" type="lemma">
            <orth>Zehengicht</orth>
          </form>
          <sense>
            <sense>
              <def type="umschreibung">Bezeichnung für eine entzündliche Erkrankung der Zehengelenke</def>
              <usg type="geo">
                <placeName type="grossregion" ref="/geodata-wboe.xml#p4.5">Flachg.</placeName>
              </usg>
              <usg type="geo">
                <placeName type="grossregion" ref="/geodata-wboe.xml#p6.2">Industriev.</placeName>
              </usg>
              <ptr type="collection" subtype="bedeutung" target="/collections-wboe.xml#c28374"/>
            </sense>
          </sense>
        </re>
        <re type="redewendung">
          <form subtype="MWE" type="lemma">
            <orth>Gicht (und Galle) kriegen</orth>
          </form>
          <sense>
            <def type="umschreibung">Ausruf bei Ärger</def>
            <usg type="geo">
              <placeName type="bundesland" ref="/geodata-wboe.xml#p1C">NTir.</placeName>
            </usg>
            <usg type="geo">
              <placeName type="grossregion" ref="/geodata-wboe.xml#p2.1">ObKtn.</placeName>
            </usg>
            <usg type="geo">
              <placeName type="grossregion" ref="/geodata-wboe.xml#p2.2">MKtn.</placeName>
            </usg>
            <usg type="geo">
              <placeName type="grossregion" ref="/geodata-wboe.xml#p5.2">Hausrv.</placeName>
            </usg>
            <usg type="geo">
              <placeName type="grossregion" ref="/geodata-wboe.xml#p6.2">Industriev.</placeName>
            </usg>
            <cit type="example">
              <quote xml:lang="bar-AT">Meᵃchscht decht die Gicht kriᵃgn!</quote>
              <usg type="geo">
                <placeName type="gemeinde" ref="/geodata-wboe.xml#p1C.1m02">Fendels</placeName>
              </usg>
            </cit>
            <cit type="example">
              <quote xml:lang="bar-AT">Då meggsche Gicht u. Gålle krieg'n</quote>
              <usg type="geo">
                <placeName type="gemeinde" ref="/geodata-wboe.xml#p1C.2k09">Zell am Ziller</placeName>
              </usg>
            </cit>
            <cit type="example">
              <quote xml:lang="bar-AT">då kunnt oaⁿs dė Gīcht kriəgn</quote>
              <usg type="geo">
                <placeName type="gemeinde" ref="/geodata-wboe.xml#p1C.3e12">Schwoich</placeName>
              </usg>
            </cit>
            <cit type="example">
              <quote xml:lang="bar-AT">Då kan̄tst di Gicht kriegen</quote>
              <usg type="geo">
                <placeName type="kleinregion" ref="/geodata-wboe.xml#p1C.3f">Brixent.</placeName>
              </usg>
            </cit>
            <cit type="example">
              <quote xml:lang="bar-AT">Gicht unt Gåll kriəgn</quote>
              <usg type="geo">
                <placeName type="gemeinde" ref="/geodata-wboe.xml#p2.1b04">Rangersdorf</placeName>
              </usg>
            </cit>
            <cit type="example">
              <quote xml:lang="bar-AT">Då kint m'r Gicht nt Gål kriᵃgn</quote>
              <usg type="geo">
                <placeName type="kleinregion" ref="/geodata-wboe.xml#p2.2d">obstGurkt.</placeName>
              </usg>
            </cit>
            <cit type="example">
              <quote xml:lang="bar-AT">dė Gicht und dė Gå͡ė</quote>
              <usg type="geo">
                <placeName type="gemeinde" ref="/geodata-wboe.xml#p5.2b39">Schlatt</placeName>
              </usg>
            </cit>
            <cit type="example">
              <quote xml:lang="bar-AT">Gicht und Gål</quote>
              <usg type="geo">
                <placeName type="gemeinde" ref="/geodata-wboe.xml#p6.2h28">Warth</placeName>
              </usg>
            </cit>
            <ptr type="collection" subtype="bedeutung" target="/collections-wboe.xml#c28376"/>
          </sense>
        </re>
      </entry>
    </body>
  </text>
</TEI>